 #The Line and  Sample are according to LEVEL1 and LEVEL2 image 

 L1Line L1Sample  L2Line   L2Sample  Lon       Lat      Zenith    Azimuth
      1       1  313.55    -1396.62  113.6423  22.6497   3.0052     103.6263
      1     123  335.62    -1274.11  113.6542  22.6479   2.9028     103.7975
      1     245  357.64    -1151.83  113.6662  22.6462   2.8006     103.9805
      1     367  379.63    -1029.78  113.6781  22.6445   2.6986     104.1767
      1     489  401.57    -907.93  113.6899  22.6427   2.5968     104.3876
      1     611  423.48    -786.28  113.7018  22.6410   2.4952     104.6149
      1     733  445.36    -664.82  113.7137  22.6393   2.3938     104.8608
      1     855  467.20    -543.55  113.7255  22.6375   2.2926     105.1276
      1     977  489.01    -422.45  113.7373  22.6358   2.1915     105.4183
      1    1099  510.79    -301.51  113.7491  22.6341   2.0907     105.7362
      1    1221  532.54    -180.72  113.7609  22.6324   1.9900     106.0854
      1    1343  554.27    -60.08  113.7726  22.6306   1.8895     106.4709
      1    1465  575.97    60.43  113.7844  22.6289   1.7892     106.8987
      1    1587  597.65    180.82  113.7961  22.6272   1.6891     107.3763
      1    1709  619.31    301.09  113.8079  22.6255   1.5892     107.9129
      1    1831  640.95    421.25  113.8196  22.6237   1.4896     108.5203
      1    1953  662.58    541.32  113.8313  22.6220   1.3902     109.2136
      1    2075  684.18    661.30  113.8430  22.6203   1.2911     110.0122
      1    2197  705.77    781.21  113.8547  22.6186   1.1923     110.9420
      1    2319  727.35    901.04  113.8664  22.6169   1.0940     112.0380
      1    2441  748.92    1020.82  113.8781  22.6152   0.9962     113.3484
      1    2563  770.48    1140.56  113.8897  22.6134   0.8990     114.9416
      1    2685  792.03    1260.25  113.9014  22.6117   0.8027     116.9171
      1    2807  813.58    1379.91  113.9131  22.6100   0.7077     119.4252
      1    2929  835.12    1499.56  113.9248  22.6083   0.6144     122.7011
      1    3051  856.67    1619.19  113.9364  22.6066   0.5239     127.1265
      1    3173  878.21    1738.83  113.9481  22.6048   0.4377     133.3430
      1    3295  899.75    1858.47  113.9598  22.6031   0.3591     142.4303
      1    3417  921.29    1978.13  113.9714  22.6014   0.2942     156.0189
      1    3539  942.84    2097.82  113.9831  22.5997   0.2538     175.4373
      1    3661  964.40    2217.55  113.9948  22.5979   0.2501     -161.5264
      1    3783  985.96    2337.32  114.0065  22.5962   0.2845     -141.0802
      1    3905  1007.54    2457.15  114.0181  22.5945   0.3458     -126.4409
      1    4027  1029.12    2577.05  114.0298  22.5927   0.4226     -116.6405
      1    4149  1050.72    2697.02  114.0415  22.5910   0.5080     -109.9801
      1    4271  1072.34    2817.08  114.0532  22.5893   0.5982     -105.2752
      1    4393  1093.97    2937.23  114.0649  22.5875   0.6915     -101.8169
      1    4515  1115.62    3057.49  114.0767  22.5858   0.7868     -99.1848
      1    4637  1137.29    3177.85  114.0884  22.5841   0.8834     -97.1219
      1    4759  1158.98    3298.35  114.1002  22.5823   0.9811     -95.4653
      1    4881  1180.69    3418.97  114.1119  22.5806   1.0795     -94.1073
      1    5003  1202.43    3539.74  114.1237  22.5788   1.1786     -92.9749
      1    5125  1224.20    3660.66  114.1355  22.5771   1.2782     -92.0166
      1    5247  1246.00    3781.74  114.1473  22.5753   1.3782     -91.1954
      1    5369  1267.82    3902.99  114.1591  22.5735   1.4785     -90.4839
      1    5491  1289.68    4024.42  114.1709  22.5718   1.5792     -89.8615
      1    5613  1311.57    4146.04  114.1828  22.5700   1.6803     -89.3125
      1    5735  1333.50    4267.86  114.1947  22.5682   1.7816     -88.8245
      1    5857  1355.46    4389.88  114.2066  22.5665   1.8832     -88.3879
      1    6000  1381.26    4533.19  114.2205  22.5644   2.0026     -87.9312
    123       1  433.12    -1426.10  113.6397  22.6388   3.0052     103.6239
    123     123  455.19    -1303.59  113.6516  22.6371   2.9028     103.7950
    123     245  477.21    -1181.31  113.6635  22.6353   2.8006     103.9780
    123     367  499.20    -1059.26  113.6755  22.6336   2.6986     104.1741
    123     489  521.14    -937.41  113.6873  22.6319   2.5968     104.3849
    123     611  543.05    -815.76  113.6992  22.6301   2.4952     104.6121
    123     733  564.93    -694.30  113.7111  22.6284   2.3938     104.8579
    123     855  586.77    -573.03  113.7229  22.6267   2.2926     105.1247
    123     977  608.58    -451.93  113.7347  22.6250   2.1915     105.4152
    123    1099  630.36    -330.99  113.7465  22.6232   2.0907     105.7330
    123    1221  652.11    -210.20  113.7583  22.6215   1.9900     106.0821
    123    1343  673.84    -89.56  113.7700  22.6198   1.8895     106.4674
    123    1465  695.54    30.95  113.7818  22.6181   1.7892     106.8951
    123    1587  717.22    151.34  113.7935  22.6163   1.6891     107.3725
    123    1709  738.88    271.61  113.8053  22.6146   1.5892     107.9089
    123    1831  760.52    391.77  113.8170  22.6129   1.4895     108.5161
    123    1953  782.14    511.84  113.8287  22.6112   1.3902     109.2091
    123    2075  803.75    631.82  113.8404  22.6095   1.2911     110.0074
    123    2197  825.34    751.73  113.8521  22.6077   1.1923     110.9369
    123    2319  846.92    871.57  113.8638  22.6060   1.0940     112.0325
    123    2441  868.49    991.35  113.8755  22.6043   0.9961     113.3424
    123    2563  890.05    1111.08  113.8871  22.6026   0.8990     114.9350
    123    2685  911.60    1230.77  113.8988  22.6009   0.8027     116.9099
    123    2807  933.15    1350.44  113.9105  22.5992   0.7077     119.4172
    123    2929  954.69    1470.08  113.9221  22.5974   0.6144     122.6921
    123    3051  976.23    1589.72  113.9338  22.5957   0.5238     127.1165
    123    3173  997.77    1709.35  113.9455  22.5940   0.4377     133.3317
    123    3295  1019.31    1829.00  113.9571  22.5923   0.3591     142.4180
    123    3417  1040.86    1948.66  113.9688  22.5905   0.2942     156.0071
    123    3539  1062.40    2068.35  113.9805  22.5888   0.2537     175.4302
    123    3661  1083.96    2188.07  113.9921  22.5871   0.2500     -161.5250
    123    3783  1105.52    2307.85  114.0038  22.5854   0.2844     -141.0726
    123    3905  1127.10    2427.68  114.0155  22.5836   0.3458     -126.4315
    123    4027  1148.68    2547.58  114.0272  22.5819   0.4226     -116.6313
    123    4149  1170.28    2667.55  114.0389  22.5802   0.5079     -109.9719
    123    4271  1191.90    2787.60  114.0506  22.5784   0.5982     -105.2679
    123    4393  1213.53    2907.76  114.0623  22.5767   0.6915     -101.8105
    123    4515  1235.18    3028.01  114.0740  22.5750   0.7867     -99.1792
    123    4637  1256.84    3148.38  114.0858  22.5732   0.8834     -97.1169
    123    4759  1278.54    3268.87  114.0975  22.5715   0.9811     -95.4608
    123    4881  1300.25    3389.50  114.1093  22.5697   1.0795     -94.1033
    123    5003  1321.99    3510.27  114.1211  22.5680   1.1786     -92.9712
    123    5125  1343.76    3631.18  114.1328  22.5662   1.2781     -92.0133
    123    5247  1365.55    3752.26  114.1446  22.5645   1.3781     -91.1923
    123    5369  1387.38    3873.51  114.1565  22.5627   1.4785     -90.4811
    123    5491  1409.24    3994.94  114.1683  22.5609   1.5792     -89.8589
    123    5613  1431.13    4116.56  114.1802  22.5592   1.6802     -89.3100
    123    5735  1453.05    4238.38  114.1920  22.5574   1.7815     -88.8223
    123    5857  1475.02    4360.41  114.2039  22.5556   1.8831     -88.3858
    123    6000  1500.81    4503.72  114.2179  22.5535   2.0026     -87.9292
    245       1  552.69    -1455.58  113.6371  22.6280   3.0052     103.6215
    245     123  574.76    -1333.08  113.6490  22.6262   2.9028     103.7925
    245     245  596.78    -1210.80  113.6609  22.6245   2.8006     103.9754
    245     367  618.77    -1088.74  113.6728  22.6228   2.6986     104.1714
    245     489  640.71    -966.89  113.6847  22.6210   2.5968     104.3822
    245     611  662.62    -845.24  113.6966  22.6193   2.4952     104.6093
    245     733  684.50    -723.78  113.7084  22.6176   2.3938     104.8550
    245     855  706.34    -602.51  113.7203  22.6158   2.2926     105.1217
    245     977  728.15    -481.41  113.7321  22.6141   2.1915     105.4121
    245    1099  749.93    -360.47  113.7439  22.6124   2.0907     105.7298
    245    1221  771.68    -239.68  113.7557  22.6107   1.9900     106.0787
    245    1343  793.41    -119.04  113.7674  22.6089   1.8895     106.4639
    245    1465  815.11     1.47  113.7792  22.6072   1.7892     106.8914
    245    1587  836.79    121.86  113.7909  22.6055   1.6891     107.3686
    245    1709  858.45    242.13  113.8026  22.6038   1.5892     107.9049
    245    1831  880.09    362.29  113.8144  22.6021   1.4895     108.5118
    245    1953  901.71    482.36  113.8261  22.6003   1.3901     109.2046
    245    2075  923.31    602.34  113.8378  22.5986   1.2910     110.0026
    245    2197  944.90    722.25  113.8495  22.5969   1.1923     110.9317
    245    2319  966.48    842.09  113.8612  22.5952   1.0940     112.0270
    245    2441  988.05    961.87  113.8728  22.5935   0.9961     113.3364
    245    2563  1009.61    1081.60  113.8845  22.5917   0.8990     114.9285
    245    2685  1031.16    1201.30  113.8962  22.5900   0.8027     116.9027
    245    2807  1052.71    1320.96  113.9078  22.5883   0.7076     119.4093
    245    2929  1074.25    1440.61  113.9195  22.5866   0.6144     122.6832
    245    3051  1095.79    1560.24  113.9312  22.5849   0.5238     127.1064
    245    3173  1117.33    1679.88  113.9428  22.5832   0.4376     133.3203
    245    3295  1138.87    1799.52  113.9545  22.5814   0.3590     142.4057
    245    3417  1160.42    1919.18  113.9662  22.5797   0.2941     155.9954
    245    3539  1181.97    2038.87  113.9778  22.5780   0.2536     175.4231
    245    3661  1203.52    2158.60  113.9895  22.5763   0.2499     -161.5237
    245    3783  1225.09    2278.37  114.0012  22.5745   0.2843     -141.0650
    245    3905  1246.66    2398.20  114.0129  22.5728   0.3457     -126.4220
    245    4027  1268.24    2518.10  114.0246  22.5711   0.4225     -116.6222
    245    4149  1289.84    2638.07  114.0363  22.5693   0.5079     -109.9636
    245    4271  1311.46    2758.13  114.0480  22.5676   0.5981     -105.2607
    245    4393  1333.09    2878.28  114.0597  22.5659   0.6914     -101.8041
    245    4515  1354.73    2998.54  114.0714  22.5641   0.7867     -99.1735
    245    4637  1376.40    3118.91  114.0831  22.5624   0.8834     -97.1119
    245    4759  1398.09    3239.40  114.0949  22.5606   0.9810     -95.4562
    245    4881  1419.81    3360.02  114.1066  22.5589   1.0795     -94.0992
    245    5003  1441.55    3480.79  114.1184  22.5571   1.1785     -92.9675
    245    5125  1463.31    3601.71  114.1302  22.5554   1.2781     -92.0099
    245    5247  1485.11    3722.79  114.1420  22.5536   1.3781     -91.1893
    245    5369  1506.93    3844.04  114.1538  22.5519   1.4785     -90.4782
    245    5491  1528.79    3965.47  114.1657  22.5501   1.5792     -89.8563
    245    5613  1550.68    4087.09  114.1775  22.5483   1.6802     -89.3076
    245    5735  1572.61    4208.91  114.1894  22.5466   1.7815     -88.8200
    245    5857  1594.57    4330.94  114.2013  22.5448   1.8831     -88.3837
    245    6000  1620.37    4474.25  114.2152  22.5427   2.0025     -87.9273
    367       1  672.27    -1485.07  113.6345  22.6171   3.0052     103.6191
    367     123  694.33    -1362.56  113.6464  22.6154   2.9028     103.7901
    367     245  716.36    -1240.28  113.6583  22.6137   2.8006     103.9729
    367     367  738.34    -1118.22  113.6702  22.6119   2.6986     104.1688
    367     489  760.29    -996.37  113.6821  22.6102   2.5968     104.3795
    367     611  782.19    -874.72  113.6940  22.6085   2.4952     104.6066
    367     733  804.07    -753.26  113.7058  22.6067   2.3938     104.8522
    367     855  825.91    -631.99  113.7177  22.6050   2.2926     105.1187
    367     977  847.72    -510.88  113.7295  22.6033   2.1915     105.4090
    367    1099  869.50    -389.94  113.7413  22.6015   2.0907     105.7266
    367    1221  891.25    -269.16  113.7530  22.5998   1.9900     106.0754
    367    1343  912.98    -148.51  113.7648  22.5981   1.8895     106.4604
    367    1465  934.68    -28.00  113.7766  22.5964   1.7892     106.8878
    367    1587  956.36    92.38  113.7883  22.5947   1.6891     107.3648
    367    1709  978.02    212.65  113.8000  22.5929   1.5892     107.9008
    367    1831  999.65    332.82  113.8117  22.5912   1.4895     108.5076
    367    1953  1021.28    452.88  113.8235  22.5895   1.3901     109.2000
    367    2075  1042.88    572.87  113.8352  22.5878   1.2910     109.9978
    367    2197  1064.47    692.77  113.8468  22.5861   1.1923     110.9266
    367    2319  1086.05    812.61  113.8585  22.5843   1.0939     112.0214
    367    2441  1107.62    932.39  113.8702  22.5826   0.9961     113.3305
    367    2563  1129.18    1052.13  113.8819  22.5809   0.8989     114.9219
    367    2685  1150.73    1171.82  113.8936  22.5792   0.8027     116.8955
    367    2807  1172.27    1291.48  113.9052  22.5775   0.7076     119.4013
    367    2929  1193.82    1411.13  113.9169  22.5758   0.6143     122.6742
    367    3051  1215.36    1530.76  113.9286  22.5740   0.5237     127.0963
    367    3173  1236.90    1650.40  113.9402  22.5723   0.4376     133.3090
    367    3295  1258.44    1770.04  113.9519  22.5706   0.3589     142.3934
    367    3417  1279.98    1889.71  113.9635  22.5689   0.2940     155.9837
    367    3539  1301.53    2009.40  113.9752  22.5671   0.2536     175.4160
    367    3661  1323.08    2129.12  113.9869  22.5654   0.2498     -161.5223
    367    3783  1344.65    2248.90  113.9986  22.5637   0.2842     -141.0574
    367    3905  1366.22    2368.73  114.0102  22.5620   0.3456     -126.4125
    367    4027  1387.80    2488.62  114.0219  22.5602   0.4225     -116.6130
    367    4149  1409.40    2608.60  114.0336  22.5585   0.5078     -109.9554
    367    4271  1431.02    2728.66  114.0453  22.5568   0.5981     -105.2534
    367    4393  1452.64    2848.81  114.0570  22.5550   0.6914     -101.7977
    367    4515  1474.29    2969.06  114.0688  22.5533   0.7867     -99.1678
    367    4637  1495.96    3089.43  114.0805  22.5515   0.8833     -97.1068
    367    4759  1517.65    3209.93  114.0922  22.5498   0.9810     -95.4517
    367    4881  1539.36    3330.55  114.1040  22.5480   1.0795     -94.0951
    367    5003  1561.10    3451.32  114.1158  22.5463   1.1785     -92.9639
    367    5125  1582.87    3572.24  114.1276  22.5445   1.2781     -92.0066
    367    5247  1604.66    3693.32  114.1394  22.5428   1.3781     -91.1862
    367    5369  1626.49    3814.57  114.1512  22.5410   1.4785     -90.4754
    367    5491  1648.35    3936.00  114.1630  22.5393   1.5792     -89.8537
    367    5613  1670.24    4057.62  114.1749  22.5375   1.6802     -89.3052
    367    5735  1692.16    4179.44  114.1867  22.5357   1.7815     -88.8178
    367    5857  1714.13    4301.47  114.1986  22.5340   1.8831     -88.3816
    367    6000  1739.92    4444.78  114.2126  22.5319   2.0025     -87.9254
    489       1  791.84    -1514.55  113.6319  22.6063   3.0052     103.6167
    489     123  813.91    -1392.04  113.6438  22.6046   2.9028     103.7876
    489     245  835.93    -1269.76  113.6557  22.6028   2.8006     103.9703
    489     367  857.91    -1147.70  113.6676  22.6011   2.6986     104.1662
    489     489  879.86    -1025.85  113.6795  22.5993   2.5968     104.3768
    489     611  901.77    -904.20  113.6914  22.5976   2.4952     104.6038
    489     733  923.64    -782.74  113.7032  22.5959   2.3938     104.8493
    489     855  945.48    -661.47  113.7151  22.5942   2.2926     105.1157
    489     977  967.29    -540.37  113.7269  22.5924   2.1915     105.4059
    489    1099  989.07    -419.43  113.7387  22.5907   2.0906     105.7233
    489    1221  1010.82    -298.64  113.7504  22.5890   1.9900     106.0720
    489    1343  1032.55    -177.99  113.7622  22.5873   1.8895     106.4570
    489    1465  1054.25    -57.48  113.7740  22.5855   1.7892     106.8841
    489    1587  1075.93    62.90  113.7857  22.5838   1.6891     107.3610
    489    1709  1097.58    183.17  113.7974  22.5821   1.5892     107.8968
    489    1831  1119.22    303.34  113.8091  22.5804   1.4895     108.5033
    489    1953  1140.84    423.41  113.8208  22.5787   1.3901     109.1955
    489    2075  1162.45    543.39  113.8325  22.5769   1.2910     109.9930
    489    2197  1184.04    663.29  113.8442  22.5752   1.1923     110.9215
    489    2319  1205.62    783.13  113.8559  22.5735   1.0939     112.0159
    489    2441  1227.18    902.91  113.8676  22.5718   0.9961     113.3245
    489    2563  1248.74    1022.65  113.8793  22.5701   0.8989     114.9154
    489    2685  1270.29    1142.34  113.8909  22.5683   0.8026     116.8883
    489    2807  1291.84    1262.01  113.9026  22.5666   0.7076     119.3933
    489    2929  1313.38    1381.65  113.9143  22.5649   0.6143     122.6653
    489    3051  1334.92    1501.29  113.9259  22.5632   0.5237     127.0862
    489    3173  1356.46    1620.92  113.9376  22.5615   0.4375     133.2977
    489    3295  1378.00    1740.57  113.9493  22.5597   0.3589     142.3810
    489    3417  1399.54    1860.23  113.9609  22.5580   0.2939     155.9719
    489    3539  1421.09    1979.92  113.9726  22.5563   0.2535     175.4088
    489    3661  1442.65    2099.65  113.9843  22.5546   0.2497     -161.5210
    489    3783  1464.21    2219.42  113.9959  22.5528   0.2841     -141.0498
    489    3905  1485.78    2339.25  114.0076  22.5511   0.3455     -126.4031
    489    4027  1507.36    2459.15  114.0193  22.5494   0.4224     -116.6039
    489    4149  1528.96    2579.12  114.0310  22.5477   0.5078     -109.9472
    489    4271  1550.57    2699.18  114.0427  22.5459   0.5980     -105.2462
    489    4393  1572.20    2819.33  114.0544  22.5442   0.6913     -101.7914
    489    4515  1593.85    2939.59  114.0661  22.5424   0.7866     -99.1622
    489    4637  1615.52    3059.96  114.0779  22.5407   0.8833     -97.1018
    489    4759  1637.21    3180.45  114.0896  22.5390   0.9810     -95.4472
    489    4881  1658.92    3301.08  114.1014  22.5372   1.0794     -94.0911
    489    5003  1680.66    3421.84  114.1131  22.5355   1.1785     -92.9602
    489    5125  1702.43    3542.76  114.1249  22.5337   1.2781     -92.0032
    489    5247  1724.22    3663.84  114.1367  22.5319   1.3781     -91.1831
    489    5369  1746.04    3785.09  114.1485  22.5302   1.4784     -90.4726
    489    5491  1767.90    3906.52  114.1604  22.5284   1.5791     -89.8511
    489    5613  1789.79    4028.14  114.1722  22.5267   1.6802     -89.3028
    489    5735  1811.72    4149.96  114.1841  22.5249   1.7815     -88.8155
    489    5857  1833.68    4271.99  114.1960  22.5231   1.8831     -88.3796
    489    6000  1859.47    4415.30  114.2100  22.5210   2.0025     -87.9235
    611       1  911.42    -1544.03  113.6293  22.5955   3.0052     103.6143
    611     123  933.48    -1421.52  113.6412  22.5937   2.9028     103.7851
    611     245  955.50    -1299.24  113.6531  22.5920   2.8006     103.9678
    611     367  977.49    -1177.18  113.6650  22.5902   2.6986     104.1636
    611     489  999.43    -1055.33  113.6769  22.5885   2.5968     104.3741
    611     611  1021.34    -933.68  113.6888  22.5868   2.4952     104.6010
    611     733  1043.21    -812.22  113.7006  22.5850   2.3938     104.8464
    611     855  1065.05    -690.95  113.7125  22.5833   2.2926     105.1127
    611     977  1086.86    -569.85  113.7243  22.5816   2.1915     105.4028
    611    1099  1108.64    -448.90  113.7361  22.5799   2.0906     105.7201
    611    1221  1130.39    -328.12  113.7478  22.5781   1.9900     106.0687
    611    1343  1152.12    -207.47  113.7596  22.5764   1.8895     106.4535
    611    1465  1173.82    -86.96  113.7713  22.5747   1.7892     106.8805
    611    1587  1195.50    33.42  113.7831  22.5730   1.6891     107.3571
    611    1709  1217.15    153.69  113.7948  22.5713   1.5892     107.8928
    611    1831  1238.79    273.86  113.8065  22.5695   1.4895     108.4991
    611    1953  1260.41    393.93  113.8182  22.5678   1.3901     109.1910
    611    2075  1282.01    513.91  113.8299  22.5661   1.2910     109.9882
    611    2197  1303.60    633.82  113.8416  22.5644   1.1923     110.9163
    611    2319  1325.18    753.66  113.8533  22.5627   1.0939     112.0104
    611    2441  1346.75    873.44  113.8650  22.5609   0.9961     113.3185
    611    2563  1368.31    993.17  113.8766  22.5592   0.8989     114.9089
    611    2685  1389.86    1112.86  113.8883  22.5575   0.8026     116.8811
    611    2807  1411.40    1232.53  113.9000  22.5558   0.7076     119.3853
    611    2929  1432.94    1352.18  113.9116  22.5541   0.6143     122.6563
    611    3051  1454.48    1471.81  113.9233  22.5524   0.5237     127.0761
    611    3173  1476.02    1591.45  113.9350  22.5506   0.4375     133.2864
    611    3295  1497.56    1711.09  113.9466  22.5489   0.3588     142.3687
    611    3417  1519.11    1830.75  113.9583  22.5472   0.2939     155.9602
    611    3539  1540.65    1950.44  113.9700  22.5455   0.2534     175.4017
    611    3661  1562.21    2070.17  113.9816  22.5437   0.2496     -161.5196
    611    3783  1583.77    2189.95  113.9933  22.5420   0.2840     -141.0421
    611    3905  1605.34    2309.78  114.0050  22.5403   0.3455     -126.3936
    611    4027  1626.93    2429.67  114.0167  22.5385   0.4223     -116.5947
    611    4149  1648.52    2549.65  114.0284  22.5368   0.5077     -109.9390
    611    4271  1670.13    2669.70  114.0401  22.5351   0.5980     -105.2389
    611    4393  1691.76    2789.86  114.0518  22.5333   0.6913     -101.7850
    611    4515  1713.41    2910.11  114.0635  22.5316   0.7866     -99.1565
    611    4637  1735.08    3030.48  114.0752  22.5299   0.8833     -97.0968
    611    4759  1756.77    3150.98  114.0870  22.5281   0.9810     -95.4427
    611    4881  1778.48    3271.60  114.0987  22.5264   1.0794     -94.0870
    611    5003  1800.22    3392.37  114.1105  22.5246   1.1785     -92.9565
    611    5125  1821.98    3513.29  114.1223  22.5229   1.2780     -91.9998
    611    5247  1843.78    3634.37  114.1341  22.5211   1.3780     -91.1800
    611    5369  1865.60    3755.62  114.1459  22.5194   1.4784     -90.4697
    611    5491  1887.46    3877.05  114.1577  22.5176   1.5791     -89.8484
    611    5613  1909.35    3998.67  114.1696  22.5158   1.6802     -89.3004
    611    5735  1931.27    4120.49  114.1815  22.5140   1.7815     -88.8133
    611    5857  1953.24    4242.52  114.1933  22.5123   1.8831     -88.3775
    611    6000  1979.03    4385.83  114.2073  22.5102   2.0025     -87.9216
    733       1  1030.99    -1573.51  113.6267  22.5846   3.0052     103.6119
    733     123  1053.05    -1451.00  113.6386  22.5829   2.9028     103.7826
    733     245  1075.08    -1328.72  113.6505  22.5811   2.8006     103.9652
    733     367  1097.06    -1206.66  113.6624  22.5794   2.6986     104.1610
    733     489  1119.00    -1084.81  113.6743  22.5777   2.5968     104.3714
    733     611  1140.91    -963.16  113.6862  22.5759   2.4952     104.5982
    733     733  1162.78    -841.70  113.6980  22.5742   2.3938     104.8435
    733     855  1184.62    -720.43  113.7098  22.5725   2.2926     105.1098
    733     977  1206.43    -599.33  113.7217  22.5707   2.1915     105.3998
    733    1099  1228.21    -478.38  113.7334  22.5690   2.0906     105.7169
    733    1221  1249.96    -357.60  113.7452  22.5673   1.9900     106.0654
    733    1343  1271.69    -236.95  113.7570  22.5656   1.8895     106.4500
    733    1465  1293.39    -116.44  113.7687  22.5639   1.7891     106.8768
    733    1587  1315.06     3.94  113.7805  22.5621   1.6890     107.3533
    733    1709  1336.72    124.21  113.7922  22.5604   1.5892     107.8887
    733    1831  1358.36    244.38  113.8039  22.5587   1.4895     108.4948
    733    1953  1379.98    364.45  113.8156  22.5570   1.3901     109.1865
    733    2075  1401.58    484.43  113.8273  22.5553   1.2910     109.9834
    733    2197  1423.17    604.34  113.8390  22.5535   1.1922     110.9112
    733    2319  1444.75    724.18  113.8507  22.5518   1.0939     112.0048
    733    2441  1466.32    843.96  113.8624  22.5501   0.9961     113.3125
    733    2563  1487.87    963.69  113.8740  22.5484   0.8989     114.9023
    733    2685  1509.42    1083.39  113.8857  22.5467   0.8026     116.8739
    733    2807  1530.97    1203.05  113.8974  22.5449   0.7075     119.3773
    733    2929  1552.51    1322.70  113.9090  22.5432   0.6142     122.6474
    733    3051  1574.05    1442.33  113.9207  22.5415   0.5236     127.0660
    733    3173  1595.59    1561.97  113.9323  22.5398   0.4374     133.2750
    733    3295  1617.13    1681.61  113.9440  22.5381   0.3588     142.3564
    733    3417  1638.67    1801.28  113.9557  22.5363   0.2938     155.9484
    733    3539  1660.22    1920.97  113.9673  22.5346   0.2533     175.3945
    733    3661  1681.77    2040.69  113.9790  22.5329   0.2495     -161.5182
    733    3783  1703.33    2160.47  113.9907  22.5312   0.2839     -141.0345
    733    3905  1724.90    2280.30  114.0024  22.5294   0.3454     -126.3841
    733    4027  1746.49    2400.20  114.0140  22.5277   0.4223     -116.5856
    733    4149  1768.08    2520.17  114.0257  22.5260   0.5077     -109.9307
    733    4271  1789.70    2640.23  114.0374  22.5242   0.5979     -105.2317
    733    4393  1811.32    2760.38  114.0491  22.5225   0.6913     -101.7786
    733    4515  1832.97    2880.64  114.0609  22.5208   0.7866     -99.1509
    733    4637  1854.64    3001.01  114.0726  22.5190   0.8832     -97.0917
    733    4759  1876.33    3121.50  114.0843  22.5173   0.9809     -95.4382
    733    4881  1898.04    3242.13  114.0961  22.5155   1.0794     -94.0829
    733    5003  1919.78    3362.90  114.1079  22.5138   1.1784     -92.9528
    733    5125  1941.54    3483.82  114.1196  22.5120   1.2780     -91.9964
    733    5247  1963.33    3604.90  114.1314  22.5103   1.3780     -91.1769
    733    5369  1985.16    3726.15  114.1433  22.5085   1.4784     -90.4669
    733    5491  2007.01    3847.58  114.1551  22.5067   1.5791     -89.8458
    733    5613  2028.90    3969.20  114.1669  22.5050   1.6801     -89.2980
    733    5735  2050.83    4091.02  114.1788  22.5032   1.7815     -88.8110
    733    5857  2072.79    4213.05  114.1907  22.5014   1.8830     -88.3754
    733    6000  2098.58    4356.36  114.2047  22.4994   2.0025     -87.9197
    855       1  1150.56    -1602.99  113.6241  22.5738   3.0052     103.6095
    855     123  1172.63    -1480.48  113.6360  22.5720   2.9028     103.7802
    855     245  1194.65    -1358.20  113.6479  22.5703   2.8006     103.9627
    855     367  1216.63    -1236.14  113.6598  22.5686   2.6986     104.1584
    855     489  1238.58    -1114.29  113.6717  22.5668   2.5968     104.3687
    855     611  1260.48    -992.64  113.6836  22.5651   2.4952     104.5954
    855     733  1282.36    -871.19  113.6954  22.5634   2.3938     104.8406
    855     855  1304.20    -749.91  113.7072  22.5616   2.2926     105.1068
    855     977  1326.00    -628.81  113.7190  22.5599   2.1915     105.3967
    855    1099  1347.78    -507.87  113.7308  22.5582   2.0906     105.7137
    855    1221  1369.53    -387.08  113.7426  22.5565   1.9899     106.0620
    855    1343  1391.26    -266.43  113.7544  22.5547   1.8894     106.4465
    855    1465  1412.96    -145.92  113.7661  22.5530   1.7891     106.8732
    855    1587  1434.63    -25.54  113.7779  22.5513   1.6890     107.3495
    855    1709  1456.29    94.73  113.7896  22.5496   1.5891     107.8847
    855    1831  1477.93    214.90  113.8013  22.5479   1.4895     108.4906
    855    1953  1499.55    334.97  113.8130  22.5461   1.3901     109.1820
    855    2075  1521.15    454.95  113.8247  22.5444   1.2910     109.9786
    855    2197  1542.74    574.86  113.8364  22.5427   1.1922     110.9060
    855    2319  1564.32    694.70  113.8481  22.5410   1.0939     111.9993
    855    2441  1585.88    814.48  113.8597  22.5393   0.9960     113.3065
    855    2563  1607.44    934.21  113.8714  22.5375   0.8989     114.8958
    855    2685  1628.99    1053.91  113.8831  22.5358   0.8026     116.8667
    855    2807  1650.53    1173.57  113.8947  22.5341   0.7075     119.3693
    855    2929  1672.07    1293.22  113.9064  22.5324   0.6142     122.6384
    855    3051  1693.61    1412.86  113.9181  22.5307   0.5236     127.0560
    855    3173  1715.15    1532.49  113.9297  22.5289   0.4374     133.2637
    855    3295  1736.69    1652.14  113.9414  22.5272   0.3587     142.3441
    855    3417  1758.23    1771.80  113.9530  22.5255   0.2937     155.9366
    855    3539  1779.78    1891.49  113.9647  22.5238   0.2532     175.3874
    855    3661  1801.33    2011.22  113.9764  22.5221   0.2494     -161.5169
    855    3783  1822.89    2130.99  113.9881  22.5203   0.2839     -141.0269
    855    3905  1844.47    2250.82  113.9997  22.5186   0.3453     -126.3746
    855    4027  1866.05    2370.72  114.0114  22.5169   0.4222     -116.5764
    855    4149  1887.64    2490.69  114.0231  22.5151   0.5076     -109.9225
    855    4271  1909.26    2610.75  114.0348  22.5134   0.5979     -105.2244
    855    4393  1930.88    2730.91  114.0465  22.5117   0.6912     -101.7722
    855    4515  1952.53    2851.16  114.0582  22.5099   0.7865     -99.1452
    855    4637  1974.20    2971.53  114.0700  22.5082   0.8832     -97.0867
    855    4759  1995.89    3092.03  114.0817  22.5064   0.9809     -95.4337
    855    4881  2017.60    3212.65  114.0935  22.5047   1.0793     -94.0788
    855    5003  2039.33    3333.42  114.1052  22.5029   1.1784     -92.9491
    855    5125  2061.10    3454.34  114.1170  22.5012   1.2780     -91.9931
    855    5247  2082.89    3575.42  114.1288  22.4994   1.3780     -91.1738
    855    5369  2104.72    3696.67  114.1406  22.4977   1.4784     -90.4641
    855    5491  2126.57    3818.10  114.1524  22.4959   1.5791     -89.8432
    855    5613  2148.46    3939.72  114.1643  22.4941   1.6801     -89.2955
    855    5735  2170.38    4061.54  114.1762  22.4924   1.7814     -88.8088
    855    5857  2192.35    4183.57  114.1881  22.4906   1.8830     -88.3733
    855    6000  2218.14    4326.88  114.2020  22.4885   2.0025     -87.9177
    977       1  1270.14    -1632.48  113.6215  22.5629   3.0052     103.6071
    977     123  1292.20    -1509.97  113.6334  22.5612   2.9028     103.7777
    977     245  1314.22    -1387.68  113.6453  22.5594   2.8006     103.9602
    977     367  1336.21    -1265.62  113.6572  22.5577   2.6986     104.1558
    977     489  1358.15    -1143.77  113.6691  22.5560   2.5968     104.3660
    977     611  1380.06    -1022.12  113.6810  22.5542   2.4952     104.5926
    977     733  1401.93    -900.67  113.6928  22.5525   2.3938     104.8378
    977     855  1423.77    -779.39  113.7046  22.5508   2.2926     105.1038
    977     977  1445.58    -658.29  113.7164  22.5491   2.1915     105.3936
    977    1099  1467.35    -537.35  113.7282  22.5473   2.0906     105.7105
    977    1221  1489.10    -416.56  113.7400  22.5456   1.9899     106.0587
    977    1343  1510.83    -295.91  113.7518  22.5439   1.8894     106.4430
    977    1465  1532.53    -175.40  113.7635  22.5422   1.7891     106.8695
    977    1587  1554.20    -55.02  113.7752  22.5404   1.6890     107.3457
    977    1709  1575.86    65.25  113.7870  22.5387   1.5891     107.8807
    977    1831  1597.50    185.42  113.7987  22.5370   1.4895     108.4863
    977    1953  1619.11    305.49  113.8104  22.5353   1.3901     109.1775
    977    2075  1640.72    425.47  113.8221  22.5336   1.2910     109.9738
    977    2197  1662.31    545.38  113.8338  22.5319   1.1922     110.9009
    977    2319  1683.88    665.22  113.8454  22.5301   1.0939     111.9938
    977    2441  1705.45    785.00  113.8571  22.5284   0.9960     113.3005
    977    2563  1727.01    904.74  113.8688  22.5267   0.8988     114.8892
    977    2685  1748.56    1024.43  113.8805  22.5250   0.8025     116.8595
    977    2807  1770.10    1144.10  113.8921  22.5233   0.7075     119.3613
    977    2929  1791.64    1263.74  113.9038  22.5215   0.6142     122.6295
    977    3051  1813.18    1383.38  113.9154  22.5198   0.5236     127.0459
    977    3173  1834.71    1503.01  113.9271  22.5181   0.4373     133.2523
    977    3295  1856.25    1622.66  113.9388  22.5164   0.3586     142.3317
    977    3417  1877.80    1742.32  113.9504  22.5147   0.2936     155.9248
    977    3539  1899.34    1862.01  113.9621  22.5129   0.2531     175.3802
    977    3661  1920.90    1981.74  113.9738  22.5112   0.2493     -161.5155
    977    3783  1942.46    2101.52  113.9854  22.5095   0.2838     -141.0192
    977    3905  1964.03    2221.35  113.9971  22.5078   0.3453     -126.3651
    977    4027  1985.61    2341.25  114.0088  22.5060   0.4222     -116.5672
    977    4149  2007.21    2461.22  114.0205  22.5043   0.5076     -109.9143
    977    4271  2028.82    2581.28  114.0322  22.5026   0.5979     -105.2171
    977    4393  2050.44    2701.43  114.0439  22.5008   0.6912     -101.7658
    977    4515  2072.09    2821.69  114.0556  22.4991   0.7865     -99.1395
    977    4637  2093.76    2942.06  114.0673  22.4973   0.8832     -97.0816
    977    4759  2115.44    3062.55  114.0791  22.4956   0.9809     -95.4291
    977    4881  2137.16    3183.18  114.0908  22.4939   1.0793     -94.0747
    977    5003  2158.89    3303.95  114.1026  22.4921   1.1784     -92.9454
    977    5125  2180.66    3424.87  114.1144  22.4904   1.2780     -91.9897
    977    5247  2202.45    3545.95  114.1262  22.4886   1.3780     -91.1707
    977    5369  2224.27    3667.20  114.1380  22.4868   1.4783     -90.4612
    977    5491  2246.13    3788.63  114.1498  22.4851   1.5791     -89.8406
    977    5613  2268.02    3910.25  114.1617  22.4833   1.6801     -89.2931
    977    5735  2289.94    4032.07  114.1735  22.4815   1.7814     -88.8065
    977    5857  2311.90    4154.10  114.1854  22.4798   1.8830     -88.3712
    977    6000  2337.69    4297.41  114.1994  22.4777   2.0024     -87.9158
   1099       1  1389.71    -1661.96  113.6189  22.5521   3.0052     103.6047
   1099     123  1411.78    -1539.45  113.6308  22.5503   2.9028     103.7752
   1099     245  1433.80    -1417.17  113.6427  22.5486   2.8006     103.9576
   1099     367  1455.78    -1295.11  113.6546  22.5469   2.6986     104.1531
   1099     489  1477.72    -1173.26  113.6665  22.5451   2.5968     104.3633
   1099     611  1499.63    -1051.61  113.6784  22.5434   2.4952     104.5899
   1099     733  1521.50    -930.15  113.6902  22.5417   2.3938     104.8349
   1099     855  1543.34    -808.87  113.7020  22.5399   2.2926     105.1008
   1099     977  1565.15    -687.77  113.7138  22.5382   2.1915     105.3905
   1099    1099  1586.92    -566.83  113.7256  22.5365   2.0906     105.7073
   1099    1221  1608.67    -446.04  113.7374  22.5348   1.9899     106.0553
   1099    1343  1630.40    -325.39  113.7492  22.5330   1.8894     106.4395
   1099    1465  1652.10    -204.88  113.7609  22.5313   1.7891     106.8659
   1099    1587  1673.77    -84.50  113.7726  22.5296   1.6890     107.3418
   1099    1709  1695.43    35.78  113.7844  22.5279   1.5891     107.8767
   1099    1831  1717.07    155.94  113.7961  22.5262   1.4895     108.4820
   1099    1953  1738.68    276.01  113.8078  22.5245   1.3901     109.1730
   1099    2075  1760.29    396.00  113.8195  22.5227   1.2910     109.9690
   1099    2197  1781.87    515.90  113.8311  22.5210   1.1922     110.8958
   1099    2319  1803.45    635.74  113.8428  22.5193   1.0938     111.9882
   1099    2441  1825.02    755.52  113.8545  22.5176   0.9960     113.2945
   1099    2563  1846.57    875.26  113.8662  22.5159   0.8988     114.8827
   1099    2685  1868.12    994.95  113.8778  22.5141   0.8025     116.8523
   1099    2807  1889.67    1114.62  113.8895  22.5124   0.7074     119.3533
   1099    2929  1911.20    1234.27  113.9012  22.5107   0.6141     122.6205
   1099    3051  1932.74    1353.90  113.9128  22.5090   0.5235     127.0358
   1099    3173  1954.28    1473.54  113.9245  22.5073   0.4373     133.2410
   1099    3295  1975.82    1593.18  113.9361  22.5055   0.3586     142.3194
   1099    3417  1997.36    1712.85  113.9478  22.5038   0.2936     155.9131
   1099    3539  2018.91    1832.54  113.9595  22.5021   0.2530     175.3731
   1099    3661  2040.46    1952.27  113.9711  22.5004   0.2492     -161.5141
   1099    3783  2062.02    2072.04  113.9828  22.4986   0.2837     -141.0116
   1099    3905  2083.59    2191.87  113.9945  22.4969   0.3452     -126.3556
   1099    4027  2105.17    2311.77  114.0062  22.4952   0.4221     -116.5581
   1099    4149  2126.77    2431.74  114.0178  22.4935   0.5075     -109.9060
   1099    4271  2148.38    2551.80  114.0295  22.4917   0.5978     -105.2098
   1099    4393  2170.01    2671.96  114.0412  22.4900   0.6911     -101.7594
   1099    4515  2191.65    2792.21  114.0530  22.4882   0.7864     -99.1339
   1099    4637  2213.32    2912.58  114.0647  22.4865   0.8831     -97.0766
   1099    4759  2235.00    3033.08  114.0764  22.4848   0.9808     -95.4246
   1099    4881  2256.72    3153.70  114.0882  22.4830   1.0793     -94.0707
   1099    5003  2278.45    3274.47  114.1000  22.4813   1.1784     -92.9417
   1099    5125  2300.22    3395.39  114.1117  22.4795   1.2779     -91.9863
   1099    5247  2322.01    3516.47  114.1235  22.4778   1.3779     -91.1676
   1099    5369  2343.83    3637.72  114.1353  22.4760   1.4783     -90.4584
   1099    5491  2365.68    3759.16  114.1472  22.4742   1.5790     -89.8380
   1099    5613  2387.57    3880.78  114.1590  22.4725   1.6801     -89.2907
   1099    5735  2409.50    4002.60  114.1709  22.4707   1.7814     -88.8043
   1099    5857  2431.46    4124.63  114.1828  22.4689   1.8830     -88.3691
   1099    6000  2457.25    4267.94  114.1967  22.4668   2.0024     -87.9139
   1221       1  1509.29    -1691.44  113.6163  22.5412   3.0052     103.6022
   1221     123  1531.35    -1568.93  113.6282  22.5395   2.9028     103.7728
   1221     245  1553.37    -1446.65  113.6401  22.5378   2.8006     103.9551
   1221     367  1575.35    -1324.59  113.6520  22.5360   2.6986     104.1505
   1221     489  1597.30    -1202.74  113.6639  22.5343   2.5968     104.3606
   1221     611  1619.20    -1081.09  113.6758  22.5326   2.4952     104.5871
   1221     733  1641.07    -959.63  113.6876  22.5308   2.3938     104.8320
   1221     855  1662.91    -838.35  113.6994  22.5291   2.2925     105.0978
   1221     977  1684.72    -717.25  113.7112  22.5274   2.1915     105.3874
   1221    1099  1706.50    -596.31  113.7230  22.5256   2.0906     105.7041
   1221    1221  1728.25    -475.52  113.7348  22.5239   1.9899     106.0520
   1221    1343  1749.97    -354.87  113.7465  22.5222   1.8894     106.4360
   1221    1465  1771.67    -234.36  113.7583  22.5205   1.7891     106.8622
   1221    1587  1793.34    -113.98  113.7700  22.5188   1.6890     107.3380
   1221    1709  1815.00     6.29  113.7817  22.5170   1.5891     107.8726
   1221    1831  1836.63    126.46  113.7935  22.5153   1.4895     108.4778
   1221    1953  1858.25    246.53  113.8052  22.5136   1.3901     109.1685
   1221    2075  1879.85    366.52  113.8168  22.5119   1.2910     109.9641
   1221    2197  1901.44    486.42  113.8285  22.5102   1.1922     110.8906
   1221    2319  1923.02    606.26  113.8402  22.5085   1.0938     111.9827
   1221    2441  1944.58    726.04  113.8519  22.5067   0.9960     113.2885
   1221    2563  1966.14    845.78  113.8636  22.5050   0.8988     114.8762
   1221    2685  1987.69    965.47  113.8752  22.5033   0.8025     116.8451
   1221    2807  2009.23    1085.14  113.8869  22.5016   0.7074     119.3453
   1221    2929  2030.77    1204.79  113.8985  22.4999   0.6141     122.6116
   1221    3051  2052.31    1324.42  113.9102  22.4981   0.5235     127.0257
   1221    3173  2073.84    1444.06  113.9219  22.4964   0.4372     133.2296
   1221    3295  2095.38    1563.70  113.9335  22.4947   0.3585     142.3071
   1221    3417  2116.92    1683.37  113.9452  22.4930   0.2935     155.9013
   1221    3539  2138.47    1803.06  113.9568  22.4913   0.2529     175.3659
   1221    3661  2160.02    1922.79  113.9685  22.4895   0.2491     -161.5127
   1221    3783  2181.58    2042.56  113.9802  22.4878   0.2836     -141.0039
   1221    3905  2203.15    2162.39  113.9918  22.4861   0.3451     -126.3461
   1221    4027  2224.73    2282.29  114.0035  22.4843   0.4220     -116.5489
   1221    4149  2246.33    2402.27  114.0152  22.4826   0.5075     -109.8978
   1221    4271  2267.94    2522.33  114.0269  22.4809   0.5978     -105.2026
   1221    4393  2289.57    2642.48  114.0386  22.4791   0.6911     -101.7530
   1221    4515  2311.21    2762.74  114.0503  22.4774   0.7864     -99.1282
   1221    4637  2332.88    2883.11  114.0621  22.4757   0.8831     -97.0715
   1221    4759  2354.56    3003.60  114.0738  22.4739   0.9808     -95.4201
   1221    4881  2376.27    3124.23  114.0855  22.4722   1.0793     -94.0666
   1221    5003  2398.01    3245.00  114.0973  22.4704   1.1783     -92.9380
   1221    5125  2419.77    3365.92  114.1091  22.4687   1.2779     -91.9829
   1221    5247  2441.57    3487.00  114.1209  22.4669   1.3779     -91.1646
   1221    5369  2463.39    3608.25  114.1327  22.4652   1.4783     -90.4555
   1221    5491  2485.24    3729.68  114.1445  22.4634   1.5790     -89.8353
   1221    5613  2507.13    3851.30  114.1564  22.4616   1.6801     -89.2883
   1221    5735  2529.05    3973.12  114.1682  22.4599   1.7814     -88.8020
   1221    5857  2551.01    4095.15  114.1801  22.4581   1.8830     -88.3670
   1221    6000  2576.80    4238.46  114.1941  22.4560   2.0024     -87.9120
   1343       1  1628.87    -1720.92  113.6137  22.5304   3.0052     103.5998
   1343     123  1650.93    -1598.41  113.6256  22.5286   2.9028     103.7703
   1343     245  1672.95    -1476.13  113.6375  22.5269   2.8006     103.9525
   1343     367  1694.93    -1354.07  113.6494  22.5252   2.6986     104.1479
   1343     489  1716.87    -1232.22  113.6613  22.5234   2.5968     104.3579
   1343     611  1738.78    -1110.57  113.6732  22.5217   2.4952     104.5843
   1343     733  1760.65    -989.11  113.6850  22.5200   2.3938     104.8291
   1343     855  1782.49    -867.83  113.6968  22.5183   2.2925     105.0949
   1343     977  1804.29    -746.73  113.7086  22.5165   2.1915     105.3843
   1343    1099  1826.07    -625.79  113.7204  22.5148   2.0906     105.7009
   1343    1221  1847.82    -505.00  113.7322  22.5131   1.9899     106.0486
   1343    1343  1869.54    -384.35  113.7439  22.5114   1.8894     106.4325
   1343    1465  1891.24    -263.84  113.7557  22.5096   1.7891     106.8586
   1343    1587  1912.91    -143.46  113.7674  22.5079   1.6890     107.3342
   1343    1709  1934.57    -23.18  113.7791  22.5062   1.5891     107.8686
   1343    1831  1956.20    96.98  113.7908  22.5045   1.4895     108.4735
   1343    1953  1977.82    217.05  113.8025  22.5028   1.3901     109.1640
   1343    2075  1999.42    337.04  113.8142  22.5010   1.2909     109.9593
   1343    2197  2021.01    456.94  113.8259  22.4993   1.1922     110.8855
   1343    2319  2042.59    576.78  113.8376  22.4976   1.0938     111.9772
   1343    2441  2064.15    696.57  113.8493  22.4959   0.9960     113.2825
   1343    2563  2085.71    816.30  113.8609  22.4942   0.8988     114.8696
   1343    2685  2107.26    936.00  113.8726  22.4925   0.8025     116.8379
   1343    2807  2128.80    1055.66  113.8843  22.4907   0.7074     119.3373
   1343    2929  2150.34    1175.31  113.8959  22.4890   0.6141     122.6026
   1343    3051  2171.87    1294.95  113.9076  22.4873   0.5234     127.0155
   1343    3173  2193.41    1414.58  113.9192  22.4856   0.4372     133.2182
   1343    3295  2214.95    1534.23  113.9309  22.4839   0.3585     142.2947
   1343    3417  2236.49    1653.89  113.9425  22.4821   0.2934     155.8895
   1343    3539  2258.03    1773.58  113.9542  22.4804   0.2528     175.3587
   1343    3661  2279.59    1893.31  113.9659  22.4787   0.2490     -161.5114
   1343    3783  2301.15    2013.09  113.9775  22.4770   0.2835     -140.9963
   1343    3905  2322.72    2132.92  113.9892  22.4752   0.3450     -126.3366
   1343    4027  2344.30    2252.82  114.0009  22.4735   0.4220     -116.5397
   1343    4149  2365.89    2372.79  114.0126  22.4718   0.5074     -109.8895
   1343    4271  2387.50    2492.85  114.0243  22.4700   0.5977     -105.1953
   1343    4393  2409.13    2613.00  114.0360  22.4683   0.6911     -101.7465
   1343    4515  2430.77    2733.26  114.0477  22.4666   0.7864     -99.1225
   1343    4637  2452.44    2853.63  114.0594  22.4648   0.8831     -97.0665
   1343    4759  2474.12    2974.13  114.0712  22.4631   0.9808     -95.4155
   1343    4881  2495.83    3094.75  114.0829  22.4613   1.0792     -94.0625
   1343    5003  2517.57    3215.52  114.0947  22.4596   1.1783     -92.9343
   1343    5125  2539.33    3336.44  114.1065  22.4578   1.2779     -91.9796
   1343    5247  2561.12    3457.52  114.1182  22.4561   1.3779     -91.1615
   1343    5369  2582.95    3578.77  114.1301  22.4543   1.4783     -90.4527
   1343    5491  2604.80    3700.21  114.1419  22.4526   1.5790     -89.8327
   1343    5613  2626.69    3821.83  114.1537  22.4508   1.6800     -89.2858
   1343    5735  2648.61    3943.65  114.1656  22.4490   1.7814     -88.7998
   1343    5857  2670.57    4065.68  114.1775  22.4472   1.8830     -88.3649
   1343    6000  2696.36    4208.99  114.1914  22.4452   2.0024     -87.9100
   1465       1  1748.44    -1750.41  113.6111  22.5195   3.0052     103.5974
   1465     123  1770.50    -1627.89  113.6230  22.5178   2.9028     103.7678
   1465     245  1792.52    -1505.61  113.6349  22.5161   2.8006     103.9500
   1465     367  1814.50    -1383.55  113.6468  22.5143   2.6986     104.1453
   1465     489  1836.45    -1261.70  113.6587  22.5126   2.5968     104.3552
   1465     611  1858.35    -1140.05  113.6706  22.5109   2.4952     104.5815
   1465     733  1880.22    -1018.59  113.6824  22.5091   2.3938     104.8263
   1465     855  1902.06    -897.31  113.6942  22.5074   2.2925     105.0919
   1465     977  1923.86    -776.21  113.7060  22.5057   2.1915     105.3812
   1465    1099  1945.64    -655.27  113.7178  22.5040   2.0906     105.6977
   1465    1221  1967.39    -534.48  113.7296  22.5022   1.9899     106.0453
   1465    1343  1989.11    -413.83  113.7413  22.5005   1.8894     106.4291
   1465    1465  2010.81    -293.32  113.7531  22.4988   1.7891     106.8549
   1465    1587  2032.48    -172.94  113.7648  22.4971   1.6890     107.3304
   1465    1709  2054.14    -52.66  113.7765  22.4954   1.5891     107.8646
   1465    1831  2075.77    67.50  113.7882  22.4936   1.4894     108.4693
   1465    1953  2097.39    187.57  113.7999  22.4919   1.3900     109.1595
   1465    2075  2118.99    307.56  113.8116  22.4902   1.2909     109.9545
   1465    2197  2140.58    427.47  113.8233  22.4885   1.1922     110.8803
   1465    2319  2162.16    547.31  113.8350  22.4868   1.0938     111.9716
   1465    2441  2183.72    667.09  113.8466  22.4851   0.9960     113.2765
   1465    2563  2205.27    786.82  113.8583  22.4833   0.8988     114.8631
   1465    2685  2226.82    906.52  113.8700  22.4816   0.8025     116.8307
   1465    2807  2248.36    1026.19  113.8816  22.4799   0.7074     119.3293
   1465    2929  2269.90    1145.83  113.8933  22.4782   0.6140     122.5937
   1465    3051  2291.44    1265.47  113.9049  22.4765   0.5234     127.0054
   1465    3173  2312.98    1385.11  113.9166  22.4747   0.4371     133.2069
   1465    3295  2334.51    1504.75  113.9283  22.4730   0.3584     142.2824
   1465    3417  2356.05    1624.41  113.9399  22.4713   0.2933     155.8777
   1465    3539  2377.60    1744.11  113.9516  22.4696   0.2527     175.3516
   1465    3661  2399.15    1863.83  113.9632  22.4679   0.2489     -161.5100
   1465    3783  2420.71    1983.61  113.9749  22.4661   0.2834     -140.9886
   1465    3905  2442.28    2103.44  113.9866  22.4644   0.3450     -126.3271
   1465    4027  2463.86    2223.34  113.9983  22.4627   0.4219     -116.5305
   1465    4149  2485.45    2343.32  114.0100  22.4609   0.5073     -109.8812
   1465    4271  2507.06    2463.37  114.0216  22.4592   0.5977     -105.1880
   1465    4393  2528.69    2583.53  114.0334  22.4575   0.6910     -101.7401
   1465    4515  2550.33    2703.79  114.0451  22.4557   0.7863     -99.1169
   1465    4637  2572.00    2824.16  114.0568  22.4540   0.8830     -97.0614
   1465    4759  2593.68    2944.65  114.0685  22.4522   0.9807     -95.4110
   1465    4881  2615.39    3065.28  114.0803  22.4505   1.0792     -94.0584
   1465    5003  2637.13    3186.05  114.0920  22.4488   1.1783     -92.9305
   1465    5125  2658.89    3306.97  114.1038  22.4470   1.2779     -91.9762
   1465    5247  2680.68    3428.05  114.1156  22.4452   1.3779     -91.1584
   1465    5369  2702.50    3549.30  114.1274  22.4435   1.4783     -90.4498
   1465    5491  2724.36    3670.73  114.1392  22.4417   1.5790     -89.8301
   1465    5613  2746.24    3792.35  114.1511  22.4400   1.6800     -89.2834
   1465    5735  2768.17    3914.18  114.1630  22.4382   1.7813     -88.7975
   1465    5857  2790.13    4036.20  114.1748  22.4364   1.8829     -88.3628
   1465    6000  2815.92    4179.52  114.1888  22.4343   2.0024     -87.9081
   1587       1  1868.02    -1779.89  113.6085  22.5087   3.0052     103.5950
   1587     123  1890.08    -1657.38  113.6204  22.5070   2.9028     103.7654
   1587     245  1912.10    -1535.10  113.6323  22.5052   2.8006     103.9475
   1587     367  1934.08    -1413.04  113.6442  22.5035   2.6986     104.1427
   1587     489  1956.02    -1291.18  113.6561  22.5018   2.5968     104.3525
   1587     611  1977.92    -1169.53  113.6679  22.5000   2.4952     104.5787
   1587     733  1999.80    -1048.07  113.6798  22.4983   2.3938     104.8234
   1587     855  2021.63    -926.80  113.6916  22.4966   2.2925     105.0889
   1587     977  2043.44    -805.69  113.7034  22.4948   2.1915     105.3781
   1587    1099  2065.21    -684.75  113.7152  22.4931   2.0906     105.6945
   1587    1221  2086.96    -563.96  113.7270  22.4914   1.9899     106.0420
   1587    1343  2108.68    -443.32  113.7387  22.4897   1.8894     106.4256
   1587    1465  2130.38    -322.80  113.7505  22.4880   1.7891     106.8513
   1587    1587  2152.06    -202.42  113.7622  22.4862   1.6890     107.3265
   1587    1709  2173.71    -82.15  113.7739  22.4845   1.5891     107.8605
   1587    1831  2195.34    38.02  113.7856  22.4828   1.4894     108.4650
   1587    1953  2216.96    158.09  113.7973  22.4811   1.3900     109.1549
   1587    2075  2238.56    278.08  113.8090  22.4794   1.2909     109.9497
   1587    2197  2260.15    397.98  113.8207  22.4776   1.1921     110.8752
   1587    2319  2281.72    517.83  113.8324  22.4759   1.0938     111.9661
   1587    2441  2303.29    637.61  113.8440  22.4742   0.9959     113.2705
   1587    2563  2324.84    757.34  113.8557  22.4725   0.8988     114.8565
   1587    2685  2346.39    877.04  113.8674  22.4708   0.8024     116.8235
   1587    2807  2367.93    996.71  113.8790  22.4691   0.7073     119.3213
   1587    2929  2389.47    1116.35  113.8907  22.4673   0.6140     122.5847
   1587    3051  2411.01    1235.99  113.9023  22.4656   0.5234     126.9953
   1587    3173  2432.54    1355.63  113.9140  22.4639   0.4371     133.1955
   1587    3295  2454.08    1475.27  113.9256  22.4622   0.3583     142.2700
   1587    3417  2475.62    1594.93  113.9373  22.4605   0.2933     155.8658
   1587    3539  2497.16    1714.63  113.9490  22.4587   0.2527     175.3444
   1587    3661  2518.71    1834.36  113.9606  22.4570   0.2488     -161.5086
   1587    3783  2540.27    1954.13  113.9723  22.4553   0.2833     -140.9809
   1587    3905  2561.84    2073.96  113.9840  22.4536   0.3449     -126.3175
   1587    4027  2583.42    2193.86  113.9956  22.4518   0.4219     -116.5213
   1587    4149  2605.02    2313.84  114.0073  22.4501   0.5073     -109.8730
   1587    4271  2626.63    2433.90  114.0190  22.4484   0.5976     -105.1807
   1587    4393  2648.25    2554.05  114.0307  22.4466   0.6910     -101.7337
   1587    4515  2669.90    2674.31  114.0424  22.4449   0.7863     -99.1112
   1587    4637  2691.56    2794.68  114.0542  22.4432   0.8830     -97.0564
   1587    4759  2713.25    2915.17  114.0659  22.4414   0.9807     -95.4065
   1587    4881  2734.95    3035.80  114.0776  22.4397   1.0792     -94.0543
   1587    5003  2756.69    3156.57  114.0894  22.4379   1.1783     -92.9268
   1587    5125  2778.45    3277.49  114.1012  22.4362   1.2778     -91.9728
   1587    5247  2800.24    3398.57  114.1130  22.4344   1.3779     -91.1553
   1587    5369  2822.06    3519.82  114.1248  22.4326   1.4782     -90.4470
   1587    5491  2843.92    3641.26  114.1366  22.4309   1.5790     -89.8275
   1587    5613  2865.80    3762.88  114.1485  22.4291   1.6800     -89.2810
   1587    5735  2887.72    3884.70  114.1603  22.4273   1.7813     -88.7953
   1587    5857  2909.68    4006.73  114.1722  22.4256   1.8829     -88.3607
   1587    6000  2935.47    4150.04  114.1862  22.4235   2.0023     -87.9062
   1709       1  1987.59    -1809.37  113.6059  22.4979   3.0052     103.5926
   1709     123  2009.66    -1686.86  113.6178  22.4961   2.9028     103.7629
   1709     245  2031.68    -1564.58  113.6297  22.4944   2.8006     103.9449
   1709     367  2053.65    -1442.52  113.6416  22.4926   2.6986     104.1401
   1709     489  2075.60    -1320.67  113.6535  22.4909   2.5968     104.3498
   1709     611  2097.50    -1199.02  113.6653  22.4892   2.4952     104.5759
   1709     733  2119.37    -1077.56  113.6772  22.4875   2.3938     104.8205
   1709     855  2141.21    -956.28  113.6890  22.4857   2.2925     105.0859
   1709     977  2163.01    -835.17  113.7008  22.4840   2.1915     105.3750
   1709    1099  2184.79    -714.23  113.7126  22.4823   2.0906     105.6912
   1709    1221  2206.53    -593.44  113.7244  22.4806   1.9899     106.0386
   1709    1343  2228.26    -472.80  113.7361  22.4788   1.8894     106.4221
   1709    1465  2249.95    -352.28  113.7478  22.4771   1.7891     106.8476
   1709    1587  2271.63    -231.90  113.7596  22.4754   1.6890     107.3227
   1709    1709  2293.28    -111.63  113.7713  22.4737   1.5891     107.8565
   1709    1831  2314.92     8.54  113.7830  22.4720   1.4894     108.4608
   1709    1953  2336.53    128.61  113.7947  22.4702   1.3900     109.1504
   1709    2075  2358.13    248.60  113.8064  22.4685   1.2909     109.9449
   1709    2197  2379.72    368.51  113.8181  22.4668   1.1921     110.8701
   1709    2319  2401.29    488.35  113.8297  22.4651   1.0938     111.9606
   1709    2441  2422.86    608.13  113.8414  22.4634   0.9959     113.2645
   1709    2563  2444.41    727.86  113.8531  22.4617   0.8987     114.8500
   1709    2685  2465.96    847.56  113.8647  22.4599   0.8024     116.8163
   1709    2807  2487.50    967.23  113.8764  22.4582   0.7073     119.3133
   1709    2929  2509.04    1086.87  113.8881  22.4565   0.6140     122.5757
   1709    3051  2530.57    1206.51  113.8997  22.4548   0.5233     126.9852
   1709    3173  2552.11    1326.15  113.9114  22.4531   0.4370     133.1842
   1709    3295  2573.64    1445.79  113.9230  22.4513   0.3583     142.2576
   1709    3417  2595.18    1565.46  113.9347  22.4496   0.2932     155.8540
   1709    3539  2616.73    1685.15  113.9463  22.4479   0.2526     175.3372
   1709    3661  2638.28    1804.88  113.9580  22.4462   0.2487     -161.5072
   1709    3783  2659.84    1924.66  113.9697  22.4444   0.2833     -140.9732
   1709    3905  2681.41    2044.49  113.9813  22.4427   0.3448     -126.3080
   1709    4027  2702.99    2164.39  113.9930  22.4410   0.4218     -116.5121
   1709    4149  2724.58    2284.36  114.0047  22.4393   0.5072     -109.8647
   1709    4271  2746.19    2404.42  114.0164  22.4375   0.5976     -105.1734
   1709    4393  2767.81    2524.57  114.0281  22.4358   0.6909     -101.7273
   1709    4515  2789.46    2644.83  114.0398  22.4341   0.7863     -99.1055
   1709    4637  2811.12    2765.20  114.0515  22.4323   0.8830     -97.0513
   1709    4759  2832.81    2885.70  114.0633  22.4306   0.9807     -95.4019
   1709    4881  2854.52    3006.33  114.0750  22.4288   1.0792     -94.0502
   1709    5003  2876.25    3127.09  114.0868  22.4271   1.1782     -92.9231
   1709    5125  2898.01    3248.02  114.0985  22.4253   1.2778     -91.9694
   1709    5247  2919.80    3369.10  114.1103  22.4236   1.3778     -91.1522
   1709    5369  2941.62    3490.35  114.1221  22.4218   1.4782     -90.4441
   1709    5491  2963.47    3611.78  114.1340  22.4200   1.5789     -89.8248
   1709    5613  2985.36    3733.40  114.1458  22.4183   1.6800     -89.2785
   1709    5735  3007.28    3855.23  114.1577  22.4165   1.7813     -88.7930
   1709    5857  3029.24    3977.25  114.1696  22.4147   1.8829     -88.3586
   1709    6000  3055.03    4120.57  114.1835  22.4127   2.0023     -87.9042
   1831       1  2107.17    -1838.86  113.6033  22.4870   3.0052     103.5902
   1831     123  2129.23    -1716.34  113.6152  22.4853   2.9028     103.7604
   1831     245  2151.25    -1594.06  113.6271  22.4835   2.8006     103.9424
   1831     367  2173.23    -1472.00  113.6390  22.4818   2.6986     104.1374
   1831     489  2195.17    -1350.15  113.6509  22.4801   2.5968     104.3471
   1831     611  2217.07    -1228.50  113.6627  22.4783   2.4952     104.5732
   1831     733  2238.94    -1107.04  113.6746  22.4766   2.3938     104.8176
   1831     855  2260.78    -985.76  113.6864  22.4749   2.2925     105.0829
   1831     977  2282.59    -864.66  113.6982  22.4732   2.1915     105.3719
   1831    1099  2304.36    -743.71  113.7100  22.4714   2.0906     105.6880
   1831    1221  2326.11    -622.92  113.7217  22.4697   1.9899     106.0353
   1831    1343  2347.83    -502.28  113.7335  22.4680   1.8894     106.4186
   1831    1465  2369.53    -381.77  113.7452  22.4663   1.7891     106.8440
   1831    1587  2391.20    -261.38  113.7570  22.4646   1.6890     107.3189
   1831    1709  2412.85    -141.11  113.7687  22.4628   1.5891     107.8525
   1831    1831  2434.49    -20.94  113.7804  22.4611   1.4894     108.4565
   1831    1953  2456.10    99.13  113.7921  22.4594   1.3900     109.1459
   1831    2075  2477.70    219.12  113.8038  22.4577   1.2909     109.9401
   1831    2197  2499.29    339.03  113.8155  22.4560   1.1921     110.8649
   1831    2319  2520.86    458.87  113.8271  22.4542   1.0938     111.9550
   1831    2441  2542.43    578.65  113.8388  22.4525   0.9959     113.2585
   1831    2563  2563.98    698.38  113.8505  22.4508   0.8987     114.8434
   1831    2685  2585.53    818.08  113.8621  22.4491   0.8024     116.8091
   1831    2807  2607.07    937.75  113.8738  22.4474   0.7073     119.3053
   1831    2929  2628.60    1057.40  113.8854  22.4457   0.6139     122.5668
   1831    3051  2650.14    1177.03  113.8971  22.4439   0.5233     126.9751
   1831    3173  2671.67    1296.67  113.9087  22.4422   0.4370     133.1728
   1831    3295  2693.21    1416.32  113.9204  22.4405   0.3582     142.2453
   1831    3417  2714.75    1535.98  113.9320  22.4388   0.2931     155.8422
   1831    3539  2736.29    1655.67  113.9437  22.4371   0.2525     175.3300
   1831    3661  2757.84    1775.40  113.9554  22.4353   0.2487     -161.5058
   1831    3783  2779.40    1895.18  113.9670  22.4336   0.2832     -140.9655
   1831    3905  2800.97    2015.01  113.9787  22.4319   0.3448     -126.2985
   1831    4027  2822.55    2134.91  113.9904  22.4302   0.4217     -116.5029
   1831    4149  2844.14    2254.88  114.0021  22.4284   0.5072     -109.8564
   1831    4271  2865.75    2374.94  114.0138  22.4267   0.5975     -105.1661
   1831    4393  2887.38    2495.10  114.0255  22.4250   0.6909     -101.7209
   1831    4515  2909.02    2615.36  114.0372  22.4232   0.7862     -99.0998
   1831    4637  2930.68    2735.73  114.0489  22.4215   0.8829     -97.0463
   1831    4759  2952.37    2856.22  114.0606  22.4197   0.9806     -95.3974
   1831    4881  2974.08    2976.85  114.0724  22.4180   1.0791     -94.0461
   1831    5003  2995.81    3097.62  114.0841  22.4162   1.1782     -92.9194
   1831    5125  3017.57    3218.54  114.0959  22.4145   1.2778     -91.9660
   1831    5247  3039.36    3339.62  114.1077  22.4127   1.3778     -91.1491
   1831    5369  3061.18    3460.87  114.1195  22.4110   1.4782     -90.4413
   1831    5491  3083.03    3582.31  114.1313  22.4092   1.5789     -89.8222
   1831    5613  3104.92    3703.93  114.1432  22.4074   1.6799     -89.2761
   1831    5735  3126.84    3825.75  114.1550  22.4057   1.7813     -88.7908
   1831    5857  3148.80    3947.78  114.1669  22.4039   1.8829     -88.3565
   1831    6000  3174.59    4091.09  114.1809  22.4018   2.0023     -87.9023
   1953       1  2226.75    -1868.34  113.6007  22.4762   3.0052     103.5878
   1953     123  2248.81    -1745.83  113.6126  22.4744   2.9028     103.7579
   1953     245  2270.83    -1623.55  113.6245  22.4727   2.8006     103.9398
   1953     367  2292.81    -1501.48  113.6364  22.4710   2.6986     104.1348
   1953     489  2314.75    -1379.63  113.6483  22.4692   2.5968     104.3444
   1953     611  2336.65    -1257.98  113.6601  22.4675   2.4952     104.5704
   1953     733  2358.52    -1136.52  113.6720  22.4658   2.3938     104.8148
   1953     855  2380.36    -1015.24  113.6838  22.4640   2.2925     105.0800
   1953     977  2402.16    -894.14  113.6956  22.4623   2.1915     105.3689
   1953    1099  2423.93    -773.20  113.7074  22.4606   2.0906     105.6848
   1953    1221  2445.68    -652.41  113.7191  22.4589   1.9899     106.0319
   1953    1343  2467.40    -531.76  113.7309  22.4571   1.8894     106.4151
   1953    1465  2489.10    -411.25  113.7426  22.4554   1.7891     106.8403
   1953    1587  2510.77    -290.86  113.7544  22.4537   1.6890     107.3150
   1953    1709  2532.42    -170.59  113.7661  22.4520   1.5891     107.8484
   1953    1831  2554.06    -50.42  113.7778  22.4503   1.4894     108.4523
   1953    1953  2575.67    69.65  113.7895  22.4486   1.3900     109.1414
   1953    2075  2597.27    189.64  113.8012  22.4468   1.2909     109.9353
   1953    2197  2618.86    309.54  113.8128  22.4451   1.1921     110.8598
   1953    2319  2640.43    429.39  113.8245  22.4434   1.0937     111.9495
   1953    2441  2662.00    549.17  113.8362  22.4417   0.9959     113.2525
   1953    2563  2683.55    668.90  113.8478  22.4400   0.8987     114.8369
   1953    2685  2705.09    788.60  113.8595  22.4383   0.8024     116.8019
   1953    2807  2726.64    908.27  113.8712  22.4365   0.7073     119.2973
   1953    2929  2748.17    1027.92  113.8828  22.4348   0.6139     122.5578
   1953    3051  2769.71    1147.55  113.8945  22.4331   0.5232     126.9650
   1953    3173  2791.24    1267.19  113.9061  22.4314   0.4369     133.1614
   1953    3295  2812.78    1386.84  113.9178  22.4297   0.3582     142.2329
   1953    3417  2834.32    1506.50  113.9294  22.4279   0.2930     155.8303
   1953    3539  2855.86    1626.19  113.9411  22.4262   0.2524     175.3228
   1953    3661  2877.41    1745.92  113.9527  22.4245   0.2486     -161.5044
   1953    3783  2898.97    1865.70  113.9644  22.4228   0.2831     -140.9578
   1953    3905  2920.53    1985.53  113.9761  22.4210   0.3447     -126.2889
   1953    4027  2942.11    2105.43  113.9878  22.4193   0.4217     -116.4937
   1953    4149  2963.71    2225.41  113.9994  22.4176   0.5071     -109.8482
   1953    4271  2985.31    2345.47  114.0111  22.4158   0.5975     -105.1588
   1953    4393  3006.94    2465.62  114.0228  22.4141   0.6909     -101.7144
   1953    4515  3028.58    2585.88  114.0345  22.4124   0.7862     -99.0941
   1953    4637  3050.24    2706.25  114.0463  22.4106   0.8829     -97.0412
   1953    4759  3071.93    2826.74  114.0580  22.4089   0.9806     -95.3929
   1953    4881  3093.64    2947.37  114.0697  22.4071   1.0791     -94.0420
   1953    5003  3115.37    3068.14  114.0815  22.4054   1.1782     -92.9157
   1953    5125  3137.13    3189.06  114.0933  22.4036   1.2778     -91.9626
   1953    5247  3158.92    3310.15  114.1051  22.4019   1.3778     -91.1460
   1953    5369  3180.74    3431.40  114.1169  22.4001   1.4782     -90.4384
   1953    5491  3202.59    3552.83  114.1287  22.3984   1.5789     -89.8196
   1953    5613  3224.48    3674.45  114.1405  22.3966   1.6799     -89.2737
   1953    5735  3246.40    3796.27  114.1524  22.3948   1.7813     -88.7885
   1953    5857  3268.36    3918.30  114.1643  22.3931   1.8829     -88.3544
   1953    6000  3294.14    4061.62  114.1782  22.3910   2.0023     -87.9004
   2075       1  2346.33    -1897.82  113.5981  22.4653   3.0052     103.5854
   2075     123  2368.39    -1775.31  113.6100  22.4636   2.9028     103.7555
   2075     245  2390.41    -1653.03  113.6219  22.4619   2.8006     103.9373
   2075     367  2412.38    -1530.97  113.6338  22.4601   2.6986     104.1322
   2075     489  2434.32    -1409.12  113.6457  22.4584   2.5968     104.3417
   2075     611  2456.23    -1287.46  113.6575  22.4567   2.4952     104.5676
   2075     733  2478.09    -1166.00  113.6694  22.4549   2.3938     104.8119
   2075     855  2499.93    -1044.73  113.6812  22.4532   2.2925     105.0770
   2075     977  2521.73    -923.62  113.6930  22.4515   2.1915     105.3658
   2075    1099  2543.51    -802.68  113.7048  22.4498   2.0906     105.6816
   2075    1221  2565.26    -681.89  113.7165  22.4480   1.9899     106.0286
   2075    1343  2586.98    -561.24  113.7283  22.4463   1.8894     106.4116
   2075    1465  2608.67    -440.73  113.7400  22.4446   1.7891     106.8367
   2075    1587  2630.34    -320.34  113.7517  22.4429   1.6890     107.3112
   2075    1709  2652.00    -200.07  113.7635  22.4411   1.5891     107.8444
   2075    1831  2673.63    -79.90  113.7752  22.4394   1.4894     108.4480
   2075    1953  2695.25    40.17  113.7869  22.4377   1.3900     109.1369
   2075    2075  2716.84    160.16  113.7986  22.4360   1.2909     109.9305
   2075    2197  2738.43    280.06  113.8102  22.4343   1.1921     110.8546
   2075    2319  2760.00    399.91  113.8219  22.4326   1.0937     111.9439
   2075    2441  2781.56    519.69  113.8336  22.4308   0.9959     113.2465
   2075    2563  2803.12    639.42  113.8452  22.4291   0.8987     114.8303
   2075    2685  2824.66    759.12  113.8569  22.4274   0.8023     116.7947
   2075    2807  2846.20    878.79  113.8685  22.4257   0.7072     119.2893
   2075    2929  2867.74    998.44  113.8802  22.4240   0.6139     122.5488
   2075    3051  2889.28    1118.07  113.8918  22.4223   0.5232     126.9549
   2075    3173  2910.81    1237.71  113.9035  22.4205   0.4369     133.1500
   2075    3295  2932.34    1357.36  113.9151  22.4188   0.3581     142.2205
   2075    3417  2953.88    1477.02  113.9268  22.4171   0.2930     155.8185
   2075    3539  2975.43    1596.71  113.9385  22.4154   0.2523     175.3156
   2075    3661  2996.97    1716.44  113.9501  22.4137   0.2485     -161.5030
   2075    3783  3018.53    1836.22  113.9618  22.4119   0.2830     -140.9501
   2075    3905  3040.10    1956.05  113.9735  22.4102   0.3446     -126.2793
   2075    4027  3061.68    2075.95  113.9851  22.4085   0.4216     -116.4844
   2075    4149  3083.27    2195.93  113.9968  22.4067   0.5071     -109.8399
   2075    4271  3104.88    2315.99  114.0085  22.4050   0.5975     -105.1515
   2075    4393  3126.50    2436.14  114.0202  22.4033   0.6908     -101.7080
   2075    4515  3148.14    2556.40  114.0319  22.4015   0.7862     -99.0884
   2075    4637  3169.81    2676.77  114.0436  22.3998   0.8829     -97.0361
   2075    4759  3191.49    2797.27  114.0554  22.3981   0.9806     -95.3883
   2075    4881  3213.20    2917.90  114.0671  22.3963   1.0791     -94.0379
   2075    5003  3234.93    3038.67  114.0789  22.3946   1.1782     -92.9120
   2075    5125  3256.69    3159.59  114.0906  22.3928   1.2777     -91.9592
   2075    5247  3278.48    3280.67  114.1024  22.3910   1.3778     -91.1429
   2075    5369  3300.30    3401.92  114.1142  22.3893   1.4781     -90.4356
   2075    5491  3322.15    3523.36  114.1261  22.3875   1.5789     -89.8169
   2075    5613  3344.04    3644.98  114.1379  22.3858   1.6799     -89.2712
   2075    5735  3365.96    3766.80  114.1498  22.3840   1.7812     -88.7863
   2075    5857  3387.92    3888.83  114.1616  22.3822   1.8828     -88.3523
   2075    6000  3413.70    4032.14  114.1756  22.3801   2.0023     -87.8985
   2197       1  2465.91    -1927.31  113.5955  22.4545   3.0052     103.5830
   2197     123  2487.97    -1804.80  113.6074  22.4527   2.9028     103.7530
   2197     245  2509.98    -1682.52  113.6193  22.4510   2.8006     103.9348
   2197     367  2531.96    -1560.45  113.6312  22.4493   2.6986     104.1296
   2197     489  2553.90    -1438.60  113.6431  22.4475   2.5968     104.3390
   2197     611  2575.80    -1316.95  113.6549  22.4458   2.4952     104.5648
   2197     733  2597.67    -1195.49  113.6668  22.4441   2.3938     104.8090
   2197     855  2619.51    -1074.21  113.6786  22.4424   2.2925     105.0740
   2197     977  2641.31    -953.10  113.6904  22.4406   2.1915     105.3627
   2197    1099  2663.08    -832.16  113.7022  22.4389   2.0906     105.6784
   2197    1221  2684.83    -711.37  113.7139  22.4372   1.9899     106.0252
   2197    1343  2706.55    -590.73  113.7257  22.4355   1.8894     106.4081
   2197    1465  2728.25    -470.21  113.7374  22.4337   1.7891     106.8330
   2197    1587  2749.92    -349.82  113.7491  22.4320   1.6890     107.3074
   2197    1709  2771.57    -229.55  113.7609  22.4303   1.5891     107.8404
   2197    1831  2793.20    -109.38  113.7726  22.4286   1.4894     108.4437
   2197    1953  2814.82    10.69  113.7843  22.4269   1.3900     109.1324
   2197    2075  2836.42    130.67  113.7959  22.4252   1.2909     109.9257
   2197    2197  2858.00    250.58  113.8076  22.4234   1.1921     110.8495
   2197    2319  2879.57    370.42  113.8193  22.4217   1.0937     111.9384
   2197    2441  2901.14    490.21  113.8310  22.4200   0.9959     113.2405
   2197    2563  2922.69    609.94  113.8426  22.4183   0.8987     114.8238
   2197    2685  2944.23    729.64  113.8543  22.4166   0.8023     116.7875
   2197    2807  2965.77    849.31  113.8659  22.4149   0.7072     119.2813
   2197    2929  2987.31    968.96  113.8776  22.4131   0.6138     122.5398
   2197    3051  3008.84    1088.59  113.8892  22.4114   0.5232     126.9447
   2197    3173  3030.38    1208.23  113.9009  22.4097   0.4369     133.1386
   2197    3295  3051.91    1327.88  113.9125  22.4080   0.3580     142.2081
   2197    3417  3073.45    1447.54  113.9242  22.4063   0.2929     155.8067
   2197    3539  3094.99    1567.23  113.9358  22.4045   0.2522     175.3084
   2197    3661  3116.54    1686.96  113.9475  22.4028   0.2484     -161.5016
   2197    3783  3138.10    1806.74  113.9592  22.4011   0.2829     -140.9424
   2197    3905  3159.67    1926.58  113.9708  22.3994   0.3445     -126.2698
   2197    4027  3181.24    2046.47  113.9825  22.3976   0.4216     -116.4752
   2197    4149  3202.84    2166.45  113.9942  22.3959   0.5070     -109.8316
   2197    4271  3224.44    2286.51  114.0059  22.3942   0.5974     -105.1442
   2197    4393  3246.07    2406.66  114.0176  22.3924   0.6908     -101.7016
   2197    4515  3267.71    2526.92  114.0293  22.3907   0.7861     -99.0828
   2197    4637  3289.37    2647.30  114.0410  22.3890   0.8828     -97.0311
   2197    4759  3311.05    2767.79  114.0527  22.3872   0.9806     -95.3838
   2197    4881  3332.76    2888.42  114.0645  22.3855   1.0790     -94.0338
   2197    5003  3354.49    3009.19  114.0762  22.3837   1.1781     -92.9083
   2197    5125  3376.25    3130.11  114.0880  22.3820   1.2777     -91.9559
   2197    5247  3398.04    3251.19  114.0998  22.3802   1.3777     -91.1398
   2197    5369  3419.86    3372.45  114.1116  22.3785   1.4781     -90.4327
   2197    5491  3441.71    3493.88  114.1234  22.3767   1.5789     -89.8143
   2197    5613  3463.60    3615.50  114.1353  22.3749   1.6799     -89.2688
   2197    5735  3485.52    3737.32  114.1471  22.3732   1.7812     -88.7840
   2197    5857  3507.47    3859.35  114.1590  22.3714   1.8828     -88.3502
   2197    6000  3533.26    4002.67  114.1729  22.3693   2.0023     -87.8965
   2319       1  2585.48    -1956.79  113.5929  22.4436   3.0052     103.5806
   2319     123  2607.54    -1834.28  113.6048  22.4419   2.9028     103.7505
   2319     245  2629.56    -1712.00  113.6167  22.4402   2.8006     103.9322
   2319     367  2651.54    -1589.94  113.6286  22.4384   2.6986     104.1270
   2319     489  2673.48    -1468.08  113.6405  22.4367   2.5968     104.3363
   2319     611  2695.38    -1346.43  113.6523  22.4350   2.4952     104.5620
   2319     733  2717.25    -1224.97  113.6642  22.4332   2.3938     104.8061
   2319     855  2739.08    -1103.69  113.6760  22.4315   2.2925     105.0710
   2319     977  2760.88    -982.59  113.6878  22.4298   2.1915     105.3596
   2319    1099  2782.66    -861.64  113.6996  22.4281   2.0906     105.6752
   2319    1221  2804.40    -740.85  113.7113  22.4263   1.9899     106.0219
   2319    1343  2826.12    -620.21  113.7231  22.4246   1.8894     106.4046
   2319    1465  2847.82    -499.69  113.7348  22.4229   1.7891     106.8294
   2319    1587  2869.49    -379.31  113.7465  22.4212   1.6889     107.3035
   2319    1709  2891.14    -259.03  113.7582  22.4195   1.5890     107.8364
   2319    1831  2912.77    -138.86  113.7699  22.4177   1.4894     108.4395
   2319    1953  2934.39    -18.79  113.7816  22.4160   1.3900     109.1279
   2319    2075  2955.99    101.19  113.7933  22.4143   1.2908     109.9209
   2319    2197  2977.57    221.10  113.8050  22.4126   1.1921     110.8443
   2319    2319  2999.14    340.94  113.8167  22.4109   1.0937     111.9329
   2319    2441  3020.71    460.73  113.8283  22.4092   0.9958     113.2345
   2319    2563  3042.26    580.46  113.8400  22.4074   0.8986     114.8172
   2319    2685  3063.80    700.16  113.8517  22.4057   0.8023     116.7802
   2319    2807  3085.34    819.83  113.8633  22.4040   0.7072     119.2733
   2319    2929  3106.88    939.48  113.8750  22.4023   0.6138     122.5309
   2319    3051  3128.41    1059.11  113.8866  22.4006   0.5231     126.9346
   2319    3173  3149.94    1178.75  113.8983  22.3989   0.4368     133.1272
   2319    3295  3171.48    1298.40  113.9099  22.3971   0.3580     142.1957
   2319    3417  3193.02    1418.06  113.9216  22.3954   0.2928     155.7948
   2319    3539  3214.56    1537.76  113.9332  22.3937   0.2521     175.3012
   2319    3661  3236.11    1657.49  113.9449  22.3920   0.2483     -161.5002
   2319    3783  3257.66    1777.26  113.9565  22.3902   0.2828     -140.9347
   2319    3905  3279.23    1897.10  113.9682  22.3885   0.3445     -126.2602
   2319    4027  3300.81    2017.00  113.9799  22.3868   0.4215     -116.4660
   2319    4149  3322.40    2136.97  113.9916  22.3851   0.5070     -109.8233
   2319    4271  3344.01    2257.03  114.0032  22.3833   0.5974     -105.1369
   2319    4393  3365.63    2377.19  114.0149  22.3816   0.6907     -101.6952
   2319    4515  3387.27    2497.45  114.0266  22.3799   0.7861     -99.0771
   2319    4637  3408.93    2617.82  114.0384  22.3781   0.8828     -97.0260
   2319    4759  3430.62    2738.31  114.0501  22.3764   0.9805     -95.3792
   2319    4881  3452.32    2858.94  114.0618  22.3746   1.0790     -94.0297
   2319    5003  3474.06    2979.71  114.0736  22.3729   1.1781     -92.9045
   2319    5125  3495.81    3100.63  114.0854  22.3711   1.2777     -91.9525
   2319    5247  3517.60    3221.72  114.0972  22.3694   1.3777     -91.1366
   2319    5369  3539.42    3342.97  114.1090  22.3676   1.4781     -90.4299
   2319    5491  3561.27    3464.40  114.1208  22.3659   1.5788     -89.8117
   2319    5613  3583.16    3586.03  114.1326  22.3641   1.6799     -89.2664
   2319    5735  3605.08    3707.85  114.1445  22.3623   1.7812     -88.7817
   2319    5857  3627.03    3829.88  114.1564  22.3605   1.8828     -88.3481
   2319    6000  3652.82    3973.19  114.1703  22.3585   2.0022     -87.8946
   2441       1  2705.06    -1986.28  113.5903  22.4328   3.0052     103.5782
   2441     123  2727.12    -1863.77  113.6022  22.4311   2.9028     103.7481
   2441     245  2749.14    -1741.48  113.6141  22.4293   2.8006     103.9297
   2441     367  2771.12    -1619.42  113.6260  22.4276   2.6986     104.1244
   2441     489  2793.05    -1497.57  113.6379  22.4259   2.5968     104.3336
   2441     611  2814.96    -1375.92  113.6497  22.4241   2.4952     104.5592
   2441     733  2836.82    -1254.45  113.6616  22.4224   2.3938     104.8032
   2441     855  2858.66    -1133.18  113.6734  22.4207   2.2925     105.0680
   2441     977  2880.46    -1012.07  113.6852  22.4189   2.1915     105.3565
   2441    1099  2902.23    -891.13  113.6969  22.4172   2.0906     105.6720
   2441    1221  2923.98    -770.34  113.7087  22.4155   1.9899     106.0185
   2441    1343  2945.70    -649.69  113.7205  22.4138   1.8894     106.4011
   2441    1465  2967.39    -529.18  113.7322  22.4121   1.7891     106.8257
   2441    1587  2989.06    -408.79  113.7439  22.4103   1.6889     107.2997
   2441    1709  3010.72    -288.51  113.7556  22.4086   1.5890     107.8323
   2441    1831  3032.35    -168.35  113.7673  22.4069   1.4894     108.4352
   2441    1953  3053.96    -48.27  113.7790  22.4052   1.3900     109.1233
   2441    2075  3075.56    71.71  113.7907  22.4035   1.2908     109.9161
   2441    2197  3097.14    191.62  113.8024  22.4018   1.1921     110.8392
   2441    2319  3118.72    311.46  113.8141  22.4000   1.0937     111.9273
   2441    2441  3140.28    431.25  113.8257  22.3983   0.9958     113.2285
   2441    2563  3161.83    550.98  113.8374  22.3966   0.8986     114.8107
   2441    2685  3183.37    670.68  113.8490  22.3949   0.8023     116.7730
   2441    2807  3204.91    790.35  113.8607  22.3932   0.7072     119.2653
   2441    2929  3226.45    910.00  113.8723  22.3915   0.6138     122.5219
   2441    3051  3247.98    1029.64  113.8840  22.3897   0.5231     126.9245
   2441    3173  3269.51    1149.27  113.8956  22.3880   0.4368     133.1158
   2441    3295  3291.05    1268.92  113.9073  22.3863   0.3579     142.1833
   2441    3417  3312.58    1388.58  113.9189  22.3846   0.2927     155.7829
   2441    3539  3334.13    1508.28  113.9306  22.3829   0.2520     175.2940
   2441    3661  3355.67    1628.01  113.9422  22.3811   0.2482     -161.4988
   2441    3783  3377.23    1747.79  113.9539  22.3794   0.2828     -140.9269
   2441    3905  3398.80    1867.62  113.9656  22.3777   0.3444     -126.2506
   2441    4027  3420.37    1987.52  113.9772  22.3760   0.4214     -116.4567
   2441    4149  3441.96    2107.49  113.9889  22.3742   0.5069     -109.8150
   2441    4271  3463.57    2227.56  114.0006  22.3725   0.5973     -105.1296
   2441    4393  3485.19    2347.71  114.0123  22.3708   0.6907     -101.6887
   2441    4515  3506.83    2467.97  114.0240  22.3690   0.7861     -99.0714
   2441    4637  3528.50    2588.34  114.0357  22.3673   0.8828     -97.0209
   2441    4759  3550.18    2708.84  114.0475  22.3655   0.9805     -95.3747
   2441    4881  3571.89    2829.47  114.0592  22.3638   1.0790     -94.0256
   2441    5003  3593.62    2950.24  114.0710  22.3620   1.1781     -92.9008
   2441    5125  3615.38    3071.16  114.0827  22.3603   1.2777     -91.9491
   2441    5247  3637.16    3192.24  114.0945  22.3585   1.3777     -91.1335
   2441    5369  3658.98    3313.49  114.1063  22.3568   1.4781     -90.4270
   2441    5491  3680.83    3434.93  114.1181  22.3550   1.5788     -89.8090
   2441    5613  3702.72    3556.55  114.1300  22.3532   1.6798     -89.2639
   2441    5735  3724.63    3678.37  114.1418  22.3515   1.7812     -88.7795
   2441    5857  3746.59    3800.40  114.1537  22.3497   1.8828     -88.3460
   2441    6000  3772.38    3943.72  114.1677  22.3476   2.0022     -87.8926
   2563       1  2824.64    -2015.77  113.5877  22.4219   3.0052     103.5758
   2563     123  2846.70    -1893.25  113.5996  22.4202   2.9028     103.7456
   2563     245  2868.72    -1770.97  113.6115  22.4185   2.8006     103.9271
   2563     367  2890.69    -1648.91  113.6234  22.4167   2.6986     104.1217
   2563     489  2912.63    -1527.05  113.6353  22.4150   2.5968     104.3309
   2563     611  2934.53    -1405.40  113.6471  22.4133   2.4952     104.5565
   2563     733  2956.40    -1283.94  113.6590  22.4116   2.3937     104.8004
   2563     855  2978.23    -1162.66  113.6708  22.4098   2.2925     105.0651
   2563     977  3000.04    -1041.55  113.6826  22.4081   2.1914     105.3534
   2563    1099  3021.81    -920.61  113.6943  22.4064   2.0906     105.6688
   2563    1221  3043.55    -799.82  113.7061  22.4047   1.9899     106.0152
   2563    1343  3065.27    -679.17  113.7179  22.4029   1.8894     106.3976
   2563    1465  3086.97    -558.66  113.7296  22.4012   1.7890     106.8221
   2563    1587  3108.64    -438.27  113.7413  22.3995   1.6889     107.2959
   2563    1709  3130.29    -318.00  113.7530  22.3978   1.5890     107.8283
   2563    1831  3151.92    -197.83  113.7647  22.3961   1.4894     108.4310
   2563    1953  3173.53    -77.76  113.7764  22.3943   1.3899     109.1188
   2563    2075  3195.13    42.23  113.7881  22.3926   1.2908     109.9113
   2563    2197  3216.72    162.14  113.7998  22.3909   1.1920     110.8340
   2563    2319  3238.29    281.98  113.8114  22.3892   1.0937     111.9218
   2563    2441  3259.85    401.77  113.8231  22.3875   0.9958     113.2225
   2563    2563  3281.40    521.50  113.8348  22.3858   0.8986     114.8041
   2563    2685  3302.94    641.20  113.8464  22.3840   0.8023     116.7658
   2563    2807  3324.48    760.87  113.8581  22.3823   0.7071     119.2573
   2563    2929  3346.02    880.52  113.8697  22.3806   0.6137     122.5129
   2563    3051  3367.55    1000.15  113.8814  22.3789   0.5231     126.9144
   2563    3173  3389.08    1119.79  113.8930  22.3772   0.4367     133.1044
   2563    3295  3410.61    1239.44  113.9047  22.3755   0.3579     142.1709
   2563    3417  3432.15    1359.10  113.9163  22.3737   0.2927     155.7711
   2563    3539  3453.69    1478.80  113.9280  22.3720   0.2519     175.2868
   2563    3661  3475.24    1598.53  113.9396  22.3703   0.2481     -161.4974
   2563    3783  3496.80    1718.31  113.9513  22.3686   0.2827     -140.9192
   2563    3905  3518.36    1838.14  113.9629  22.3668   0.3443     -126.2410
   2563    4027  3539.94    1958.04  113.9746  22.3651   0.4214     -116.4475
   2563    4149  3561.53    2078.02  113.9863  22.3634   0.5069     -109.8067
   2563    4271  3583.14    2198.08  113.9980  22.3616   0.5973     -105.1223
   2563    4393  3604.76    2318.23  114.0097  22.3599   0.6907     -101.6823
   2563    4515  3626.40    2438.49  114.0214  22.3582   0.7860     -99.0657
   2563    4637  3648.06    2558.86  114.0331  22.3564   0.8827     -97.0158
   2563    4759  3669.74    2679.36  114.0448  22.3547   0.9805     -95.3701
   2563    4881  3691.45    2799.99  114.0566  22.3529   1.0790     -94.0215
   2563    5003  3713.18    2920.76  114.0683  22.3512   1.1781     -92.8971
   2563    5125  3734.94    3041.68  114.0801  22.3494   1.2776     -91.9457
   2563    5247  3756.73    3162.76  114.0919  22.3477   1.3777     -91.1304
   2563    5369  3778.54    3284.02  114.1037  22.3459   1.4781     -90.4242
   2563    5491  3800.39    3405.45  114.1155  22.3442   1.5788     -89.8064
   2563    5613  3822.28    3527.07  114.1273  22.3424   1.6798     -89.2615
   2563    5735  3844.19    3648.90  114.1392  22.3406   1.7812     -88.7772
   2563    5857  3866.15    3770.93  114.1511  22.3389   1.8828     -88.3439
   2563    6000  3891.94    3914.24  114.1650  22.3368   2.0022     -87.8907
   2685       1  2944.22    -2045.25  113.5851  22.4111   3.0052     103.5734
   2685     123  2966.28    -1922.74  113.5970  22.4094   2.9028     103.7431
   2685     245  2988.30    -1800.45  113.6089  22.4076   2.8006     103.9246
   2685     367  3010.27    -1678.39  113.6208  22.4059   2.6986     104.1191
   2685     489  3032.21    -1556.54  113.6327  22.4042   2.5968     104.3282
   2685     611  3054.11    -1434.88  113.6445  22.4024   2.4952     104.5537
   2685     733  3075.98    -1313.42  113.6564  22.4007   2.3937     104.7975
   2685     855  3097.81    -1192.14  113.6682  22.3990   2.2925     105.0621
   2685     977  3119.61    -1071.04  113.6800  22.3973   2.1914     105.3503
   2685    1099  3141.39    -950.09  113.6917  22.3955   2.0906     105.6655
   2685    1221  3163.13    -829.30  113.7035  22.3938   1.9899     106.0119
   2685    1343  3184.85    -708.66  113.7153  22.3921   1.8894     106.3941
   2685    1465  3206.54    -588.14  113.7270  22.3904   1.7890     106.8184
   2685    1587  3228.21    -467.75  113.7387  22.3887   1.6889     107.2920
   2685    1709  3249.86    -347.48  113.7504  22.3869   1.5890     107.8243
   2685    1831  3271.49    -227.31  113.7621  22.3852   1.4894     108.4267
   2685    1953  3293.11    -107.24  113.7738  22.3835   1.3899     109.1143
   2685    2075  3314.70    12.75  113.7855  22.3818   1.2908     109.9065
   2685    2197  3336.29    132.66  113.7972  22.3801   1.1920     110.8289
   2685    2319  3357.86    252.50  113.8088  22.3784   1.0937     111.9162
   2685    2441  3379.42    372.28  113.8205  22.3766   0.9958     113.2165
   2685    2563  3400.97    492.02  113.8322  22.3749   0.8986     114.7976
   2685    2685  3422.51    611.72  113.8438  22.3732   0.8022     116.7586
   2685    2807  3444.05    731.39  113.8555  22.3715   0.7071     119.2493
   2685    2929  3465.59    851.04  113.8671  22.3698   0.6137     122.5039
   2685    3051  3487.12    970.67  113.8788  22.3681   0.5230     126.9042
   2685    3173  3508.65    1090.31  113.8904  22.3663   0.4367     133.0930
   2685    3295  3530.18    1209.96  113.9020  22.3646   0.3578     142.1585
   2685    3417  3551.72    1329.63  113.9137  22.3629   0.2926     155.7592
   2685    3539  3573.26    1449.32  113.9253  22.3612   0.2518     175.2795
   2685    3661  3594.81    1569.05  113.9370  22.3595   0.2480     -161.4960
   2685    3783  3616.36    1688.83  113.9487  22.3577   0.2826     -140.9114
   2685    3905  3637.93    1808.66  113.9603  22.3560   0.3443     -126.2314
   2685    4027  3659.51    1928.56  113.9720  22.3543   0.4213     -116.4382
   2685    4149  3681.10    2048.54  113.9837  22.3525   0.5068     -109.7984
   2685    4271  3702.70    2168.60  113.9954  22.3508   0.5972     -105.1150
   2685    4393  3724.32    2288.75  114.0071  22.3491   0.6906     -101.6758
   2685    4515  3745.96    2409.01  114.0188  22.3473   0.7860     -99.0600
   2685    4637  3767.62    2529.39  114.0305  22.3456   0.8827     -97.0108
   2685    4759  3789.31    2649.88  114.0422  22.3439   0.9804     -95.3656
   2685    4881  3811.01    2770.51  114.0539  22.3421   1.0789     -94.0174
   2685    5003  3832.74    2891.28  114.0657  22.3404   1.1780     -92.8934
   2685    5125  3854.50    3012.20  114.0775  22.3386   1.2776     -91.9423
   2685    5247  3876.29    3133.29  114.0892  22.3369   1.3776     -91.1273
   2685    5369  3898.10    3254.54  114.1011  22.3351   1.4780     -90.4213
   2685    5491  3919.95    3375.97  114.1129  22.3333   1.5788     -89.8038
   2685    5613  3941.84    3497.60  114.1247  22.3316   1.6798     -89.2591
   2685    5735  3963.75    3619.42  114.1366  22.3298   1.7811     -88.7750
   2685    5857  3985.71    3741.45  114.1484  22.3280   1.8827     -88.3418
   2685    6000  4011.50    3884.77  114.1624  22.3259   2.0022     -87.8888
   2807       1  3063.80    -2074.73  113.5825  22.4003   3.0052     103.5710
   2807     123  3085.86    -1952.22  113.5944  22.3985   2.9028     103.7407
   2807     245  3107.88    -1829.94  113.6063  22.3968   2.8006     103.9221
   2807     367  3129.85    -1707.87  113.6182  22.3951   2.6986     104.1165
   2807     489  3151.79    -1586.02  113.6301  22.3933   2.5968     104.3255
   2807     611  3173.69    -1464.37  113.6419  22.3916   2.4952     104.5509
   2807     733  3195.55    -1342.91  113.6538  22.3899   2.3937     104.7946
   2807     855  3217.39    -1221.63  113.6656  22.3881   2.2925     105.0591
   2807     977  3239.19    -1100.52  113.6774  22.3864   2.1914     105.3472
   2807    1099  3260.96    -979.58  113.6891  22.3847   2.0906     105.6623
   2807    1221  3282.71    -858.79  113.7009  22.3830   1.9899     106.0085
   2807    1343  3304.42    -738.14  113.7126  22.3812   1.8894     106.3907
   2807    1465  3326.12    -617.62  113.7244  22.3795   1.7890     106.8148
   2807    1587  3347.79    -497.24  113.7361  22.3778   1.6889     107.2882
   2807    1709  3369.44    -376.96  113.7478  22.3761   1.5890     107.8202
   2807    1831  3391.07    -256.79  113.7595  22.3744   1.4893     108.4224
   2807    1953  3412.68    -136.72  113.7712  22.3727   1.3899     109.1098
   2807    2075  3434.28    -16.73  113.7829  22.3709   1.2908     109.9017
   2807    2197  3455.86    103.18  113.7946  22.3692   1.1920     110.8237
   2807    2319  3477.43    223.02  113.8062  22.3675   1.0936     111.9107
   2807    2441  3498.99    342.80  113.8179  22.3658   0.9958     113.2105
   2807    2563  3520.54    462.54  113.8295  22.3641   0.8986     114.7910
   2807    2685  3542.08    582.24  113.8412  22.3624   0.8022     116.7514
   2807    2807  3563.62    701.91  113.8528  22.3606   0.7071     119.2412
   2807    2929  3585.16    821.56  113.8645  22.3589   0.6137     122.4949
   2807    3051  3606.69    941.19  113.8761  22.3572   0.5230     126.8941
   2807    3173  3628.22    1060.83  113.8878  22.3555   0.4366     133.0816
   2807    3295  3649.75    1180.48  113.8994  22.3538   0.3577     142.1461
   2807    3417  3671.29    1300.15  113.9111  22.3521   0.2925     155.7473
   2807    3539  3692.83    1419.84  113.9227  22.3503   0.2518     175.2723
   2807    3661  3714.38    1539.57  113.9344  22.3486   0.2479     -161.4945
   2807    3783  3735.93    1659.35  113.9460  22.3469   0.2825     -140.9037
   2807    3905  3757.50    1779.18  113.9577  22.3452   0.3442     -126.2218
   2807    4027  3779.07    1899.08  113.9694  22.3434   0.4213     -116.4290
   2807    4149  3800.66    2019.06  113.9810  22.3417   0.5068     -109.7901
   2807    4271  3822.27    2139.12  113.9927  22.3400   0.5972     -105.1077
   2807    4393  3843.89    2259.28  114.0044  22.3382   0.6906     -101.6694
   2807    4515  3865.53    2379.54  114.0161  22.3365   0.7859     -99.0543
   2807    4637  3887.19    2499.91  114.0278  22.3348   0.8827     -97.0057
   2807    4759  3908.87    2620.40  114.0396  22.3330   0.9804     -95.3610
   2807    4881  3930.57    2741.03  114.0513  22.3313   1.0789     -94.0133
   2807    5003  3952.31    2861.80  114.0631  22.3295   1.1780     -92.8896
   2807    5125  3974.06    2982.73  114.0748  22.3278   1.2776     -91.9389
   2807    5247  3995.85    3103.81  114.0866  22.3260   1.3776     -91.1242
   2807    5369  4017.67    3225.06  114.0984  22.3243   1.4780     -90.4184
   2807    5491  4039.51    3346.50  114.1102  22.3225   1.5787     -89.8011
   2807    5613  4061.40    3468.12  114.1221  22.3207   1.6798     -89.2566
   2807    5735  4083.31    3589.94  114.1339  22.3190   1.7811     -88.7727
   2807    5857  4105.27    3711.97  114.1458  22.3172   1.8827     -88.3397
   2807    6000  4131.05    3855.29  114.1597  22.3151   2.0022     -87.8868
   2929       1  3183.38    -2104.22  113.5799  22.3894   3.0052     103.5686
   2929     123  3205.44    -1981.71  113.5918  22.3877   2.9028     103.7382
   2929     245  3227.45    -1859.42  113.6037  22.3859   2.8006     103.9195
   2929     367  3249.43    -1737.36  113.6156  22.3842   2.6986     104.1139
   2929     489  3271.37    -1615.51  113.6275  22.3825   2.5968     104.3228
   2929     611  3293.27    -1493.85  113.6393  22.3807   2.4952     104.5481
   2929     733  3315.13    -1372.39  113.6512  22.3790   2.3937     104.7917
   2929     855  3336.97    -1251.11  113.6630  22.3773   2.2925     105.0561
   2929     977  3358.77    -1130.01  113.6748  22.3756   2.1914     105.3441
   2929    1099  3380.54    -1009.06  113.6865  22.3738   2.0906     105.6591
   2929    1221  3402.28    -888.27  113.6983  22.3721   1.9899     106.0052
   2929    1343  3424.00    -767.62  113.7100  22.3704   1.8893     106.3872
   2929    1465  3445.69    -647.11  113.7218  22.3687   1.7890     106.8111
   2929    1587  3467.36    -526.72  113.7335  22.3670   1.6889     107.2844
   2929    1709  3489.01    -406.44  113.7452  22.3653   1.5890     107.8162
   2929    1831  3510.64    -286.28  113.7569  22.3635   1.4893     108.4182
   2929    1953  3532.25    -166.20  113.7686  22.3618   1.3899     109.1053
   2929    2075  3553.85    -46.22  113.7803  22.3601   1.2908     109.8968
   2929    2197  3575.43    73.69  113.7919  22.3584   1.1920     110.8186
   2929    2319  3597.00    193.54  113.8036  22.3567   1.0936     111.9052
   2929    2441  3618.56    313.32  113.8153  22.3550   0.9958     113.2045
   2929    2563  3640.11    433.06  113.8269  22.3532   0.8985     114.7844
   2929    2685  3661.66    552.76  113.8386  22.3515   0.8022     116.7442
   2929    2807  3683.19    672.42  113.8502  22.3498   0.7070     119.2332
   2929    2929  3704.73    792.07  113.8619  22.3481   0.6137     122.4859
   2929    3051  3726.26    911.71  113.8735  22.3464   0.5229     126.8839
   2929    3173  3747.79    1031.35  113.8852  22.3447   0.4366     133.0702
   2929    3295  3769.32    1151.00  113.8968  22.3429   0.3577     142.1336
   2929    3417  3790.86    1270.66  113.9085  22.3412   0.2924     155.7354
   2929    3539  3812.40    1390.36  113.9201  22.3395   0.2517     175.2651
   2929    3661  3833.94    1510.09  113.9318  22.3378   0.2478     -161.4931
   2929    3783  3855.50    1629.87  113.9434  22.3360   0.2824     -140.8959
   2929    3905  3877.06    1749.70  113.9551  22.3343   0.3441     -126.2122
   2929    4027  3898.64    1869.60  113.9667  22.3326   0.4212     -116.4197
   2929    4149  3920.23    1989.58  113.9784  22.3309   0.5067     -109.7818
   2929    4271  3941.83    2109.64  113.9901  22.3291   0.5971     -105.1004
   2929    4393  3963.45    2229.80  114.0018  22.3274   0.6905     -101.6629
   2929    4515  3985.09    2350.06  114.0135  22.3257   0.7859     -99.0486
   2929    4637  4006.75    2470.43  114.0252  22.3239   0.8826     -97.0006
   2929    4759  4028.43    2590.93  114.0369  22.3222   0.9804     -95.3565
   2929    4881  4050.14    2711.55  114.0487  22.3204   1.0789     -94.0092
   2929    5003  4071.87    2832.33  114.0604  22.3187   1.1780     -92.8859
   2929    5125  4093.63    2953.25  114.0722  22.3169   1.2776     -91.9355
   2929    5247  4115.41    3074.33  114.0840  22.3152   1.3776     -91.1211
   2929    5369  4137.23    3195.59  114.0958  22.3134   1.4780     -90.4156
   2929    5491  4159.08    3317.02  114.1076  22.3117   1.5787     -89.7985
   2929    5613  4180.96    3438.64  114.1194  22.3099   1.6798     -89.2542
   2929    5735  4202.88    3560.47  114.1313  22.3081   1.7811     -88.7704
   2929    5857  4224.83    3682.50  114.1432  22.3064   1.8827     -88.3376
   2929    6000  4250.61    3825.81  114.1571  22.3043   2.0021     -87.8849
   3051       1  3302.96    -2133.71  113.5773  22.3786   3.0052     103.5662
   3051     123  3325.02    -2011.19  113.5892  22.3768   2.9028     103.7357
   3051     245  3347.03    -1888.91  113.6011  22.3751   2.8006     103.9170
   3051     367  3369.01    -1766.84  113.6130  22.3734   2.6986     104.1113
   3051     489  3390.95    -1644.99  113.6249  22.3716   2.5968     104.3201
   3051     611  3412.85    -1523.34  113.6367  22.3699   2.4952     104.5453
   3051     733  3434.71    -1401.88  113.6486  22.3682   2.3937     104.7888
   3051     855  3456.54    -1280.60  113.6604  22.3665   2.2925     105.0531
   3051     977  3478.34    -1159.49  113.6722  22.3647   2.1914     105.3410
   3051    1099  3500.11    -1038.54  113.6839  22.3630   2.0905     105.6559
   3051    1221  3521.86    -917.75  113.6957  22.3613   1.9899     106.0018
   3051    1343  3543.58    -797.11  113.7074  22.3596   1.8893     106.3837
   3051    1465  3565.27    -676.59  113.7192  22.3578   1.7890     106.8074
   3051    1587  3586.94    -556.20  113.7309  22.3561   1.6889     107.2805
   3051    1709  3608.59    -435.93  113.7426  22.3544   1.5890     107.8121
   3051    1831  3630.22    -315.76  113.7543  22.3527   1.4893     108.4139
   3051    1953  3651.83    -195.68  113.7660  22.3510   1.3899     109.1007
   3051    2075  3673.42    -75.70  113.7777  22.3493   1.2908     109.8920
   3051    2197  3695.01    44.21  113.7893  22.3475   1.1920     110.8134
   3051    2319  3716.58    164.06  113.8010  22.3458   1.0936     111.8996
   3051    2441  3738.13    283.84  113.8127  22.3441   0.9957     113.1985
   3051    2563  3759.68    403.58  113.8243  22.3424   0.8985     114.7779
   3051    2685  3781.23    523.28  113.8360  22.3407   0.8022     116.7369
   3051    2807  3802.76    642.94  113.8476  22.3390   0.7070     119.2252
   3051    2929  3824.30    762.59  113.8593  22.3372   0.6136     122.4769
   3051    3051  3845.83    882.23  113.8709  22.3355   0.5229     126.8738
   3051    3173  3867.36    1001.87  113.8825  22.3338   0.4365     133.0588
   3051    3295  3888.89    1121.52  113.8942  22.3321   0.3576     142.1212
   3051    3417  3910.43    1241.19  113.9058  22.3304   0.2924     155.7235
   3051    3539  3931.97    1360.88  113.9175  22.3287   0.2516     175.2578
   3051    3661  3953.51    1480.61  113.9291  22.3269   0.2477     -161.4917
   3051    3783  3975.07    1600.39  113.9408  22.3252   0.2823     -140.8881
   3051    3905  3996.63    1720.22  113.9525  22.3235   0.3440     -126.2026
   3051    4027  4018.21    1840.12  113.9641  22.3217   0.4211     -116.4105
   3051    4149  4039.79    1960.10  113.9758  22.3200   0.5067     -109.7735
   3051    4271  4061.40    2080.16  113.9875  22.3183   0.5971     -105.0930
   3051    4393  4083.02    2200.32  113.9992  22.3166   0.6905     -101.6565
   3051    4515  4104.66    2320.58  114.0109  22.3148   0.7859     -99.0429
   3051    4637  4126.32    2440.95  114.0226  22.3131   0.8826     -96.9955
   3051    4759  4148.00    2561.45  114.0343  22.3113   0.9803     -95.3519
   3051    4881  4169.70    2682.08  114.0460  22.3096   1.0788     -94.0051
   3051    5003  4191.43    2802.85  114.0578  22.3078   1.1779     -92.8822
   3051    5125  4213.19    2923.77  114.0696  22.3061   1.2775     -91.9321
   3051    5247  4234.97    3044.85  114.0813  22.3043   1.3776     -91.1180
   3051    5369  4256.79    3166.11  114.0931  22.3026   1.4780     -90.4127
   3051    5491  4278.64    3287.54  114.1050  22.3008   1.5787     -89.7958
   3051    5613  4300.52    3409.17  114.1168  22.2991   1.6797     -89.2517
   3051    5735  4322.44    3530.99  114.1286  22.2973   1.7811     -88.7682
   3051    5857  4344.39    3653.02  114.1405  22.2955   1.8827     -88.3355
   3051    6000  4370.17    3796.34  114.1545  22.2934   2.0021     -87.8830
   3173       1  3422.54    -2163.19  113.5747  22.3677   3.0052     103.5638
   3173     123  3444.60    -2040.68  113.5866  22.3660   2.9028     103.7332
   3173     245  3466.61    -1918.39  113.5985  22.3643   2.8006     103.9144
   3173     367  3488.59    -1796.33  113.6104  22.3625   2.6986     104.1087
   3173     489  3510.53    -1674.48  113.6223  22.3608   2.5968     104.3175
   3173     611  3532.42    -1552.82  113.6341  22.3591   2.4952     104.5425
   3173     733  3554.29    -1431.36  113.6460  22.3573   2.3937     104.7860
   3173     855  3576.12    -1310.08  113.6578  22.3556   2.2925     105.0502
   3173     977  3597.92    -1188.97  113.6696  22.3539   2.1914     105.3379
   3173    1099  3619.69    -1068.03  113.6813  22.3522   2.0905     105.6527
   3173    1221  3641.44    -947.24  113.6931  22.3504   1.9898     105.9985
   3173    1343  3663.15    -826.59  113.7048  22.3487   1.8893     106.3802
   3173    1465  3684.84    -706.07  113.7166  22.3470   1.7890     106.8038
   3173    1587  3706.51    -585.68  113.7283  22.3453   1.6889     107.2767
   3173    1709  3728.16    -465.41  113.7400  22.3436   1.5890     107.8081
   3173    1831  3749.79    -345.24  113.7517  22.3419   1.4893     108.4097
   3173    1953  3771.40    -225.17  113.7634  22.3401   1.3899     109.0962
   3173    2075  3793.00    -105.18  113.7750  22.3384   1.2908     109.8872
   3173    2197  3814.58    14.73  113.7867  22.3367   1.1920     110.8083
   3173    2319  3836.15    134.57  113.7984  22.3350   1.0936     111.8941
   3173    2441  3857.71    254.36  113.8100  22.3333   0.9957     113.1925
   3173    2563  3879.26    374.10  113.8217  22.3316   0.8985     114.7713
   3173    2685  3900.80    493.79  113.8333  22.3298   0.8021     116.7297
   3173    2807  3922.34    613.46  113.8450  22.3281   0.7070     119.2172
   3173    2929  3943.87    733.11  113.8566  22.3264   0.6136     122.4680
   3173    3051  3965.40    852.75  113.8683  22.3247   0.5229     126.8636
   3173    3173  3986.93    972.39  113.8799  22.3230   0.4365     133.0474
   3173    3295  4008.46    1092.04  113.8916  22.3213   0.3576     142.1088
   3173    3417  4030.00    1211.71  113.9032  22.3195   0.2923     155.7116
   3173    3539  4051.53    1331.40  113.9149  22.3178   0.2515     175.2506
   3173    3661  4073.08    1451.13  113.9265  22.3161   0.2476     -161.4903
   3173    3783  4094.63    1570.91  113.9382  22.3144   0.2822     -140.8804
   3173    3905  4116.20    1690.74  113.9498  22.3126   0.3440     -126.1930
   3173    4027  4137.77    1810.65  113.9615  22.3109   0.4211     -116.4012
   3173    4149  4159.36    1930.62  113.9732  22.3092   0.5066     -109.7652
   3173    4271  4180.96    2050.68  113.9849  22.3074   0.5970     -105.0857
   3173    4393  4202.58    2170.84  113.9965  22.3057   0.6905     -101.6500
   3173    4515  4224.22    2291.10  114.0082  22.3040   0.7858     -99.0372
   3173    4637  4245.88    2411.47  114.0200  22.3022   0.8826     -96.9904
   3173    4759  4267.56    2531.97  114.0317  22.3005   0.9803     -95.3474
   3173    4881  4289.27    2652.60  114.0434  22.2988   1.0788     -94.0010
   3173    5003  4311.00    2773.37  114.0552  22.2970   1.1779     -92.8785
   3173    5125  4332.75    2894.29  114.0669  22.2953   1.2775     -91.9287
   3173    5247  4354.54    3015.38  114.0787  22.2935   1.3775     -91.1149
   3173    5369  4376.35    3136.63  114.0905  22.2917   1.4779     -90.4099
   3173    5491  4398.20    3258.07  114.1023  22.2900   1.5787     -89.7932
   3173    5613  4420.08    3379.69  114.1142  22.2882   1.6797     -89.2493
   3173    5735  4442.00    3501.51  114.1260  22.2865   1.7811     -88.7659
   3173    5857  4463.95    3623.55  114.1379  22.2847   1.8827     -88.3334
   3173    6000  4489.73    3766.86  114.1518  22.2826   2.0021     -87.8810
   3295       1  3542.13    -2192.68  113.5721  22.3569   3.0052     103.5614
   3295     123  3564.18    -2070.17  113.5840  22.3551   2.9028     103.7308
   3295     245  3586.20    -1947.88  113.5959  22.3534   2.8006     103.9119
   3295     367  3608.17    -1825.82  113.6078  22.3517   2.6986     104.1061
   3295     489  3630.10    -1703.96  113.6197  22.3499   2.5968     104.3148
   3295     611  3652.00    -1582.31  113.6315  22.3482   2.4952     104.5398
   3295     733  3673.87    -1460.85  113.6434  22.3465   2.3937     104.7831
   3295     855  3695.70    -1339.57  113.6552  22.3448   2.2925     105.0472
   3295     977  3717.50    -1218.46  113.6670  22.3430   2.1914     105.3349
   3295    1099  3739.27    -1097.51  113.6787  22.3413   2.0905     105.6495
   3295    1221  3761.01    -976.72  113.6905  22.3396   1.9898     105.9951
   3295    1343  3782.73    -856.07  113.7022  22.3379   1.8893     106.3767
   3295    1465  3804.42    -735.56  113.7140  22.3362   1.7890     106.8001
   3295    1587  3826.09    -615.17  113.7257  22.3344   1.6889     107.2729
   3295    1709  3847.74    -494.89  113.7374  22.3327   1.5890     107.8041
   3295    1831  3869.37    -374.72  113.7491  22.3310   1.4893     108.4054
   3295    1953  3890.98    -254.65  113.7608  22.3293   1.3899     109.0917
   3295    2075  3912.57    -134.66  113.7724  22.3276   1.2908     109.8824
   3295    2197  3934.15    -14.75  113.7841  22.3259   1.1920     110.8031
   3295    2319  3955.72    105.09  113.7958  22.3241   1.0936     111.8885
   3295    2441  3977.28    224.88  113.8074  22.3224   0.9957     113.1864
   3295    2563  3998.83    344.61  113.8191  22.3207   0.8985     114.7648
   3295    2685  4020.37    464.31  113.8307  22.3190   0.8021     116.7225
   3295    2807  4041.91    583.98  113.8424  22.3173   0.7070     119.2092
   3295    2929  4063.44    703.63  113.8540  22.3156   0.6136     122.4590
   3295    3051  4084.97    823.27  113.8657  22.3138   0.5228     126.8535
   3295    3173  4106.50    942.91  113.8773  22.3121   0.4364     133.0360
   3295    3295  4128.03    1062.56  113.8889  22.3104   0.3575     142.0963
   3295    3417  4149.56    1182.22  113.9006  22.3087   0.2922     155.6997
   3295    3539  4171.10    1301.92  113.9122  22.3070   0.2514     175.2433
   3295    3661  4192.65    1421.65  113.9239  22.3052   0.2475     -161.4888
   3295    3783  4214.20    1541.43  113.9355  22.3035   0.2822     -140.8726
   3295    3905  4235.77    1661.26  113.9472  22.3018   0.3439     -126.1834
   3295    4027  4257.34    1781.17  113.9589  22.3001   0.4210     -116.3919
   3295    4149  4278.93    1901.14  113.9705  22.2983   0.5066     -109.7568
   3295    4271  4300.53    2021.20  113.9822  22.2966   0.5970     -105.0784
   3295    4393  4322.15    2141.36  113.9939  22.2949   0.6904     -101.6436
   3295    4515  4343.79    2261.62  114.0056  22.2931   0.7858     -99.0314
   3295    4637  4365.45    2381.99  114.0173  22.2914   0.8825     -96.9854
   3295    4759  4387.13    2502.49  114.0291  22.2897   0.9803     -95.3428
   3295    4881  4408.83    2623.12  114.0408  22.2879   1.0788     -93.9969
   3295    5003  4430.56    2743.89  114.0525  22.2862   1.1779     -92.8747
   3295    5125  4452.32    2864.81  114.0643  22.2844   1.2775     -91.9253
   3295    5247  4474.10    2985.90  114.0761  22.2827   1.3775     -91.1118
   3295    5369  4495.92    3107.15  114.0879  22.2809   1.4779     -90.4070
   3295    5491  4517.76    3228.59  114.0997  22.2791   1.5787     -89.7906
   3295    5613  4539.64    3350.21  114.1115  22.2774   1.6797     -89.2468
   3295    5735  4561.56    3472.04  114.1234  22.2756   1.7810     -88.7636
   3295    5857  4583.51    3594.07  114.1352  22.2738   1.8826     -88.3313
   3295    6000  4609.29    3737.38  114.1492  22.2718   2.0021     -87.8791
   3417       1  3661.71    -2222.17  113.5695  22.3460   3.0052     103.5590
   3417     123  3683.76    -2099.65  113.5815  22.3443   2.9028     103.7283
   3417     245  3705.78    -1977.37  113.5934  22.3426   2.8006     103.9094
   3417     367  3727.75    -1855.30  113.6052  22.3408   2.6986     104.1034
   3417     489  3749.69    -1733.45  113.6171  22.3391   2.5968     104.3121
   3417     611  3771.58    -1611.79  113.6289  22.3374   2.4952     104.5370
   3417     733  3793.45    -1490.33  113.6408  22.3356   2.3937     104.7802
   3417     855  3815.28    -1369.05  113.6526  22.3339   2.2925     105.0442
   3417     977  3837.08    -1247.94  113.6643  22.3322   2.1914     105.3318
   3417    1099  3858.85    -1127.00  113.6761  22.3305   2.0905     105.6463
   3417    1221  3880.59    -1006.21  113.6879  22.3288   1.9898     105.9918
   3417    1343  3902.31    -885.56  113.6996  22.3270   1.8893     106.3732
   3417    1465  3924.00    -765.04  113.7113  22.3253   1.7890     106.7965
   3417    1587  3945.67    -644.65  113.7231  22.3236   1.6889     107.2690
   3417    1709  3967.31    -524.38  113.7348  22.3219   1.5890     107.8000
   3417    1831  3988.94    -404.21  113.7465  22.3202   1.4893     108.4011
   3417    1953  4010.55    -284.13  113.7582  22.3184   1.3899     109.0872
   3417    2075  4032.15    -164.15  113.7698  22.3167   1.2907     109.8776
   3417    2197  4053.73    -44.24  113.7815  22.3150   1.1920     110.7980
   3417    2319  4075.30    75.61  113.7932  22.3133   1.0936     111.8830
   3417    2441  4096.85    195.39  113.8048  22.3116   0.9957     113.1804
   3417    2563  4118.40    315.13  113.8165  22.3099   0.8985     114.7582
   3417    2685  4139.94    434.83  113.8281  22.3082   0.8021     116.7153
   3417    2807  4161.48    554.50  113.8398  22.3064   0.7069     119.2011
   3417    2929  4183.01    674.15  113.8514  22.3047   0.6135     122.4500
   3417    3051  4204.54    793.79  113.8630  22.3030   0.5228     126.8433
   3417    3173  4226.07    913.43  113.8747  22.3013   0.4364     133.0245
   3417    3295  4247.60    1033.08  113.8863  22.2996   0.3574     142.0839
   3417    3417  4269.13    1152.74  113.8980  22.2979   0.2921     155.6877
   3417    3539  4290.67    1272.44  113.9096  22.2961   0.2513     175.2361
   3417    3661  4312.22    1392.17  113.9213  22.2944   0.2474     -161.4874
   3417    3783  4333.77    1511.95  113.9329  22.2927   0.2821     -140.8648
   3417    3905  4355.33    1631.78  113.9446  22.2910   0.3438     -126.1737
   3417    4027  4376.91    1751.69  113.9562  22.2892   0.4210     -116.3826
   3417    4149  4398.50    1871.66  113.9679  22.2875   0.5065     -109.7485
   3417    4271  4420.10    1991.72  113.9796  22.2858   0.5970     -105.0710
   3417    4393  4441.72    2111.88  113.9913  22.2840   0.6904     -101.6371
   3417    4515  4463.35    2232.14  114.0030  22.2823   0.7858     -99.0257
   3417    4637  4485.01    2352.52  114.0147  22.2806   0.8825     -96.9803
   3417    4759  4506.69    2473.01  114.0264  22.2788   0.9803     -95.3383
   3417    4881  4528.40    2593.64  114.0382  22.2771   1.0788     -93.9928
   3417    5003  4550.12    2714.41  114.0499  22.2753   1.1779     -92.8710
   3417    5125  4571.88    2835.34  114.0617  22.2736   1.2775     -91.9219
   3417    5247  4593.66    2956.42  114.0734  22.2718   1.3775     -91.1086
   3417    5369  4615.48    3077.68  114.0852  22.2701   1.4779     -90.4041
   3417    5491  4637.32    3199.11  114.0971  22.2683   1.5786     -89.7879
   3417    5613  4659.21    3320.74  114.1089  22.2665   1.6797     -89.2444
   3417    5735  4681.12    3442.56  114.1207  22.2648   1.7810     -88.7613
   3417    5857  4703.07    3564.59  114.1326  22.2630   1.8826     -88.3292
   3417    6000  4728.86    3707.91  114.1465  22.2609   2.0021     -87.8771
   3539       1  3781.29    -2251.65  113.5669  22.3352   3.0052     103.5566
   3539     123  3803.34    -2129.14  113.5789  22.3335   2.9028     103.7258
   3539     245  3825.36    -2006.85  113.5908  22.3317   2.8006     103.9068
   3539     367  3847.33    -1884.79  113.6026  22.3300   2.6986     104.1008
   3539     489  3869.27    -1762.93  113.6145  22.3283   2.5968     104.3094
   3539     611  3891.16    -1641.28  113.6263  22.3265   2.4952     104.5342
   3539     733  3913.03    -1519.82  113.6382  22.3248   2.3937     104.7773
   3539     855  3934.86    -1398.54  113.6500  22.3231   2.2925     105.0412
   3539     977  3956.66    -1277.43  113.6617  22.3214   2.1914     105.3287
   3539    1099  3978.43    -1156.48  113.6735  22.3196   2.0905     105.6431
   3539    1221  4000.17    -1035.69  113.6853  22.3179   1.9898     105.9884
   3539    1343  4021.88    -915.04  113.6970  22.3162   1.8893     106.3697
   3539    1465  4043.57    -794.53  113.7087  22.3145   1.7890     106.7928
   3539    1587  4065.24    -674.14  113.7205  22.3128   1.6889     107.2652
   3539    1709  4086.89    -553.86  113.7322  22.3110   1.5890     107.7960
   3539    1831  4108.52    -433.69  113.7439  22.3093   1.4893     108.3969
   3539    1953  4130.13    -313.62  113.7555  22.3076   1.3899     109.0827
   3539    2075  4151.72    -193.63  113.7672  22.3059   1.2907     109.8728
   3539    2197  4173.30    -73.72  113.7789  22.3042   1.1919     110.7928
   3539    2319  4194.87    46.12  113.7905  22.3025   1.0936     111.8774
   3539    2441  4216.43    165.91  113.8022  22.3007   0.9957     113.1744
   3539    2563  4237.98    285.65  113.8139  22.2990   0.8984     114.7516
   3539    2685  4259.52    405.35  113.8255  22.2973   0.8021     116.7080
   3539    2807  4281.05    525.02  113.8371  22.2956   0.7069     119.1931
   3539    2929  4302.58    644.67  113.8488  22.2939   0.6135     122.4410
   3539    3051  4324.11    764.31  113.8604  22.2922   0.5227     126.8332
   3539    3173  4345.64    883.95  113.8721  22.2904   0.4363     133.0131
   3539    3295  4367.17    1003.59  113.8837  22.2887   0.3574     142.0714
   3539    3417  4388.70    1123.26  113.8954  22.2870   0.2921     155.6758
   3539    3539  4410.24    1242.96  113.9070  22.2853   0.2512     175.2288
   3539    3661  4431.79    1362.69  113.9186  22.2836   0.2473     -161.4860
   3539    3783  4453.34    1482.47  113.9303  22.2818   0.2820     -140.8570
   3539    3905  4474.90    1602.30  113.9420  22.2801   0.3438     -126.1641
   3539    4027  4496.48    1722.20  113.9536  22.2784   0.4209     -116.3733
   3539    4149  4518.06    1842.18  113.9653  22.2767   0.5065     -109.7402
   3539    4271  4539.67    1962.24  113.9770  22.2749   0.5969     -105.0637
   3539    4393  4561.28    2082.40  113.9887  22.2732   0.6903     -101.6307
   3539    4515  4582.92    2202.66  114.0004  22.2715   0.7857     -99.0200
   3539    4637  4604.58    2323.04  114.0121  22.2697   0.8825     -96.9752
   3539    4759  4626.26    2443.53  114.0238  22.2680   0.9802     -95.3337
   3539    4881  4647.96    2564.16  114.0355  22.2662   1.0787     -93.9886
   3539    5003  4669.69    2684.93  114.0473  22.2645   1.1778     -92.8673
   3539    5125  4691.44    2805.86  114.0590  22.2627   1.2774     -91.9185
   3539    5247  4713.23    2926.94  114.0708  22.2610   1.3775     -91.1055
   3539    5369  4735.04    3048.20  114.0826  22.2592   1.4779     -90.4013
   3539    5491  4756.89    3169.63  114.0944  22.2575   1.5786     -89.7853
   3539    5613  4778.77    3291.26  114.1062  22.2557   1.6797     -89.2419
   3539    5735  4800.68    3413.08  114.1181  22.2539   1.7810     -88.7591
   3539    5857  4822.64    3535.11  114.1300  22.2522   1.8826     -88.3271
   3539    6000  4848.42    3678.43  114.1439  22.2501   2.0020     -87.8752
   3661       1  3900.87    -2281.14  113.5643  22.3244   3.0051     103.5542
   3661     123  3922.93    -2158.62  113.5763  22.3226   2.9028     103.7234
   3661     245  3944.94    -2036.34  113.5882  22.3209   2.8006     103.9043
   3661     367  3966.91    -1914.27  113.6000  22.3191   2.6986     104.0982
   3661     489  3988.85    -1792.42  113.6119  22.3174   2.5968     104.3067
   3661     611  4010.74    -1670.77  113.6237  22.3157   2.4951     104.5314
   3661     733  4032.61    -1549.30  113.6356  22.3140   2.3937     104.7745
   3661     855  4054.44    -1428.02  113.6474  22.3122   2.2925     105.0382
   3661     977  4076.24    -1306.91  113.6591  22.3105   2.1914     105.3256
   3661    1099  4098.00    -1185.97  113.6709  22.3088   2.0905     105.6398
   3661    1221  4119.75    -1065.18  113.6827  22.3071   1.9898     105.9851
   3661    1343  4141.46    -944.53  113.6944  22.3053   1.8893     106.3662
   3661    1465  4163.15    -824.01  113.7061  22.3036   1.7890     106.7892
   3661    1587  4184.82    -703.62  113.7179  22.3019   1.6889     107.2614
   3661    1709  4206.47    -583.35  113.7296  22.3002   1.5890     107.7920
   3661    1831  4228.09    -463.17  113.7412  22.2985   1.4893     108.3926
   3661    1953  4249.70    -343.10  113.7529  22.2968   1.3899     109.0782
   3661    2075  4271.30    -223.11  113.7646  22.2950   1.2907     109.8680
   3661    2197  4292.88    -103.20  113.7763  22.2933   1.1919     110.7877
   3661    2319  4314.44    16.64  113.7879  22.2916   1.0935     111.8719
   3661    2441  4336.00    136.43  113.7996  22.2899   0.9957     113.1684
   3661    2563  4357.55    256.17  113.8112  22.2882   0.8984     114.7451
   3661    2685  4379.09    375.87  113.8229  22.2865   0.8021     116.7008
   3661    2807  4400.62    495.54  113.8345  22.2848   0.7069     119.1851
   3661    2929  4422.16    615.19  113.8462  22.2830   0.6135     122.4320
   3661    3051  4443.68    734.83  113.8578  22.2813   0.5227     126.8230
   3661    3173  4465.21    854.47  113.8695  22.2796   0.4363     133.0017
   3661    3295  4486.74    974.11  113.8811  22.2779   0.3573     142.0590
   3661    3417  4508.28    1093.78  113.8927  22.2762   0.2920     155.6639
   3661    3539  4529.81    1213.48  113.9044  22.2744   0.2511     175.2215
   3661    3661  4551.36    1333.21  113.9160  22.2727   0.2472     -161.4845
   3661    3783  4572.91    1452.99  113.9277  22.2710   0.2819     -140.8492
   3661    3905  4594.47    1572.82  113.9393  22.2693   0.3437     -126.1544
   3661    4027  4616.04    1692.73  113.9510  22.2675   0.4208     -116.3641
   3661    4149  4637.63    1812.70  113.9627  22.2658   0.5064     -109.7318
   3661    4271  4659.23    1932.76  113.9743  22.2641   0.5969     -105.0563
   3661    4393  4680.85    2052.92  113.9860  22.2624   0.6903     -101.6242
   3661    4515  4702.49    2173.18  113.9977  22.2606   0.7857     -99.0143
   3661    4637  4724.15    2293.56  114.0094  22.2589   0.8825     -96.9701
   3661    4759  4745.82    2414.05  114.0212  22.2571   0.9802     -95.3291
   3661    4881  4767.53    2534.68  114.0329  22.2554   1.0787     -93.9845
   3661    5003  4789.25    2655.46  114.0446  22.2536   1.1778     -92.8635
   3661    5125  4811.01    2776.38  114.0564  22.2519   1.2774     -91.9151
   3661    5247  4832.79    2897.46  114.0682  22.2501   1.3775     -91.1024
   3661    5369  4854.60    3018.72  114.0800  22.2484   1.4779     -90.3984
   3661    5491  4876.45    3140.15  114.0918  22.2466   1.5786     -89.7826
   3661    5613  4898.33    3261.78  114.1036  22.2449   1.6796     -89.2395
   3661    5735  4920.25    3383.60  114.1155  22.2431   1.7810     -88.7568
   3661    5857  4942.20    3505.64  114.1273  22.2413   1.8826     -88.3250
   3661    6000  4967.98    3648.95  114.1413  22.2392   2.0020     -87.8732
   3783       1  4020.46    -2310.63  113.5617  22.3135   3.0051     103.5518
   3783     123  4042.51    -2188.11  113.5737  22.3118   2.9028     103.7209
   3783     245  4064.52    -2065.83  113.5856  22.3100   2.8006     103.9017
   3783     367  4086.49    -1943.76  113.5974  22.3083   2.6986     104.0956
   3783     489  4108.43    -1821.90  113.6093  22.3066   2.5968     104.3040
   3783     611  4130.32    -1700.25  113.6211  22.3048   2.4951     104.5286
   3783     733  4152.19    -1578.79  113.6330  22.3031   2.3937     104.7716
   3783     855  4174.02    -1457.51  113.6448  22.3014   2.2925     105.0353
   3783     977  4195.82    -1336.40  113.6565  22.2997   2.1914     105.3225
   3783    1099  4217.58    -1215.45  113.6683  22.2979   2.0905     105.6366
   3783    1221  4239.32    -1094.66  113.6801  22.2962   1.9898     105.9817
   3783    1343  4261.04    -974.01  113.6918  22.2945   1.8893     106.3627
   3783    1465  4282.73    -853.49  113.7035  22.2928   1.7890     106.7855
   3783    1587  4304.40    -733.10  113.7152  22.2911   1.6889     107.2575
   3783    1709  4326.04    -612.83  113.7270  22.2894   1.5890     107.7879
   3783    1831  4347.67    -492.66  113.7386  22.2876   1.4893     108.3883
   3783    1953  4369.28    -372.58  113.7503  22.2859   1.3898     109.0736
   3783    2075  4390.87    -252.60  113.7620  22.2842   1.2907     109.8631
   3783    2197  4412.45    -132.68  113.7737  22.2825   1.1919     110.7825
   3783    2319  4434.02    -12.84  113.7853  22.2808   1.0935     111.8663
   3783    2441  4455.58    106.95  113.7970  22.2791   0.9956     113.1624
   3783    2563  4477.12    226.68  113.8086  22.2773   0.8984     114.7385
   3783    2685  4498.66    346.38  113.8203  22.2756   0.8020     116.6936
   3783    2807  4520.20    466.05  113.8319  22.2739   0.7069     119.1770
   3783    2929  4541.73    585.70  113.8436  22.2722   0.6134     122.4230
   3783    3051  4563.26    705.34  113.8552  22.2705   0.5227     126.8129
   3783    3173  4584.78    824.98  113.8668  22.2688   0.4362     132.9902
   3783    3295  4606.31    944.63  113.8785  22.2670   0.3573     142.0465
   3783    3417  4627.85    1064.30  113.8901  22.2653   0.2919     155.6519
   3783    3539  4649.38    1184.00  113.9018  22.2636   0.2510     175.2143
   3783    3661  4670.93    1303.73  113.9134  22.2619   0.2471     -161.4831
   3783    3783  4692.48    1423.51  113.9251  22.2602   0.2818     -140.8413
   3783    3905  4714.04    1543.34  113.9367  22.2584   0.3436     -126.1448
   3783    4027  4735.61    1663.25  113.9484  22.2567   0.4208     -116.3548
   3783    4149  4757.20    1783.22  113.9600  22.2550   0.5064     -109.7235
   3783    4271  4778.80    1903.29  113.9717  22.2532   0.5968     -105.0490
   3783    4393  4800.42    2023.44  113.9834  22.2515   0.6903     -101.6177
   3783    4515  4822.06    2143.70  113.9951  22.2498   0.7857     -99.0086
   3783    4637  4843.71    2264.08  114.0068  22.2480   0.8824     -96.9650
   3783    4759  4865.39    2384.58  114.0185  22.2463   0.9802     -95.3246
   3783    4881  4887.09    2505.21  114.0303  22.2446   1.0787     -93.9804
   3783    5003  4908.82    2625.98  114.0420  22.2428   1.1778     -92.8598
   3783    5125  4930.57    2746.90  114.0538  22.2411   1.2774     -91.9117
   3783    5247  4952.36    2867.99  114.0655  22.2393   1.3774     -91.0993
   3783    5369  4974.17    2989.24  114.0773  22.2375   1.4778     -90.3955
   3783    5491  4996.01    3110.68  114.0892  22.2358   1.5786     -89.7800
   3783    5613  5017.89    3232.30  114.1010  22.2340   1.6796     -89.2370
   3783    5735  5039.81    3354.13  114.1128  22.2323   1.7810     -88.7545
   3783    5857  5061.76    3476.16  114.1247  22.2305   1.8826     -88.3228
   3783    6000  5087.54    3619.48  114.1386  22.2284   2.0020     -87.8713
   3905       1  4140.04    -2340.11  113.5591  22.3027   3.0051     103.5494
   3905     123  4162.09    -2217.60  113.5711  22.3009   2.9028     103.7184
   3905     245  4184.10    -2095.31  113.5830  22.2992   2.8006     103.8992
   3905     367  4206.08    -1973.25  113.5948  22.2975   2.6986     104.0930
   3905     489  4228.01    -1851.39  113.6067  22.2957   2.5968     104.3013
   3905     611  4249.91    -1729.74  113.6185  22.2940   2.4951     104.5258
   3905     733  4271.77    -1608.27  113.6304  22.2923   2.3937     104.7687
   3905     855  4293.60    -1486.99  113.6422  22.2905   2.2925     105.0323
   3905     977  4315.40    -1365.88  113.6539  22.2888   2.1914     105.3194
   3905    1099  4337.16    -1244.94  113.6657  22.2871   2.0905     105.6334
   3905    1221  4358.90    -1124.15  113.6775  22.2854   1.9898     105.9784
   3905    1343  4380.62    -1003.50  113.6892  22.2837   1.8893     106.3592
   3905    1465  4402.31    -882.98  113.7009  22.2819   1.7890     106.7819
   3905    1587  4423.97    -762.59  113.7126  22.2802   1.6889     107.2537
   3905    1709  4445.62    -642.31  113.7243  22.2785   1.5889     107.7839
   3905    1831  4467.25    -522.14  113.7360  22.2768   1.4893     108.3841
   3905    1953  4488.86    -402.07  113.7477  22.2751   1.3898     109.0691
   3905    2075  4510.45    -282.08  113.7594  22.2734   1.2907     109.8583
   3905    2197  4532.03    -162.17  113.7711  22.2716   1.1919     110.7774
   3905    2319  4553.59    -42.32  113.7827  22.2699   1.0935     111.8608
   3905    2441  4575.15    77.46  113.7944  22.2682   0.9956     113.1564
   3905    2563  4596.70    197.20  113.8060  22.2665   0.8984     114.7319
   3905    2685  4618.24    316.90  113.8177  22.2648   0.8020     116.6864
   3905    2807  4639.77    436.57  113.8293  22.2631   0.7068     119.1690
   3905    2929  4661.30    556.22  113.8409  22.2614   0.6134     122.4140
   3905    3051  4682.83    675.86  113.8526  22.2596   0.5226     126.8027
   3905    3173  4704.36    795.50  113.8642  22.2579   0.4362     132.9788
   3905    3295  4725.89    915.15  113.8759  22.2562   0.3572     142.0340
   3905    3417  4747.42    1034.82  113.8875  22.2545   0.2918     155.6400
   3905    3539  4768.95    1154.51  113.8991  22.2528   0.2509     175.2070
   3905    3661  4790.50    1274.25  113.9108  22.2510   0.2470     -161.4817
   3905    3783  4812.05    1394.03  113.9224  22.2493   0.2817     -140.8335
   3905    3905  4833.61    1513.86  113.9341  22.2476   0.3435     -126.1351
   3905    4027  4855.18    1633.76  113.9458  22.2459   0.4207     -116.3454
   3905    4149  4876.77    1753.74  113.9574  22.2441   0.5063     -109.7151
   3905    4271  4898.37    1873.80  113.9691  22.2424   0.5968     -105.0417
   3905    4393  4919.99    1993.96  113.9808  22.2407   0.6902     -101.6113
   3905    4515  4941.62    2114.22  113.9925  22.2389   0.7856     -99.0029
   3905    4637  4963.28    2234.60  114.0042  22.2372   0.8824     -96.9599
   3905    4759  4984.96    2355.10  114.0159  22.2355   0.9801     -95.3200
   3905    4881  5006.66    2475.73  114.0276  22.2337   1.0787     -93.9763
   3905    5003  5028.38    2596.50  114.0394  22.2320   1.1778     -92.8560
   3905    5125  5050.14    2717.42  114.0511  22.2302   1.2774     -91.9083
   3905    5247  5071.92    2838.51  114.0629  22.2285   1.3774     -91.0962
   3905    5369  5093.73    2959.76  114.0747  22.2267   1.4778     -90.3926
   3905    5491  5115.58    3081.20  114.0865  22.2249   1.5786     -89.7773
   3905    5613  5137.46    3202.82  114.0983  22.2232   1.6796     -89.2346
   3905    5735  5159.37    3324.65  114.1102  22.2214   1.7809     -88.7523
   3905    5857  5181.32    3446.68  114.1221  22.2196   1.8826     -88.3207
   3905    6000  5207.10    3590.00  114.1360  22.2176   2.0020     -87.8693
   4027       1  4259.62    -2369.60  113.5566  22.2918   3.0051     103.5470
   4027     123  4281.68    -2247.09  113.5685  22.2901   2.9028     103.7160
   4027     245  4303.69    -2124.80  113.5804  22.2883   2.8006     103.8967
   4027     367  4325.66    -2002.73  113.5923  22.2866   2.6986     104.0904
   4027     489  4347.59    -1880.88  113.6041  22.2849   2.5968     104.2986
   4027     611  4369.49    -1759.22  113.6159  22.2832   2.4951     104.5230
   4027     733  4391.35    -1637.76  113.6278  22.2814   2.3937     104.7658
   4027     855  4413.18    -1516.48  113.6396  22.2797   2.2925     105.0293
   4027     977  4434.98    -1395.37  113.6513  22.2780   2.1914     105.3163
   4027    1099  4456.74    -1274.42  113.6631  22.2763   2.0905     105.6302
   4027    1221  4478.48    -1153.63  113.6749  22.2745   1.9898     105.9751
   4027    1343  4500.20    -1032.98  113.6866  22.2728   1.8893     106.3557
   4027    1465  4521.89    -912.46  113.6983  22.2711   1.7890     106.7782
   4027    1587  4543.55    -792.07  113.7100  22.2694   1.6888     107.2499
   4027    1709  4565.20    -671.80  113.7217  22.2677   1.5889     107.7799
   4027    1831  4586.82    -551.63  113.7334  22.2660   1.4893     108.3798
   4027    1953  4608.43    -431.55  113.7451  22.2642   1.3898     109.0646
   4027    2075  4630.02    -311.56  113.7568  22.2625   1.2907     109.8535
   4027    2197  4651.60    -191.65  113.7684  22.2608   1.1919     110.7722
   4027    2319  4673.17    -71.81  113.7801  22.2591   1.0935     111.8552
   4027    2441  4694.73    47.98  113.7918  22.2574   0.9956     113.1504
   4027    2563  4716.27    167.72  113.8034  22.2557   0.8984     114.7254
   4027    2685  4737.81    287.42  113.8150  22.2539   0.8020     116.6791
   4027    2807  4759.34    407.09  113.8267  22.2522   0.7068     119.1610
   4027    2929  4780.87    526.74  113.8383  22.2505   0.6134     122.4049
   4027    3051  4802.40    646.38  113.8500  22.2488   0.5226     126.7925
   4027    3173  4823.93    766.02  113.8616  22.2471   0.4361     132.9673
   4027    3295  4845.46    885.67  113.8732  22.2454   0.3571     142.0216
   4027    3417  4866.99    1005.34  113.8849  22.2436   0.2918     155.6280
   4027    3539  4888.53    1125.03  113.8965  22.2419   0.2509     175.1997
   4027    3661  4910.07    1244.77  113.9082  22.2402   0.2470     -161.4802
   4027    3783  4931.62    1364.55  113.9198  22.2385   0.2816     -140.8257
   4027    3905  4953.18    1484.38  113.9315  22.2368   0.3435     -126.1254
   4027    4027  4974.75    1604.28  113.9431  22.2350   0.4207     -116.3361
   4027    4149  4996.34    1724.26  113.9548  22.2333   0.5063     -109.7068
   4027    4271  5017.94    1844.32  113.9665  22.2316   0.5967     -105.0343
   4027    4393  5039.55    1964.48  113.9782  22.2298   0.6902     -101.6048
   4027    4515  5061.19    2084.74  113.9899  22.2281   0.7856     -98.9971
   4027    4637  5082.85    2205.12  114.0016  22.2264   0.8824     -96.9548
   4027    4759  5104.52    2325.62  114.0133  22.2246   0.9801     -95.3154
   4027    4881  5126.22    2446.25  114.0250  22.2229   1.0786     -93.9722
   4027    5003  5147.95    2567.02  114.0368  22.2211   1.1777     -92.8523
   4027    5125  5169.70    2687.94  114.0485  22.2194   1.2773     -91.9048
   4027    5247  5191.49    2809.03  114.0603  22.2176   1.3774     -91.0930
   4027    5369  5213.30    2930.28  114.0721  22.2159   1.4778     -90.3898
   4027    5491  5235.14    3051.72  114.0839  22.2141   1.5785     -89.7747
   4027    5613  5257.02    3173.34  114.0957  22.2123   1.6796     -89.2321
   4027    5735  5278.93    3295.17  114.1076  22.2106   1.7809     -88.7500
   4027    5857  5300.88    3417.20  114.1194  22.2088   1.8825     -88.3186
   4027    6000  5326.66    3560.52  114.1334  22.2067   2.0020     -87.8674
   4149       1  4379.21    -2399.09  113.5540  22.2810   3.0051     103.5446
   4149     123  4401.26    -2276.57  113.5659  22.2792   2.9027     103.7135
   4149     245  4423.27    -2154.29  113.5778  22.2775   2.8006     103.8941
   4149     367  4445.24    -2032.22  113.5897  22.2758   2.6986     104.0877
   4149     489  4467.17    -1910.36  113.6015  22.2740   2.5968     104.2959
   4149     611  4489.07    -1788.71  113.6133  22.2723   2.4951     104.5203
   4149     733  4510.93    -1667.25  113.6252  22.2706   2.3937     104.7629
   4149     855  4532.76    -1545.96  113.6370  22.2689   2.2925     105.0263
   4149     977  4554.56    -1424.86  113.6487  22.2671   2.1914     105.3132
   4149    1099  4576.32    -1303.91  113.6605  22.2654   2.0905     105.6270
   4149    1221  4598.06    -1183.11  113.6723  22.2637   1.9898     105.9717
   4149    1343  4619.78    -1062.47  113.6840  22.2620   1.8893     106.3522
   4149    1465  4641.46    -941.95  113.6957  22.2603   1.7890     106.7746
   4149    1587  4663.13    -821.56  113.7074  22.2585   1.6888     107.2460
   4149    1709  4684.78    -701.28  113.7191  22.2568   1.5889     107.7758
   4149    1831  4706.40    -581.11  113.7308  22.2551   1.4892     108.3756
   4149    1953  4728.01    -461.04  113.7425  22.2534   1.3898     109.0601
   4149    2075  4749.60    -341.05  113.7542  22.2517   1.2907     109.8487
   4149    2197  4771.18    -221.13  113.7658  22.2500   1.1919     110.7670
   4149    2319  4792.75    -101.29  113.7775  22.2482   1.0935     111.8497
   4149    2441  4814.30    18.50  113.7891  22.2465   0.9956     113.1444
   4149    2563  4835.85    138.24  113.8008  22.2448   0.8983     114.7188
   4149    2685  4857.39    257.94  113.8124  22.2431   0.8020     116.6719
   4149    2807  4878.92    377.61  113.8241  22.2414   0.7068     119.1529
   4149    2929  4900.45    497.26  113.8357  22.2397   0.6133     122.3959
   4149    3051  4921.98    616.90  113.8473  22.2380   0.5226     126.7824
   4149    3173  4943.50    736.54  113.8590  22.2362   0.4361     132.9559
   4149    3295  4965.03    856.19  113.8706  22.2345   0.3571     142.0091
   4149    3417  4986.56    975.86  113.8823  22.2328   0.2917     155.6160
   4149    3539  5008.10    1095.55  113.8939  22.2311   0.2508     175.1924
   4149    3661  5029.64    1215.28  113.9055  22.2294   0.2469     -161.4788
   4149    3783  5051.19    1335.06  113.9172  22.2276   0.2816     -140.8178
   4149    3905  5072.75    1454.90  113.9288  22.2259   0.3434     -126.1157
   4149    4027  5094.32    1574.80  113.9405  22.2242   0.4206     -116.3268
   4149    4149  5115.91    1694.78  113.9522  22.2225   0.5062     -109.6984
   4149    4271  5137.51    1814.84  113.9638  22.2207   0.5967     -105.0269
   4149    4393  5159.12    1935.00  113.9755  22.2190   0.6901     -101.5983
   4149    4515  5180.76    2055.26  113.9872  22.2173   0.7856     -98.9914
   4149    4637  5202.41    2175.64  113.9989  22.2155   0.8823     -96.9497
   4149    4759  5224.09    2296.14  114.0106  22.2138   0.9801     -95.3108
   4149    4881  5245.79    2416.77  114.0224  22.2120   1.0786     -93.9680
   4149    5003  5267.52    2537.54  114.0341  22.2103   1.1777     -92.8486
   4149    5125  5289.27    2658.46  114.0459  22.2085   1.2773     -91.9014
   4149    5247  5311.05    2779.55  114.0577  22.2068   1.3774     -91.0899
   4149    5369  5332.86    2900.81  114.0694  22.2050   1.4778     -90.3869
   4149    5491  5354.71    3022.24  114.0813  22.2033   1.5785     -89.7720
   4149    5613  5376.58    3143.87  114.0931  22.2015   1.6796     -89.2297
   4149    5735  5398.50    3265.69  114.1049  22.1997   1.7809     -88.7477
   4149    5857  5420.45    3387.73  114.1168  22.1980   1.8825     -88.3165
   4149    6000  5446.23    3531.04  114.1307  22.1959   2.0020     -87.8654
   4271       1  4498.79    -2428.58  113.5514  22.2701   3.0051     103.5422
   4271     123  4520.84    -2306.06  113.5633  22.2684   2.9027     103.7110
   4271     245  4542.85    -2183.77  113.5752  22.2667   2.8006     103.8916
   4271     367  4564.82    -2061.71  113.5871  22.2649   2.6986     104.0851
   4271     489  4586.76    -1939.85  113.5989  22.2632   2.5968     104.2932
   4271     611  4608.65    -1818.20  113.6108  22.2615   2.4951     104.5175
   4271     733  4630.51    -1696.73  113.6226  22.2597   2.3937     104.7601
   4271     855  4652.34    -1575.45  113.6344  22.2580   2.2925     105.0233
   4271     977  4674.14    -1454.34  113.6461  22.2563   2.1914     105.3101
   4271    1099  4695.90    -1333.40  113.6579  22.2546   2.0905     105.6238
   4271    1221  4717.64    -1212.60  113.6697  22.2529   1.9898     105.9684
   4271    1343  4739.35    -1091.95  113.6814  22.2511   1.8893     106.3487
   4271    1465  4761.04    -971.44  113.6931  22.2494   1.7890     106.7709
   4271    1587  4782.71    -851.04  113.7048  22.2477   1.6888     107.2422
   4271    1709  4804.35    -730.77  113.7165  22.2460   1.5889     107.7718
   4271    1831  4825.98    -610.60  113.7282  22.2443   1.4892     108.3713
   4271    1953  4847.59    -490.52  113.7399  22.2426   1.3898     109.0555
   4271    2075  4869.18    -370.53  113.7516  22.2408   1.2907     109.8439
   4271    2197  4890.76    -250.62  113.7632  22.2391   1.1919     110.7619
   4271    2319  4912.32    -130.77  113.7749  22.2374   1.0935     111.8441
   4271    2441  4933.88    -10.99  113.7865  22.2357   0.9956     113.1383
   4271    2563  4955.42    108.75  113.7982  22.2340   0.8983     114.7122
   4271    2685  4976.96    228.45  113.8098  22.2323   0.8019     116.6647
   4271    2807  4998.49    348.12  113.8215  22.2305   0.7068     119.1449
   4271    2929  5020.02    467.77  113.8331  22.2288   0.6133     122.3869
   4271    3051  5041.55    587.41  113.8447  22.2271   0.5225     126.7722
   4271    3173  5063.07    707.06  113.8564  22.2254   0.4360     132.9444
   4271    3295  5084.60    826.71  113.8680  22.2237   0.3570     141.9966
   4271    3417  5106.13    946.37  113.8796  22.2220   0.2916     155.6041
   4271    3539  5127.67    1066.07  113.8913  22.2202   0.2507     175.1851
   4271    3661  5149.21    1185.80  113.9029  22.2185   0.2468     -161.4773
   4271    3783  5170.76    1305.58  113.9146  22.2168   0.2815     -140.8100
   4271    3905  5192.32    1425.42  113.9262  22.2151   0.3433     -126.1060
   4271    4027  5213.89    1545.32  113.9379  22.2133   0.4205     -116.3175
   4271    4149  5235.48    1665.30  113.9496  22.2116   0.5062     -109.6901
   4271    4271  5257.08    1785.36  113.9612  22.2099   0.5966     -105.0196
   4271    4393  5278.69    1905.52  113.9729  22.2082   0.6901     -101.5919
   4271    4515  5300.33    2025.78  113.9846  22.2064   0.7855     -98.9857
   4271    4637  5321.98    2146.16  113.9963  22.2047   0.8823     -96.9446
   4271    4759  5343.66    2266.66  114.0080  22.2029   0.9800     -95.3063
   4271    4881  5365.36    2387.29  114.0198  22.2012   1.0786     -93.9639
   4271    5003  5387.08    2508.06  114.0315  22.1994   1.1777     -92.8448
   4271    5125  5408.84    2628.98  114.0433  22.1977   1.2773     -91.8980
   4271    5247  5430.62    2750.07  114.0550  22.1959   1.3773     -91.0868
   4271    5369  5452.43    2871.33  114.0668  22.1942   1.4777     -90.3840
   4271    5491  5474.27    2992.76  114.0786  22.1924   1.5785     -89.7694
   4271    5613  5496.15    3114.39  114.0904  22.1907   1.6795     -89.2272
   4271    5735  5518.06    3236.21  114.1023  22.1889   1.7809     -88.7454
   4271    5857  5540.01    3358.25  114.1141  22.1871   1.8825     -88.3144
   4271    6000  5565.79    3501.56  114.1281  22.1851   2.0019     -87.8635
   4393       1  4618.38    -2458.07  113.5488  22.2593   3.0051     103.5398
   4393     123  4640.43    -2335.55  113.5607  22.2575   2.9027     103.7086
   4393     245  4662.44    -2213.26  113.5726  22.2558   2.8006     103.8890
   4393     367  4684.41    -2091.20  113.5845  22.2541   2.6986     104.0825
   4393     489  4706.34    -1969.34  113.5963  22.2523   2.5967     104.2905
   4393     611  4728.23    -1847.68  113.6082  22.2506   2.4951     104.5147
   4393     733  4750.09    -1726.22  113.6200  22.2489   2.3937     104.7572
   4393     855  4771.92    -1604.94  113.6318  22.2472   2.2925     105.0204
   4393     977  4793.72    -1483.83  113.6435  22.2454   2.1914     105.3070
   4393    1099  4815.48    -1362.88  113.6553  22.2437   2.0905     105.6206
   4393    1221  4837.22    -1242.09  113.6671  22.2420   1.9898     105.9650
   4393    1343  4858.93    -1121.44  113.6788  22.2403   1.8893     106.3453
   4393    1465  4880.62    -1000.92  113.6905  22.2386   1.7890     106.7672
   4393    1587  4902.29    -880.53  113.7022  22.2369   1.6888     107.2384
   4393    1709  4923.93    -760.25  113.7139  22.2351   1.5889     107.7678
   4393    1831  4945.56    -640.08  113.7256  22.2334   1.4892     108.3670
   4393    1953  4967.16    -520.00  113.7373  22.2317   1.3898     109.0510
   4393    2075  4988.76    -400.02  113.7490  22.2300   1.2907     109.8391
   4393    2197  5010.33    -280.10  113.7606  22.2283   1.1918     110.7567
   4393    2319  5031.90    -160.26  113.7723  22.2266   1.0934     111.8386
   4393    2441  5053.45    -40.47  113.7839  22.2249   0.9956     113.1323
   4393    2563  5075.00    79.27  113.7956  22.2231   0.8983     114.7057
   4393    2685  5096.54    198.97  113.8072  22.2214   0.8019     116.6574
   4393    2807  5118.07    318.64  113.8188  22.2197   0.7067     119.1369
   4393    2929  5139.60    438.29  113.8305  22.2180   0.6133     122.3779
   4393    3051  5161.12    557.93  113.8421  22.2163   0.5225     126.7620
   4393    3173  5182.65    677.57  113.8538  22.2146   0.4360     132.9330
   4393    3295  5204.18    797.22  113.8654  22.2128   0.3570     141.9841
   4393    3417  5225.71    916.89  113.8770  22.2111   0.2915     155.5921
   4393    3539  5247.24    1036.59  113.8887  22.2094   0.2506     175.1778
   4393    3661  5268.78    1156.32  113.9003  22.2077   0.2467     -161.4759
   4393    3783  5290.33    1276.10  113.9120  22.2060   0.2814     -140.8021
   4393    3905  5311.89    1395.94  113.9236  22.2042   0.3432     -126.0964
   4393    4027  5333.46    1515.84  113.9353  22.2025   0.4205     -116.3082
   4393    4149  5355.05    1635.82  113.9469  22.2008   0.5061     -109.6817
   4393    4271  5376.64    1755.88  113.9586  22.1990   0.5966     -105.0122
   4393    4393  5398.26    1876.04  113.9703  22.1973   0.6901     -101.5854
   4393    4515  5419.89    1996.30  113.9820  22.1956   0.7855     -98.9799
   4393    4637  5441.55    2116.68  113.9937  22.1938   0.8823     -96.9395
   4393    4759  5463.23    2237.18  114.0054  22.1921   0.9800     -95.3017
   4393    4881  5484.92    2357.81  114.0171  22.1904   1.0785     -93.9598
   4393    5003  5506.65    2478.58  114.0289  22.1886   1.1777     -92.8411
   4393    5125  5528.40    2599.51  114.0406  22.1869   1.2773     -91.8946
   4393    5247  5550.18    2720.59  114.0524  22.1851   1.3773     -91.0836
   4393    5369  5571.99    2841.85  114.0642  22.1834   1.4777     -90.3811
   4393    5491  5593.84    2963.28  114.0760  22.1816   1.5785     -89.7667
   4393    5613  5615.71    3084.91  114.0878  22.1798   1.6795     -89.2248
   4393    5735  5637.62    3206.73  114.0997  22.1781   1.7809     -88.7431
   4393    5857  5659.57    3328.77  114.1115  22.1763   1.8825     -88.3123
   4393    6000  5685.35    3472.09  114.1254  22.1742   2.0019     -87.8615
   4515       1  4737.96    -2487.55  113.5462  22.2484   3.0051     103.5373
   4515     123  4760.01    -2365.04  113.5581  22.2467   2.9027     103.7061
   4515     245  4782.02    -2242.75  113.5700  22.2450   2.8006     103.8865
   4515     367  4803.99    -2120.68  113.5819  22.2432   2.6986     104.0799
   4515     489  4825.92    -1998.83  113.5937  22.2415   2.5967     104.2878
   4515     611  4847.82    -1877.17  113.6056  22.2398   2.4951     104.5119
   4515     733  4869.68    -1755.71  113.6174  22.2381   2.3937     104.7543
   4515     855  4891.50    -1634.42  113.6292  22.2363   2.2924     105.0174
   4515     977  4913.30    -1513.31  113.6409  22.2346   2.1914     105.3039
   4515    1099  4935.06    -1392.37  113.6527  22.2329   2.0905     105.6173
   4515    1221  4956.80    -1271.57  113.6645  22.2312   1.9898     105.9617
   4515    1343  4978.52    -1150.92  113.6762  22.2294   1.8893     106.3418
   4515    1465  5000.20    -1030.41  113.6879  22.2277   1.7889     106.7636
   4515    1587  5021.87    -910.01  113.6996  22.2260   1.6888     107.2345
   4515    1709  5043.51    -789.74  113.7113  22.2243   1.5889     107.7637
   4515    1831  5065.14    -669.56  113.7230  22.2226   1.4892     108.3628
   4515    1953  5086.74    -549.49  113.7347  22.2209   1.3898     109.0465
   4515    2075  5108.33    -429.50  113.7464  22.2192   1.2906     109.8342
   4515    2197  5129.91    -309.59  113.7580  22.2174   1.1918     110.7516
   4515    2319  5151.47    -189.74  113.7697  22.2157   1.0934     111.8330
   4515    2441  5173.03    -69.95  113.7813  22.2140   0.9955     113.1263
   4515    2563  5194.57    49.79  113.7930  22.2123   0.8983     114.6991
   4515    2685  5216.11    169.49  113.8046  22.2106   0.8019     116.6502
   4515    2807  5237.64    289.16  113.8162  22.2089   0.7067     119.1288
   4515    2929  5259.17    408.81  113.8279  22.2071   0.6132     122.3689
   4515    3051  5280.70    528.45  113.8395  22.2054   0.5224     126.7518
   4515    3173  5302.22    648.09  113.8511  22.2037   0.4359     132.9215
   4515    3295  5323.75    767.74  113.8628  22.2020   0.3569     141.9716
   4515    3417  5345.28    887.41  113.8744  22.2003   0.2915     155.5801
   4515    3539  5366.81    1007.11  113.8860  22.1986   0.2505     175.1705
   4515    3661  5388.35    1126.84  113.8977  22.1968   0.2466     -161.4744
   4515    3783  5409.90    1246.62  113.9093  22.1951   0.2813     -140.7943
   4515    3905  5431.46    1366.46  113.9210  22.1934   0.3432     -126.0867
   4515    4027  5453.03    1486.36  113.9326  22.1917   0.4204     -116.2988
   4515    4149  5474.62    1606.34  113.9443  22.1899   0.5061     -109.6734
   4515    4271  5496.21    1726.40  113.9560  22.1882   0.5966     -105.0049
   4515    4393  5517.83    1846.56  113.9677  22.1865   0.6900     -101.5789
   4515    4515  5539.46    1966.82  113.9794  22.1847   0.7854     -98.9742
   4515    4637  5561.12    2087.20  113.9911  22.1830   0.8822     -96.9344
   4515    4759  5582.79    2207.70  114.0028  22.1813   0.9800     -95.2971
   4515    4881  5604.49    2328.33  114.0145  22.1795   1.0785     -93.9556
   4515    5003  5626.22    2449.10  114.0262  22.1778   1.1776     -92.8373
   4515    5125  5647.97    2570.03  114.0380  22.1760   1.2773     -91.8912
   4515    5247  5669.75    2691.11  114.0498  22.1743   1.3773     -91.0805
   4515    5369  5691.56    2812.37  114.0615  22.1725   1.4777     -90.3783
   4515    5491  5713.40    2933.81  114.0734  22.1708   1.5784     -89.7641
   4515    5613  5735.28    3055.43  114.0852  22.1690   1.6795     -89.2223
   4515    5735  5757.19    3177.26  114.0970  22.1672   1.7808     -88.7409
   4515    5857  5779.14    3299.29  114.1089  22.1655   1.8825     -88.3101
   4515    6000  5804.92    3442.61  114.1228  22.1634   2.0019     -87.8596
   4637       1  4857.54    -2517.04  113.5436  22.2376   3.0051     103.5349
   4637     123  4879.60    -2394.53  113.5555  22.2359   2.9027     103.7036
   4637     245  4901.60    -2272.24  113.5674  22.2341   2.8005     103.8840
   4637     367  4923.57    -2150.17  113.5793  22.2324   2.6986     104.0773
   4637     489  4945.50    -2028.31  113.5911  22.2307   2.5967     104.2851
   4637     611  4967.40    -1906.66  113.6030  22.2289   2.4951     104.5091
   4637     733  4989.26    -1785.19  113.6148  22.2272   2.3937     104.7514
   4637     855  5011.09    -1663.91  113.6266  22.2255   2.2924     105.0144
   4637     977  5032.88    -1542.80  113.6383  22.2238   2.1914     105.3008
   4637    1099  5054.65    -1421.85  113.6501  22.2220   2.0905     105.6141
   4637    1221  5076.38    -1301.06  113.6619  22.2203   1.9898     105.9583
   4637    1343  5098.10    -1180.41  113.6736  22.2186   1.8893     106.3383
   4637    1465  5119.78    -1059.89  113.6853  22.2169   1.7889     106.7599
   4637    1587  5141.45    -939.50  113.6970  22.2152   1.6888     107.2307
   4637    1709  5163.09    -819.22  113.7087  22.2135   1.5889     107.7597
   4637    1831  5184.71    -699.05  113.7204  22.2117   1.4892     108.3585
   4637    1953  5206.32    -578.97  113.7321  22.2100   1.3898     109.0420
   4637    2075  5227.91    -458.99  113.7437  22.2083   1.2906     109.8294
   4637    2197  5249.49    -339.07  113.7554  22.2066   1.1918     110.7464
   4637    2319  5271.05    -219.23  113.7671  22.2049   1.0934     111.8275
   4637    2441  5292.60    -99.44  113.7787  22.2032   0.9955     113.1203
   4637    2563  5314.15    20.30  113.7903  22.2015   0.8983     114.6925
   4637    2685  5335.69    140.00  113.8020  22.1997   0.8019     116.6430
   4637    2807  5357.22    259.67  113.8136  22.1980   0.7067     119.1208
   4637    2929  5378.75    379.32  113.8253  22.1963   0.6132     122.3599
   4637    3051  5400.27    498.97  113.8369  22.1946   0.5224     126.7417
   4637    3173  5421.80    618.61  113.8485  22.1929   0.4359     132.9100
   4637    3295  5443.32    738.26  113.8602  22.1912   0.3568     141.9591
   4637    3417  5464.85    857.93  113.8718  22.1894   0.2914     155.5681
   4637    3539  5486.39    977.62  113.8834  22.1877   0.2504     175.1632
   4637    3661  5507.93    1097.36  113.8951  22.1860   0.2465     -161.4729
   4637    3783  5529.47    1217.14  113.9067  22.1843   0.2812     -140.7864
   4637    3905  5551.03    1336.97  113.9184  22.1825   0.3431     -126.0769
   4637    4027  5572.60    1456.88  113.9300  22.1808   0.4204     -116.2895
   4637    4149  5594.19    1576.86  113.9417  22.1791   0.5060     -109.6650
   4637    4271  5615.78    1696.92  113.9534  22.1774   0.5965     -104.9975
   4637    4393  5637.40    1817.08  113.9650  22.1756   0.6900     -101.5724
   4637    4515  5659.03    1937.34  113.9767  22.1739   0.7854     -98.9685
   4637    4637  5680.69    2057.72  113.9884  22.1722   0.8822     -96.9293
   4637    4759  5702.36    2178.22  114.0001  22.1704   0.9800     -95.2925
   4637    4881  5724.06    2298.85  114.0119  22.1687   1.0785     -93.9515
   4637    5003  5745.78    2419.62  114.0236  22.1669   1.1776     -92.8336
   4637    5125  5767.54    2540.55  114.0354  22.1652   1.2772     -91.8878
   4637    5247  5789.31    2661.63  114.0471  22.1634   1.3773     -91.0774
   4637    5369  5811.12    2782.89  114.0589  22.1617   1.4777     -90.3754
   4637    5491  5832.97    2904.32  114.0707  22.1599   1.5784     -89.7614
   4637    5613  5854.84    3025.95  114.0825  22.1582   1.6795     -89.2199
   4637    5735  5876.75    3147.78  114.0944  22.1564   1.7808     -88.7386
   4637    5857  5898.70    3269.81  114.1062  22.1546   1.8824     -88.3080
   4637    6000  5924.48    3413.13  114.1202  22.1525   2.0019     -87.8576
   4759       1  4977.13    -2546.53  113.5410  22.2267   3.0051     103.5325
   4759     123  4999.18    -2424.01  113.5529  22.2250   2.9027     103.7011
   4759     245  5021.19    -2301.73  113.5648  22.2233   2.8005     103.8814
   4759     367  5043.16    -2179.66  113.5767  22.2215   2.6985     104.0747
   4759     489  5065.09    -2057.80  113.5885  22.2198   2.5967     104.2824
   4759     611  5086.98    -1936.15  113.6004  22.2181   2.4951     104.5063
   4759     733  5108.84    -1814.68  113.6122  22.2164   2.3937     104.7485
   4759     855  5130.67    -1693.40  113.6240  22.2146   2.2924     105.0114
   4759     977  5152.46    -1572.29  113.6357  22.2129   2.1914     105.2977
   4759    1099  5174.23    -1451.34  113.6475  22.2112   2.0905     105.6109
   4759    1221  5195.97    -1330.55  113.6593  22.2095   1.9898     105.9550
   4759    1343  5217.68    -1209.89  113.6710  22.2078   1.8893     106.3348
   4759    1465  5239.36    -1089.38  113.6827  22.2060   1.7889     106.7563
   4759    1587  5261.03    -968.98  113.6944  22.2043   1.6888     107.2268
   4759    1709  5282.67    -848.71  113.7061  22.2026   1.5889     107.7556
   4759    1831  5304.29    -728.54  113.7178  22.2009   1.4892     108.3542
   4759    1953  5325.90    -608.46  113.7295  22.1992   1.3898     109.0375
   4759    2075  5347.49    -488.47  113.7411  22.1975   1.2906     109.8246
   4759    2197  5369.07    -368.56  113.7528  22.1958   1.1918     110.7413
   4759    2319  5390.63    -248.71  113.7644  22.1940   1.0934     111.8219
   4759    2441  5412.18    -128.92  113.7761  22.1923   0.9955     113.1143
   4759    2563  5433.73    -9.18  113.7877  22.1906   0.8982     114.6859
   4759    2685  5455.26    110.52  113.7994  22.1889   0.8018     116.6357
   4759    2807  5476.79    230.19  113.8110  22.1872   0.7066     119.1128
   4759    2929  5498.32    349.84  113.8226  22.1855   0.6132     122.3509
   4759    3051  5519.85    469.48  113.8343  22.1838   0.5224     126.7315
   4759    3173  5541.37    589.13  113.8459  22.1820   0.4359     132.8986
   4759    3295  5562.90    708.78  113.8575  22.1803   0.3568     141.9466
   4759    3417  5584.42    828.44  113.8692  22.1786   0.2913     155.5561
   4759    3539  5605.96    948.14  113.8808  22.1769   0.2503     175.1559
   4759    3661  5627.50    1067.88  113.8924  22.1752   0.2464     -161.4715
   4759    3783  5649.05    1187.66  113.9041  22.1734   0.2811     -140.7785
   4759    3905  5670.60    1307.49  113.9157  22.1717   0.3430     -126.0672
   4759    4027  5692.17    1427.40  113.9274  22.1700   0.4203     -116.2802
   4759    4149  5713.76    1547.38  113.9391  22.1683   0.5060     -109.6566
   4759    4271  5735.35    1667.44  113.9507  22.1665   0.5965     -104.9901
   4759    4393  5756.97    1787.60  113.9624  22.1648   0.6899     -101.5659
   4759    4515  5778.60    1907.86  113.9741  22.1631   0.7854     -98.9627
   4759    4637  5800.25    2028.24  113.9858  22.1613   0.8822     -96.9242
   4759    4759  5821.93    2148.74  113.9975  22.1596   0.9799     -95.2880
   4759    4881  5843.63    2269.37  114.0092  22.1578   1.0785     -93.9474
   4759    5003  5865.35    2390.14  114.0210  22.1561   1.1776     -92.8298
   4759    5125  5887.10    2511.07  114.0327  22.1543   1.2772     -91.8843
   4759    5247  5908.88    2632.15  114.0445  22.1526   1.3772     -91.0743
   4759    5369  5930.69    2753.41  114.0563  22.1508   1.4777     -90.3725
   4759    5491  5952.53    2874.85  114.0681  22.1491   1.5784     -89.7588
   4759    5613  5974.41    2996.47  114.0799  22.1473   1.6795     -89.2174
   4759    5735  5996.32    3118.30  114.0918  22.1455   1.7808     -88.7363
   4759    5857  6018.27    3240.33  114.1036  22.1438   1.8824     -88.3059
   4759    6000  6044.04    3383.65  114.1175  22.1417   2.0019     -87.8557
   4881       1  5096.72    -2576.02  113.5384  22.2159   3.0051     103.5301
   4881     123  5118.77    -2453.50  113.5503  22.2142   2.9027     103.6987
   4881     245  5140.77    -2331.21  113.5622  22.2124   2.8005     103.8789
   4881     367  5162.74    -2209.15  113.5741  22.2107   2.6985     104.0720
   4881     489  5184.67    -2087.29  113.5859  22.2090   2.5967     104.2797
   4881     611  5206.57    -1965.63  113.5978  22.2072   2.4951     104.5036
   4881     733  5228.43    -1844.17  113.6096  22.2055   2.3937     104.7457
   4881     855  5250.25    -1722.88  113.6214  22.2038   2.2924     105.0084
   4881     977  5272.05    -1601.77  113.6332  22.2021   2.1914     105.2947
   4881    1099  5293.81    -1480.83  113.6449  22.2004   2.0905     105.6077
   4881    1221  5315.55    -1360.03  113.6567  22.1986   1.9898     105.9516
   4881    1343  5337.26    -1239.38  113.6684  22.1969   1.8893     106.3313
   4881    1465  5358.94    -1118.86  113.6801  22.1952   1.7889     106.7526
   4881    1587  5380.61    -998.47  113.6918  22.1935   1.6888     107.2230
   4881    1709  5402.25    -878.19  113.7035  22.1918   1.5889     107.7516
   4881    1831  5423.87    -758.02  113.7152  22.1901   1.4892     108.3500
   4881    1953  5445.48    -637.94  113.7269  22.1883   1.3898     109.0329
   4881    2075  5467.07    -517.95  113.7385  22.1866   1.2906     109.8198
   4881    2197  5488.64    -398.04  113.7502  22.1849   1.1918     110.7361
   4881    2319  5510.21    -278.19  113.7618  22.1832   1.0934     111.8164
   4881    2441  5531.76    -158.41  113.7735  22.1815   0.9955     113.1082
   4881    2563  5553.30    -38.67  113.7851  22.1798   0.8982     114.6794
   4881    2685  5574.84    81.03  113.7968  22.1781   0.8018     116.6285
   4881    2807  5596.37    200.71  113.8084  22.1763   0.7066     119.1047
   4881    2929  5617.90    320.36  113.8200  22.1746   0.6131     122.3418
   4881    3051  5639.42    440.00  113.8317  22.1729   0.5223     126.7213
   4881    3173  5660.94    559.64  113.8433  22.1712   0.4358     132.8871
   4881    3295  5682.47    679.29  113.8549  22.1695   0.3567     141.9341
   4881    3417  5704.00    798.96  113.8666  22.1678   0.2912     155.5441
   4881    3539  5725.53    918.66  113.8782  22.1660   0.2502     175.1486
   4881    3661  5747.07    1038.39  113.8898  22.1643   0.2463     -161.4700
   4881    3783  5768.62    1158.17  113.9015  22.1626   0.2811     -140.7706
   4881    3905  5790.18    1278.01  113.9131  22.1609   0.3430     -126.0575
   4881    4027  5811.75    1397.92  113.9248  22.1591   0.4202     -116.2708
   4881    4149  5833.33    1517.90  113.9364  22.1574   0.5059     -109.6482
   4881    4271  5854.93    1637.96  113.9481  22.1557   0.5964     -104.9827
   4881    4393  5876.54    1758.12  113.9598  22.1540   0.6899     -101.5594
   4881    4515  5898.17    1878.38  113.9715  22.1522   0.7853     -98.9570
   4881    4637  5919.82    1998.76  113.9832  22.1505   0.8821     -96.9191
   4881    4759  5941.50    2119.26  113.9949  22.1487   0.9799     -95.2834
   4881    4881  5963.20    2239.89  114.0066  22.1470   1.0784     -93.9432
   4881    5003  5984.92    2360.66  114.0184  22.1453   1.1776     -92.8261
   4881    5125  6006.67    2481.59  114.0301  22.1435   1.2772     -91.8809
   4881    5247  6028.45    2602.67  114.0419  22.1418   1.3772     -91.0711
   4881    5369  6050.26    2723.93  114.0537  22.1400   1.4776     -90.3696
   4881    5491  6072.10    2845.37  114.0655  22.1382   1.5784     -89.7561
   4881    5613  6093.97    2966.99  114.0773  22.1365   1.6794     -89.2149
   4881    5735  6115.88    3088.82  114.0891  22.1347   1.7808     -88.7340
   4881    5857  6137.83    3210.85  114.1010  22.1329   1.8824     -88.3038
   4881    6000  6163.61    3354.17  114.1149  22.1309   2.0018     -87.8537
   5003       1  5216.30    -2605.51  113.5358  22.2051   3.0051     103.5277
   5003     123  5238.35    -2482.99  113.5477  22.2033   2.9027     103.6962
   5003     245  5260.36    -2360.70  113.5596  22.2016   2.8005     103.8763
   5003     367  5282.33    -2238.63  113.5715  22.1999   2.6985     104.0694
   5003     489  5304.26    -2116.78  113.5833  22.1981   2.5967     104.2770
   5003     611  5326.15    -1995.12  113.5952  22.1964   2.4951     104.5008
   5003     733  5348.01    -1873.66  113.6070  22.1947   2.3937     104.7428
   5003     855  5369.83    -1752.37  113.6188  22.1930   2.2924     105.0054
   5003     977  5391.63    -1631.26  113.6306  22.1912   2.1914     105.2916
   5003    1099  5413.39    -1510.31  113.6423  22.1895   2.0905     105.6045
   5003    1221  5435.13    -1389.52  113.6541  22.1878   1.9898     105.9483
   5003    1343  5456.84    -1268.87  113.6658  22.1861   1.8892     106.3278
   5003    1465  5478.52    -1148.35  113.6775  22.1844   1.7889     106.7490
   5003    1587  5500.19    -1027.96  113.6892  22.1826   1.6888     107.2192
   5003    1709  5521.83    -907.68  113.7009  22.1809   1.5889     107.7476
   5003    1831  5543.45    -787.51  113.7126  22.1792   1.4892     108.3457
   5003    1953  5565.06    -667.43  113.7243  22.1775   1.3897     109.0284
   5003    2075  5586.65    -547.44  113.7359  22.1758   1.2906     109.8150
   5003    2197  5608.22    -427.53  113.7476  22.1741   1.1918     110.7309
   5003    2319  5629.78    -307.68  113.7592  22.1724   1.0934     111.8108
   5003    2441  5651.34    -187.89  113.7709  22.1706   0.9955     113.1022
   5003    2563  5672.88    -68.15  113.7825  22.1689   0.8982     114.6728
   5003    2685  5694.42    51.55  113.7942  22.1672   0.8018     116.6212
   5003    2807  5715.95    171.22  113.8058  22.1655   0.7066     119.0967
   5003    2929  5737.47    290.87  113.8174  22.1638   0.6131     122.3328
   5003    3051  5759.00    410.52  113.8290  22.1621   0.5223     126.7111
   5003    3173  5780.52    530.16  113.8407  22.1604   0.4358     132.8756
   5003    3295  5802.04    649.81  113.8523  22.1586   0.3567     141.9216
   5003    3417  5823.57    769.48  113.8639  22.1569   0.2912     155.5320
   5003    3539  5845.11    889.18  113.8756  22.1552   0.2501     175.1413
   5003    3661  5866.64    1008.91  113.8872  22.1535   0.2462     -161.4685
   5003    3783  5888.19    1128.69  113.8989  22.1518   0.2810     -140.7627
   5003    3905  5909.75    1248.53  113.9105  22.1500   0.3429     -126.0478
   5003    4027  5931.32    1368.43  113.9222  22.1483   0.4202     -116.2615
   5003    4149  5952.90    1488.41  113.9338  22.1466   0.5059     -109.6399
   5003    4271  5974.50    1608.48  113.9455  22.1448   0.5964     -104.9754
   5003    4393  5996.11    1728.64  113.9572  22.1431   0.6899     -101.5529
   5003    4515  6017.74    1848.90  113.9689  22.1414   0.7853     -98.9512
   5003    4637  6039.39    1969.28  113.9806  22.1396   0.8821     -96.9139
   5003    4759  6061.07    2089.77  113.9923  22.1379   0.9799     -95.2788
   5003    4881  6082.77    2210.41  114.0040  22.1362   1.0784     -93.9391
   5003    5003  6104.49    2331.18  114.0157  22.1344   1.1775     -92.8223
   5003    5125  6126.24    2452.11  114.0275  22.1327   1.2772     -91.8775
   5003    5247  6148.02    2573.19  114.0392  22.1309   1.3772     -91.0680
   5003    5369  6169.82    2694.45  114.0510  22.1292   1.4776     -90.3667
   5003    5491  6191.67    2815.89  114.0628  22.1274   1.5784     -89.7534
   5003    5613  6213.54    2937.51  114.0746  22.1256   1.6794     -89.2125
   5003    5735  6235.45    3059.34  114.0865  22.1239   1.7808     -88.7317
   5003    5857  6257.40    3181.37  114.0983  22.1221   1.8824     -88.3016
   5003    6000  6283.17    3324.69  114.1123  22.1200   2.0018     -87.8518
   5125       1  5335.89    -2635.00  113.5332  22.1942   3.0051     103.5253
   5125     123  5357.94    -2512.48  113.5451  22.1925   2.9027     103.6937
   5125     245  5379.95    -2390.19  113.5570  22.1907   2.8005     103.8738
   5125     367  5401.91    -2268.12  113.5689  22.1890   2.6985     104.0668
   5125     489  5423.84    -2146.26  113.5808  22.1873   2.5967     104.2743
   5125     611  5445.74    -2024.61  113.5926  22.1856   2.4951     104.4980
   5125     733  5467.59    -1903.14  113.6044  22.1838   2.3937     104.7399
   5125     855  5489.42    -1781.86  113.6162  22.1821   2.2924     105.0025
   5125     977  5511.21    -1660.75  113.6280  22.1804   2.1914     105.2885
   5125    1099  5532.98    -1539.80  113.6397  22.1787   2.0905     105.6013
   5125    1221  5554.71    -1419.00  113.6515  22.1769   1.9898     105.9449
   5125    1343  5576.42    -1298.35  113.6632  22.1752   1.8892     106.3243
   5125    1465  5598.11    -1177.84  113.6749  22.1735   1.7889     106.7453
   5125    1587  5619.77    -1057.44  113.6866  22.1718   1.6888     107.2153
   5125    1709  5641.41    -937.16  113.6983  22.1701   1.5889     107.7435
   5125    1831  5663.03    -816.99  113.7100  22.1684   1.4892     108.3414
   5125    1953  5684.64    -696.91  113.7217  22.1667   1.3897     109.0239
   5125    2075  5706.23    -576.92  113.7333  22.1649   1.2906     109.8102
   5125    2197  5727.80    -457.01  113.7450  22.1632   1.1918     110.7258
   5125    2319  5749.36    -337.16  113.7566  22.1615   1.0934     111.8052
   5125    2441  5770.91    -217.38  113.7683  22.1598   0.9954     113.0962
   5125    2563  5792.46    -97.64  113.7799  22.1581   0.8982     114.6662
   5125    2685  5813.99    22.07  113.7915  22.1564   0.8018     116.6140
   5125    2807  5835.52    141.74  113.8032  22.1547   0.7066     119.0886
   5125    2929  5857.05    261.39  113.8148  22.1529   0.6131     122.3238
   5125    3051  5878.57    381.03  113.8264  22.1512   0.5223     126.7009
   5125    3173  5900.09    500.68  113.8381  22.1495   0.4357     132.8641
   5125    3295  5921.62    620.33  113.8497  22.1478   0.3566     141.9090
   5125    3417  5943.15    740.00  113.8613  22.1461   0.2911     155.5200
   5125    3539  5964.68    859.69  113.8730  22.1444   0.2500     175.1339
   5125    3661  5986.22    979.43  113.8846  22.1426   0.2461     -161.4671
   5125    3783  6007.76    1099.21  113.8962  22.1409   0.2809     -140.7548
   5125    3905  6029.32    1219.05  113.9079  22.1392   0.3428     -126.0380
   5125    4027  6050.89    1338.95  113.9195  22.1375   0.4201     -116.2521
   5125    4149  6072.47    1458.93  113.9312  22.1357   0.5058     -109.6315
   5125    4271  6094.07    1579.00  113.9429  22.1340   0.5963     -104.9680
   5125    4393  6115.68    1699.16  113.9545  22.1323   0.6898     -101.5464
   5125    4515  6137.31    1819.42  113.9662  22.1305   0.7853     -98.9455
   5125    4637  6158.96    1939.79  113.9779  22.1288   0.8821     -96.9088
   5125    4759  6180.64    2060.29  113.9896  22.1271   0.9798     -95.2742
   5125    4881  6202.33    2180.93  114.0014  22.1253   1.0784     -93.9350
   5125    5003  6224.06    2301.70  114.0131  22.1236   1.1775     -92.8186
   5125    5125  6245.81    2422.63  114.0248  22.1218   1.2771     -91.8741
   5125    5247  6267.58    2543.71  114.0366  22.1201   1.3772     -91.0648
   5125    5369  6289.39    2664.97  114.0484  22.1183   1.4776     -90.3639
   5125    5491  6311.23    2786.41  114.0602  22.1166   1.5783     -89.7508
   5125    5613  6333.11    2908.03  114.0720  22.1148   1.6794     -89.2100
   5125    5735  6355.02    3029.86  114.0839  22.1130   1.7807     -88.7294
   5125    5857  6376.96    3151.90  114.0957  22.1113   1.8824     -88.2995
   5125    6000  6402.74    3295.21  114.1096  22.1092   2.0018     -87.8498
   5247       1  5455.48    -2664.49  113.5306  22.1834   3.0051     103.5229
   5247     123  5477.53    -2541.97  113.5426  22.1816   2.9027     103.6913
   5247     245  5499.53    -2419.68  113.5544  22.1799   2.8005     103.8713
   5247     367  5521.50    -2297.61  113.5663  22.1782   2.6985     104.0642
   5247     489  5543.43    -2175.75  113.5782  22.1764   2.5967     104.2716
   5247     611  5565.32    -2054.10  113.5900  22.1747   2.4951     104.4952
   5247     733  5587.18    -1932.63  113.6018  22.1730   2.3937     104.7370
   5247     855  5609.00    -1811.35  113.6136  22.1713   2.2924     104.9995
   5247     977  5630.79    -1690.24  113.6254  22.1695   2.1914     105.2854
   5247    1099  5652.56    -1569.29  113.6371  22.1678   2.0905     105.5981
   5247    1221  5674.29    -1448.49  113.6489  22.1661   1.9898     105.9416
   5247    1343  5696.00    -1327.84  113.6606  22.1644   1.8892     106.3208
   5247    1465  5717.69    -1207.32  113.6723  22.1627   1.7889     106.7417
   5247    1587  5739.35    -1086.93  113.6840  22.1610   1.6888     107.2115
   5247    1709  5760.99    -966.65  113.6957  22.1592   1.5889     107.7395
   5247    1831  5782.61    -846.48  113.7074  22.1575   1.4892     108.3372
   5247    1953  5804.22    -726.40  113.7190  22.1558   1.3897     109.0194
   5247    2075  5825.81    -606.41  113.7307  22.1541   1.2906     109.8053
   5247    2197  5847.38    -486.50  113.7424  22.1524   1.1918     110.7206
   5247    2319  5868.94    -366.65  113.7540  22.1507   1.0933     111.7997
   5247    2441  5890.49    -246.86  113.7657  22.1490   0.9954     113.0902
   5247    2563  5912.04    -127.12  113.7773  22.1472   0.8982     114.6596
   5247    2685  5933.57    -7.42  113.7889  22.1455   0.8018     116.6068
   5247    2807  5955.10    112.25  113.8006  22.1438   0.7065     119.0806
   5247    2929  5976.62    231.91  113.8122  22.1421   0.6131     122.3148
   5247    3051  5998.15    351.55  113.8238  22.1404   0.5222     126.6907
   5247    3173  6019.67    471.19  113.8355  22.1387   0.4357     132.8526
   5247    3295  6041.19    590.84  113.8471  22.1369   0.3565     141.8965
   5247    3417  6062.72    710.51  113.8587  22.1352   0.2910     155.5080
   5247    3539  6084.25    830.21  113.8703  22.1335   0.2499     175.1266
   5247    3661  6105.79    949.94  113.8820  22.1318   0.2460     -161.4656
   5247    3783  6127.34    1069.73  113.8936  22.1301   0.2808     -140.7469
   5247    3905  6148.89    1189.56  113.9053  22.1283   0.3427     -126.0283
   5247    4027  6170.46    1309.47  113.9169  22.1266   0.4201     -116.2427
   5247    4149  6192.04    1429.45  113.9286  22.1249   0.5058     -109.6231
   5247    4271  6213.64    1549.51  113.9402  22.1232   0.5963     -104.9606
   5247    4393  6235.25    1669.67  113.9519  22.1214   0.6898     -101.5399
   5247    4515  6256.88    1789.94  113.9636  22.1197   0.7852     -98.9398
   5247    4637  6278.53    1910.31  113.9753  22.1180   0.8820     -96.9037
   5247    4759  6300.21    2030.81  113.9870  22.1162   0.9798     -95.2696
   5247    4881  6321.90    2151.44  113.9987  22.1145   1.0783     -93.9308
   5247    5003  6343.63    2272.22  114.0105  22.1127   1.1775     -92.8148
   5247    5125  6365.37    2393.14  114.0222  22.1110   1.2771     -91.8706
   5247    5247  6387.15    2514.23  114.0340  22.1092   1.3772     -91.0617
   5247    5369  6408.96    2635.49  114.0458  22.1075   1.4776     -90.3610
   5247    5491  6430.80    2756.93  114.0576  22.1057   1.5783     -89.7481
   5247    5613  6452.67    2878.55  114.0694  22.1040   1.6794     -89.2075
   5247    5735  6474.58    3000.38  114.0812  22.1022   1.7807     -88.7272
   5247    5857  6496.53    3122.41  114.0931  22.1004   1.8823     -88.2974
   5247    6000  6522.30    3265.73  114.1070  22.0983   2.0018     -87.8478
   5369       1  5575.06    -2693.98  113.5281  22.1725   3.0051     103.5205
   5369     123  5597.11    -2571.46  113.5400  22.1708   2.9027     103.6888
   5369     245  5619.12    -2449.17  113.5518  22.1691   2.8005     103.8687
   5369     367  5641.09    -2327.10  113.5637  22.1673   2.6985     104.0616
   5369     489  5663.01    -2205.24  113.5756  22.1656   2.5967     104.2689
   5369     611  5684.91    -2083.58  113.5874  22.1639   2.4951     104.4924
   5369     733  5706.76    -1962.12  113.5992  22.1621   2.3937     104.7341
   5369     855  5728.59    -1840.84  113.6110  22.1604   2.2924     104.9965
   5369     977  5750.38    -1719.72  113.6228  22.1587   2.1913     105.2823
   5369    1099  5772.14    -1598.78  113.6345  22.1570   2.0905     105.5948
   5369    1221  5793.88    -1477.98  113.6463  22.1553   1.9898     105.9382
   5369    1343  5815.59    -1357.33  113.6580  22.1535   1.8892     106.3173
   5369    1465  5837.27    -1236.81  113.6697  22.1518   1.7889     106.7380
   5369    1587  5858.93    -1116.42  113.6814  22.1501   1.6888     107.2077
   5369    1709  5880.57    -996.14  113.6931  22.1484   1.5888     107.7354
   5369    1831  5902.19    -875.96  113.7048  22.1467   1.4892     108.3329
   5369    1953  5923.80    -755.89  113.7164  22.1450   1.3897     109.0148
   5369    2075  5945.39    -635.90  113.7281  22.1433   1.2906     109.8005
   5369    2197  5966.96    -515.98  113.7398  22.1415   1.1917     110.7155
   5369    2319  5988.52    -396.14  113.7514  22.1398   1.0933     111.7941
   5369    2441  6010.07    -276.35  113.7631  22.1381   0.9954     113.0842
   5369    2563  6031.61    -156.61  113.7747  22.1364   0.8981     114.6531
   5369    2685  6053.15    -36.90  113.7863  22.1347   0.8017     116.5995
   5369    2807  6074.68    82.77  113.7980  22.1330   0.7065     119.0725
   5369    2929  6096.20    202.42  113.8096  22.1313   0.6130     122.3057
   5369    3051  6117.72    322.07  113.8212  22.1295   0.5222     126.6805
   5369    3173  6139.25    441.71  113.8328  22.1278   0.4356     132.8412
   5369    3295  6160.77    561.36  113.8445  22.1261   0.3565     141.8840
   5369    3417  6182.30    681.03  113.8561  22.1244   0.2909     155.4959
   5369    3539  6203.83    800.73  113.8677  22.1227   0.2499     175.1193
   5369    3661  6225.37    920.46  113.8794  22.1209   0.2459     -161.4641
   5369    3783  6246.91    1040.24  113.8910  22.1192   0.2807     -140.7390
   5369    3905  6268.47    1160.08  113.9026  22.1175   0.3427     -126.0185
   5369    4027  6290.04    1279.99  113.9143  22.1158   0.4200     -116.2334
   5369    4149  6311.62    1399.97  113.9260  22.1141   0.5057     -109.6147
   5369    4271  6333.21    1520.03  113.9376  22.1123   0.5962     -104.9532
   5369    4393  6354.82    1640.19  113.9493  22.1106   0.6898     -101.5334
   5369    4515  6376.45    1760.45  113.9610  22.1089   0.7852     -98.9340
   5369    4637  6398.10    1880.83  113.9727  22.1071   0.8820     -96.8986
   5369    4759  6419.78    2001.33  113.9844  22.1054   0.9798     -95.2650
   5369    4881  6441.47    2121.96  113.9961  22.1036   1.0783     -93.9267
   5369    5003  6463.19    2242.74  114.0078  22.1019   1.1775     -92.8110
   5369    5125  6484.94    2363.66  114.0196  22.1001   1.2771     -91.8672
   5369    5247  6506.72    2484.75  114.0314  22.0984   1.3771     -91.0586
   5369    5369  6528.53    2606.01  114.0431  22.0966   1.4775     -90.3581
   5369    5491  6550.37    2727.45  114.0549  22.0949   1.5783     -89.7454
   5369    5613  6572.24    2849.07  114.0668  22.0931   1.6794     -89.2051
   5369    5735  6594.15    2970.90  114.0786  22.0914   1.7807     -88.7249
   5369    5857  6616.09    3092.94  114.0904  22.0896   1.8823     -88.2953
   5369    6000  6641.87    3236.26  114.1044  22.0875   2.0018     -87.8459
   5491       1  5694.65    -2723.46  113.5255  22.1617   3.0051     103.5181
   5491     123  5716.70    -2600.95  113.5374  22.1599   2.9027     103.6863
   5491     245  5738.71    -2478.66  113.5493  22.1582   2.8005     103.8662
   5491     367  5760.67    -2356.59  113.5611  22.1565   2.6985     104.0590
   5491     489  5782.60    -2234.73  113.5730  22.1548   2.5967     104.2662
   5491     611  5804.49    -2113.07  113.5848  22.1530   2.4951     104.4896
   5491     733  5826.35    -1991.61  113.5966  22.1513   2.3937     104.7313
   5491     855  5848.17    -1870.32  113.6084  22.1496   2.2924     104.9935
   5491     977  5869.96    -1749.21  113.6202  22.1479   2.1913     105.2792
   5491    1099  5891.73    -1628.26  113.6319  22.1461   2.0905     105.5916
   5491    1221  5913.46    -1507.47  113.6437  22.1444   1.9897     105.9349
   5491    1343  5935.17    -1386.81  113.6554  22.1427   1.8892     106.3138
   5491    1465  5956.85    -1266.30  113.6671  22.1410   1.7889     106.7343
   5491    1587  5978.51    -1145.90  113.6788  22.1393   1.6888     107.2038
   5491    1709  6000.15    -1025.62  113.6905  22.1375   1.5888     107.7314
   5491    1831  6021.77    -905.45  113.7022  22.1358   1.4891     108.3286
   5491    1953  6043.38    -785.37  113.7138  22.1341   1.3897     109.0103
   5491    2075  6064.97    -665.38  113.7255  22.1324   1.2905     109.7957
   5491    2197  6086.54    -545.47  113.7372  22.1307   1.1917     110.7103
   5491    2319  6108.10    -425.62  113.7488  22.1290   1.0933     111.7886
   5491    2441  6129.65    -305.83  113.7604  22.1273   0.9954     113.0781
   5491    2563  6151.19    -186.09  113.7721  22.1256   0.8981     114.6465
   5491    2685  6172.73    -66.39  113.7837  22.1238   0.8017     116.5923
   5491    2807  6194.25    53.29  113.7953  22.1221   0.7065     119.0645
   5491    2929  6215.78    172.94  113.8070  22.1204   0.6130     122.2967
   5491    3051  6237.30    292.58  113.8186  22.1187   0.5221     126.6703
   5491    3173  6258.82    412.22  113.8302  22.1170   0.4356     132.8297
   5491    3295  6280.35    531.88  113.8419  22.1153   0.3564     141.8714
   5491    3417  6301.87    651.55  113.8535  22.1135   0.2908     155.4839
   5491    3539  6323.40    771.24  113.8651  22.1118   0.2498     175.1119
   5491    3661  6344.94    890.98  113.8767  22.1101   0.2458     -161.4626
   5491    3783  6366.49    1010.76  113.8884  22.1084   0.2806     -140.7311
   5491    3905  6388.04    1130.60  113.9000  22.1067   0.3426     -126.0088
   5491    4027  6409.61    1250.51  113.9117  22.1049   0.4199     -116.2240
   5491    4149  6431.19    1370.49  113.9233  22.1032   0.5057     -109.6063
   5491    4271  6452.78    1490.55  113.9350  22.1015   0.5962     -104.9458
   5491    4393  6474.40    1610.71  113.9467  22.0997   0.6897     -101.5269
   5491    4515  6496.03    1730.97  113.9584  22.0980   0.7852     -98.9282
   5491    4637  6517.68    1851.35  113.9701  22.0963   0.8820     -96.8935
   5491    4759  6539.35    1971.85  113.9818  22.0945   0.9798     -95.2604
   5491    4881  6561.04    2092.48  113.9935  22.0928   1.0783     -93.9225
   5491    5003  6582.76    2213.26  114.0052  22.0911   1.1774     -92.8073
   5491    5125  6604.51    2334.18  114.0170  22.0893   1.2771     -91.8638
   5491    5247  6626.29    2455.27  114.0287  22.0876   1.3771     -91.0554
   5491    5369  6648.10    2576.53  114.0405  22.0858   1.4775     -90.3552
   5491    5491  6669.93    2697.97  114.0523  22.0840   1.5783     -89.7428
   5491    5613  6691.81    2819.60  114.0641  22.0823   1.6793     -89.2026
   5491    5735  6713.72    2941.42  114.0760  22.0805   1.7807     -88.7226
   5491    5857  6735.66    3063.46  114.0878  22.0787   1.8823     -88.2931
   5491    6000  6761.43    3206.78  114.1017  22.0767   2.0018     -87.8439
   5613       1  5814.24    -2752.96  113.5229  22.1508   3.0051     103.5157
   5613     123  5836.29    -2630.44  113.5348  22.1491   2.9027     103.6839
   5613     245  5858.29    -2508.15  113.5467  22.1474   2.8005     103.8636
   5613     367  5880.26    -2386.08  113.5585  22.1456   2.6985     104.0564
   5613     489  5902.19    -2264.22  113.5704  22.1439   2.5967     104.2635
   5613     611  5924.08    -2142.56  113.5822  22.1422   2.4951     104.4868
   5613     733  5945.93    -2021.10  113.5940  22.1405   2.3937     104.7284
   5613     855  5967.76    -1899.81  113.6058  22.1387   2.2924     104.9905
   5613     977  5989.55    -1778.70  113.6176  22.1370   2.1913     105.2761
   5613    1099  6011.31    -1657.75  113.6293  22.1353   2.0905     105.5884
   5613    1221  6033.04    -1536.95  113.6411  22.1336   1.9897     105.9315
   5613    1343  6054.75    -1416.30  113.6528  22.1319   1.8892     106.3103
   5613    1465  6076.44    -1295.78  113.6645  22.1301   1.7889     106.7307
   5613    1587  6098.10    -1175.39  113.6762  22.1284   1.6888     107.2000
   5613    1709  6119.74    -1055.11  113.6879  22.1267   1.5888     107.7274
   5613    1831  6141.36    -934.94  113.6996  22.1250   1.4891     108.3244
   5613    1953  6162.96    -814.86  113.7112  22.1233   1.3897     109.0058
   5613    2075  6184.55    -694.87  113.7229  22.1216   1.2905     109.7909
   5613    2197  6206.12    -574.95  113.7346  22.1199   1.1917     110.7051
   5613    2319  6227.68    -455.11  113.7462  22.1181   1.0933     111.7830
   5613    2441  6249.23    -335.32  113.7578  22.1164   0.9954     113.0721
   5613    2563  6270.77    -215.58  113.7695  22.1147   0.8981     114.6399
   5613    2685  6292.30    -95.87  113.7811  22.1130   0.8017     116.5850
   5613    2807  6313.83    23.80  113.7927  22.1113   0.7065     119.0564
   5613    2929  6335.36    143.45  113.8044  22.1096   0.6130     122.2877
   5613    3051  6356.88    263.10  113.8160  22.1079   0.5221     126.6601
   5613    3173  6378.40    382.74  113.8276  22.1061   0.4355     132.8182
   5613    3295  6399.92    502.39  113.8392  22.1044   0.3564     141.8589
   5613    3417  6421.45    622.06  113.8509  22.1027   0.2908     155.4718
   5613    3539  6442.98    741.76  113.8625  22.1010   0.2497     175.1046
   5613    3661  6464.52    861.50  113.8741  22.0993   0.2457     -161.4611
   5613    3783  6486.06    981.28  113.8858  22.0975   0.2805     -140.7231
   5613    3905  6507.62    1101.12  113.8974  22.0958   0.3425     -125.9990
   5613    4027  6529.18    1221.02  113.9091  22.0941   0.4199     -116.2146
   5613    4149  6550.76    1341.00  113.9207  22.0924   0.5056     -109.5979
   5613    4271  6572.36    1461.07  113.9324  22.0906   0.5962     -104.9384
   5613    4393  6593.97    1581.23  113.9441  22.0889   0.6897     -101.5204
   5613    4515  6615.60    1701.49  113.9557  22.0872   0.7851     -98.9225
   5613    4637  6637.25    1821.87  113.9674  22.0854   0.8819     -96.8883
   5613    4759  6658.92    1942.37  113.9791  22.0837   0.9797     -95.2558
   5613    4881  6680.61    2063.00  113.9909  22.0820   1.0783     -93.9184
   5613    5003  6702.33    2183.78  114.0026  22.0802   1.1774     -92.8035
   5613    5125  6724.08    2304.70  114.0143  22.0785   1.2770     -91.8604
   5613    5247  6745.86    2425.79  114.0261  22.0767   1.3771     -91.0523
   5613    5369  6767.66    2547.05  114.0379  22.0750   1.4775     -90.3523
   5613    5491  6789.50    2668.49  114.0497  22.0732   1.5783     -89.7401
   5613    5613  6811.38    2790.11  114.0615  22.0714   1.6793     -89.2001
   5613    5735  6833.28    2911.94  114.0733  22.0697   1.7807     -88.7203
   5613    5857  6855.23    3033.98  114.0852  22.0679   1.8823     -88.2910
   5613    6000  6881.00    3177.30  114.0991  22.0658   2.0017     -87.8420
   5735       1  5933.83    -2782.44  113.5203  22.1400   3.0051     103.5133
   5735     123  5955.88    -2659.93  113.5322  22.1383   2.9027     103.6814
   5735     245  5977.88    -2537.64  113.5441  22.1365   2.8005     103.8611
   5735     367  5999.85    -2415.57  113.5559  22.1348   2.6985     104.0537
   5735     489  6021.77    -2293.71  113.5678  22.1331   2.5967     104.2608
   5735     611  6043.66    -2172.05  113.5796  22.1313   2.4951     104.4841
   5735     733  6065.52    -2050.58  113.5914  22.1296   2.3937     104.7255
   5735     855  6087.34    -1929.30  113.6032  22.1279   2.2924     104.9876
   5735     977  6109.13    -1808.19  113.6150  22.1262   2.1913     105.2730
   5735    1099  6130.89    -1687.24  113.6267  22.1244   2.0904     105.5852
   5735    1221  6152.63    -1566.44  113.6385  22.1227   1.9897     105.9282
   5735    1343  6174.34    -1445.79  113.6502  22.1210   1.8892     106.3068
   5735    1465  6196.02    -1325.27  113.6619  22.1193   1.7889     106.7270
   5735    1587  6217.68    -1204.88  113.6736  22.1176   1.6887     107.1961
   5735    1709  6239.32    -1084.60  113.6853  22.1159   1.5888     107.7233
   5735    1831  6260.94    -964.42  113.6970  22.1141   1.4891     108.3201
   5735    1953  6282.54    -844.35  113.7086  22.1124   1.3897     109.0012
   5735    2075  6304.13    -724.35  113.7203  22.1107   1.2905     109.7860
   5735    2197  6325.70    -604.44  113.7319  22.1090   1.1917     110.7000
   5735    2319  6347.26    -484.59  113.7436  22.1073   1.0933     111.7774
   5735    2441  6368.81    -364.80  113.7552  22.1056   0.9954     113.0661
   5735    2563  6390.35    -245.06  113.7669  22.1039   0.8981     114.6333
   5735    2685  6411.88    -125.36  113.7785  22.1022   0.8017     116.5778
   5735    2807  6433.41    -5.68  113.7901  22.1004   0.7064     119.0484
   5735    2929  6454.93    113.97  113.8017  22.0987   0.6129     122.2786
   5735    3051  6476.46    233.61  113.8134  22.0970   0.5221     126.6499
   5735    3173  6497.98    353.26  113.8250  22.0953   0.4355     132.8067
   5735    3295  6519.50    472.91  113.8366  22.0936   0.3563     141.8463
   5735    3417  6541.02    592.58  113.8483  22.0919   0.2907     155.4598
   5735    3539  6562.55    712.28  113.8599  22.0901   0.2496     175.0972
   5735    3661  6584.09    832.01  113.8715  22.0884   0.2456     -161.4596
   5735    3783  6605.63    951.80  113.8831  22.0867   0.2805     -140.7152
   5735    3905  6627.19    1071.63  113.8948  22.0850   0.3425     -125.9892
   5735    4027  6648.76    1191.54  113.9064  22.0833   0.4198     -116.2052
   5735    4149  6670.33    1311.52  113.9181  22.0815   0.5056     -109.5895
   5735    4271  6691.93    1431.59  113.9298  22.0798   0.5961     -104.9310
   5735    4393  6713.54    1551.75  113.9414  22.0781   0.6896     -101.5139
   5735    4515  6735.17    1672.01  113.9531  22.0763   0.7851     -98.9167
   5735    4637  6756.82    1792.39  113.9648  22.0746   0.8819     -96.8832
   5735    4759  6778.49    1912.89  113.9765  22.0729   0.9797     -95.2512
   5735    4881  6800.18    2033.52  113.9882  22.0711   1.0782     -93.9143
   5735    5003  6821.90    2154.30  114.0000  22.0694   1.1774     -92.7998
   5735    5125  6843.65    2275.22  114.0117  22.0676   1.2770     -91.8569
   5735    5247  6865.43    2396.31  114.0235  22.0659   1.3771     -91.0491
   5735    5369  6887.23    2517.57  114.0353  22.0641   1.4775     -90.3494
   5735    5491  6909.07    2639.01  114.0470  22.0624   1.5782     -89.7374
   5735    5613  6930.94    2760.63  114.0589  22.0606   1.6793     -89.1977
   5735    5735  6952.85    2882.46  114.0707  22.0588   1.7806     -88.7180
   5735    5857  6974.79    3004.50  114.0825  22.0571   1.8823     -88.2889
   5735    6000  7000.57    3147.82  114.0965  22.0550   2.0017     -87.8400
   5857       1  6053.42    -2811.94  113.5177  22.1291   3.0051     103.5109
   5857     123  6075.47    -2689.42  113.5296  22.1274   2.9027     103.6789
   5857     245  6097.47    -2567.13  113.5415  22.1257   2.8005     103.8586
   5857     367  6119.44    -2445.06  113.5533  22.1239   2.6985     104.0511
   5857     489  6141.36    -2323.20  113.5652  22.1222   2.5967     104.2581
   5857     611  6163.25    -2201.54  113.5770  22.1205   2.4951     104.4813
   5857     733  6185.11    -2080.07  113.5888  22.1188   2.3937     104.7226
   5857     855  6206.93    -1958.79  113.6006  22.1170   2.2924     104.9846
   5857     977  6228.72    -1837.68  113.6124  22.1153   2.1913     105.2699
   5857    1099  6250.48    -1716.73  113.6241  22.1136   2.0904     105.5820
   5857    1221  6272.21    -1595.93  113.6359  22.1119   1.9897     105.9248
   5857    1343  6293.92    -1475.28  113.6476  22.1102   1.8892     106.3033
   5857    1465  6315.60    -1354.76  113.6593  22.1084   1.7889     106.7234
   5857    1587  6337.26    -1234.36  113.6710  22.1067   1.6887     107.1923
   5857    1709  6358.90    -1114.08  113.6827  22.1050   1.5888     107.7193
   5857    1831  6380.52    -993.91  113.6944  22.1033   1.4891     108.3158
   5857    1953  6402.12    -873.83  113.7060  22.1016   1.3897     108.9967
   5857    2075  6423.71    -753.84  113.7177  22.0999   1.2905     109.7812
   5857    2197  6445.28    -633.93  113.7293  22.0982   1.1917     110.6948
   5857    2319  6466.84    -514.08  113.7410  22.0965   1.0933     111.7719
   5857    2441  6488.39    -394.29  113.7526  22.0947   0.9953     113.0600
   5857    2563  6509.93    -274.55  113.7643  22.0930   0.8981     114.6267
   5857    2685  6531.46    -154.84  113.7759  22.0913   0.8016     116.5705
   5857    2807  6552.99    -35.17  113.7875  22.0896   0.7064     119.0403
   5857    2929  6574.51    84.48  113.7991  22.0879   0.6129     122.2696
   5857    3051  6596.04    204.13  113.8108  22.0862   0.5220     126.6397
   5857    3173  6617.56    323.77  113.8224  22.0845   0.4354     132.7951
   5857    3295  6639.08    443.42  113.8340  22.0827   0.3563     141.8338
   5857    3417  6660.60    563.09  113.8456  22.0810   0.2906     155.4477
   5857    3539  6682.13    682.79  113.8573  22.0793   0.2495     175.0898
   5857    3661  6703.67    802.53  113.8689  22.0776   0.2455     -161.4582
   5857    3783  6725.21    922.31  113.8805  22.0759   0.2804     -140.7073
   5857    3905  6746.77    1042.15  113.8922  22.0741   0.3424     -125.9795
   5857    4027  6768.33    1162.06  113.9038  22.0724   0.4198     -116.1958
   5857    4149  6789.91    1282.04  113.9155  22.0707   0.5055     -109.5811
   5857    4271  6811.50    1402.10  113.9271  22.0690   0.5961     -104.9236
   5857    4393  6833.11    1522.26  113.9388  22.0672   0.6896     -101.5074
   5857    4515  6854.74    1642.53  113.9505  22.0655   0.7851     -98.9110
   5857    4637  6876.39    1762.90  113.9622  22.0638   0.8819     -96.8781
   5857    4759  6898.06    1883.40  113.9739  22.0620   0.9797     -95.2466
   5857    4881  6919.76    2004.04  113.9856  22.0603   1.0782     -93.9101
   5857    5003  6941.48    2124.81  113.9973  22.0585   1.1773     -92.7960
   5857    5125  6963.22    2245.74  114.0091  22.0568   1.2770     -91.8535
   5857    5247  6985.00    2366.83  114.0208  22.0550   1.3770     -91.0460
   5857    5369  7006.80    2488.09  114.0326  22.0533   1.4775     -90.3465
   5857    5491  7028.64    2609.52  114.0444  22.0515   1.5782     -89.7348
   5857    5613  7050.51    2731.15  114.0562  22.0498   1.6793     -89.1952
   5857    5735  7072.42    2852.98  114.0681  22.0480   1.7806     -88.7157
   5857    5857  7094.36    2975.02  114.0799  22.0462   1.8822     -88.2867
   5857    6000  7120.13    3118.34  114.0938  22.0441   2.0017     -87.8380
   5999       1  6192.61    -2846.26  113.5147  22.1165   3.0051     103.5081
   5999     123  6214.66    -2723.74  113.5266  22.1148   2.9027     103.6761
   5999     245  6236.66    -2601.45  113.5385  22.1131   2.8005     103.8556
   5999     367  6258.63    -2479.38  113.5503  22.1113   2.6985     104.0481
   5999     489  6280.55    -2357.52  113.5622  22.1096   2.5967     104.2550
   5999     611  6302.44    -2235.86  113.5740  22.1079   2.4951     104.4780
   5999     733  6324.30    -2114.40  113.5858  22.1061   2.3937     104.7193
   5999     855  6346.12    -1993.11  113.5976  22.1044   2.2924     104.9811
   5999     977  6367.91    -1872.00  113.6094  22.1027   2.1913     105.2663
   5999    1099  6389.67    -1751.05  113.6211  22.1010   2.0904     105.5782
   5999    1221  6411.40    -1630.25  113.6328  22.0993   1.9897     105.9209
   5999    1343  6433.11    -1509.60  113.6446  22.0975   1.8892     106.2992
   5999    1465  6454.79    -1389.08  113.6563  22.0958   1.7889     106.7191
   5999    1587  6476.45    -1268.69  113.6680  22.0941   1.6887     107.1878
   5999    1709  6498.09    -1148.41  113.6797  22.0924   1.5888     107.7146
   5999    1831  6519.71    -1028.23  113.6913  22.0907   1.4891     108.3108
   5999    1953  6541.31    -908.15  113.7030  22.0890   1.3897     108.9914
   5999    2075  6562.90    -788.16  113.7147  22.0873   1.2905     109.7756
   5999    2197  6584.47    -668.25  113.7263  22.0855   1.1917     110.6888
   5999    2319  6606.03    -548.40  113.7380  22.0838   1.0933     111.7654
   5999    2441  6627.57    -428.61  113.7496  22.0821   0.9953     113.0530
   5999    2563  6649.11    -308.87  113.7612  22.0804   0.8980     114.6191
   5999    2685  6670.65    -189.16  113.7729  22.0787   0.8016     116.5621
   5999    2807  6692.17    -69.49  113.7845  22.0770   0.7064     119.0309
   5999    2929  6713.70    50.17  113.7961  22.0753   0.6129     122.2591
   5999    3051  6735.22    169.81  113.8077  22.0736   0.5220     126.6278
   5999    3173  6756.74    289.45  113.8193  22.0718   0.4354     132.7818
   5999    3295  6778.26    409.11  113.8310  22.0701   0.3562     141.8191
   5999    3417  6799.78    528.78  113.8426  22.0684   0.2905     155.4336
   5999    3539  6821.31    648.47  113.8542  22.0667   0.2494     175.0813
   5999    3661  6842.85    768.21  113.8659  22.0650   0.2454     -161.4564
   5999    3783  6864.39    887.99  113.8775  22.0632   0.2803     -140.6980
   5999    3905  6885.94    1007.83  113.8891  22.0615   0.3423     -125.9681
   5999    4027  6907.51    1127.74  113.9008  22.0598   0.4197     -116.1849
   5999    4149  6929.09    1247.72  113.9124  22.0581   0.5054     -109.5713
   5999    4271  6950.68    1367.79  113.9241  22.0563   0.5960     -104.9150
   5999    4393  6972.29    1487.95  113.9358  22.0546   0.6895     -101.4998
   5999    4515  6993.92    1608.21  113.9474  22.0529   0.7850     -98.9043
   5999    4637  7015.57    1728.59  113.9591  22.0511   0.8818     -96.8721
   5999    4759  7037.24    1849.09  113.9708  22.0494   0.9796     -95.2413
   5999    4881  7058.93    1969.72  113.9826  22.0477   1.0782     -93.9053
   5999    5003  7080.65    2090.50  113.9943  22.0459   1.1773     -92.7916
   5999    5125  7102.40    2211.43  114.0060  22.0442   1.2770     -91.8495
   5999    5247  7124.17    2332.51  114.0178  22.0424   1.3770     -91.0423
   5999    5369  7145.98    2453.77  114.0296  22.0407   1.4774     -90.3432
   5999    5491  7167.81    2575.21  114.0414  22.0389   1.5782     -89.7317
   5999    5613  7189.68    2696.84  114.0532  22.0371   1.6793     -89.1923
   5999    5735  7211.59    2818.67  114.0650  22.0354   1.7806     -88.7130
   5999    5857  7233.53    2940.70  114.0769  22.0336   1.8822     -88.2842
   5999    6000  7259.30    3084.02  114.0908  22.0315   2.0017     -87.8357
