 #The Line and  Sample are according to LEVEL1 and LEVEL2 image 

 L1Line L1Sample  L2Line   L2Sample  Lon       Lat      Zenith    Azimuth
      1       1  -80.22    1187.20  113.4023  23.0141   5.5729     102.0739
      1     123  -62.68    1310.66  113.4263  23.0106   5.3681     102.2001
      1     245  -45.18    1433.88  113.4503  23.0070   5.1637     102.3354
      1     367  -27.71    1556.86  113.4742  23.0035   4.9596     102.4808
      1     489  -10.27    1679.63  113.4981  23.0000   4.7558     102.6376
      1     611   7.14    1802.18  113.5219  22.9965   4.5522     102.8074
      1     733  24.52    1924.54  113.5457  22.9929   4.3490     102.9919
      1     855  41.87    2046.70  113.5695  22.9894   4.1460     103.1934
      1     977  59.20    2168.68  113.5932  22.9859   3.9433     103.4144
      1    1099  76.50    2290.49  113.6169  22.9824   3.7408     103.6581
      1    1221  93.78    2412.13  113.6405  22.9789   3.5386     103.9282
      1    1343  111.04    2533.63  113.6642  22.9754   3.3367     104.2297
      1    1465  128.28    2654.99  113.6877  22.9719   3.1350     104.5684
      1    1587  145.50    2776.21  113.7113  22.9684   2.9336     104.9521
      1    1709  162.70    2897.31  113.7348  22.9648   2.7325     105.3906
      1    1831  179.89    3018.31  113.7584  22.9613   2.5317     105.8969
      1    1953  197.06    3139.20  113.7819  22.9578   2.3313     106.4884
      1    2075  214.22    3260.00  113.8053  22.9543   2.1312     107.1889
      1    2197  231.37    3380.71  113.8288  22.9508   1.9316     108.0319
      1    2319  248.51    3501.36  113.8522  22.9473   1.7326     109.0664
      1    2441  265.64    3621.95  113.8757  22.9438   1.5344     110.3658
      1    2563  282.76    3742.48  113.8991  22.9403   1.3372     112.0464
      1    2685  299.88    3862.97  113.9225  22.9367   1.1416     114.3016
      1    2807  316.99    3983.43  113.9459  22.9332   0.9485     117.4775
      1    2929  334.10    4103.87  113.9693  22.9297   0.7598     122.2472
      1    3051  351.21    4224.30  113.9927  22.9262   0.5797     130.0598
      1    3173  368.31    4344.72  114.0161  22.9226   0.4196     144.3024
      1    3295  385.42    4465.16  114.0394  22.9191   0.3117     171.5253
      1    3417  402.53    4585.61  114.0628  22.9156   0.3154     -150.9864
      1    3539  419.65    4706.09  114.0862  22.9120   0.4278     -124.6520
      1    3661  436.77    4826.61  114.1096  22.9085   0.5898     -110.9205
      1    3783  453.90    4947.17  114.1330  22.9049   0.7707     -103.3429
      1    3905  471.03    5067.79  114.1565  22.9014   0.9600     -98.6909
      1    4027  488.18    5188.49  114.1799  22.8978   1.1536     -95.5805
      1    4149  505.33    5309.25  114.2033  22.8942   1.3498     -93.3649
      1    4271  522.50    5430.11  114.2268  22.8907   1.5475     -91.7100
      1    4393  539.69    5551.06  114.2503  22.8871   1.7463     -90.4281
      1    4515  556.89    5672.12  114.2737  22.8835   1.9460     -89.4061
      1    4637  574.10    5793.30  114.2973  22.8799   2.1463     -88.5722
      1    4759  591.33    5914.61  114.3208  22.8763   2.3471     -87.8786
      1    4881  608.59    6036.05  114.3444  22.8727   2.5484     -87.2926
      1    5003  625.86    6157.64  114.3680  22.8691   2.7501     -86.7905
      1    5125  643.16    6279.39  114.3916  22.8655   2.9522     -86.3554
      1    5247  660.48    6401.30  114.4152  22.8618   3.1547     -85.9745
      1    5369  677.82    6523.39  114.4389  22.8582   3.3574     -85.6381
      1    5491  695.20    6645.67  114.4626  22.8545   3.5605     -85.3386
      1    5613  712.60    6768.14  114.4864  22.8509   3.7640     -85.0700
      1    5735  730.03    6890.83  114.5102  22.8472   3.9677     -84.8278
      1    5857  747.49    7013.72  114.5340  22.8435   4.1718     -84.6080
      1    6000  768.00    7158.07  114.5620  22.8392   4.4115     -84.3749
    119       1  35.57    1163.63  113.3973  22.9933   5.5729     102.0721
    119     123  53.11    1287.09  113.4213  22.9897   5.3681     102.1983
    119     245  70.62    1410.31  113.4453  22.9862   5.1637     102.3335
    119     367  88.09    1533.29  113.4692  22.9827   4.9596     102.4789
    119     489  105.53    1656.06  113.4931  22.9792   4.7558     102.6357
    119     611  122.95    1778.61  113.5169  22.9756   4.5522     102.8054
    119     733  140.33    1900.96  113.5407  22.9721   4.3490     102.9899
    119     855  157.69    2023.12  113.5645  22.9686   4.1460     103.1914
    119     977  175.02    2145.10  113.5882  22.9651   3.9433     103.4123
    119    1099  192.32    2266.91  113.6119  22.9616   3.7408     103.6559
    119    1221  209.60    2388.56  113.6355  22.9581   3.5386     103.9260
    119    1343  226.87    2510.05  113.6591  22.9546   3.3367     104.2274
    119    1465  244.11    2631.41  113.6827  22.9510   3.1350     104.5661
    119    1587  261.33    2752.63  113.7063  22.9475   2.9336     104.9497
    119    1709  278.54    2873.73  113.7298  22.9440   2.7325     105.3881
    119    1831  295.73    2994.72  113.7533  22.9405   2.5317     105.8943
    119    1953  312.90    3115.61  113.7768  22.9370   2.3313     106.4857
    119    2075  330.07    3236.41  113.8003  22.9335   2.1312     107.1860
    119    2197  347.22    3357.13  113.8238  22.9300   1.9316     108.0289
    119    2319  364.36    3477.77  113.8472  22.9265   1.7326     109.0632
    119    2441  381.49    3598.36  113.8706  22.9230   1.5344     110.3624
    119    2563  398.62    3718.89  113.8940  22.9194   1.3372     112.0426
    119    2685  415.74    3839.38  113.9174  22.9159   1.1416     114.2975
    119    2807  432.85    3959.84  113.9408  22.9124   0.9485     117.4728
    119    2929  449.96    4080.28  113.9642  22.9089   0.7598     122.2418
    119    3051  467.07    4200.71  113.9876  22.9053   0.5797     130.0535
    119    3173  484.19    4321.13  114.0110  22.9018   0.4195     144.2953
    119    3295  501.30    4441.56  114.0344  22.8983   0.3117     171.5201
    119    3417  518.41    4562.01  114.0578  22.8947   0.3153     -150.9852
    119    3539  535.53    4682.49  114.0812  22.8912   0.4277     -124.6486
    119    3661  552.65    4803.01  114.1046  22.8877   0.5897     -110.9176
    119    3783  569.78    4923.57  114.1280  22.8841   0.7707     -103.3408
    119    3905  586.92    5044.19  114.1514  22.8805   0.9600     -98.6894
    119    4027  604.07    5164.88  114.1748  22.8770   1.1536     -95.5794
    119    4149  621.23    5285.65  114.1982  22.8734   1.3497     -93.3642
    119    4271  638.40    5406.50  114.2217  22.8698   1.5475     -91.7096
    119    4393  655.59    5527.46  114.2452  22.8663   1.7463     -90.4279
    119    4515  672.79    5648.52  114.2687  22.8627   1.9460     -89.4061
    119    4637  690.01    5769.69  114.2922  22.8591   2.1463     -88.5723
    119    4759  707.25    5891.00  114.3157  22.8555   2.3471     -87.8789
    119    4881  724.50    6012.44  114.3393  22.8519   2.5484     -87.2929
    119    5003  741.78    6134.03  114.3628  22.8483   2.7501     -86.7910
    119    5125  759.08    6255.77  114.3865  22.8446   2.9522     -86.3560
    119    5247  776.40    6377.68  114.4101  22.8410   3.1546     -85.9752
    119    5369  793.75    6499.77  114.4338  22.8374   3.3574     -85.6388
    119    5491  811.13    6622.05  114.4575  22.8337   3.5605     -85.3393
    119    5613  828.53    6744.52  114.4812  22.8301   3.7639     -85.0709
    119    5735  845.96    6867.20  114.5050  22.8264   3.9677     -84.8287
    119    5857  863.43    6990.10  114.5289  22.8227   4.1718     -84.6090
    119    6000  883.94    7134.44  114.5568  22.8184   4.4114     -84.3758
    237       1  151.36    1140.06  113.3924  22.9724   5.5729     102.0703
    237     123  168.91    1263.52  113.4164  22.9689   5.3681     102.1965
    237     245  186.42    1386.74  113.4403  22.9654   5.1637     102.3316
    237     367  203.89    1509.72  113.4643  22.9618   4.9596     102.4770
    237     489  221.34    1632.48  113.4881  22.9583   4.7558     102.6337
    237     611  238.75    1755.04  113.5120  22.9548   4.5522     102.8035
    237     733  256.14    1877.39  113.5357  22.9513   4.3490     102.9879
    237     855  273.50    1999.55  113.5595  22.9478   4.1460     103.1893
    237     977  290.83    2121.52  113.5832  22.9443   3.9433     103.4102
    237    1099  308.14    2243.33  113.6069  22.9407   3.7408     103.6537
    237    1221  325.43    2364.98  113.6305  22.9372   3.5386     103.9238
    237    1343  342.69    2486.47  113.6541  22.9337   3.3367     104.2251
    237    1465  359.94    2607.82  113.6777  22.9302   3.1350     104.5637
    237    1587  377.16    2729.05  113.7013  22.9267   2.9336     104.9473
    237    1709  394.37    2850.15  113.7248  22.9232   2.7325     105.3856
    237    1831  411.57    2971.14  113.7483  22.9197   2.5317     105.8917
    237    1953  428.74    3092.03  113.7718  22.9162   2.3313     106.4829
    237    2075  445.91    3212.82  113.7953  22.9127   2.1312     107.1831
    237    2197  463.06    3333.54  113.8187  22.9092   1.9316     108.0259
    237    2319  480.21    3454.18  113.8422  22.9056   1.7326     109.0600
    237    2441  497.35    3574.77  113.8656  22.9021   1.5344     110.3589
    237    2563  514.47    3695.30  113.8890  22.8986   1.3372     112.0389
    237    2685  531.60    3815.79  113.9124  22.8951   1.1416     114.2933
    237    2807  548.71    3936.25  113.9358  22.8916   0.9485     117.4682
    237    2929  565.83    4056.68  113.9592  22.8881   0.7597     122.2364
    237    3051  582.94    4177.11  113.9826  22.8845   0.5797     130.0472
    237    3173  600.06    4297.53  114.0059  22.8810   0.4195     144.2881
    237    3295  617.17    4417.96  114.0293  22.8775   0.3116     171.5148
    237    3417  634.29    4538.41  114.0527  22.8739   0.3153     -150.9840
    237    3539  651.41    4658.89  114.0761  22.8704   0.4277     -124.6452
    237    3661  668.54    4779.40  114.0995  22.8668   0.5897     -110.9148
    237    3783  685.67    4899.97  114.1229  22.8633   0.7707     -103.3387
    237    3905  702.81    5020.59  114.1463  22.8597   0.9600     -98.6879
    237    4027  719.96    5141.27  114.1697  22.8562   1.1536     -95.5784
    237    4149  737.13    5262.04  114.1932  22.8526   1.3497     -93.3635
    237    4271  754.30    5382.89  114.2166  22.8490   1.5475     -91.7092
    237    4393  771.49    5503.84  114.2401  22.8455   1.7463     -90.4277
    237    4515  788.70    5624.90  114.2636  22.8419   1.9460     -89.4061
    237    4637  805.92    5746.08  114.2871  22.8383   2.1463     -88.5725
    237    4759  823.16    5867.38  114.3106  22.8347   2.3471     -87.8792
    237    4881  840.42    5988.82  114.3341  22.8311   2.5484     -87.2933
    237    5003  857.70    6110.41  114.3577  22.8275   2.7501     -86.7915
    237    5125  875.00    6232.15  114.3813  22.8238   2.9522     -86.3566
    237    5247  892.33    6354.06  114.4050  22.8202   3.1546     -85.9758
    237    5369  909.68    6476.15  114.4287  22.8166   3.3574     -85.6395
    237    5491  927.06    6598.43  114.4524  22.8129   3.5605     -85.3401
    237    5613  944.46    6720.90  114.4761  22.8093   3.7639     -85.0717
    237    5735  961.90    6843.58  114.4999  22.8056   3.9677     -84.8296
    237    5857  979.37    6966.48  114.5237  22.8019   4.1718     -84.6099
    237    6000  999.88    7110.81  114.5517  22.7976   4.4114     -84.3768
    355       1  267.15    1116.49  113.3874  22.9516   5.5729     102.0685
    355     123  284.70    1239.94  113.4114  22.9481   5.3681     102.1946
    355     245  302.21    1363.16  113.4354  22.9445   5.1637     102.3298
    355     367  319.69    1486.14  113.4593  22.9410   4.9596     102.4751
    355     489  337.14    1608.91  113.4832  22.9375   4.7558     102.6318
    355     611  354.56    1731.46  113.5070  22.9340   4.5522     102.8015
    355     733  371.95    1853.81  113.5308  22.9305   4.3490     102.9859
    355     855  389.31    1975.96  113.5545  22.9269   4.1460     103.1873
    355     977  406.65    2097.94  113.5782  22.9234   3.9433     103.4081
    355    1099  423.96    2219.75  113.6019  22.9199   3.7408     103.6516
    355    1221  441.25    2341.39  113.6255  22.9164   3.5386     103.9216
    355    1343  458.52    2462.88  113.6491  22.9129   3.3367     104.2228
    355    1465  475.76    2584.24  113.6727  22.9094   3.1350     104.5614
    355    1587  492.99    2705.46  113.6963  22.9059   2.9336     104.9449
    355    1709  510.21    2826.56  113.7198  22.9024   2.7325     105.3831
    355    1831  527.40    2947.55  113.7433  22.8989   2.5317     105.8891
    355    1953  544.58    3068.43  113.7668  22.8954   2.3313     106.4802
    355    2075  561.75    3189.23  113.7903  22.8918   2.1312     107.1803
    355    2197  578.91    3309.94  113.8137  22.8883   1.9316     108.0229
    355    2319  596.06    3430.59  113.8371  22.8848   1.7326     109.0568
    355    2441  613.20    3551.17  113.8606  22.8813   1.5343     110.3555
    355    2563  630.33    3671.70  113.8840  22.8778   1.3372     112.0351
    355    2685  647.45    3792.19  113.9074  22.8743   1.1416     114.2892
    355    2807  664.58    3912.65  113.9307  22.8708   0.9485     117.4635
    355    2929  681.69    4033.08  113.9541  22.8672   0.7597     122.2311
    355    3051  698.81    4153.50  113.9775  22.8637   0.5796     130.0409
    355    3173  715.93    4273.93  114.0009  22.8602   0.4195     144.2810
    355    3295  733.05    4394.36  114.0243  22.8566   0.3116     171.5096
    355    3417  750.17    4514.80  114.0476  22.8531   0.3152     -150.9829
    355    3539  767.29    4635.28  114.0710  22.8496   0.4277     -124.6418
    355    3661  784.42    4755.79  114.0944  22.8460   0.5897     -110.9119
    355    3783  801.56    4876.36  114.1178  22.8425   0.7706     -103.3365
    355    3905  818.70    4996.98  114.1412  22.8389   0.9600     -98.6864
    355    4027  835.86    5117.66  114.1646  22.8354   1.1536     -95.5773
    355    4149  853.02    5238.43  114.1881  22.8318   1.3497     -93.3628
    355    4271  870.20    5359.28  114.2115  22.8282   1.5474     -91.7088
    355    4393  887.39    5480.23  114.2350  22.8246   1.7463     -90.4275
    355    4515  904.60    5601.29  114.2585  22.8211   1.9460     -89.4061
    355    4637  921.83    5722.46  114.2820  22.8175   2.1463     -88.5726
    355    4759  939.07    5843.76  114.3055  22.8139   2.3471     -87.8795
    355    4881  956.33    5965.20  114.3290  22.8103   2.5484     -87.2937
    355    5003  973.61    6086.79  114.3526  22.8066   2.7501     -86.7920
    355    5125  990.92    6208.53  114.3762  22.8030   2.9522     -86.3571
    355    5247  1008.25    6330.44  114.3999  22.7994   3.1546     -85.9765
    355    5369  1025.61    6452.53  114.4235  22.7958   3.3574     -85.6402
    355    5491  1042.99    6574.80  114.4472  22.7921   3.5605     -85.3409
    355    5613  1060.40    6697.27  114.4710  22.7885   3.7639     -85.0725
    355    5735  1077.84    6819.95  114.4948  22.7848   3.9677     -84.8304
    355    5857  1095.31    6942.85  114.5186  22.7811   4.1718     -84.6108
    355    6000  1115.83    7087.18  114.5466  22.7768   4.4114     -84.3778
    473       1  382.94    1092.91  113.3824  22.9308   5.5729     102.0667
    473     123  400.49    1216.36  113.4064  22.9272   5.3681     102.1928
    473     245  418.01    1339.58  113.4304  22.9237   5.1637     102.3279
    473     367  435.49    1462.56  113.4543  22.9202   4.9596     102.4732
    473     489  452.94    1585.32  113.4782  22.9167   4.7558     102.6299
    473     611  470.36    1707.87  113.5020  22.9131   4.5522     102.7995
    473     733  487.76    1830.22  113.5258  22.9096   4.3490     102.9839
    473     855  505.12    1952.38  113.5495  22.9061   4.1460     103.1852
    473     977  522.46    2074.35  113.5732  22.9026   3.9433     103.4060
    473    1099  539.78    2196.16  113.5969  22.8991   3.7408     103.6494
    473    1221  557.07    2317.80  113.6205  22.8956   3.5386     103.9194
    473    1343  574.34    2439.29  113.6441  22.8921   3.3367     104.2206
    473    1465  591.59    2560.64  113.6677  22.8886   3.1350     104.5590
    473    1587  608.82    2681.86  113.6913  22.8851   2.9336     104.9424
    473    1709  626.04    2802.96  113.7148  22.8815   2.7325     105.3806
    473    1831  643.24    2923.95  113.7383  22.8780   2.5317     105.8865
    473    1953  660.42    3044.84  113.7618  22.8745   2.3313     106.4775
    473    2075  677.59    3165.63  113.7852  22.8710   2.1312     107.1774
    473    2197  694.76    3286.34  113.8087  22.8675   1.9316     108.0199
    473    2319  711.91    3406.99  113.8321  22.8640   1.7326     109.0536
    473    2441  729.05    3527.57  113.8555  22.8605   1.5343     110.3520
    473    2563  746.18    3648.10  113.8789  22.8570   1.3372     112.0314
    473    2685  763.31    3768.58  113.9023  22.8535   1.1415     114.2851
    473    2807  780.44    3889.04  113.9257  22.8499   0.9484     117.4589
    473    2929  797.56    4009.47  113.9491  22.8464   0.7597     122.2257
    473    3051  814.68    4129.90  113.9725  22.8429   0.5796     130.0346
    473    3173  831.80    4250.32  113.9958  22.8394   0.4194     144.2738
    473    3295  848.92    4370.75  114.0192  22.8358   0.3115     171.5043
    473    3417  866.04    4491.19  114.0426  22.8323   0.3152     -150.9817
    473    3539  883.17    4611.67  114.0660  22.8287   0.4276     -124.6384
    473    3661  900.30    4732.18  114.0893  22.8252   0.5896     -110.9090
    473    3783  917.44    4852.74  114.1127  22.8217   0.7706     -103.3344
    473    3905  934.59    4973.36  114.1361  22.8181   0.9599     -98.6849
    473    4027  951.75    5094.05  114.1596  22.8145   1.1536     -95.5763
    473    4149  968.92    5214.81  114.1830  22.8110   1.3497     -93.3621
    473    4271  986.10    5335.66  114.2064  22.8074   1.5474     -91.7084
    473    4393  1003.29    5456.61  114.2299  22.8038   1.7463     -90.4273
    473    4515  1020.50    5577.67  114.2534  22.8002   1.9459     -89.4061
    473    4637  1037.73    5698.84  114.2769  22.7967   2.1463     -88.5728
    473    4759  1054.98    5820.14  114.3004  22.7931   2.3471     -87.8797
    473    4881  1072.24    5941.58  114.3239  22.7895   2.5484     -87.2941
    473    5003  1089.53    6063.16  114.3475  22.7858   2.7501     -86.7924
    473    5125  1106.84    6184.90  114.3711  22.7822   2.9522     -86.3577
    473    5247  1124.17    6306.81  114.3948  22.7786   3.1546     -85.9771
    473    5369  1141.53    6428.90  114.4184  22.7749   3.3574     -85.6409
    473    5491  1158.91    6551.17  114.4421  22.7713   3.5605     -85.3416
    473    5613  1176.33    6673.64  114.4659  22.7676   3.7639     -85.0734
    473    5735  1193.77    6796.32  114.4896  22.7640   3.9677     -84.8313
    473    5857  1211.24    6919.21  114.5135  22.7603   4.1718     -84.6117
    473    6000  1231.77    7063.55  114.5414  22.7560   4.4114     -84.3788
    591       1  498.73    1069.33  113.3775  22.9099   5.5729     102.0649
    591     123  516.28    1192.78  113.4015  22.9064   5.3682     102.1910
    591     245  533.80    1315.99  113.4254  22.9029   5.1637     102.3261
    591     367  551.29    1438.97  113.4493  22.8994   4.9596     102.4713
    591     489  568.74    1561.73  113.4732  22.8958   4.7558     102.6280
    591     611  586.17    1684.28  113.4970  22.8923   4.5522     102.7976
    591     733  603.56    1806.63  113.5208  22.8888   4.3490     102.9819
    591     855  620.93    1928.79  113.5445  22.8853   4.1460     103.1832
    591     977  638.27    2050.76  113.5682  22.8818   3.9433     103.4039
    591    1099  655.59    2172.56  113.5919  22.8783   3.7408     103.6473
    591    1221  672.89    2294.21  113.6155  22.8748   3.5386     103.9172
    591    1343  690.16    2415.70  113.6391  22.8712   3.3367     104.2183
    591    1465  707.42    2537.05  113.6627  22.8677   3.1350     104.5567
    591    1587  724.65    2658.27  113.6863  22.8642   2.9336     104.9400
    591    1709  741.87    2779.36  113.7098  22.8607   2.7325     105.3781
    591    1831  759.07    2900.35  113.7333  22.8572   2.5317     105.8839
    591    1953  776.26    3021.24  113.7568  22.8537   2.3313     106.4748
    591    2075  793.44    3142.03  113.7802  22.8502   2.1312     107.1746
    591    2197  810.60    3262.74  113.8037  22.8467   1.9316     108.0168
    591    2319  827.75    3383.38  113.8271  22.8432   1.7326     109.0503
    591    2441  844.90    3503.96  113.8505  22.8397   1.5343     110.3486
    591    2563  862.04    3624.49  113.8739  22.8361   1.3371     112.0276
    591    2685  879.17    3744.98  113.8973  22.8326   1.1415     114.2809
    591    2807  896.29    3865.43  113.9207  22.8291   0.9484     117.4542
    591    2929  913.42    3985.86  113.9440  22.8256   0.7597     122.2203
    591    3051  930.54    4106.29  113.9674  22.8221   0.5796     130.0283
    591    3173  947.66    4226.71  113.9908  22.8185   0.4194     144.2667
    591    3295  964.79    4347.13  114.0142  22.8150   0.3115     171.4991
    591    3417  981.91    4467.58  114.0375  22.8115   0.3151     -150.9805
    591    3539  999.05    4588.05  114.0609  22.8079   0.4276     -124.6350
    591    3661  1016.18    4708.56  114.0843  22.8044   0.5896     -110.9061
    591    3783  1033.32    4829.12  114.1077  22.8008   0.7706     -103.3323
    591    3905  1050.48    4949.74  114.1311  22.7973   0.9599     -98.6834
    591    4027  1067.64    5070.43  114.1545  22.7937   1.1535     -95.5752
    591    4149  1084.81    5191.19  114.1779  22.7902   1.3497     -93.3614
    591    4271  1101.99    5312.04  114.2013  22.7866   1.5474     -91.7080
    591    4393  1119.19    5432.98  114.2248  22.7830   1.7463     -90.4271
    591    4515  1136.41    5554.04  114.2483  22.7794   1.9459     -89.4061
    591    4637  1153.64    5675.21  114.2718  22.7758   2.1462     -88.5729
    591    4759  1170.89    5796.51  114.2953  22.7722   2.3471     -87.8800
    591    4881  1188.15    5917.95  114.3188  22.7686   2.5484     -87.2945
    591    5003  1205.44    6039.53  114.3424  22.7650   2.7501     -86.7929
    591    5125  1222.76    6161.27  114.3660  22.7614   2.9522     -86.3583
    591    5247  1240.09    6283.18  114.3896  22.7578   3.1546     -85.9777
    591    5369  1257.45    6405.26  114.4133  22.7541   3.3574     -85.6416
    591    5491  1274.84    6527.54  114.4370  22.7505   3.5605     -85.3424
    591    5613  1292.26    6650.00  114.4607  22.7468   3.7639     -85.0742
    591    5735  1309.70    6772.68  114.4845  22.7432   3.9677     -84.8322
    591    5857  1327.18    6895.57  114.5083  22.7395   4.1718     -84.6127
    591    6000  1347.71    7039.91  114.5363  22.7352   4.4114     -84.3797
    709       1  614.52    1045.74  113.3725  22.8891   5.5729     102.0632
    709     123  632.07    1169.19  113.3965  22.8856   5.3682     102.1892
    709     245  649.59    1292.40  113.4205  22.8820   5.1637     102.3242
    709     367  667.08    1415.38  113.4444  22.8785   4.9596     102.4694
    709     489  684.54    1538.14  113.4682  22.8750   4.7558     102.6260
    709     611  701.97    1660.69  113.4920  22.8715   4.5522     102.7956
    709     733  719.37    1783.04  113.5158  22.8680   4.3490     102.9799
    709     855  736.74    1905.19  113.5395  22.8645   4.1460     103.1811
    709     977  754.08    2027.17  113.5632  22.8609   3.9433     103.4018
    709    1099  771.41    2148.97  113.5869  22.8574   3.7408     103.6451
    709    1221  788.70    2270.61  113.6105  22.8539   3.5386     103.9149
    709    1343  805.98    2392.10  113.6341  22.8504   3.3367     104.2160
    709    1465  823.24    2513.45  113.6577  22.8469   3.1350     104.5544
    709    1587  840.48    2634.67  113.6813  22.8434   2.9336     104.9376
    709    1709  857.70    2755.76  113.7048  22.8399   2.7325     105.3756
    709    1831  874.90    2876.75  113.7283  22.8364   2.5317     105.8813
    709    1953  892.10    2997.63  113.7517  22.8329   2.3313     106.4720
    709    2075  909.27    3118.42  113.7752  22.8294   2.1312     107.1717
    709    2197  926.44    3239.13  113.7986  22.8259   1.9316     108.0138
    709    2319  943.60    3359.77  113.8220  22.8224   1.7326     109.0471
    709    2441  960.75    3480.35  113.8455  22.8188   1.5343     110.3451
    709    2563  977.89    3600.88  113.8689  22.8153   1.3371     112.0239
    709    2685  995.02    3721.37  113.8922  22.8118   1.1415     114.2768
    709    2807  1012.15    3841.82  113.9156  22.8083   0.9484     117.4495
    709    2929  1029.28    3962.25  113.9390  22.8048   0.7597     122.2149
    709    3051  1046.41    4082.67  113.9624  22.8012   0.5796     130.0219
    709    3173  1063.53    4203.09  113.9857  22.7977   0.4194     144.2595
    709    3295  1080.66    4323.52  114.0091  22.7942   0.3114     171.4938
    709    3417  1097.79    4443.96  114.0325  22.7907   0.3151     -150.9793
    709    3539  1114.92    4564.43  114.0558  22.7871   0.4275     -124.6315
    709    3661  1132.06    4684.94  114.0792  22.7836   0.5896     -110.9031
    709    3783  1149.21    4805.50  114.1026  22.7800   0.7706     -103.3301
    709    3905  1166.36    4926.12  114.1260  22.7765   0.9599     -98.6818
    709    4027  1183.52    5046.80  114.1494  22.7729   1.1535     -95.5742
    709    4149  1200.70    5167.56  114.1728  22.7693   1.3497     -93.3607
    709    4271  1217.89    5288.41  114.1963  22.7658   1.5474     -91.7075
    709    4393  1235.09    5409.36  114.2197  22.7622   1.7463     -90.4269
    709    4515  1252.31    5530.41  114.2432  22.7586   1.9459     -89.4060
    709    4637  1269.54    5651.58  114.2667  22.7550   2.1462     -88.5730
    709    4759  1286.79    5772.88  114.2902  22.7514   2.3471     -87.8803
    709    4881  1304.06    5894.31  114.3137  22.7478   2.5484     -87.2949
    709    5003  1321.36    6015.90  114.3373  22.7442   2.7501     -86.7934
    709    5125  1338.67    6137.64  114.3609  22.7406   2.9522     -86.3588
    709    5247  1356.01    6259.54  114.3845  22.7370   3.1546     -85.9784
    709    5369  1373.37    6381.63  114.4082  22.7333   3.3574     -85.6423
    709    5491  1390.77    6503.90  114.4319  22.7297   3.5605     -85.3432
    709    5613  1408.18    6626.36  114.4556  22.7260   3.7639     -85.0750
    709    5735  1425.63    6749.04  114.4794  22.7224   3.9677     -84.8331
    709    5857  1443.11    6871.93  114.5032  22.7187   4.1718     -84.6136
    709    6000  1463.64    7016.26  114.5312  22.7144   4.4114     -84.3807
    827       1  730.30    1022.15  113.3676  22.8683   5.5729     102.0614
    827     123  747.86    1145.60  113.3916  22.8647   5.3682     102.1874
    827     245  765.39    1268.81  113.4155  22.8612   5.1637     102.3224
    827     367  782.88    1391.79  113.4394  22.8577   4.9596     102.4675
    827     489  800.34    1514.55  113.4633  22.8542   4.7558     102.6241
    827     611  817.77    1637.09  113.4871  22.8507   4.5522     102.7936
    827     733  835.17    1759.44  113.5108  22.8471   4.3490     102.9779
    827     855  852.55    1881.59  113.5346  22.8436   4.1460     103.1791
    827     977  869.89    2003.56  113.5583  22.8401   3.9433     103.3997
    827    1099  887.22    2125.37  113.5819  22.8366   3.7408     103.6430
    827    1221  904.52    2247.01  113.6055  22.8331   3.5386     103.9127
    827    1343  921.80    2368.49  113.6291  22.8296   3.3367     104.2138
    827    1465  939.06    2489.84  113.6527  22.8261   3.1350     104.5520
    827    1587  956.30    2611.06  113.6762  22.8226   2.9336     104.9352
    827    1709  973.53    2732.15  113.6998  22.8191   2.7325     105.3731
    827    1831  990.74    2853.14  113.7233  22.8156   2.5317     105.8787
    827    1953  1007.93    2974.02  113.7467  22.8121   2.3312     106.4693
    827    2075  1025.11    3094.81  113.7702  22.8085   2.1312     107.1689
    827    2197  1042.28    3215.52  113.7936  22.8050   1.9316     108.0108
    827    2319  1059.44    3336.16  113.8170  22.8015   1.7326     109.0439
    827    2441  1076.59    3456.74  113.8404  22.7980   1.5343     110.3417
    827    2563  1093.74    3577.26  113.8638  22.7945   1.3371     112.0201
    827    2685  1110.88    3697.75  113.8872  22.7910   1.1415     114.2726
    827    2807  1128.01    3818.20  113.9106  22.7875   0.9484     117.4449
    827    2929  1145.14    3938.63  113.9339  22.7840   0.7597     122.2096
    827    3051  1162.27    4059.05  113.9573  22.7804   0.5795     130.0156
    827    3173  1179.40    4179.47  113.9807  22.7769   0.4193     144.2523
    827    3295  1196.53    4299.89  114.0040  22.7734   0.3114     171.4885
    827    3417  1213.66    4420.34  114.0274  22.7698   0.3150     -150.9781
    827    3539  1230.80    4540.81  114.0508  22.7663   0.4275     -124.6281
    827    3661  1247.94    4661.32  114.0741  22.7628   0.5895     -110.9002
    827    3783  1265.09    4781.87  114.0975  22.7592   0.7705     -103.3280
    827    3905  1282.24    4902.49  114.1209  22.7557   0.9599     -98.6803
    827    4027  1299.41    5023.17  114.1443  22.7521   1.1535     -95.5731
    827    4149  1316.59    5143.93  114.1677  22.7485   1.3496     -93.3600
    827    4271  1333.78    5264.78  114.1912  22.7450   1.5474     -91.7071
    827    4393  1350.99    5385.72  114.2146  22.7414   1.7462     -90.4267
    827    4515  1368.21    5506.78  114.2381  22.7378   1.9459     -89.4060
    827    4637  1385.44    5627.95  114.2616  22.7342   2.1462     -88.5732
    827    4759  1402.70    5749.24  114.2851  22.7306   2.3471     -87.8805
    827    4881  1419.97    5870.68  114.3086  22.7270   2.5484     -87.2952
    827    5003  1437.27    5992.26  114.3322  22.7234   2.7501     -86.7939
    827    5125  1454.59    6114.00  114.3558  22.7198   2.9521     -86.3594
    827    5247  1471.93    6235.90  114.3794  22.7162   3.1546     -85.9790
    827    5369  1489.30    6357.98  114.4031  22.7125   3.3574     -85.6430
    827    5491  1506.69    6480.25  114.4268  22.7089   3.5605     -85.3439
    827    5613  1524.11    6602.72  114.4505  22.7052   3.7639     -85.0758
    827    5735  1541.56    6725.39  114.4743  22.7016   3.9677     -84.8339
    827    5857  1559.05    6848.28  114.4981  22.6979   4.1717     -84.6145
    827    6000  1579.58    6992.61  114.5260  22.6936   4.4114     -84.3817
    945       1  846.09    998.55  113.3626  22.8474   5.5729     102.0596
    945     123  863.65    1122.00  113.3866  22.8439   5.3682     102.1855
    945     245  881.18    1245.21  113.4105  22.8404   5.1637     102.3205
    945     367  898.67    1368.19  113.4344  22.8369   4.9596     102.4657
    945     489  916.14    1490.95  113.4583  22.8333   4.7558     102.6222
    945     611  933.57    1613.49  113.4821  22.8298   4.5522     102.7917
    945     733  950.97    1735.84  113.5059  22.8263   4.3490     102.9759
    945     855  968.35    1857.99  113.5296  22.8228   4.1460     103.1770
    945     977  985.70    1979.96  113.5533  22.8193   3.9433     103.3976
    945    1099  1003.03    2101.76  113.5769  22.8158   3.7408     103.6408
    945    1221  1020.34    2223.40  113.6005  22.8123   3.5386     103.9105
    945    1343  1037.62    2344.89  113.6241  22.8088   3.3367     104.2115
    945    1465  1054.88    2466.23  113.6477  22.8053   3.1350     104.5497
    945    1587  1072.13    2587.45  113.6712  22.8017   2.9336     104.9328
    945    1709  1089.36    2708.54  113.6948  22.7982   2.7325     105.3706
    945    1831  1106.57    2829.53  113.7182  22.7947   2.5317     105.8761
    945    1953  1123.77    2950.41  113.7417  22.7912   2.3312     106.4666
    945    2075  1140.95    3071.20  113.7652  22.7877   2.1312     107.1660
    945    2197  1158.12    3191.91  113.7886  22.7842   1.9316     108.0078
    945    2319  1175.29    3312.54  113.8120  22.7807   1.7326     109.0407
    945    2441  1192.44    3433.12  113.8354  22.7772   1.5343     110.3382
    945    2563  1209.59    3553.65  113.8588  22.7737   1.3371     112.0163
    945    2685  1226.73    3674.13  113.8822  22.7702   1.1415     114.2685
    945    2807  1243.86    3794.58  113.9055  22.7666   0.9484     117.4402
    945    2929  1261.00    3915.01  113.9289  22.7631   0.7596     122.2042
    945    3051  1278.13    4035.43  113.9523  22.7596   0.5795     130.0093
    945    3173  1295.26    4155.84  113.9756  22.7561   0.4193     144.2451
    945    3295  1312.39    4276.27  113.9990  22.7526   0.3113     171.4832
    945    3417  1329.53    4396.71  114.0223  22.7490   0.3150     -150.9768
    945    3539  1346.67    4517.18  114.0457  22.7455   0.4275     -124.6246
    945    3661  1363.81    4637.69  114.0691  22.7419   0.5895     -110.8973
    945    3783  1380.97    4758.24  114.0925  22.7384   0.7705     -103.3258
    945    3905  1398.13    4878.86  114.1159  22.7348   0.9599     -98.6788
    945    4027  1415.30    4999.54  114.1393  22.7313   1.1535     -95.5721
    945    4149  1432.48    5120.30  114.1627  22.7277   1.3496     -93.3593
    945    4271  1449.67    5241.14  114.1861  22.7241   1.5474     -91.7067
    945    4393  1466.88    5362.09  114.2095  22.7206   1.7462     -90.4265
    945    4515  1484.10    5483.14  114.2330  22.7170   1.9459     -89.4060
    945    4637  1501.34    5604.31  114.2565  22.7134   2.1462     -88.5733
    945    4759  1518.60    5725.60  114.2800  22.7098   2.3471     -87.8808
    945    4881  1535.88    5847.04  114.3035  22.7062   2.5484     -87.2956
    945    5003  1553.18    5968.62  114.3271  22.7026   2.7501     -86.7943
    945    5125  1570.50    6090.35  114.3507  22.6990   2.9521     -86.3599
    945    5247  1587.84    6212.26  114.3743  22.6954   3.1546     -85.9796
    945    5369  1605.21    6334.34  114.3980  22.6917   3.3573     -85.6437
    945    5491  1622.61    6456.61  114.4216  22.6881   3.5605     -85.3447
    945    5613  1640.04    6579.07  114.4454  22.6844   3.7639     -85.0766
    945    5735  1657.49    6701.74  114.4691  22.6808   3.9676     -84.8348
    945    5857  1674.98    6824.63  114.4929  22.6771   4.1717     -84.6154
    945    6000  1695.51    6968.96  114.5209  22.6728   4.4114     -84.3826
   1063       1  961.87    974.95  113.3576  22.8266   5.5729     102.0578
   1063     123  979.43    1098.40  113.3816  22.8231   5.3682     102.1837
   1063     245  996.97    1221.61  113.4056  22.8196   5.1637     102.3187
   1063     367  1014.46    1344.59  113.4295  22.8160   4.9596     102.4638
   1063     489  1031.93    1467.34  113.4533  22.8125   4.7558     102.6203
   1063     611  1049.37    1589.89  113.4771  22.8090   4.5522     102.7897
   1063     733  1066.78    1712.23  113.5009  22.8055   4.3490     102.9739
   1063     855  1084.16    1834.38  113.5246  22.8020   4.1460     103.1750
   1063     977  1101.51    1956.35  113.5483  22.7985   3.9433     103.3955
   1063    1099  1118.84    2078.15  113.5719  22.7949   3.7408     103.6387
   1063    1221  1136.15    2199.79  113.5956  22.7914   3.5386     103.9083
   1063    1343  1153.44    2321.27  113.6191  22.7879   3.3367     104.2092
   1063    1465  1170.70    2442.62  113.6427  22.7844   3.1350     104.5473
   1063    1587  1187.95    2563.83  113.6662  22.7809   2.9336     104.9303
   1063    1709  1205.18    2684.93  113.6897  22.7774   2.7325     105.3681
   1063    1831  1222.40    2805.91  113.7132  22.7739   2.5317     105.8734
   1063    1953  1239.60    2926.79  113.7367  22.7704   2.3312     106.4639
   1063    2075  1256.79    3047.58  113.7601  22.7669   2.1312     107.1631
   1063    2197  1273.96    3168.29  113.7836  22.7634   1.9316     108.0048
   1063    2319  1291.13    3288.92  113.8070  22.7599   1.7326     109.0375
   1063    2441  1308.28    3409.50  113.8304  22.7564   1.5343     110.3348
   1063    2563  1325.43    3530.02  113.8538  22.7529   1.3371     112.0126
   1063    2685  1342.58    3650.50  113.8771  22.7493   1.1415     114.2643
   1063    2807  1359.72    3770.95  113.9005  22.7458   0.9484     117.4355
   1063    2929  1376.85    3891.38  113.9239  22.7423   0.7596     122.1988
   1063    3051  1393.99    4011.80  113.9472  22.7388   0.5795     130.0029
   1063    3173  1411.12    4132.21  113.9706  22.7353   0.4192     144.2380
   1063    3295  1428.26    4252.64  113.9939  22.7317   0.3112     171.4780
   1063    3417  1445.40    4373.08  114.0173  22.7282   0.3149     -150.9756
   1063    3539  1462.54    4493.55  114.0407  22.7247   0.4274     -124.6212
   1063    3661  1479.69    4614.05  114.0640  22.7211   0.5895     -110.8943
   1063    3783  1496.85    4734.61  114.0874  22.7176   0.7705     -103.3236
   1063    3905  1514.01    4855.22  114.1108  22.7140   0.9598     -98.6772
   1063    4027  1531.18    4975.90  114.1342  22.7105   1.1535     -95.5710
   1063    4149  1548.37    5096.66  114.1576  22.7069   1.3496     -93.3586
   1063    4271  1565.56    5217.50  114.1810  22.7033   1.5474     -91.7062
   1063    4393  1582.77    5338.45  114.2045  22.6998   1.7462     -90.4263
   1063    4515  1600.00    5459.50  114.2279  22.6962   1.9459     -89.4060
   1063    4637  1617.24    5580.66  114.2514  22.6926   2.1462     -88.5734
   1063    4759  1634.50    5701.96  114.2749  22.6890   2.3470     -87.8811
   1063    4881  1651.78    5823.39  114.2984  22.6854   2.5483     -87.2960
   1063    5003  1669.09    5944.97  114.3220  22.6818   2.7500     -86.7948
   1063    5125  1686.41    6066.70  114.3456  22.6782   2.9521     -86.3605
   1063    5247  1703.76    6188.61  114.3692  22.6745   3.1546     -85.9802
   1063    5369  1721.13    6310.69  114.3928  22.6709   3.3573     -85.6444
   1063    5491  1738.53    6432.95  114.4165  22.6673   3.5604     -85.3454
   1063    5613  1755.96    6555.42  114.4403  22.6636   3.7639     -85.0774
   1063    5735  1773.42    6678.09  114.4640  22.6599   3.9676     -84.8357
   1063    5857  1790.91    6800.97  114.4878  22.6563   4.1717     -84.6163
   1063    6000  1811.45    6945.30  114.5158  22.6520   4.4114     -84.3836
   1181       1  1077.65    951.35  113.3527  22.8058   5.5729     102.0560
   1181     123  1095.22    1074.79  113.3767  22.8022   5.3682     102.1819
   1181     245  1112.75    1198.00  113.4006  22.7987   5.1637     102.3168
   1181     367  1130.26    1320.98  113.4245  22.7952   4.9596     102.4619
   1181     489  1147.73    1443.73  113.4483  22.7917   4.7558     102.6184
   1181     611  1165.17    1566.28  113.4721  22.7882   4.5522     102.7878
   1181     733  1182.58    1688.62  113.4959  22.7847   4.3490     102.9719
   1181     855  1199.96    1810.77  113.5196  22.7811   4.1460     103.1729
   1181     977  1217.32    1932.74  113.5433  22.7776   3.9433     103.3934
   1181    1099  1234.65    2054.53  113.5669  22.7741   3.7408     103.6366
   1181    1221  1251.96    2176.17  113.5906  22.7706   3.5386     103.9061
   1181    1343  1269.25    2297.66  113.6141  22.7671   3.3367     104.2070
   1181    1465  1286.52    2419.00  113.6377  22.7636   3.1350     104.5450
   1181    1587  1303.77    2540.21  113.6612  22.7601   2.9336     104.9279
   1181    1709  1321.01    2661.31  113.6847  22.7566   2.7325     105.3656
   1181    1831  1338.23    2782.29  113.7082  22.7531   2.5317     105.8708
   1181    1953  1355.43    2903.17  113.7317  22.7496   2.3312     106.4612
   1181    2075  1372.62    3023.95  113.7551  22.7461   2.1312     107.1603
   1181    2197  1389.80    3144.66  113.7785  22.7426   1.9316     108.0017
   1181    2319  1406.97    3265.30  113.8019  22.7391   1.7326     109.0343
   1181    2441  1424.13    3385.87  113.8253  22.7355   1.5343     110.3313
   1181    2563  1441.28    3506.39  113.8487  22.7320   1.3371     112.0088
   1181    2685  1458.43    3626.87  113.8721  22.7285   1.1415     114.2602
   1181    2807  1475.57    3747.32  113.8955  22.7250   0.9484     117.4308
   1181    2929  1492.71    3867.75  113.9188  22.7215   0.7596     122.1934
   1181    3051  1509.85    3988.17  113.9422  22.7180   0.5795     129.9966
   1181    3173  1526.99    4108.58  113.9655  22.7144   0.4192     144.2308
   1181    3295  1544.13    4229.00  113.9889  22.7109   0.3112     171.4727
   1181    3417  1561.27    4349.44  114.0122  22.7074   0.3149     -150.9744
   1181    3539  1578.41    4469.91  114.0356  22.7038   0.4274     -124.6177
   1181    3661  1595.56    4590.42  114.0590  22.7003   0.5894     -110.8914
   1181    3783  1612.72    4710.97  114.0823  22.6968   0.7705     -103.3215
   1181    3905  1629.89    4831.58  114.1057  22.6932   0.9598     -98.6757
   1181    4027  1647.07    4952.26  114.1291  22.6896   1.1535     -95.5699
   1181    4149  1664.25    5073.02  114.1525  22.6861   1.3496     -93.3579
   1181    4271  1681.45    5193.86  114.1759  22.6825   1.5473     -91.7058
   1181    4393  1698.67    5314.80  114.1994  22.6789   1.7462     -90.4261
   1181    4515  1715.90    5435.85  114.2228  22.6754   1.9459     -89.4059
   1181    4637  1733.14    5557.02  114.2463  22.6718   2.1462     -88.5735
   1181    4759  1750.41    5678.31  114.2698  22.6682   2.3470     -87.8813
   1181    4881  1767.69    5799.74  114.2933  22.6646   2.5483     -87.2963
   1181    5003  1784.99    5921.32  114.3169  22.6610   2.7500     -86.7952
   1181    5125  1802.32    6043.05  114.3405  22.6574   2.9521     -86.3610
   1181    5247  1819.67    6164.95  114.3641  22.6537   3.1546     -85.9809
   1181    5369  1837.05    6287.03  114.3877  22.6501   3.3573     -85.6451
   1181    5491  1854.45    6409.30  114.4114  22.6465   3.5604     -85.3462
   1181    5613  1871.88    6531.76  114.4351  22.6428   3.7639     -85.0782
   1181    5735  1889.35    6654.43  114.4589  22.6391   3.9676     -84.8365
   1181    5857  1906.84    6777.31  114.4827  22.6355   4.1717     -84.6172
   1181    6000  1927.38    6921.64  114.5106  22.6311   4.4114     -84.3846
   1299       1  1193.43    927.74  113.3477  22.7849   5.5729     102.0542
   1299     123  1211.00    1051.18  113.3717  22.7814   5.3682     102.1801
   1299     245  1228.54    1174.39  113.3956  22.7779   5.1637     102.3150
   1299     367  1246.05    1297.37  113.4195  22.7744   4.9596     102.4600
   1299     489  1263.52    1420.12  113.4434  22.7708   4.7558     102.6164
   1299     611  1280.96    1542.66  113.4672  22.7673   4.5522     102.7858
   1299     733  1298.38    1665.00  113.4909  22.7638   4.3490     102.9699
   1299     855  1315.76    1787.15  113.5146  22.7603   4.1460     103.1709
   1299     977  1333.12    1909.12  113.5383  22.7568   3.9433     103.3913
   1299    1099  1350.46    2030.92  113.5620  22.7533   3.7408     103.6344
   1299    1221  1367.78    2152.55  113.5856  22.7498   3.5386     103.9039
   1299    1343  1385.07    2274.04  113.6092  22.7463   3.3367     104.2047
   1299    1465  1402.34    2395.38  113.6327  22.7428   3.1350     104.5427
   1299    1587  1419.60    2516.59  113.6562  22.7393   2.9336     104.9255
   1299    1709  1436.83    2637.68  113.6797  22.7358   2.7325     105.3630
   1299    1831  1454.05    2758.66  113.7032  22.7323   2.5317     105.8682
   1299    1953  1471.26    2879.54  113.7267  22.7288   2.3312     106.4584
   1299    2075  1488.45    3000.33  113.7501  22.7253   2.1312     107.1574
   1299    2197  1505.64    3121.03  113.7735  22.7217   1.9316     107.9987
   1299    2319  1522.81    3241.67  113.7969  22.7182   1.7325     109.0311
   1299    2441  1539.97    3362.24  113.8203  22.7147   1.5343     110.3279
   1299    2563  1557.13    3482.76  113.8437  22.7112   1.3371     112.0051
   1299    2685  1574.28    3603.24  113.8671  22.7077   1.1415     114.2560
   1299    2807  1591.42    3723.69  113.8904  22.7042   0.9483     117.4262
   1299    2929  1608.57    3844.12  113.9138  22.7007   0.7596     122.1880
   1299    3051  1625.71    3964.53  113.9371  22.6971   0.5794     129.9902
   1299    3173  1642.85    4084.94  113.9605  22.6936   0.4192     144.2236
   1299    3295  1659.99    4205.36  113.9838  22.6901   0.3111     171.4674
   1299    3417  1677.13    4325.80  114.0072  22.6866   0.3148     -150.9731
   1299    3539  1694.28    4446.27  114.0305  22.6830   0.4273     -124.6142
   1299    3661  1711.44    4566.77  114.0539  22.6795   0.5894     -110.8884
   1299    3783  1728.60    4687.33  114.0773  22.6759   0.7704     -103.3193
   1299    3905  1745.77    4807.94  114.1006  22.6724   0.9598     -98.6741
   1299    4027  1762.95    4928.61  114.1240  22.6688   1.1534     -95.5688
   1299    4149  1780.14    5049.37  114.1474  22.6653   1.3496     -93.3571
   1299    4271  1797.34    5170.21  114.1709  22.6617   1.5473     -91.7053
   1299    4393  1814.56    5291.15  114.1943  22.6581   1.7462     -90.4259
   1299    4515  1831.79    5412.20  114.2177  22.6546   1.9459     -89.4059
   1299    4637  1849.04    5533.36  114.2412  22.6510   2.1462     -88.5737
   1299    4759  1866.31    5654.66  114.2647  22.6474   2.3470     -87.8815
   1299    4881  1883.59    5776.08  114.2882  22.6438   2.5483     -87.2967
   1299    5003  1900.90    5897.66  114.3118  22.6402   2.7500     -86.7957
   1299    5125  1918.23    6019.39  114.3354  22.6365   2.9521     -86.3615
   1299    5247  1935.59    6141.29  114.3590  22.6329   3.1545     -85.9815
   1299    5369  1952.97    6263.37  114.3826  22.6293   3.3573     -85.6458
   1299    5491  1970.37    6385.64  114.4063  22.6256   3.5604     -85.3469
   1299    5613  1987.81    6508.10  114.4300  22.6220   3.7639     -85.0790
   1299    5735  2005.27    6630.77  114.4538  22.6183   3.9676     -84.8374
   1299    5857  2022.77    6753.65  114.4776  22.6147   4.1717     -84.6181
   1299    6000  2043.31    6897.98  114.5055  22.6103   4.4114     -84.3855
   1417       1  1309.21    904.12  113.3428  22.7641   5.5729     102.0525
   1417     123  1326.79    1027.57  113.3668  22.7606   5.3682     102.1783
   1417     245  1344.33    1150.78  113.3907  22.7571   5.1637     102.3131
   1417     367  1361.83    1273.75  113.4146  22.7535   4.9596     102.4581
   1417     489  1379.31    1396.50  113.4384  22.7500   4.7558     102.6145
   1417     611  1396.76    1519.04  113.4622  22.7465   4.5522     102.7838
   1417     733  1414.17    1641.38  113.4859  22.7430   4.3490     102.9679
   1417     855  1431.57    1763.53  113.5097  22.7395   4.1460     103.1688
   1417     977  1448.93    1885.50  113.5333  22.7360   3.9433     103.3892
   1417    1099  1466.27    2007.29  113.5570  22.7325   3.7408     103.6323
   1417    1221  1483.59    2128.93  113.5806  22.7290   3.5386     103.9017
   1417    1343  1500.88    2250.41  113.6042  22.7255   3.3367     104.2024
   1417    1465  1518.16    2371.75  113.6277  22.7219   3.1350     104.5403
   1417    1587  1535.42    2492.96  113.6512  22.7184   2.9336     104.9231
   1417    1709  1552.66    2614.05  113.6747  22.7149   2.7325     105.3605
   1417    1831  1569.88    2735.03  113.6982  22.7114   2.5317     105.8656
   1417    1953  1587.09    2855.91  113.7217  22.7079   2.3312     106.4557
   1417    2075  1604.29    2976.70  113.7451  22.7044   2.1312     107.1546
   1417    2197  1621.47    3097.40  113.7685  22.7009   1.9316     107.9957
   1417    2319  1638.65    3218.03  113.7919  22.6974   1.7325     109.0278
   1417    2441  1655.81    3338.60  113.8153  22.6939   1.5343     110.3244
   1417    2563  1672.97    3459.12  113.8387  22.6904   1.3371     112.0013
   1417    2685  1690.12    3579.60  113.8620  22.6869   1.1415     114.2519
   1417    2807  1707.27    3700.05  113.8854  22.6834   0.9483     117.4215
   1417    2929  1724.42    3820.48  113.9087  22.6798   0.7596     122.1826
   1417    3051  1741.56    3940.89  113.9321  22.6763   0.5794     129.9839
   1417    3173  1758.71    4061.30  113.9554  22.6728   0.4191     144.2164
   1417    3295  1775.85    4181.72  113.9788  22.6693   0.3111     171.4621
   1417    3417  1793.00    4302.16  114.0021  22.6657   0.3147     -150.9719
   1417    3539  1810.15    4422.62  114.0255  22.6622   0.4273     -124.6107
   1417    3661  1827.31    4543.13  114.0488  22.6587   0.5894     -110.8854
   1417    3783  1844.47    4663.68  114.0722  22.6551   0.7704     -103.3171
   1417    3905  1861.65    4784.29  114.0956  22.6516   0.9598     -98.6725
   1417    4027  1878.83    4904.96  114.1190  22.6480   1.1534     -95.5677
   1417    4149  1896.02    5025.72  114.1424  22.6445   1.3496     -93.3564
   1417    4271  1913.23    5146.56  114.1658  22.6409   1.5473     -91.7049
   1417    4393  1930.45    5267.50  114.1892  22.6373   1.7462     -90.4257
   1417    4515  1947.68    5388.54  114.2127  22.6337   1.9458     -89.4059
   1417    4637  1964.93    5509.71  114.2361  22.6302   2.1462     -88.5738
   1417    4759  1982.21    5631.00  114.2596  22.6266   2.3470     -87.8818
   1417    4881  1999.50    5752.43  114.2832  22.6230   2.5483     -87.2970
   1417    5003  2016.81    5874.00  114.3067  22.6194   2.7500     -86.7962
   1417    5125  2034.14    5995.73  114.3303  22.6157   2.9521     -86.3621
   1417    5247  2051.50    6117.63  114.3539  22.6121   3.1545     -85.9821
   1417    5369  2068.88    6239.71  114.3775  22.6085   3.3573     -85.6465
   1417    5491  2086.29    6361.97  114.4012  22.6048   3.5604     -85.3477
   1417    5613  2103.73    6484.43  114.4249  22.6012   3.7638     -85.0798
   1417    5735  2121.19    6607.10  114.4486  22.5975   3.9676     -84.8382
   1417    5857  2138.69    6729.98  114.4724  22.5939   4.1717     -84.6190
   1417    6000  2159.24    6874.31  114.5004  22.5895   4.4114     -84.3865
   1535       1  1424.99    880.51  113.3378  22.7433   5.5729     102.0507
   1535     123  1442.57    1003.95  113.3618  22.7397   5.3682     102.1765
   1535     245  1460.11    1127.16  113.3857  22.7362   5.1637     102.3113
   1535     367  1477.62    1250.13  113.4096  22.7327   4.9596     102.4562
   1535     489  1495.10    1372.88  113.4334  22.7292   4.7558     102.6126
   1535     611  1512.55    1495.42  113.4572  22.7257   4.5522     102.7819
   1535     733  1529.97    1617.76  113.4810  22.7222   4.3490     102.9659
   1535     855  1547.37    1739.90  113.5047  22.7186   4.1460     103.1668
   1535     977  1564.73    1861.87  113.5284  22.7151   3.9433     103.3872
   1535    1099  1582.08    1983.67  113.5520  22.7116   3.7408     103.6301
   1535    1221  1599.40    2105.30  113.5756  22.7081   3.5386     103.8995
   1535    1343  1616.70    2226.78  113.5992  22.7046   3.3367     104.2001
   1535    1465  1633.97    2348.12  113.6227  22.7011   3.1350     104.5380
   1535    1587  1651.23    2469.33  113.6462  22.6976   2.9336     104.9207
   1535    1709  1668.48    2590.42  113.6697  22.6941   2.7325     105.3580
   1535    1831  1685.70    2711.40  113.6932  22.6906   2.5317     105.8630
   1535    1953  1702.92    2832.27  113.7166  22.6871   2.3312     106.4530
   1535    2075  1720.12    2953.06  113.7401  22.6836   2.1312     107.1517
   1535    2197  1737.31    3073.76  113.7635  22.6801   1.9316     107.9927
   1535    2319  1754.48    3194.39  113.7869  22.6766   1.7325     109.0246
   1535    2441  1771.65    3314.96  113.8103  22.6731   1.5343     110.3210
   1535    2563  1788.81    3435.48  113.8336  22.6696   1.3371     111.9976
   1535    2685  1805.97    3555.96  113.8570  22.6661   1.1415     114.2477
   1535    2807  1823.12    3676.41  113.8804  22.6625   0.9483     117.4168
   1535    2929  1840.27    3796.83  113.9037  22.6590   0.7596     122.1772
   1535    3051  1857.42    3917.24  113.9270  22.6555   0.5794     129.9775
   1535    3173  1874.57    4037.65  113.9504  22.6520   0.4191     144.2092
   1535    3295  1891.71    4158.07  113.9737  22.6485   0.3110     171.4568
   1535    3417  1908.86    4278.51  113.9971  22.6449   0.3147     -150.9706
   1535    3539  1926.02    4398.97  114.0204  22.6414   0.4272     -124.6072
   1535    3661  1943.18    4519.47  114.0438  22.6378   0.5893     -110.8825
   1535    3783  1960.35    4640.02  114.0671  22.6343   0.7704     -103.3149
   1535    3905  1977.52    4760.63  114.0905  22.6308   0.9597     -98.6710
   1535    4027  1994.71    4881.31  114.1139  22.6272   1.1534     -95.5666
   1535    4149  2011.90    5002.06  114.1373  22.6236   1.3496     -93.3557
   1535    4271  2029.11    5122.90  114.1607  22.6201   1.5473     -91.7044
   1535    4393  2046.34    5243.84  114.1841  22.6165   1.7462     -90.4254
   1535    4515  2063.57    5364.88  114.2076  22.6129   1.9458     -89.4058
   1535    4637  2080.83    5486.05  114.2310  22.6093   2.1461     -88.5739
   1535    4759  2098.10    5607.34  114.2545  22.6057   2.3470     -87.8820
   1535    4881  2115.40    5728.76  114.2781  22.6021   2.5483     -87.2974
   1535    5003  2132.71    5850.34  114.3016  22.5985   2.7500     -86.7966
   1535    5125  2150.05    5972.07  114.3252  22.5949   2.9521     -86.3626
   1535    5247  2167.41    6093.97  114.3488  22.5913   3.1545     -85.9827
   1535    5369  2184.79    6216.04  114.3724  22.5877   3.3573     -85.6471
   1535    5491  2202.21    6338.30  114.3961  22.5840   3.5604     -85.3484
   1535    5613  2219.65    6460.76  114.4198  22.5804   3.7638     -85.0806
   1535    5735  2237.12    6583.43  114.4435  22.5767   3.9676     -84.8391
   1535    5857  2254.62    6706.31  114.4673  22.5730   4.1717     -84.6199
   1535    6000  2275.17    6850.63  114.4952  22.5687   4.4113     -84.3874
   1653       1  1540.77    856.88  113.3329  22.7224   5.5729     102.0489
   1653     123  1558.35    980.33  113.3568  22.7189   5.3682     102.1747
   1653     245  1575.90    1103.53  113.3808  22.7154   5.1637     102.3095
   1653     367  1593.41    1226.50  113.4046  22.7119   4.9596     102.4544
   1653     489  1610.89    1349.25  113.4285  22.7084   4.7558     102.6107
   1653     611  1628.34    1471.79  113.4523  22.7048   4.5522     102.7799
   1653     733  1645.77    1594.13  113.4760  22.7013   4.3490     102.9639
   1653     855  1663.17    1716.28  113.4997  22.6978   4.1460     103.1648
   1653     977  1680.54    1838.24  113.5234  22.6943   3.9433     103.3851
   1653    1099  1697.88    1960.03  113.5470  22.6908   3.7408     103.6280
   1653    1221  1715.21    2081.67  113.5706  22.6873   3.5386     103.8973
   1653    1343  1732.51    2203.15  113.5942  22.6838   3.3367     104.1979
   1653    1465  1749.79    2324.49  113.6177  22.6803   3.1350     104.5356
   1653    1587  1767.05    2445.70  113.6412  22.6768   2.9336     104.9183
   1653    1709  1784.30    2566.78  113.6647  22.6733   2.7325     105.3555
   1653    1831  1801.53    2687.76  113.6882  22.6698   2.5317     105.8604
   1653    1953  1818.74    2808.64  113.7116  22.6663   2.3312     106.4503
   1653    2075  1835.95    2929.42  113.7351  22.6628   2.1312     107.1488
   1653    2197  1853.14    3050.12  113.7585  22.6593   1.9316     107.9897
   1653    2319  1870.32    3170.75  113.7819  22.6558   1.7325     109.0214
   1653    2441  1887.49    3291.32  113.8052  22.6523   1.5343     110.3175
   1653    2563  1904.66    3411.84  113.8286  22.6487   1.3371     111.9938
   1653    2685  1921.82    3532.32  113.8520  22.6452   1.1414     114.2436
   1653    2807  1938.97    3652.76  113.8753  22.6417   0.9483     117.4121
   1653    2929  1956.12    3773.18  113.8987  22.6382   0.7595     122.1718
   1653    3051  1973.27    3893.59  113.9220  22.6347   0.5794     129.9711
   1653    3173  1990.42    4014.00  113.9453  22.6312   0.4191     144.2020
   1653    3295  2007.57    4134.42  113.9687  22.6276   0.3110     171.4515
   1653    3417  2024.73    4254.86  113.9920  22.6241   0.3146     -150.9694
   1653    3539  2041.89    4375.32  114.0154  22.6206   0.4272     -124.6037
   1653    3661  2059.05    4495.82  114.0387  22.6170   0.5893     -110.8795
   1653    3783  2076.22    4616.37  114.0621  22.6135   0.7704     -103.3127
   1653    3905  2093.40    4736.98  114.0854  22.6099   0.9597     -98.6694
   1653    4027  2110.59    4857.65  114.1088  22.6064   1.1534     -95.5655
   1653    4149  2127.79    4978.40  114.1322  22.6028   1.3495     -93.3549
   1653    4271  2145.00    5099.24  114.1556  22.5993   1.5473     -91.7040
   1653    4393  2162.22    5220.18  114.1791  22.5957   1.7461     -90.4252
   1653    4515  2179.46    5341.22  114.2025  22.5921   1.9458     -89.4058
   1653    4637  2196.72    5462.38  114.2260  22.5885   2.1461     -88.5740
   1653    4759  2214.00    5583.67  114.2495  22.5849   2.3470     -87.8823
   1653    4881  2231.30    5705.10  114.2730  22.5813   2.5483     -87.2977
   1653    5003  2248.61    5826.67  114.2965  22.5777   2.7500     -86.7971
   1653    5125  2265.95    5948.40  114.3201  22.5741   2.9521     -86.3632
   1653    5247  2283.32    6070.29  114.3437  22.5705   3.1545     -85.9833
   1653    5369  2300.70    6192.37  114.3673  22.5669   3.3573     -85.6478
   1653    5491  2318.12    6314.63  114.3910  22.5632   3.5604     -85.3492
   1653    5613  2335.56    6437.09  114.4147  22.5596   3.7638     -85.0814
   1653    5735  2353.04    6559.75  114.4384  22.5559   3.9676     -84.8399
   1653    5857  2370.54    6682.63  114.4622  22.5522   4.1717     -84.6208
   1653    6000  2391.10    6826.95  114.4901  22.5479   4.4113     -84.3884
   1771       1  1656.54    833.26  113.3279  22.7016   5.5729     102.0471
   1771     123  1674.13    956.70  113.3519  22.6981   5.3682     102.1729
   1771     245  1691.68    1079.90  113.3758  22.6946   5.1637     102.3076
   1771     367  1709.20    1202.87  113.3997  22.6910   4.9596     102.4525
   1771     489  1726.68    1325.62  113.4235  22.6875   4.7558     102.6088
   1771     611  1744.14    1448.16  113.4473  22.6840   4.5522     102.7780
   1771     733  1761.56    1570.50  113.4710  22.6805   4.3490     102.9619
   1771     855  1778.96    1692.64  113.4947  22.6770   4.1460     103.1627
   1771     977  1796.34    1814.61  113.5184  22.6735   3.9433     103.3830
   1771    1099  1813.69    1936.40  113.5420  22.6700   3.7408     103.6258
   1771    1221  1831.01    2058.03  113.5656  22.6665   3.5386     103.8951
   1771    1343  1848.32    2179.51  113.5892  22.6630   3.3367     104.1956
   1771    1465  1865.60    2300.85  113.6127  22.6595   3.1350     104.5333
   1771    1587  1882.87    2422.06  113.6362  22.6560   2.9336     104.9158
   1771    1709  1900.12    2543.14  113.6597  22.6525   2.7325     105.3530
   1771    1831  1917.35    2664.12  113.6832  22.6490   2.5317     105.8578
   1771    1953  1934.57    2784.99  113.7066  22.6455   2.3312     106.4475
   1771    2075  1951.78    2905.77  113.7301  22.6420   2.1312     107.1460
   1771    2197  1968.97    3026.47  113.7535  22.6384   1.9315     107.9866
   1771    2319  1986.15    3147.10  113.7768  22.6349   1.7325     109.0182
   1771    2441  2003.33    3267.67  113.8002  22.6314   1.5343     110.3140
   1771    2563  2020.50    3388.19  113.8236  22.6279   1.3371     111.9900
   1771    2685  2037.66    3508.66  113.8469  22.6244   1.1414     114.2394
   1771    2807  2054.82    3629.11  113.8703  22.6209   0.9483     117.4074
   1771    2929  2071.97    3749.53  113.8936  22.6174   0.7595     122.1664
   1771    3051  2089.13    3869.94  113.9170  22.6139   0.5793     129.9648
   1771    3173  2106.28    3990.35  113.9403  22.6103   0.4190     144.1947
   1771    3295  2123.43    4110.76  113.9636  22.6068   0.3109     171.4462
   1771    3417  2140.59    4231.20  113.9870  22.6033   0.3146     -150.9681
   1771    3539  2157.75    4351.66  114.0103  22.5998   0.4272     -124.6001
   1771    3661  2174.92    4472.16  114.0337  22.5962   0.5893     -110.8765
   1771    3783  2192.09    4592.71  114.0570  22.5927   0.7703     -103.3105
   1771    3905  2209.27    4713.31  114.0804  22.5891   0.9597     -98.6678
   1771    4027  2226.46    4833.99  114.1038  22.5856   1.1534     -95.5644
   1771    4149  2243.67    4954.74  114.1271  22.5820   1.3495     -93.3542
   1771    4271  2260.88    5075.57  114.1506  22.5784   1.5473     -91.7035
   1771    4393  2278.11    5196.51  114.1740  22.5749   1.7461     -90.4250
   1771    4515  2295.35    5317.55  114.1974  22.5713   1.9458     -89.4057
   1771    4637  2312.62    5438.71  114.2209  22.5677   2.1461     -88.5741
   1771    4759  2329.89    5560.00  114.2444  22.5641   2.3470     -87.8825
   1771    4881  2347.19    5681.42  114.2679  22.5605   2.5483     -87.2981
   1771    5003  2364.51    5803.00  114.2914  22.5569   2.7500     -86.7975
   1771    5125  2381.86    5924.72  114.3150  22.5533   2.9521     -86.3637
   1771    5247  2399.22    6046.62  114.3386  22.5497   3.1545     -85.9839
   1771    5369  2416.61    6168.69  114.3622  22.5460   3.3573     -85.6485
   1771    5491  2434.03    6290.95  114.3859  22.5424   3.5604     -85.3499
   1771    5613  2451.48    6413.41  114.4096  22.5388   3.7638     -85.0822
   1771    5735  2468.96    6536.07  114.4333  22.5351   3.9676     -84.8408
   1771    5857  2486.46    6658.95  114.4571  22.5314   4.1717     -84.6217
   1771    6000  2507.03    6803.27  114.4850  22.5271   4.4113     -84.3893
   1889       1  1772.32    809.63  113.3230  22.6808   5.5729     102.0453
   1889     123  1789.91    933.07  113.3469  22.6772   5.3682     102.1710
   1889     245  1807.46    1056.27  113.3708  22.6737   5.1637     102.3058
   1889     367  1824.98    1179.24  113.3947  22.6702   4.9596     102.4506
   1889     489  1842.47    1301.99  113.4185  22.6667   4.7558     102.6069
   1889     611  1859.93    1424.52  113.4423  22.6632   4.5522     102.7760
   1889     733  1877.36    1546.86  113.4661  22.6597   4.3490     102.9599
   1889     855  1894.76    1669.00  113.4897  22.6562   4.1460     103.1607
   1889     977  1912.14    1790.97  113.5134  22.6527   3.9433     103.3809
   1889    1099  1929.49    1912.76  113.5370  22.6491   3.7408     103.6237
   1889    1221  1946.82    2034.39  113.5606  22.6456   3.5386     103.8929
   1889    1343  1964.13    2155.87  113.5842  22.6421   3.3367     104.1933
   1889    1465  1981.42    2277.21  113.6077  22.6386   3.1350     104.5310
   1889    1587  1998.68    2398.41  113.6312  22.6351   2.9336     104.9134
   1889    1709  2015.94    2519.50  113.6547  22.6316   2.7325     105.3505
   1889    1831  2033.17    2640.47  113.6782  22.6281   2.5317     105.8552
   1889    1953  2050.39    2761.34  113.7016  22.6246   2.3312     106.4448
   1889    2075  2067.60    2882.13  113.7250  22.6211   2.1311     107.1431
   1889    2197  2084.80    3002.83  113.7484  22.6176   1.9315     107.9836
   1889    2319  2101.99    3123.45  113.7718  22.6141   1.7325     109.0150
   1889    2441  2119.17    3244.02  113.7952  22.6106   1.5343     110.3106
   1889    2563  2136.34    3364.54  113.8186  22.6071   1.3371     111.9863
   1889    2685  2153.50    3485.01  113.8419  22.6036   1.1414     114.2352
   1889    2807  2170.66    3605.45  113.8653  22.6001   0.9483     117.4027
   1889    2929  2187.82    3725.87  113.8886  22.5966   0.7595     122.1609
   1889    3051  2204.98    3846.28  113.9119  22.5930   0.5793     129.9584
   1889    3173  2222.13    3966.69  113.9353  22.5895   0.4190     144.1875
   1889    3295  2239.29    4087.10  113.9586  22.5860   0.3109     171.4409
   1889    3417  2256.45    4207.54  113.9819  22.5825   0.3145     -150.9668
   1889    3539  2273.61    4328.00  114.0053  22.5789   0.4271     -124.5966
   1889    3661  2290.78    4448.50  114.0286  22.5754   0.5893     -110.8735
   1889    3783  2307.96    4569.04  114.0520  22.5719   0.7703     -103.3083
   1889    3905  2325.15    4689.65  114.0753  22.5683   0.9597     -98.6662
   1889    4027  2342.34    4810.32  114.0987  22.5648   1.1533     -95.5633
   1889    4149  2359.54    4931.07  114.1221  22.5612   1.3495     -93.3534
   1889    4271  2376.76    5051.91  114.1455  22.5576   1.5473     -91.7031
   1889    4393  2393.99    5172.84  114.1689  22.5541   1.7461     -90.4247
   1889    4515  2411.24    5293.88  114.1923  22.5505   1.9458     -89.4057
   1889    4637  2428.51    5415.04  114.2158  22.5469   2.1461     -88.5742
   1889    4759  2445.79    5536.33  114.2393  22.5433   2.3470     -87.8827
   1889    4881  2463.09    5657.75  114.2628  22.5397   2.5483     -87.2984
   1889    5003  2480.41    5779.32  114.2863  22.5361   2.7500     -86.7979
   1889    5125  2497.76    5901.05  114.3099  22.5325   2.9521     -86.3642
   1889    5247  2515.13    6022.94  114.3335  22.5289   3.1545     -85.9845
   1889    5369  2532.52    6145.01  114.3571  22.5252   3.3573     -85.6492
   1889    5491  2549.95    6267.27  114.3808  22.5216   3.5604     -85.3506
   1889    5613  2567.40    6389.73  114.4044  22.5179   3.7638     -85.0830
   1889    5735  2584.87    6512.39  114.4282  22.5143   3.9676     -84.8416
   1889    5857  2602.39    6635.27  114.4520  22.5106   4.1717     -84.6226
   1889    6000  2622.95    6779.58  114.4799  22.5063   4.4113     -84.3903
   2007       1  1888.10    785.99  113.3180  22.6599   5.5729     102.0436
   2007     123  1905.69    909.43  113.3420  22.6564   5.3682     102.1692
   2007     245  1923.24    1032.63  113.3659  22.6529   5.1637     102.3039
   2007     367  1940.77    1155.60  113.3898  22.6494   4.9596     102.4487
   2007     489  1958.26    1278.35  113.4136  22.6459   4.7558     102.6049
   2007     611  1975.72    1400.88  113.4373  22.6423   4.5522     102.7741
   2007     733  1993.15    1523.22  113.4611  22.6388   4.3490     102.9579
   2007     855  2010.56    1645.36  113.4848  22.6353   4.1460     103.1586
   2007     977  2027.94    1767.32  113.5084  22.6318   3.9433     103.3788
   2007    1099  2045.29    1889.11  113.5321  22.6283   3.7408     103.6215
   2007    1221  2062.62    2010.74  113.5556  22.6248   3.5386     103.8907
   2007    1343  2079.94    2132.22  113.5792  22.6213   3.3367     104.1911
   2007    1465  2097.23    2253.56  113.6027  22.6178   3.1350     104.5286
   2007    1587  2114.50    2374.76  113.6262  22.6143   2.9336     104.9110
   2007    1709  2131.75    2495.85  113.6497  22.6108   2.7325     105.3480
   2007    1831  2148.99    2616.82  113.6732  22.6073   2.5317     105.8526
   2007    1953  2166.22    2737.69  113.6966  22.6038   2.3312     106.4421
   2007    2075  2183.43    2858.47  113.7200  22.6003   2.1311     107.1402
   2007    2197  2200.63    2979.17  113.7434  22.5968   1.9315     107.9806
   2007    2319  2217.82    3099.80  113.7668  22.5933   1.7325     109.0117
   2007    2441  2235.00    3220.36  113.7902  22.5898   1.5342     110.3071
   2007    2563  2252.18    3340.88  113.8135  22.5863   1.3370     111.9825
   2007    2685  2269.34    3461.35  113.8369  22.5828   1.1414     114.2311
   2007    2807  2286.51    3581.79  113.8602  22.5793   0.9483     117.3980
   2007    2929  2303.67    3702.21  113.8836  22.5757   0.7595     122.1555
   2007    3051  2320.83    3822.62  113.9069  22.5722   0.5793     129.9520
   2007    3173  2337.99    3943.03  113.9302  22.5687   0.4190     144.1803
   2007    3295  2355.15    4063.44  113.9536  22.5652   0.3108     171.4356
   2007    3417  2372.31    4183.87  113.9769  22.5616   0.3145     -150.9655
   2007    3539  2389.48    4304.33  114.0002  22.5581   0.4271     -124.5930
   2007    3661  2406.65    4424.83  114.0236  22.5546   0.5892     -110.8705
   2007    3783  2423.83    4545.37  114.0469  22.5510   0.7703     -103.3060
   2007    3905  2441.02    4665.98  114.0703  22.5475   0.9597     -98.6646
   2007    4027  2458.21    4786.65  114.0936  22.5439   1.1533     -95.5622
   2007    4149  2475.42    4907.40  114.1170  22.5404   1.3495     -93.3527
   2007    4271  2492.64    5028.23  114.1404  22.5368   1.5472     -91.7026
   2007    4393  2509.88    5149.16  114.1638  22.5332   1.7461     -90.4245
   2007    4515  2527.13    5270.21  114.1873  22.5297   1.9458     -89.4056
   2007    4637  2544.40    5391.36  114.2107  22.5261   2.1461     -88.5743
   2007    4759  2561.68    5512.65  114.2342  22.5225   2.3470     -87.8830
   2007    4881  2578.99    5634.07  114.2577  22.5189   2.5483     -87.2988
   2007    5003  2596.31    5755.64  114.2812  22.5153   2.7500     -86.7984
   2007    5125  2613.66    5877.36  114.3048  22.5117   2.9520     -86.3647
   2007    5247  2631.03    5999.26  114.3284  22.5081   3.1545     -85.9851
   2007    5369  2648.43    6121.33  114.3520  22.5044   3.3573     -85.6498
   2007    5491  2665.86    6243.58  114.3756  22.5008   3.5604     -85.3514
   2007    5613  2683.31    6366.04  114.3993  22.4971   3.7638     -85.0838
   2007    5735  2700.79    6488.70  114.4231  22.4935   3.9676     -84.8425
   2007    5857  2718.31    6611.58  114.4468  22.4898   4.1717     -84.6235
   2007    6000  2738.87    6755.89  114.4748  22.4855   4.4113     -84.3912
   2125       1  2003.87    762.35  113.3131  22.6391   5.5729     102.0418
   2125     123  2021.46    885.79  113.3370  22.6356   5.3682     102.1674
   2125     245  2039.02    1008.99  113.3609  22.6321   5.1637     102.3021
   2125     367  2056.55    1131.96  113.3848  22.6285   4.9596     102.4469
   2125     489  2074.04    1254.71  113.4086  22.6250   4.7558     102.6030
   2125     611  2091.51    1377.24  113.4324  22.6215   4.5522     102.7721
   2125     733  2108.94    1499.57  113.4561  22.6180   4.3490     102.9559
   2125     855  2126.35    1621.71  113.4798  22.6145   4.1460     103.1566
   2125     977  2143.73    1743.68  113.5035  22.6110   3.9433     103.3767
   2125    1099  2161.09    1865.46  113.5271  22.6075   3.7408     103.6194
   2125    1221  2178.43    1987.09  113.5507  22.6040   3.5386     103.8885
   2125    1343  2195.74    2108.57  113.5742  22.6005   3.3367     104.1888
   2125    1465  2213.04    2229.90  113.5977  22.5970   3.1350     104.5263
   2125    1587  2230.31    2351.11  113.6213  22.5935   2.9336     104.9086
   2125    1709  2247.57    2472.19  113.6447  22.5900   2.7325     105.3455
   2125    1831  2264.81    2593.16  113.6682  22.5865   2.5317     105.8500
   2125    1953  2282.04    2714.03  113.6916  22.5830   2.3312     106.4393
   2125    2075  2299.26    2834.81  113.7150  22.5795   2.1311     107.1374
   2125    2197  2316.46    2955.51  113.7384  22.5760   1.9315     107.9776
   2125    2319  2333.65    3076.14  113.7618  22.5725   1.7325     109.0085
   2125    2441  2350.84    3196.70  113.7852  22.5690   1.5342     110.3036
   2125    2563  2368.01    3317.22  113.8085  22.5655   1.3370     111.9787
   2125    2685  2385.18    3437.69  113.8319  22.5619   1.1414     114.2269
   2125    2807  2402.35    3558.13  113.8552  22.5584   0.9483     117.3933
   2125    2929  2419.52    3678.55  113.8785  22.5549   0.7595     122.1501
   2125    3051  2436.68    3798.95  113.9019  22.5514   0.5793     129.9456
   2125    3173  2453.84    3919.36  113.9252  22.5479   0.4189     144.1730
   2125    3295  2471.00    4039.77  113.9485  22.5444   0.3108     171.4303
   2125    3417  2488.17    4160.20  113.9718  22.5408   0.3144     -150.9643
   2125    3539  2505.34    4280.66  113.9952  22.5373   0.4270     -124.5895
   2125    3661  2522.51    4401.16  114.0185  22.5338   0.5892     -110.8674
   2125    3783  2539.70    4521.70  114.0418  22.5302   0.7703     -103.3038
   2125    3905  2556.89    4642.30  114.0652  22.5267   0.9596     -98.6630
   2125    4027  2574.09    4762.97  114.0886  22.5231   1.1533     -95.5611
   2125    4149  2591.30    4883.72  114.1119  22.5196   1.3495     -93.3519
   2125    4271  2608.52    5004.55  114.1353  22.5160   1.5472     -91.7021
   2125    4393  2625.76    5125.48  114.1587  22.5124   1.7461     -90.4242
   2125    4515  2643.01    5246.52  114.1822  22.5089   1.9458     -89.4055
   2125    4637  2660.28    5367.68  114.2056  22.5053   2.1461     -88.5744
   2125    4759  2677.57    5488.96  114.2291  22.5017   2.3469     -87.8832
   2125    4881  2694.88    5610.39  114.2526  22.4981   2.5482     -87.2991
   2125    5003  2712.21    5731.95  114.2761  22.4945   2.7500     -86.7988
   2125    5125  2729.56    5853.68  114.2997  22.4909   2.9520     -86.3653
   2125    5247  2746.94    5975.57  114.3233  22.4872   3.1545     -85.9857
   2125    5369  2764.34    6097.64  114.3469  22.4836   3.3573     -85.6505
   2125    5491  2781.77    6219.89  114.3705  22.4800   3.5604     -85.3521
   2125    5613  2799.22    6342.35  114.3942  22.4763   3.7638     -85.0846
   2125    5735  2816.71    6465.01  114.4180  22.4727   3.9676     -84.8433
   2125    5857  2834.22    6587.88  114.4417  22.4690   4.1717     -84.6244
   2125    6000  2854.80    6732.20  114.4696  22.4647   4.4113     -84.3921
   2243       1  2119.64    738.71  113.3081  22.6183   5.5729     102.0400
   2243     123  2137.24    862.15  113.3321  22.6147   5.3682     102.1656
   2243     245  2154.80    985.35  113.3560  22.6112   5.1637     102.3002
   2243     367  2172.33    1108.31  113.3798  22.6077   4.9596     102.4450
   2243     489  2189.83    1231.06  113.4036  22.6042   4.7558     102.6011
   2243     611  2207.30    1353.59  113.4274  22.6007   4.5522     102.7702
   2243     733  2224.73    1475.92  113.4511  22.5972   4.3490     102.9539
   2243     855  2242.15    1598.06  113.4748  22.5937   4.1460     103.1545
   2243     977  2259.53    1720.02  113.4985  22.5902   3.9433     103.3746
   2243    1099  2276.89    1841.81  113.5221  22.5867   3.7408     103.6172
   2243    1221  2294.23    1963.44  113.5457  22.5832   3.5386     103.8863
   2243    1343  2311.55    2084.91  113.5692  22.5797   3.3367     104.1865
   2243    1465  2328.85    2206.25  113.5928  22.5762   3.1350     104.5240
   2243    1587  2346.12    2327.45  113.6163  22.5727   2.9336     104.9062
   2243    1709  2363.39    2448.53  113.6397  22.5692   2.7325     105.3430
   2243    1831  2380.63    2569.50  113.6632  22.5657   2.5317     105.8474
   2243    1953  2397.86    2690.37  113.6866  22.5621   2.3312     106.4366
   2243    2075  2415.08    2811.15  113.7100  22.5586   2.1311     107.1345
   2243    2197  2432.29    2931.85  113.7334  22.5551   1.9315     107.9745
   2243    2319  2449.48    3052.47  113.7568  22.5516   1.7325     109.0053
   2243    2441  2466.67    3173.04  113.7801  22.5481   1.5342     110.3002
   2243    2563  2483.85    3293.55  113.8035  22.5446   1.3370     111.9749
   2243    2685  2501.02    3414.02  113.8268  22.5411   1.1414     114.2227
   2243    2807  2518.19    3534.46  113.8502  22.5376   0.9482     117.3886
   2243    2929  2535.36    3654.88  113.8735  22.5341   0.7594     122.1447
   2243    3051  2552.53    3775.28  113.8968  22.5306   0.5792     129.9392
   2243    3173  2569.69    3895.69  113.9201  22.5271   0.4189     144.1658
   2243    3295  2586.86    4016.10  113.9435  22.5235   0.3107     171.4250
   2243    3417  2604.03    4136.53  113.9668  22.5200   0.3144     -150.9629
   2243    3539  2621.20    4256.98  113.9901  22.5165   0.4270     -124.5859
   2243    3661  2638.38    4377.48  114.0134  22.5129   0.5892     -110.8644
   2243    3783  2655.56    4498.02  114.0368  22.5094   0.7702     -103.3016
   2243    3905  2672.76    4618.62  114.0601  22.5059   0.9596     -98.6614
   2243    4027  2689.96    4739.29  114.0835  22.5023   1.1533     -95.5599
   2243    4149  2707.17    4860.04  114.1069  22.4987   1.3495     -93.3512
   2243    4271  2724.40    4980.87  114.1303  22.4952   1.5472     -91.7016
   2243    4393  2741.64    5101.80  114.1537  22.4916   1.7461     -90.4240
   2243    4515  2758.90    5222.84  114.1771  22.4880   1.9458     -89.4055
   2243    4637  2776.17    5344.00  114.2006  22.4845   2.1461     -88.5745
   2243    4759  2793.46    5465.28  114.2240  22.4809   2.3469     -87.8834
   2243    4881  2810.77    5586.70  114.2475  22.4773   2.5482     -87.2994
   2243    5003  2828.11    5708.26  114.2710  22.4737   2.7499     -86.7992
   2243    5125  2845.46    5829.99  114.2946  22.4701   2.9520     -86.3658
   2243    5247  2862.84    5951.88  114.3182  22.4664   3.1545     -85.9863
   2243    5369  2880.24    6073.95  114.3418  22.4628   3.3572     -85.6512
   2243    5491  2897.67    6196.20  114.3654  22.4592   3.5604     -85.3528
   2243    5613  2915.13    6318.65  114.3891  22.4555   3.7638     -85.0854
   2243    5735  2932.62    6441.31  114.4128  22.4519   3.9675     -84.8441
   2243    5857  2950.14    6564.18  114.4366  22.4482   4.1716     -84.6253
   2243    6000  2970.72    6708.50  114.4645  22.4439   4.4113     -84.3931
   2361       1  2235.41    715.06  113.3032  22.5974   5.5729     102.0382
   2361     123  2253.01    838.50  113.3271  22.5939   5.3682     102.1638
   2361     245  2270.58    961.70  113.3510  22.5904   5.1637     102.2984
   2361     367  2288.11    1084.66  113.3749  22.5869   4.9596     102.4431
   2361     489  2305.61    1207.41  113.3987  22.5834   4.7558     102.5992
   2361     611  2323.08    1329.94  113.4224  22.5799   4.5522     102.7682
   2361     733  2340.52    1452.27  113.4462  22.5763   4.3490     102.9519
   2361     855  2357.94    1574.41  113.4699  22.5728   4.1460     103.1525
   2361     977  2375.33    1696.37  113.4935  22.5693   3.9433     103.3725
   2361    1099  2392.69    1818.15  113.5171  22.5658   3.7408     103.6151
   2361    1221  2410.03    1939.78  113.5407  22.5623   3.5386     103.8841
   2361    1343  2427.35    2061.25  113.5642  22.5588   3.3367     104.1843
   2361    1465  2444.65    2182.59  113.5878  22.5553   3.1350     104.5216
   2361    1587  2461.94    2303.79  113.6113  22.5518   2.9336     104.9037
   2361    1709  2479.20    2424.87  113.6347  22.5483   2.7325     105.3405
   2361    1831  2496.45    2545.84  113.6582  22.5448   2.5317     105.8448
   2361    1953  2513.68    2666.71  113.6816  22.5413   2.3312     106.4339
   2361    2075  2530.90    2787.49  113.7050  22.5378   2.1311     107.1317
   2361    2197  2548.11    2908.18  113.7284  22.5343   1.9315     107.9715
   2361    2319  2565.31    3028.81  113.7518  22.5308   1.7325     109.0021
   2361    2441  2582.50    3149.37  113.7751  22.5273   1.5342     110.2967
   2361    2563  2599.69    3269.88  113.7985  22.5238   1.3370     111.9712
   2361    2685  2616.86    3390.35  113.8218  22.5203   1.1414     114.2186
   2361    2807  2634.04    3510.79  113.8451  22.5168   0.9482     117.3839
   2361    2929  2651.21    3631.20  113.8685  22.5133   0.7594     122.1392
   2361    3051  2668.37    3751.61  113.8918  22.5098   0.5792     129.9328
   2361    3173  2685.54    3872.01  113.9151  22.5062   0.4188     144.1585
   2361    3295  2702.71    3992.42  113.9384  22.5027   0.3107     171.4197
   2361    3417  2719.88    4112.85  113.9617  22.4992   0.3143     -150.9616
   2361    3539  2737.06    4233.30  113.9851  22.4957   0.4270     -124.5823
   2361    3661  2754.24    4353.80  114.0084  22.4921   0.5891     -110.8614
   2361    3783  2771.43    4474.34  114.0317  22.4886   0.7702     -103.2993
   2361    3905  2788.62    4594.94  114.0551  22.4850   0.9596     -98.6598
   2361    4027  2805.83    4715.61  114.0784  22.4815   1.1533     -95.5588
   2361    4149  2823.05    4836.35  114.1018  22.4779   1.3494     -93.3504
   2361    4271  2840.28    4957.18  114.1252  22.4744   1.5472     -91.7011
   2361    4393  2857.52    5078.11  114.1486  22.4708   1.7461     -90.4237
   2361    4515  2874.78    5199.15  114.1720  22.4672   1.9457     -89.4054
   2361    4637  2892.06    5320.31  114.1955  22.4636   2.1461     -88.5746
   2361    4759  2909.35    5441.59  114.2189  22.4601   2.3469     -87.8836
   2361    4881  2926.67    5563.00  114.2424  22.4565   2.5482     -87.2998
   2361    5003  2944.00    5684.57  114.2660  22.4529   2.7499     -86.7997
   2361    5125  2961.36    5806.29  114.2895  22.4492   2.9520     -86.3663
   2361    5247  2978.74    5928.18  114.3131  22.4456   3.1545     -85.9869
   2361    5369  2996.15    6050.25  114.3367  22.4420   3.3572     -85.6518
   2361    5491  3013.58    6172.50  114.3603  22.4384   3.5603     -85.3536
   2361    5613  3031.04    6294.95  114.3840  22.4347   3.7638     -85.0862
   2361    5735  3048.54    6417.61  114.4077  22.4311   3.9675     -84.8450
   2361    5857  3066.06    6540.48  114.4315  22.4274   4.1716     -84.6261
   2361    6000  3086.64    6684.79  114.4594  22.4231   4.4113     -84.3940
   2479       1  2351.18    691.41  113.2982  22.5766   5.5729     102.0364
   2479     123  2368.79    814.85  113.3222  22.5731   5.3682     102.1620
   2479     245  2386.35    938.04  113.3461  22.5696   5.1637     102.2966
   2479     367  2403.89    1061.01  113.3699  22.5660   4.9596     102.4412
   2479     489  2421.39    1183.75  113.3937  22.5625   4.7558     102.5973
   2479     611  2438.87    1306.28  113.4175  22.5590   4.5522     102.7663
   2479     733  2456.31    1428.61  113.4412  22.5555   4.3490     102.9499
   2479     855  2473.73    1550.75  113.4649  22.5520   4.1460     103.1505
   2479     977  2491.12    1672.71  113.4885  22.5485   3.9433     103.3704
   2479    1099  2508.49    1794.49  113.5121  22.5450   3.7408     103.6129
   2479    1221  2525.83    1916.12  113.5357  22.5415   3.5386     103.8819
   2479    1343  2543.16    2037.59  113.5593  22.5380   3.3367     104.1820
   2479    1465  2560.46    2158.92  113.5828  22.5345   3.1350     104.5193
   2479    1587  2577.75    2280.12  113.6063  22.5310   2.9336     104.9013
   2479    1709  2595.01    2401.20  113.6297  22.5275   2.7325     105.3380
   2479    1831  2612.26    2522.17  113.6532  22.5240   2.5317     105.8421
   2479    1953  2629.50    2643.04  113.6766  22.5205   2.3312     106.4312
   2479    2075  2646.72    2763.82  113.7000  22.5170   2.1311     107.1288
   2479    2197  2663.94    2884.51  113.7234  22.5135   1.9315     107.9685
   2479    2319  2681.14    3005.13  113.7468  22.5100   1.7325     108.9988
   2479    2441  2698.33    3125.69  113.7701  22.5065   1.5342     110.2932
   2479    2563  2715.52    3246.20  113.7935  22.5030   1.3370     111.9674
   2479    2685  2732.70    3366.67  113.8168  22.4995   1.1414     114.2144
   2479    2807  2749.88    3487.11  113.8401  22.4960   0.9482     117.3792
   2479    2929  2767.05    3607.52  113.8634  22.4924   0.7594     122.1338
   2479    3051  2784.22    3727.93  113.8868  22.4889   0.5792     129.9264
   2479    3173  2801.39    3848.33  113.9101  22.4854   0.4188     144.1513
   2479    3295  2818.56    3968.74  113.9334  22.4819   0.3106     171.4144
   2479    3417  2835.74    4089.17  113.9567  22.4784   0.3143     -150.9603
   2479    3539  2852.92    4209.62  113.9800  22.4748   0.4269     -124.5787
   2479    3661  2870.10    4330.11  114.0033  22.4713   0.5891     -110.8583
   2479    3783  2887.29    4450.65  114.0267  22.4678   0.7702     -103.2971
   2479    3905  2904.49    4571.25  114.0500  22.4642   0.9596     -98.6582
   2479    4027  2921.70    4691.92  114.0734  22.4607   1.1533     -95.5577
   2479    4149  2938.92    4812.66  114.0967  22.4571   1.3494     -93.3496
   2479    4271  2956.15    4933.49  114.1201  22.4535   1.5472     -91.7007
   2479    4393  2973.40    5054.42  114.1435  22.4500   1.7460     -90.4235
   2479    4515  2990.66    5175.46  114.1670  22.4464   1.9457     -89.4053
   2479    4637  3007.94    5296.61  114.1904  22.4428   2.1461     -88.5746
   2479    4759  3025.24    5417.89  114.2139  22.4392   2.3469     -87.8838
   2479    4881  3042.56    5539.31  114.2373  22.4356   2.5482     -87.3001
   2479    5003  3059.90    5660.87  114.2609  22.4320   2.7499     -86.8001
   2479    5125  3077.26    5782.59  114.2844  22.4284   2.9520     -86.3668
   2479    5247  3094.64    5904.48  114.3080  22.4248   3.1544     -85.9875
   2479    5369  3112.05    6026.55  114.3316  22.4212   3.3572     -85.6525
   2479    5491  3129.49    6148.80  114.3552  22.4175   3.5603     -85.3543
   2479    5613  3146.95    6271.25  114.3789  22.4139   3.7638     -85.0870
   2479    5735  3164.45    6393.90  114.4026  22.4102   3.9675     -84.8458
   2479    5857  3181.97    6516.78  114.4264  22.4066   4.1716     -84.6270
   2479    6000  3202.56    6661.09  114.4543  22.4023   4.4113     -84.3949
   2597       1  2466.95    667.76  113.2933  22.5558   5.5729     102.0347
   2597     123  2484.56    791.19  113.3172  22.5522   5.3682     102.1602
   2597     245  2502.13    914.39  113.3411  22.5487   5.1637     102.2947
   2597     367  2519.67    1037.35  113.3650  22.5452   4.9596     102.4393
   2597     489  2537.18    1160.09  113.3888  22.5417   4.7558     102.5954
   2597     611  2554.65    1282.62  113.4125  22.5382   4.5522     102.7643
   2597     733  2572.10    1404.95  113.4362  22.5347   4.3490     102.9479
   2597     855  2589.52    1527.09  113.4599  22.5312   4.1460     103.1484
   2597     977  2606.92    1649.04  113.4836  22.5277   3.9433     103.3683
   2597    1099  2624.29    1770.83  113.5072  22.5242   3.7408     103.6108
   2597    1221  2641.63    1892.45  113.5307  22.5207   3.5386     103.8797
   2597    1343  2658.96    2013.92  113.5543  22.5172   3.3367     104.1797
   2597    1465  2676.27    2135.25  113.5778  22.5137   3.1350     104.5169
   2597    1587  2693.55    2256.45  113.6013  22.5102   2.9336     104.8989
   2597    1709  2710.82    2377.53  113.6247  22.5067   2.7325     105.3355
   2597    1831  2728.08    2498.50  113.6482  22.5032   2.5317     105.8395
   2597    1953  2745.32    2619.37  113.6716  22.4997   2.3312     106.4284
   2597    2075  2762.55    2740.14  113.6950  22.4962   2.1311     107.1259
   2597    2197  2779.76    2860.83  113.7184  22.4927   1.9315     107.9654
   2597    2319  2796.97    2981.46  113.7417  22.4892   1.7325     108.9956
   2597    2441  2814.16    3102.02  113.7651  22.4857   1.5342     110.2898
   2597    2563  2831.35    3222.53  113.7884  22.4822   1.3370     111.9636
   2597    2685  2848.54    3342.99  113.8118  22.4786   1.1414     114.2102
   2597    2807  2865.71    3463.43  113.8351  22.4751   0.9482     117.3745
   2597    2929  2882.89    3583.84  113.8584  22.4716   0.7594     122.1284
   2597    3051  2900.06    3704.24  113.8817  22.4681   0.5792     129.9200
   2597    3173  2917.24    3824.65  113.9050  22.4646   0.4188     144.1440
   2597    3295  2934.41    3945.05  113.9283  22.4611   0.3106     171.4090
   2597    3417  2951.59    4065.48  113.9517  22.4575   0.3142     -150.9590
   2597    3539  2968.77    4185.93  113.9750  22.4540   0.4269     -124.5751
   2597    3661  2985.96    4306.43  113.9983  22.4505   0.5891     -110.8553
   2597    3783  3003.15    4426.96  114.0216  22.4469   0.7702     -103.2948
   2597    3905  3020.36    4547.56  114.0450  22.4434   0.9596     -98.6566
   2597    4027  3037.57    4668.23  114.0683  22.4398   1.1532     -95.5565
   2597    4149  3054.79    4788.97  114.0917  22.4363   1.3494     -93.3488
   2597    4271  3072.03    4909.80  114.1151  22.4327   1.5472     -91.7002
   2597    4393  3089.28    5030.73  114.1385  22.4292   1.7460     -90.4232
   2597    4515  3106.54    5151.76  114.1619  22.4256   1.9457     -89.4053
   2597    4637  3123.83    5272.91  114.1853  22.4220   2.1460     -88.5747
   2597    4759  3141.13    5394.19  114.2088  22.4184   2.3469     -87.8840
   2597    4881  3158.45    5515.61  114.2323  22.4148   2.5482     -87.3004
   2597    5003  3175.79    5637.17  114.2558  22.4112   2.7499     -86.8005
   2597    5125  3193.15    5758.89  114.2793  22.4076   2.9520     -86.3673
   2597    5247  3210.54    5880.78  114.3029  22.4040   3.1544     -85.9881
   2597    5369  3227.95    6002.84  114.3265  22.4004   3.3572     -85.6532
   2597    5491  3245.39    6125.09  114.3501  22.3967   3.5603     -85.3550
   2597    5613  3262.86    6247.54  114.3738  22.3931   3.7638     -85.0877
   2597    5735  3280.36    6370.19  114.3975  22.3894   3.9675     -84.8466
   2597    5857  3297.89    6493.07  114.4213  22.3858   4.1716     -84.6279
   2597    6000  3318.47    6637.38  114.4492  22.3815   4.4113     -84.3959
   2715       1  2582.72    644.09  113.2884  22.5349   5.5729     102.0329
   2715     123  2600.33    767.53  113.3123  22.5314   5.3682     102.1584
   2715     245  2617.90    890.72  113.3362  22.5279   5.1637     102.2929
   2715     367  2635.45    1013.68  113.3600  22.5244   4.9596     102.4375
   2715     489  2652.96    1136.43  113.3838  22.5209   4.7558     102.5935
   2715     611  2670.44    1258.95  113.4076  22.5174   4.5522     102.7623
   2715     733  2687.89    1381.28  113.4313  22.5138   4.3490     102.9459
   2715     855  2705.31    1503.42  113.4549  22.5103   4.1460     103.1464
   2715     977  2722.71    1625.37  113.4786  22.5068   3.9432     103.3662
   2715    1099  2740.08    1747.16  113.5022  22.5033   3.7408     103.6087
   2715    1221  2757.43    1868.78  113.5258  22.4998   3.5386     103.8775
   2715    1343  2774.76    1990.25  113.5493  22.4963   3.3367     104.1775
   2715    1465  2792.07    2111.58  113.5728  22.4928   3.1350     104.5146
   2715    1587  2809.36    2232.78  113.5963  22.4893   2.9336     104.8965
   2715    1709  2826.64    2353.86  113.6198  22.4858   2.7325     105.3330
   2715    1831  2843.89    2474.82  113.6432  22.4823   2.5317     105.8369
   2715    1953  2861.14    2595.69  113.6666  22.4788   2.3312     106.4257
   2715    2075  2878.37    2716.46  113.6900  22.4753   2.1311     107.1231
   2715    2197  2895.58    2837.15  113.7134  22.4718   1.9315     107.9624
   2715    2319  2912.79    2957.78  113.7367  22.4683   1.7325     108.9924
   2715    2441  2929.99    3078.33  113.7601  22.4648   1.5342     110.2863
   2715    2563  2947.18    3198.84  113.7834  22.4613   1.3370     111.9598
   2715    2685  2964.37    3319.31  113.8067  22.4578   1.1413     114.2060
   2715    2807  2981.55    3439.74  113.8301  22.4543   0.9482     117.3698
   2715    2929  2998.73    3560.16  113.8534  22.4508   0.7594     122.1229
   2715    3051  3015.91    3680.56  113.8767  22.4473   0.5791     129.9136
   2715    3173  3033.08    3800.96  113.9000  22.4438   0.4187     144.1367
   2715    3295  3050.26    3921.36  113.9233  22.4403   0.3105     171.4037
   2715    3417  3067.44    4041.79  113.9466  22.4367   0.3142     -150.9577
   2715    3539  3084.63    4162.24  113.9699  22.4332   0.4268     -124.5715
   2715    3661  3101.82    4282.73  113.9933  22.4297   0.5890     -110.8522
   2715    3783  3119.02    4403.27  114.0166  22.4261   0.7701     -103.2925
   2715    3905  3136.22    4523.87  114.0399  22.4226   0.9595     -98.6550
   2715    4027  3153.44    4644.53  114.0633  22.4190   1.1532     -95.5554
   2715    4149  3170.66    4765.27  114.0866  22.4155   1.3494     -93.3481
   2715    4271  3187.90    4886.10  114.1100  22.4119   1.5472     -91.6997
   2715    4393  3205.16    5007.03  114.1334  22.4084   1.7460     -90.4229
   2715    4515  3222.42    5128.06  114.1568  22.4048   1.9457     -89.4052
   2715    4637  3239.71    5249.21  114.1802  22.4012   2.1460     -88.5748
   2715    4759  3257.01    5370.49  114.2037  22.3976   2.3469     -87.8843
   2715    4881  3274.34    5491.90  114.2272  22.3940   2.5482     -87.3007
   2715    5003  3291.68    5613.46  114.2507  22.3904   2.7499     -86.8009
   2715    5125  3309.05    5735.18  114.2742  22.3868   2.9520     -86.3678
   2715    5247  3326.44    5857.07  114.2978  22.3832   3.1544     -85.9887
   2715    5369  3343.85    5979.13  114.3214  22.3796   3.3572     -85.6538
   2715    5491  3361.30    6101.38  114.3450  22.3759   3.5603     -85.3557
   2715    5613  3378.77    6223.83  114.3687  22.3723   3.7638     -85.0885
   2715    5735  3396.27    6346.48  114.3924  22.3686   3.9675     -84.8475
   2715    5857  3413.80    6469.35  114.4162  22.3650   4.1716     -84.6288
   2715    6000  3434.39    6613.66  114.4441  22.3607   4.4113     -84.3968
   2833       1  2698.49    620.43  113.2834  22.5141   5.5729     102.0311
   2833     123  2716.10    743.86  113.3073  22.5106   5.3682     102.1566
   2833     245  2733.68    867.06  113.3312  22.5071   5.1637     102.2910
   2833     367  2751.22    990.02  113.3551  22.5035   4.9596     102.4356
   2833     489  2768.74    1112.76  113.3789  22.5000   4.7558     102.5915
   2833     611  2786.22    1235.28  113.4026  22.4965   4.5522     102.7604
   2833     733  2803.67    1357.61  113.4263  22.4930   4.3490     102.9439
   2833     855  2821.10    1479.75  113.4500  22.4895   4.1460     103.1443
   2833     977  2838.50    1601.70  113.4736  22.4860   3.9432     103.3642
   2833    1099  2855.88    1723.48  113.4972  22.4825   3.7408     103.6065
   2833    1221  2873.23    1845.10  113.5208  22.4790   3.5386     103.8753
   2833    1343  2890.56    1966.58  113.5443  22.4755   3.3367     104.1752
   2833    1465  2907.88    2087.90  113.5678  22.4720   3.1350     104.5123
   2833    1587  2925.17    2209.10  113.5913  22.4685   2.9336     104.8941
   2833    1709  2942.44    2330.18  113.6148  22.4650   2.7325     105.3305
   2833    1831  2959.71    2451.14  113.6382  22.4615   2.5317     105.8343
   2833    1953  2976.95    2572.01  113.6616  22.4580   2.3312     106.4230
   2833    2075  2994.18    2692.78  113.6850  22.4545   2.1311     107.1202
   2833    2197  3011.41    2813.47  113.7084  22.4510   1.9315     107.9594
   2833    2319  3028.62    2934.09  113.7317  22.4475   1.7325     108.9892
   2833    2441  3045.82    3054.65  113.7551  22.4440   1.5342     110.2828
   2833    2563  3063.01    3175.16  113.7784  22.4405   1.3370     111.9561
   2833    2685  3080.20    3295.62  113.8017  22.4370   1.1413     114.2018
   2833    2807  3097.39    3416.05  113.8250  22.4335   0.9482     117.3651
   2833    2929  3114.57    3536.47  113.8484  22.4300   0.7594     122.1175
   2833    3051  3131.75    3656.87  113.8717  22.4265   0.5791     129.9072
   2833    3173  3148.93    3777.26  113.8950  22.4230   0.4187     144.1295
   2833    3295  3166.11    3897.67  113.9183  22.4194   0.3105     171.3984
   2833    3417  3183.29    4018.09  113.9416  22.4159   0.3141     -150.9563
   2833    3539  3200.48    4138.55  113.9649  22.4124   0.4268     -124.5679
   2833    3661  3217.68    4259.03  113.9882  22.4088   0.5890     -110.8491
   2833    3783  3234.88    4379.57  114.0115  22.4053   0.7701     -103.2903
   2833    3905  3252.08    4500.17  114.0349  22.4018   0.9595     -98.6533
   2833    4027  3269.30    4620.83  114.0582  22.3982   1.1532     -95.5542
   2833    4149  3286.53    4741.57  114.0816  22.3947   1.3494     -93.3473
   2833    4271  3303.77    4862.40  114.1049  22.3911   1.5471     -91.6992
   2833    4393  3321.03    4983.32  114.1283  22.3875   1.7460     -90.4227
   2833    4515  3338.30    5104.35  114.1517  22.3840   1.9457     -89.4051
   2833    4637  3355.59    5225.50  114.1752  22.3804   2.1460     -88.5749
   2833    4759  3372.90    5346.78  114.1986  22.3768   2.3469     -87.8845
   2833    4881  3390.22    5468.19  114.2221  22.3732   2.5482     -87.3011
   2833    5003  3407.57    5589.75  114.2456  22.3696   2.7499     -86.8014
   2833    5125  3424.94    5711.47  114.2691  22.3660   2.9520     -86.3683
   2833    5247  3442.33    5833.36  114.2927  22.3624   3.1544     -85.9893
   2833    5369  3459.75    5955.42  114.3163  22.3588   3.3572     -85.6545
   2833    5491  3477.20    6077.67  114.3399  22.3551   3.5603     -85.3564
   2833    5613  3494.67    6200.11  114.3636  22.3515   3.7637     -85.0893
   2833    5735  3512.18    6322.76  114.3873  22.3478   3.9675     -84.8483
   2833    5857  3529.71    6445.63  114.4111  22.3442   4.1716     -84.6296
   2833    6000  3550.30    6589.94  114.4389  22.3398   4.4112     -84.3977
   2951       1  2814.25    596.76  113.2785  22.4933   5.5729     102.0293
   2951     123  2831.87    720.19  113.3024  22.4897   5.3682     102.1548
   2951     245  2849.45    843.39  113.3263  22.4862   5.1637     102.2892
   2951     367  2867.00    966.35  113.3501  22.4827   4.9596     102.4337
   2951     489  2884.51    1089.08  113.3739  22.4792   4.7558     102.5896
   2951     611  2902.00    1211.61  113.3976  22.4757   4.5522     102.7584
   2951     733  2919.46    1333.94  113.4213  22.4722   4.3490     102.9420
   2951     855  2936.89    1456.07  113.4450  22.4687   4.1460     103.1423
   2951     977  2954.29    1578.02  113.4686  22.4652   3.9432     103.3621
   2951    1099  2971.67    1699.80  113.4922  22.4617   3.7408     103.6044
   2951    1221  2989.03    1821.43  113.5158  22.4582   3.5386     103.8731
   2951    1343  3006.36    1942.89  113.5393  22.4547   3.3367     104.1729
   2951    1465  3023.68    2064.22  113.5628  22.4512   3.1350     104.5099
   2951    1587  3040.97    2185.42  113.5863  22.4477   2.9336     104.8917
   2951    1709  3058.25    2306.49  113.6098  22.4442   2.7325     105.3279
   2951    1831  3075.52    2427.46  113.6332  22.4407   2.5317     105.8317
   2951    1953  3092.77    2548.32  113.6566  22.4372   2.3312     106.4203
   2951    2075  3110.00    2669.09  113.6800  22.4337   2.1311     107.1173
   2951    2197  3127.23    2789.78  113.7034  22.4302   1.9315     107.9564
   2951    2319  3144.44    2910.40  113.7267  22.4267   1.7325     108.9859
   2951    2441  3161.65    3030.96  113.7501  22.4232   1.5342     110.2794
   2951    2563  3178.84    3151.46  113.7734  22.4197   1.3370     111.9523
   2951    2685  3196.04    3271.93  113.7967  22.4162   1.1413     114.1977
   2951    2807  3213.22    3392.36  113.8200  22.4127   0.9482     117.3604
   2951    2929  3230.41    3512.77  113.8433  22.4092   0.7593     122.1120
   2951    3051  3247.59    3633.17  113.8666  22.4056   0.5791     129.9008
   2951    3173  3264.77    3753.57  113.8899  22.4021   0.4187     144.1222
   2951    3295  3281.96    3873.97  113.9132  22.3986   0.3104     171.3931
   2951    3417  3299.15    3994.39  113.9365  22.3951   0.3140     -150.9550
   2951    3539  3316.34    4114.84  113.9598  22.3916   0.4267     -124.5643
   2951    3661  3333.53    4235.33  113.9832  22.3880   0.5890     -110.8461
   2951    3783  3350.74    4355.87  114.0065  22.3845   0.7701     -103.2880
   2951    3905  3367.95    4476.46  114.0298  22.3809   0.9595     -98.6517
   2951    4027  3385.17    4597.12  114.0531  22.3774   1.1532     -95.5531
   2951    4149  3402.40    4717.86  114.0765  22.3738   1.3494     -93.3465
   2951    4271  3419.65    4838.69  114.0999  22.3703   1.5471     -91.6987
   2951    4393  3436.90    4959.61  114.1233  22.3667   1.7460     -90.4224
   2951    4515  3454.18    5080.64  114.1467  22.3631   1.9457     -89.4050
   2951    4637  3471.47    5201.79  114.1701  22.3596   2.1460     -88.5749
   2951    4759  3488.78    5323.07  114.1935  22.3560   2.3469     -87.8847
   2951    4881  3506.11    5444.48  114.2170  22.3524   2.5482     -87.3014
   2951    5003  3523.46    5566.04  114.2405  22.3488   2.7499     -86.8018
   2951    5125  3540.83    5687.76  114.2641  22.3452   2.9520     -86.3688
   2951    5247  3558.23    5809.64  114.2876  22.3416   3.1544     -85.9898
   2951    5369  3575.65    5931.70  114.3112  22.3379   3.3572     -85.6551
   2951    5491  3593.10    6053.95  114.3348  22.3343   3.5603     -85.3571
   2951    5613  3610.58    6176.39  114.3585  22.3307   3.7637     -85.0900
   2951    5735  3628.08    6299.04  114.3822  22.3270   3.9675     -84.8491
   2951    5857  3645.62    6421.91  114.4059  22.3233   4.1716     -84.6305
   2951    6000  3666.22    6566.22  114.4338  22.3190   4.4112     -84.3986
   3069       1  2930.02    573.09  113.2735  22.4724   5.5729     102.0276
   3069     123  2947.64    696.52  113.2974  22.4689   5.3682     102.1530
   3069     245  2965.22    819.71  113.3213  22.4654   5.1637     102.2874
   3069     367  2982.77    942.67  113.3452  22.4619   4.9596     102.4319
   3069     489  3000.29    1065.41  113.3689  22.4584   4.7558     102.5877
   3069     611  3017.78    1187.93  113.3927  22.4549   4.5522     102.7565
   3069     733  3035.24    1310.26  113.4164  22.4514   4.3490     102.9400
   3069     855  3052.67    1432.39  113.4401  22.4478   4.1460     103.1403
   3069     977  3070.08    1554.34  113.4637  22.4443   3.9432     103.3600
   3069    1099  3087.46    1676.12  113.4873  22.4408   3.7408     103.6022
   3069    1221  3104.82    1797.74  113.5108  22.4373   3.5386     103.8709
   3069    1343  3122.16    1919.21  113.5344  22.4338   3.3366     104.1707
   3069    1465  3139.48    2040.54  113.5579  22.4304   3.1350     104.5076
   3069    1587  3156.78    2161.73  113.5813  22.4269   2.9336     104.8892
   3069    1709  3174.06    2282.81  113.6048  22.4234   2.7325     105.3254
   3069    1831  3191.33    2403.77  113.6282  22.4199   2.5317     105.8291
   3069    1953  3208.58    2524.63  113.6516  22.4164   2.3312     106.4175
   3069    2075  3225.82    2645.40  113.6750  22.4129   2.1311     107.1145
   3069    2197  3243.05    2766.09  113.6984  22.4094   1.9315     107.9533
   3069    2319  3260.26    2886.71  113.7217  22.4059   1.7325     108.9827
   3069    2441  3277.47    3007.26  113.7450  22.4024   1.5342     110.2759
   3069    2563  3294.67    3127.77  113.7684  22.3989   1.3370     111.9485
   3069    2685  3311.87    3248.23  113.7917  22.3954   1.1413     114.1935
   3069    2807  3329.06    3368.66  113.8150  22.3918   0.9481     117.3556
   3069    2929  3346.25    3489.07  113.8383  22.3883   0.7593     122.1066
   3069    3051  3363.43    3609.47  113.8616  22.3848   0.5791     129.8943
   3069    3173  3380.62    3729.86  113.8849  22.3813   0.4186     144.1149
   3069    3295  3397.80    3850.27  113.9082  22.3778   0.3104     171.3877
   3069    3417  3414.99    3970.69  113.9315  22.3743   0.3140     -150.9536
   3069    3539  3432.19    4091.14  113.9548  22.3707   0.4267     -124.5607
   3069    3661  3449.39    4211.63  113.9781  22.3672   0.5889     -110.8430
   3069    3783  3466.59    4332.16  114.0014  22.3637   0.7701     -103.2857
   3069    3905  3483.81    4452.75  114.0248  22.3601   0.9595     -98.6500
   3069    4027  3501.03    4573.42  114.0481  22.3566   1.1532     -95.5519
   3069    4149  3518.27    4694.15  114.0714  22.3530   1.3493     -93.3457
   3069    4271  3535.52    4814.98  114.0948  22.3495   1.5471     -91.6982
   3069    4393  3552.78    4935.90  114.1182  22.3459   1.7460     -90.4221
   3069    4515  3570.05    5056.93  114.1416  22.3423   1.9457     -89.4049
   3069    4637  3587.35    5178.08  114.1650  22.3388   2.1460     -88.5750
   3069    4759  3604.66    5299.35  114.1885  22.3352   2.3468     -87.8849
   3069    4881  3621.99    5420.76  114.2119  22.3316   2.5482     -87.3017
   3069    5003  3639.35    5542.32  114.2354  22.3280   2.7499     -86.8022
   3069    5125  3656.72    5664.04  114.2590  22.3244   2.9520     -86.3693
   3069    5247  3674.12    5785.92  114.2825  22.3208   3.1544     -85.9904
   3069    5369  3691.55    5907.98  114.3061  22.3171   3.3572     -85.6557
   3069    5491  3709.00    6030.22  114.3297  22.3135   3.5603     -85.3578
   3069    5613  3726.48    6152.67  114.3534  22.3099   3.7637     -85.0908
   3069    5735  3743.99    6275.32  114.3771  22.3062   3.9675     -84.8499
   3069    5857  3761.53    6398.18  114.4008  22.3025   4.1716     -84.6314
   3069    6000  3782.13    6542.49  114.4287  22.2982   4.4112     -84.3996
   3187       1  3045.78    549.41  113.2686  22.4516   5.5729     102.0258
   3187     123  3063.40    672.84  113.2925  22.4481   5.3682     102.1512
   3187     245  3080.99    796.03  113.3164  22.4446   5.1637     102.2855
   3187     367  3098.54    918.99  113.3402  22.4410   4.9596     102.4300
   3187     489  3116.07    1041.73  113.3640  22.4375   4.7558     102.5858
   3187     611  3133.56    1164.25  113.3877  22.4340   4.5522     102.7545
   3187     733  3151.02    1286.57  113.4114  22.4305   4.3490     102.9380
   3187     855  3168.46    1408.71  113.4351  22.4270   4.1460     103.1382
   3187     977  3185.87    1530.66  113.4587  22.4235   3.9432     103.3579
   3187    1099  3203.25    1652.44  113.4823  22.4200   3.7408     103.6001
   3187    1221  3220.62    1774.05  113.5059  22.4165   3.5386     103.8687
   3187    1343  3237.96    1895.52  113.5294  22.4130   3.3366     104.1684
   3187    1465  3255.28    2016.85  113.5529  22.4095   3.1350     104.5053
   3187    1587  3272.58    2138.04  113.5763  22.4060   2.9336     104.8868
   3187    1709  3289.87    2259.11  113.5998  22.4025   2.7325     105.3229
   3187    1831  3307.14    2380.08  113.6232  22.3990   2.5316     105.8265
   3187    1953  3324.39    2500.94  113.6466  22.3955   2.3312     106.4148
   3187    2075  3341.63    2621.71  113.6700  22.3920   2.1311     107.1116
   3187    2197  3358.86    2742.39  113.6934  22.3885   1.9315     107.9503
   3187    2319  3376.08    2863.01  113.7167  22.3850   1.7325     108.9795
   3187    2441  3393.29    2983.57  113.7400  22.3815   1.5342     110.2724
   3187    2563  3410.50    3104.07  113.7634  22.3780   1.3370     111.9447
   3187    2685  3427.70    3224.53  113.7867  22.3745   1.1413     114.1893
   3187    2807  3444.89    3344.96  113.8100  22.3710   0.9481     117.3509
   3187    2929  3462.08    3465.37  113.8333  22.3675   0.7593     122.1011
   3187    3051  3479.27    3585.77  113.8566  22.3640   0.5790     129.8879
   3187    3173  3496.46    3706.16  113.8799  22.3605   0.4186     144.1076
   3187    3295  3513.65    3826.56  113.9032  22.3570   0.3103     171.3824
   3187    3417  3530.84    3946.98  113.9265  22.3534   0.3139     -150.9523
   3187    3539  3548.04    4067.43  113.9498  22.3499   0.4267     -124.5570
   3187    3661  3565.24    4187.92  113.9731  22.3464   0.5889     -110.8399
   3187    3783  3582.45    4308.45  113.9964  22.3428   0.7700     -103.2834
   3187    3905  3599.67    4429.04  114.0197  22.3393   0.9595     -98.6484
   3187    4027  3616.89    4549.70  114.0430  22.3358   1.1531     -95.5507
   3187    4149  3634.13    4670.44  114.0664  22.3322   1.3493     -93.3449
   3187    4271  3651.38    4791.26  114.0898  22.3286   1.5471     -91.6976
   3187    4393  3668.65    4912.18  114.1131  22.3251   1.7460     -90.4218
   3187    4515  3685.93    5033.21  114.1365  22.3215   1.9457     -89.4048
   3187    4637  3703.23    5154.36  114.1600  22.3179   2.1460     -88.5751
   3187    4759  3720.54    5275.63  114.1834  22.3144   2.3468     -87.8850
   3187    4881  3737.88    5397.04  114.2069  22.3108   2.5481     -87.3020
   3187    5003  3755.23    5518.60  114.2304  22.3072   2.7499     -86.8026
   3187    5125  3772.61    5640.31  114.2539  22.3036   2.9519     -86.3698
   3187    5247  3790.01    5762.19  114.2774  22.2999   3.1544     -85.9910
   3187    5369  3807.44    5884.25  114.3010  22.2963   3.3572     -85.6564
   3187    5491  3824.90    6006.50  114.3246  22.2927   3.5603     -85.3586
   3187    5613  3842.38    6128.94  114.3483  22.2890   3.7637     -85.0916
   3187    5735  3859.89    6251.59  114.3720  22.2854   3.9675     -84.8507
   3187    5857  3877.44    6374.45  114.3957  22.2817   4.1716     -84.6322
   3187    6000  3898.04    6518.75  114.4236  22.2774   4.4112     -84.4005
   3305       1  3161.54    525.73  113.2636  22.4308   5.5729     102.0240
   3305     123  3179.17    649.16  113.2876  22.4272   5.3682     102.1494
   3305     245  3196.76    772.35  113.3114  22.4237   5.1637     102.2837
   3305     367  3214.32    895.30  113.3353  22.4202   4.9596     102.4281
   3305     489  3231.84    1018.04  113.3590  22.4167   4.7558     102.5839
   3305     611  3249.34    1140.56  113.3828  22.4132   4.5522     102.7526
   3305     733  3266.80    1262.89  113.4065  22.4097   4.3490     102.9360
   3305     855  3284.24    1385.02  113.4301  22.4062   4.1460     103.1362
   3305     977  3301.66    1506.97  113.4537  22.4027   3.9432     103.3558
   3305    1099  3319.04    1628.74  113.4773  22.3992   3.7408     103.5980
   3305    1221  3336.41    1750.36  113.5009  22.3957   3.5386     103.8665
   3305    1343  3353.75    1871.83  113.5244  22.3922   3.3366     104.1661
   3305    1465  3371.08    1993.15  113.5479  22.3887   3.1350     104.5029
   3305    1587  3388.38    2114.35  113.5714  22.3852   2.9336     104.8844
   3305    1709  3405.67    2235.42  113.5948  22.3817   2.7325     105.3204
   3305    1831  3422.94    2356.38  113.6182  22.3782   2.5316     105.8239
   3305    1953  3440.20    2477.24  113.6416  22.3747   2.3312     106.4121
   3305    2075  3457.45    2598.01  113.6650  22.3712   2.1311     107.1087
   3305    2197  3474.68    2718.69  113.6884  22.3677   1.9315     107.9473
   3305    2319  3491.90    2839.31  113.7117  22.3642   1.7324     108.9762
   3305    2441  3509.12    2959.86  113.7350  22.3607   1.5342     110.2689
   3305    2563  3526.32    3080.36  113.7584  22.3572   1.3370     111.9409
   3305    2685  3543.53    3200.83  113.7817  22.3537   1.1413     114.1851
   3305    2807  3560.72    3321.25  113.8050  22.3502   0.9481     117.3462
   3305    2929  3577.92    3441.66  113.8283  22.3467   0.7593     122.0956
   3305    3051  3595.11    3562.06  113.8516  22.3432   0.5790     129.8815
   3305    3173  3612.30    3682.45  113.8748  22.3397   0.4185     144.1003
   3305    3295  3629.49    3802.85  113.8981  22.3361   0.3103     171.3771
   3305    3417  3646.69    3923.27  113.9214  22.3326   0.3139     -150.9509
   3305    3539  3663.89    4043.72  113.9447  22.3291   0.4266     -124.5534
   3305    3661  3681.09    4164.20  113.9680  22.3256   0.5889     -110.8368
   3305    3783  3698.31    4284.74  113.9913  22.3220   0.7700     -103.2811
   3305    3905  3715.53    4405.33  114.0147  22.3185   0.9594     -98.6467
   3305    4027  3732.76    4525.98  114.0380  22.3149   1.1531     -95.5496
   3305    4149  3750.00    4646.72  114.0613  22.3114   1.3493     -93.3441
   3305    4271  3767.25    4767.54  114.0847  22.3078   1.5471     -91.6971
   3305    4393  3784.52    4888.46  114.1081  22.3043   1.7459     -90.4215
   3305    4515  3801.80    5009.49  114.1315  22.3007   1.9456     -89.4047
   3305    4637  3819.10    5130.64  114.1549  22.2971   2.1460     -88.5751
   3305    4759  3836.42    5251.91  114.1783  22.2935   2.3468     -87.8852
   3305    4881  3853.76    5373.32  114.2018  22.2899   2.5481     -87.3023
   3305    5003  3871.12    5494.87  114.2253  22.2863   2.7499     -86.8030
   3305    5125  3888.50    5616.58  114.2488  22.2827   2.9519     -86.3703
   3305    5247  3905.90    5738.46  114.2723  22.2791   3.1544     -85.9915
   3305    5369  3923.34    5860.52  114.2959  22.2755   3.3572     -85.6570
   3305    5491  3940.79    5982.76  114.3196  22.2719   3.5603     -85.3593
   3305    5613  3958.28    6105.21  114.3432  22.2682   3.7637     -85.0923
   3305    5735  3975.79    6227.85  114.3669  22.2646   3.9675     -84.8515
   3305    5857  3993.34    6350.72  114.3906  22.2609   4.1716     -84.6331
   3305    6000  4013.95    6495.02  114.4185  22.2566   4.4112     -84.4014
   3423       1  3277.31    502.04  113.2587  22.4099   5.5729     102.0223
   3423     123  3294.94    625.47  113.2826  22.4064   5.3682     102.1476
   3423     245  3312.53    748.66  113.3065  22.4029   5.1637     102.2818
   3423     367  3330.09    871.62  113.3303  22.3994   4.9596     102.4262
   3423     489  3347.62    994.35  113.3541  22.3959   4.7558     102.5820
   3423     611  3365.11    1116.87  113.3778  22.3924   4.5522     102.7506
   3423     733  3382.58    1239.19  113.4015  22.3889   4.3490     102.9340
   3423     855  3400.03    1361.32  113.4252  22.3854   4.1460     103.1341
   3423     977  3417.44    1483.27  113.4488  22.3819   3.9432     103.3537
   3423    1099  3434.83    1605.05  113.4724  22.3784   3.7408     103.5958
   3423    1221  3452.20    1726.67  113.4959  22.3749   3.5386     103.8643
   3423    1343  3469.55    1848.13  113.5194  22.3714   3.3366     104.1639
   3423    1465  3486.88    1969.45  113.5429  22.3679   3.1350     104.5006
   3423    1587  3504.19    2090.65  113.5664  22.3644   2.9336     104.8820
   3423    1709  3521.48    2211.72  113.5898  22.3609   2.7325     105.3179
   3423    1831  3538.75    2332.68  113.6132  22.3574   2.5316     105.8213
   3423    1953  3556.01    2453.54  113.6366  22.3539   2.3312     106.4093
   3423    2075  3573.26    2574.30  113.6600  22.3504   2.1311     107.1058
   3423    2197  3590.50    2694.99  113.6834  22.3469   1.9315     107.9442
   3423    2319  3607.72    2815.60  113.7067  22.3434   1.7324     108.9730
   3423    2441  3624.94    2936.16  113.7300  22.3399   1.5342     110.2654
   3423    2563  3642.15    3056.66  113.7533  22.3364   1.3369     111.9371
   3423    2685  3659.35    3177.12  113.7766  22.3329   1.1413     114.1809
   3423    2807  3676.55    3297.54  113.7999  22.3294   0.9481     117.3415
   3423    2929  3693.75    3417.95  113.8232  22.3259   0.7593     122.0902
   3423    3051  3710.95    3538.34  113.8465  22.3224   0.5790     129.8750
   3423    3173  3728.14    3658.74  113.8698  22.3188   0.4185     144.0930
   3423    3295  3745.34    3779.14  113.8931  22.3153   0.3102     171.3717
   3423    3417  3762.53    3899.55  113.9164  22.3118   0.3138     -150.9495
   3423    3539  3779.74    4020.00  113.9397  22.3083   0.4266     -124.5497
   3423    3661  3796.95    4140.48  113.9630  22.3047   0.5888     -110.8337
   3423    3783  3814.16    4261.02  113.9863  22.3012   0.7700     -103.2788
   3423    3905  3831.38    4381.61  114.0096  22.2977   0.9594     -98.6451
   3423    4027  3848.62    4502.26  114.0329  22.2941   1.1531     -95.5484
   3423    4149  3865.86    4623.00  114.0563  22.2906   1.3493     -93.3433
   3423    4271  3883.12    4743.82  114.0796  22.2870   1.5471     -91.6966
   3423    4393  3900.39    4864.74  114.1030  22.2835   1.7459     -90.4213
   3423    4515  3917.67    4985.76  114.1264  22.2799   1.9456     -89.4046
   3423    4637  3934.98    5106.91  114.1498  22.2763   2.1460     -88.5752
   3423    4759  3952.30    5228.18  114.1732  22.2727   2.3468     -87.8854
   3423    4881  3969.64    5349.59  114.1967  22.2691   2.5481     -87.3026
   3423    5003  3987.00    5471.14  114.2202  22.2655   2.7498     -86.8034
   3423    5125  4004.39    5592.85  114.2437  22.2619   2.9519     -86.3708
   3423    5247  4021.80    5714.73  114.2673  22.2583   3.1544     -85.9921
   3423    5369  4039.23    5836.79  114.2908  22.2547   3.3571     -85.6577
   3423    5491  4056.69    5959.03  114.3145  22.2511   3.5603     -85.3600
   3423    5613  4074.18    6081.47  114.3381  22.2474   3.7637     -85.0931
   3423    5735  4091.70    6204.11  114.3618  22.2438   3.9675     -84.8524
   3423    5857  4109.25    6326.98  114.3855  22.2401   4.1716     -84.6340
   3423    6000  4129.86    6471.28  114.4134  22.2358   4.4112     -84.4023
   3541       1  3393.07    478.36  113.2538  22.3891   5.5729     102.0205
   3541     123  3410.70    601.78  113.2777  22.3856   5.3682     102.1458
   3541     245  3428.30    724.97  113.3015  22.3821   5.1637     102.2800
   3541     367  3445.86    847.92  113.3254  22.3785   4.9596     102.4244
   3541     489  3463.39    970.66  113.3491  22.3750   4.7558     102.5801
   3541     611  3480.89    1093.18  113.3729  22.3715   4.5522     102.7487
   3541     733  3498.36    1215.50  113.3965  22.3680   4.3490     102.9320
   3541     855  3515.81    1337.63  113.4202  22.3645   4.1460     103.1321
   3541     977  3533.23    1459.57  113.4438  22.3610   3.9432     103.3516
   3541    1099  3550.62    1581.35  113.4674  22.3575   3.7408     103.5937
   3541    1221  3567.99    1702.97  113.4909  22.3540   3.5386     103.8621
   3541    1343  3585.34    1824.43  113.5145  22.3505   3.3366     104.1616
   3541    1465  3602.67    1945.75  113.5379  22.3470   3.1350     104.4982
   3541    1587  3619.99    2066.94  113.5614  22.3435   2.9336     104.8796
   3541    1709  3637.28    2188.01  113.5848  22.3400   2.7325     105.3154
   3541    1831  3654.56    2308.97  113.6082  22.3365   2.5316     105.8187
   3541    1953  3671.82    2429.83  113.6316  22.3331   2.3312     106.4066
   3541    2075  3689.07    2550.59  113.6550  22.3296   2.1311     107.1030
   3541    2197  3706.31    2671.28  113.6784  22.3261   1.9315     107.9412
   3541    2319  3723.54    2791.89  113.7017  22.3226   1.7324     108.9698
   3541    2441  3740.76    2912.44  113.7250  22.3191   1.5342     110.2620
   3541    2563  3757.97    3032.94  113.7483  22.3156   1.3369     111.9333
   3541    2685  3775.18    3153.40  113.7716  22.3121   1.1413     114.1767
   3541    2807  3792.38    3273.83  113.7949  22.3086   0.9481     117.3367
   3541    2929  3809.58    3394.23  113.8182  22.3050   0.7592     122.0847
   3541    3051  3826.78    3514.63  113.8415  22.3015   0.5790     129.8686
   3541    3173  3843.98    3635.02  113.8648  22.2980   0.4185     144.0857
   3541    3295  3861.18    3755.42  113.8881  22.2945   0.3102     171.3664
   3541    3417  3878.38    3875.83  113.9114  22.2910   0.3138     -150.9482
   3541    3539  3895.58    3996.28  113.9346  22.2875   0.4265     -124.5460
   3541    3661  3912.80    4116.76  113.9579  22.2839   0.5888     -110.8306
   3541    3783  3930.01    4237.29  113.9812  22.2804   0.7700     -103.2765
   3541    3905  3947.24    4357.88  114.0046  22.2768   0.9594     -98.6434
   3541    4027  3964.48    4478.54  114.0279  22.2733   1.1531     -95.5472
   3541    4149  3981.72    4599.27  114.0512  22.2698   1.3493     -93.3425
   3541    4271  3998.98    4720.09  114.0746  22.2662   1.5470     -91.6961
   3541    4393  4016.26    4841.01  114.0979  22.2626   1.7459     -90.4210
   3541    4515  4033.55    4962.03  114.1213  22.2591   1.9456     -89.4045
   3541    4637  4050.85    5083.18  114.1447  22.2555   2.1459     -88.5752
   3541    4759  4068.18    5204.45  114.1682  22.2519   2.3468     -87.8856
   3541    4881  4085.52    5325.85  114.1916  22.2483   2.5481     -87.3029
   3541    5003  4102.88    5447.41  114.2151  22.2447   2.7498     -86.8038
   3541    5125  4120.27    5569.12  114.2386  22.2411   2.9519     -86.3713
   3541    5247  4137.68    5690.99  114.2622  22.2375   3.1544     -85.9927
   3541    5369  4155.12    5813.05  114.2858  22.2339   3.3571     -85.6583
   3541    5491  4172.58    5935.29  114.3094  22.2302   3.5602     -85.3607
   3541    5613  4190.08    6057.73  114.3330  22.2266   3.7637     -85.0938
   3541    5735  4207.60    6180.37  114.3567  22.2230   3.9675     -84.8532
   3541    5857  4225.15    6303.23  114.3804  22.2193   4.1715     -84.6348
   3541    6000  4245.77    6447.53  114.4083  22.2150   4.4112     -84.4032
   3659       1  3508.83    454.66  113.2488  22.3683   5.5729     102.0187
   3659     123  3526.46    578.09  113.2727  22.3647   5.3682     102.1440
   3659     245  3544.06    701.27  113.2966  22.3612   5.1637     102.2782
   3659     367  3561.63    824.23  113.3204  22.3577   4.9596     102.4225
   3659     489  3579.16    946.96  113.3442  22.3542   4.7558     102.5782
   3659     611  3596.67    1069.48  113.3679  22.3507   4.5522     102.7467
   3659     733  3614.14    1191.80  113.3916  22.3472   4.3490     102.9300
   3659     855  3631.59    1313.92  113.4152  22.3437   4.1460     103.1301
   3659     977  3649.01    1435.87  113.4388  22.3402   3.9432     103.3495
   3659    1099  3666.41    1557.65  113.4624  22.3367   3.7408     103.5915
   3659    1221  3683.78    1679.26  113.4860  22.3332   3.5386     103.8599
   3659    1343  3701.14    1800.72  113.5095  22.3297   3.3366     104.1593
   3659    1465  3718.47    1922.04  113.5330  22.3262   3.1350     104.4959
   3659    1587  3735.78    2043.23  113.5564  22.3227   2.9336     104.8772
   3659    1709  3753.08    2164.30  113.5798  22.3192   2.7324     105.3129
   3659    1831  3770.36    2285.26  113.6033  22.3157   2.5316     105.8160
   3659    1953  3787.63    2406.12  113.6266  22.3122   2.3312     106.4039
   3659    2075  3804.88    2526.88  113.6500  22.3087   2.1311     107.1001
   3659    2197  3822.12    2647.57  113.6734  22.3052   1.9315     107.9382
   3659    2319  3839.36    2768.18  113.6967  22.3017   1.7324     108.9665
   3659    2441  3856.58    2888.73  113.7200  22.2982   1.5341     110.2585
   3659    2563  3873.80    3009.23  113.7433  22.2947   1.3369     111.9296
   3659    2685  3891.01    3129.68  113.7666  22.2912   1.1413     114.1725
   3659    2807  3908.21    3250.11  113.7899  22.2877   0.9481     117.3320
   3659    2929  3925.41    3370.51  113.8132  22.2842   0.7592     122.0792
   3659    3051  3942.61    3490.91  113.8365  22.2807   0.5789     129.8621
   3659    3173  3959.82    3611.30  113.8598  22.2772   0.4184     144.0784
   3659    3295  3977.02    3731.69  113.8830  22.2737   0.3101     171.3610
   3659    3417  3994.22    3852.11  113.9063  22.2702   0.3137     -150.9468
   3659    3539  4011.43    3972.55  113.9296  22.2666   0.4265     -124.5423
   3659    3661  4028.64    4093.04  113.9529  22.2631   0.5888     -110.8274
   3659    3783  4045.87    4213.56  113.9762  22.2596   0.7699     -103.2742
   3659    3905  4063.09    4334.15  113.9995  22.2560   0.9594     -98.6417
   3659    4027  4080.33    4454.81  114.0228  22.2525   1.1531     -95.5460
   3659    4149  4097.58    4575.54  114.0462  22.2489   1.3493     -93.3416
   3659    4271  4114.85    4696.36  114.0695  22.2454   1.5470     -91.6956
   3659    4393  4132.12    4817.27  114.0929  22.2418   1.7459     -90.4207
   3659    4515  4149.42    4938.30  114.1163  22.2382   1.9456     -89.4044
   3659    4637  4166.72    5059.44  114.1397  22.2347   2.1459     -88.5753
   3659    4759  4184.05    5180.71  114.1631  22.2311   2.3468     -87.8858
   3659    4881  4201.40    5302.11  114.1866  22.2275   2.5481     -87.3032
   3659    5003  4218.77    5423.67  114.2100  22.2239   2.7498     -86.8042
   3659    5125  4236.16    5545.38  114.2336  22.2203   2.9519     -86.3718
   3659    5247  4253.57    5667.25  114.2571  22.2167   3.1544     -85.9932
   3659    5369  4271.01    5789.31  114.2807  22.2131   3.3571     -85.6589
   3659    5491  4288.48    5911.54  114.3043  22.2094   3.5602     -85.3613
   3659    5613  4305.97    6033.98  114.3279  22.2058   3.7637     -85.0946
   3659    5735  4323.50    6156.62  114.3516  22.2021   3.9674     -84.8540
   3659    5857  4341.05    6279.48  114.3753  22.1985   4.1715     -84.6357
   3659    6000  4361.67    6423.78  114.4032  22.1942   4.4112     -84.4041
   3777       1  3624.59    430.96  113.2439  22.3474   5.5729     102.0169
   3777     123  3642.22    554.39  113.2678  22.3439   5.3682     102.1422
   3777     245  3659.83    677.57  113.2917  22.3404   5.1637     102.2763
   3777     367  3677.39    800.52  113.3155  22.3369   4.9596     102.4206
   3777     489  3694.93    923.26  113.3392  22.3334   4.7558     102.5763
   3777     611  3712.44    1045.77  113.3630  22.3299   4.5522     102.7448
   3777     733  3729.92    1168.09  113.3866  22.3264   4.3490     102.9280
   3777     855  3747.37    1290.22  113.4103  22.3229   4.1460     103.1280
   3777     977  3764.79    1412.16  113.4339  22.3194   3.9432     103.3475
   3777    1099  3782.19    1533.94  113.4575  22.3159   3.7408     103.5894
   3777    1221  3799.57    1655.55  113.4810  22.3124   3.5386     103.8577
   3777    1343  3816.93    1777.01  113.5045  22.3089   3.3366     104.1571
   3777    1465  3834.26    1898.33  113.5280  22.3054   3.1350     104.4936
   3777    1587  3851.58    2019.52  113.5514  22.3019   2.9336     104.8747
   3777    1709  3868.88    2140.59  113.5749  22.2984   2.7324     105.3104
   3777    1831  3886.17    2261.55  113.5983  22.2949   2.5316     105.8134
   3777    1953  3903.44    2382.40  113.6216  22.2914   2.3312     106.4011
   3777    2075  3920.69    2503.17  113.6450  22.2879   2.1311     107.0972
   3777    2197  3937.94    2623.85  113.6684  22.2844   1.9315     107.9351
   3777    2319  3955.17    2744.46  113.6917  22.2809   1.7324     108.9633
   3777    2441  3972.40    2865.01  113.7150  22.2774   1.5341     110.2550
   3777    2563  3989.62    2985.51  113.7383  22.2739   1.3369     111.9258
   3777    2685  4006.83    3105.96  113.7616  22.2704   1.1412     114.1683
   3777    2807  4024.04    3226.39  113.7849  22.2669   0.9481     117.3273
   3777    2929  4041.24    3346.79  113.8082  22.2634   0.7592     122.0738
   3777    3051  4058.45    3467.18  113.8315  22.2599   0.5789     129.8557
   3777    3173  4075.65    3587.57  113.8547  22.2564   0.4184     144.0710
   3777    3295  4092.86    3707.97  113.8780  22.2529   0.3100     171.3557
   3777    3417  4110.06    3828.38  113.9013  22.2493   0.3137     -150.9454
   3777    3539  4127.28    3948.82  113.9246  22.2458   0.4264     -124.5386
   3777    3661  4144.49    4069.31  113.9479  22.2423   0.5887     -110.8243
   3777    3783  4161.72    4189.83  113.9712  22.2387   0.7699     -103.2719
   3777    3905  4178.95    4310.42  113.9945  22.2352   0.9593     -98.6400
   3777    4027  4196.19    4431.07  114.0178  22.2317   1.1531     -95.5448
   3777    4149  4213.44    4551.80  114.0411  22.2281   1.3492     -93.3408
   3777    4271  4230.71    4672.62  114.0645  22.2246   1.5470     -91.6950
   3777    4393  4247.99    4793.54  114.0878  22.2210   1.7459     -90.4204
   3777    4515  4265.28    4914.56  114.1112  22.2174   1.9456     -89.4043
   3777    4637  4282.60    5035.70  114.1346  22.2139   2.1459     -88.5753
   3777    4759  4299.93    5156.97  114.1580  22.2103   2.3468     -87.8860
   3777    4881  4317.28    5278.37  114.1815  22.2067   2.5481     -87.3035
   3777    5003  4334.65    5399.92  114.2050  22.2031   2.7498     -86.8046
   3777    5125  4352.04    5521.63  114.2285  22.1995   2.9519     -86.3723
   3777    5247  4369.46    5643.51  114.2520  22.1959   3.1543     -85.9938
   3777    5369  4386.90    5765.56  114.2756  22.1923   3.3571     -85.6596
   3777    5491  4404.37    5887.80  114.2992  22.1886   3.5602     -85.3620
   3777    5613  4421.87    6010.23  114.3228  22.1850   3.7637     -85.0953
   3777    5735  4439.40    6132.88  114.3465  22.1813   3.9674     -84.8548
   3777    5857  4456.95    6255.73  114.3702  22.1777   4.1715     -84.6365
   3777    6000  4477.58    6400.03  114.3981  22.1734   4.4112     -84.4050
   3895       1  3740.34    407.26  113.2390  22.3266   5.5729     102.0152
   3895     123  3757.98    530.68  113.2629  22.3231   5.3682     102.1404
   3895     245  3775.59    653.87  113.2867  22.3196   5.1637     102.2745
   3895     367  3793.16    776.82  113.3105  22.3160   4.9596     102.4188
   3895     489  3810.70    899.55  113.3343  22.3125   4.7558     102.5744
   3895     611  3828.21    1022.07  113.3580  22.3090   4.5522     102.7429
   3895     733  3845.69    1144.38  113.3817  22.3055   4.3490     102.9260
   3895     855  3863.15    1266.51  113.4053  22.3020   4.1460     103.1260
   3895     977  3880.58    1388.45  113.4289  22.2985   3.9432     103.3454
   3895    1099  3897.98    1510.23  113.4525  22.2950   3.7408     103.5872
   3895    1221  3915.36    1631.84  113.4760  22.2915   3.5386     103.8555
   3895    1343  3932.72    1753.30  113.4995  22.2880   3.3366     104.1548
   3895    1465  3950.06    1874.62  113.5230  22.2845   3.1350     104.4912
   3895    1587  3967.38    1995.81  113.5465  22.2810   2.9336     104.8723
   3895    1709  3984.68    2116.87  113.5699  22.2776   2.7324     105.3079
   3895    1831  4001.97    2237.83  113.5933  22.2741   2.5316     105.8108
   3895    1953  4019.24    2358.68  113.6167  22.2706   2.3312     106.3984
   3895    2075  4036.50    2479.45  113.6400  22.2671   2.1311     107.0944
   3895    2197  4053.75    2600.13  113.6634  22.2636   1.9315     107.9321
   3895    2319  4070.99    2720.74  113.6867  22.2601   1.7324     108.9601
   3895    2441  4088.22    2841.29  113.7100  22.2566   1.5341     110.2515
   3895    2563  4105.44    2961.78  113.7333  22.2531   1.3369     111.9220
   3895    2685  4122.65    3082.24  113.7566  22.2496   1.1412     114.1641
   3895    2807  4139.86    3202.66  113.7799  22.2461   0.9480     117.3225
   3895    2929  4157.07    3323.06  113.8032  22.2426   0.7592     122.0683
   3895    3051  4174.28    3443.45  113.8264  22.2391   0.5789     129.8492
   3895    3173  4191.49    3563.84  113.8497  22.2355   0.4184     144.0637
   3895    3295  4208.69    3684.24  113.8730  22.2320   0.3100     171.3503
   3895    3417  4225.90    3804.65  113.8963  22.2285   0.3136     -150.9440
   3895    3539  4243.12    3925.09  113.9195  22.2250   0.4264     -124.5349
   3895    3661  4260.34    4045.57  113.9428  22.2215   0.5887     -110.8212
   3895    3783  4277.57    4166.10  113.9661  22.2179   0.7699     -103.2695
   3895    3905  4294.80    4286.68  113.9894  22.2144   0.9593     -98.6384
   3895    4027  4312.05    4407.33  114.0127  22.2108   1.1530     -95.5436
   3895    4149  4329.30    4528.06  114.0361  22.2073   1.3492     -93.3400
   3895    4271  4346.57    4648.88  114.0594  22.2037   1.5470     -91.6945
   3895    4393  4363.85    4769.80  114.0828  22.2002   1.7459     -90.4200
   3895    4515  4381.15    4890.82  114.1061  22.1966   1.9456     -89.4042
   3895    4637  4398.47    5011.96  114.1295  22.1930   2.1459     -88.5754
   3895    4759  4415.80    5133.22  114.1530  22.1895   2.3468     -87.8861
   3895    4881  4433.15    5254.63  114.1764  22.1859   2.5481     -87.3038
   3895    5003  4450.53    5376.18  114.1999  22.1823   2.7498     -86.8050
   3895    5125  4467.92    5497.88  114.2234  22.1787   2.9519     -86.3727
   3895    5247  4485.34    5619.76  114.2469  22.1751   3.1543     -85.9944
   3895    5369  4502.79    5741.81  114.2705  22.1714   3.3571     -85.6602
   3895    5491  4520.26    5864.04  114.2941  22.1678   3.5602     -85.3627
   3895    5613  4537.76    5986.48  114.3177  22.1642   3.7637     -85.0961
   3895    5735  4555.29    6109.12  114.3414  22.1605   3.9674     -84.8556
   3895    5857  4572.85    6231.98  114.3651  22.1569   4.1715     -84.6374
   3895    6000  4593.48    6376.27  114.3930  22.1526   4.4112     -84.4059
   4013       1  3856.10    383.55  113.2340  22.3057   5.5729     102.0134
   4013     123  3873.74    506.98  113.2579  22.3022   5.3682     102.1386
   4013     245  3891.35    630.16  113.2818  22.2987   5.1637     102.2727
   4013     367  3908.93    753.11  113.3056  22.2952   4.9596     102.4169
   4013     489  3926.47    875.84  113.3293  22.2917   4.7558     102.5725
   4013     611  3943.98    998.35  113.3531  22.2882   4.5522     102.7409
   4013     733  3961.47    1120.67  113.3767  22.2847   4.3490     102.9240
   4013     855  3978.92    1242.79  113.4004  22.2812   4.1460     103.1240
   4013     977  3996.36    1364.74  113.4240  22.2777   3.9432     103.3433
   4013    1099  4013.76    1486.51  113.4475  22.2742   3.7408     103.5851
   4013    1221  4031.15    1608.12  113.4711  22.2707   3.5386     103.8533
   4013    1343  4048.51    1729.58  113.4946  22.2672   3.3366     104.1526
   4013    1465  4065.85    1850.90  113.5180  22.2637   3.1350     104.4889
   4013    1587  4083.17    1972.09  113.5415  22.2602   2.9336     104.8699
   4013    1709  4100.48    2093.15  113.5649  22.2567   2.7324     105.3054
   4013    1831  4117.77    2214.11  113.5883  22.2532   2.5316     105.8082
   4013    1953  4135.05    2334.96  113.6117  22.2497   2.3312     106.3957
   4013    2075  4152.31    2455.72  113.6350  22.2462   2.1311     107.0915
   4013    2197  4169.56    2576.40  113.6584  22.2428   1.9315     107.9291
   4013    2319  4186.80    2697.01  113.6817  22.2393   1.7324     108.9568
   4013    2441  4204.03    2817.56  113.7050  22.2358   1.5341     110.2480
   4013    2563  4221.26    2938.05  113.7283  22.2323   1.3369     111.9182
   4013    2685  4238.48    3058.51  113.7516  22.2288   1.1412     114.1599
   4013    2807  4255.69    3178.93  113.7749  22.2253   0.9480     117.3178
   4013    2929  4272.90    3299.33  113.7981  22.2217   0.7592     122.0628
   4013    3051  4290.11    3419.72  113.8214  22.2182   0.5789     129.8427
   4013    3173  4307.32    3540.10  113.8447  22.2147   0.4183     144.0564
   4013    3295  4324.53    3660.50  113.8680  22.2112   0.3099     171.3449
   4013    3417  4341.74    3780.91  113.8912  22.2077   0.3135     -150.9425
   4013    3539  4358.96    3901.35  113.9145  22.2042   0.4264     -124.5312
   4013    3661  4376.18    4021.83  113.9378  22.2006   0.5887     -110.8180
   4013    3783  4393.41    4142.36  113.9611  22.1971   0.7698     -103.2672
   4013    3905  4410.65    4262.94  113.9844  22.1936   0.9593     -98.6367
   4013    4027  4427.90    4383.59  114.0077  22.1900   1.1530     -95.5424
   4013    4149  4445.16    4504.32  114.0310  22.1865   1.3492     -93.3392
   4013    4271  4462.43    4625.14  114.0544  22.1829   1.5470     -91.6939
   4013    4393  4479.72    4746.05  114.0777  22.1794   1.7459     -90.4197
   4013    4515  4497.02    4867.07  114.1011  22.1758   1.9456     -89.4040
   4013    4637  4514.33    4988.21  114.1245  22.1722   2.1459     -88.5754
   4013    4759  4531.67    5109.47  114.1479  22.1686   2.3468     -87.8863
   4013    4881  4549.03    5230.88  114.1713  22.1651   2.5481     -87.3041
   4013    5003  4566.40    5352.42  114.1948  22.1615   2.7498     -86.8054
   4013    5125  4583.80    5474.13  114.2183  22.1579   2.9519     -86.3732
   4013    5247  4601.23    5596.00  114.2419  22.1542   3.1543     -85.9949
   4013    5369  4618.67    5718.05  114.2654  22.1506   3.3571     -85.6608
   4013    5491  4636.15    5840.29  114.2890  22.1470   3.5602     -85.3634
   4013    5613  4653.65    5962.72  114.3126  22.1434   3.7637     -85.0968
   4013    5735  4671.19    6085.36  114.3363  22.1397   3.9674     -84.8564
   4013    5857  4688.75    6208.22  114.3600  22.1361   4.1715     -84.6382
   4013    6000  4709.38    6352.51  114.3879  22.1318   4.4112     -84.4068
   4131       1  3971.86    359.84  113.2291  22.2849   5.5729     102.0117
   4131     123  3989.50    483.27  113.2530  22.2814   5.3682     102.1368
   4131     245  4007.11    606.45  113.2768  22.2779   5.1637     102.2709
   4131     367  4024.69    729.39  113.3006  22.2744   4.9596     102.4150
   4131     489  4042.24    852.12  113.3244  22.2709   4.7558     102.5706
   4131     611  4059.75    974.64  113.3481  22.2674   4.5522     102.7390
   4131     733  4077.24    1096.95  113.3718  22.2639   4.3490     102.9220
   4131     855  4094.70    1219.08  113.3954  22.2604   4.1460     103.1219
   4131     977  4112.14    1341.02  113.4190  22.2569   3.9432     103.3412
   4131    1099  4129.54    1462.79  113.4426  22.2534   3.7408     103.5830
   4131    1221  4146.93    1584.40  113.4661  22.2499   3.5386     103.8511
   4131    1343  4164.30    1705.86  113.4896  22.2464   3.3366     104.1503
   4131    1465  4181.64    1827.18  113.5131  22.2429   3.1350     104.4866
   4131    1587  4198.97    1948.36  113.5365  22.2394   2.9336     104.8675
   4131    1709  4216.28    2069.43  113.5599  22.2359   2.7324     105.3029
   4131    1831  4233.57    2190.38  113.5833  22.2324   2.5316     105.8056
   4131    1953  4250.85    2311.23  113.6067  22.2289   2.3312     106.3930
   4131    2075  4268.11    2431.99  113.6300  22.2254   2.1311     107.0886
   4131    2197  4285.37    2552.67  113.6534  22.2219   1.9314     107.9260
   4131    2319  4302.61    2673.28  113.6767  22.2184   1.7324     108.9536
   4131    2441  4319.85    2793.83  113.7000  22.2149   1.5341     110.2446
   4131    2563  4337.07    2914.32  113.7233  22.2114   1.3369     111.9144
   4131    2685  4354.30    3034.77  113.7466  22.2079   1.1412     114.1557
   4131    2807  4371.51    3155.19  113.7699  22.2044   0.9480     117.3130
   4131    2929  4388.73    3275.59  113.7931  22.2009   0.7591     122.0573
   4131    3051  4405.94    3395.98  113.8164  22.1974   0.5788     129.8363
   4131    3173  4423.15    3516.37  113.8397  22.1939   0.4183     144.0490
   4131    3295  4440.37    3636.76  113.8629  22.1904   0.3099     171.3396
   4131    3417  4457.58    3757.17  113.8862  22.1869   0.3135     -150.9411
   4131    3539  4474.80    3877.61  113.9095  22.1833   0.4263     -124.5275
   4131    3661  4492.03    3998.09  113.9328  22.1798   0.5886     -110.8148
   4131    3783  4509.26    4118.61  113.9560  22.1763   0.7698     -103.2648
   4131    3905  4526.50    4239.20  113.9793  22.1727   0.9593     -98.6350
   4131    4027  4543.75    4359.85  114.0026  22.1692   1.1530     -95.5412
   4131    4149  4561.01    4480.57  114.0260  22.1657   1.3492     -93.3383
   4131    4271  4578.29    4601.39  114.0493  22.1621   1.5470     -91.6934
   4131    4393  4595.58    4722.30  114.0727  22.1585   1.7459     -90.4194
   4131    4515  4612.88    4843.32  114.0960  22.1550   1.9455     -89.4039
   4131    4637  4630.20    4964.46  114.1194  22.1514   2.1459     -88.5754
   4131    4759  4647.54    5085.72  114.1428  22.1478   2.3467     -87.8865
   4131    4881  4664.90    5207.12  114.1663  22.1442   2.5481     -87.3043
   4131    5003  4682.28    5328.67  114.1897  22.1406   2.7498     -86.8057
   4131    5125  4699.68    5450.37  114.2132  22.1370   2.9519     -86.3737
   4131    5247  4717.11    5572.24  114.2368  22.1334   3.1543     -85.9955
   4131    5369  4734.56    5694.29  114.2603  22.1298   3.3571     -85.6614
   4131    5491  4752.04    5816.53  114.2839  22.1262   3.5602     -85.3641
   4131    5613  4769.54    5938.96  114.3076  22.1226   3.7636     -85.0976
   4131    5735  4787.08    6061.60  114.3312  22.1189   3.9674     -84.8572
   4131    5857  4804.65    6184.45  114.3549  22.1152   4.1715     -84.6391
   4131    6000  4825.28    6328.75  114.3828  22.1110   4.4112     -84.4077
   4249       1  4087.61    336.13  113.2242  22.2641   5.5729     102.0099
   4249     123  4105.26    459.55  113.2481  22.2606   5.3682     102.1350
   4249     245  4122.87    582.73  113.2719  22.2570   5.1637     102.2690
   4249     367  4140.45    705.68  113.2957  22.2535   4.9596     102.4132
   4249     489  4158.00    828.40  113.3194  22.2500   4.7558     102.5687
   4249     611  4175.52    950.92  113.3432  22.2465   4.5522     102.7370
   4249     733  4193.01    1073.23  113.3668  22.2430   4.3490     102.9201
   4249     855  4210.48    1195.35  113.3904  22.2395   4.1460     103.1199
   4249     977  4227.91    1317.30  113.4140  22.2360   3.9432     103.3391
   4249    1099  4245.33    1439.07  113.4376  22.2325   3.7408     103.5808
   4249    1221  4262.72    1560.67  113.4611  22.2290   3.5386     103.8489
   4249    1343  4280.08    1682.13  113.4846  22.2255   3.3366     104.1480
   4249    1465  4297.43    1803.45  113.5081  22.2221   3.1350     104.4842
   4249    1587  4314.76    1924.63  113.5315  22.2186   2.9336     104.8651
   4249    1709  4332.07    2045.70  113.5549  22.2151   2.7324     105.3004
   4249    1831  4349.37    2166.65  113.5783  22.2116   2.5316     105.8030
   4249    1953  4366.65    2287.50  113.6017  22.2081   2.3311     106.3902
   4249    2075  4383.92    2408.26  113.6250  22.2046   2.1311     107.0858
   4249    2197  4401.18    2528.94  113.6484  22.2011   1.9314     107.9230
   4249    2319  4418.42    2649.54  113.6717  22.1976   1.7324     108.9504
   4249    2441  4435.66    2770.09  113.6950  22.1941   1.5341     110.2411
   4249    2563  4452.89    2890.58  113.7183  22.1906   1.3369     111.9106
   4249    2685  4470.12    3011.03  113.7416  22.1871   1.1412     114.1515
   4249    2807  4487.34    3131.45  113.7649  22.1836   0.9480     117.3083
   4249    2929  4504.55    3251.85  113.7881  22.1801   0.7591     122.0518
   4249    3051  4521.77    3372.24  113.8114  22.1766   0.5788     129.8298
   4249    3173  4538.98    3492.62  113.8346  22.1731   0.4183     144.0417
   4249    3295  4556.20    3613.02  113.8579  22.1696   0.3098     171.3342
   4249    3417  4573.42    3733.43  113.8812  22.1660   0.3134     -150.9397
   4249    3539  4590.64    3853.86  113.9044  22.1625   0.4263     -124.5237
   4249    3661  4607.87    3974.34  113.9277  22.1590   0.5886     -110.8117
   4249    3783  4625.11    4094.86  113.9510  22.1555   0.7698     -103.2625
   4249    3905  4642.35    4215.45  113.9743  22.1519   0.9593     -98.6333
   4249    4027  4659.60    4336.09  113.9976  22.1484   1.1530     -95.5400
   4249    4149  4676.87    4456.82  114.0209  22.1448   1.3492     -93.3375
   4249    4271  4694.15    4577.64  114.0443  22.1413   1.5470     -91.6928
   4249    4393  4711.44    4698.55  114.0676  22.1377   1.7458     -90.4191
   4249    4515  4728.74    4819.56  114.0910  22.1342   1.9455     -89.4038
   4249    4637  4746.07    4940.70  114.1144  22.1306   2.1459     -88.5755
   4249    4759  4763.41    5061.96  114.1378  22.1270   2.3467     -87.8866
   4249    4881  4780.77    5183.36  114.1612  22.1234   2.5480     -87.3046
   4249    5003  4798.15    5304.91  114.1847  22.1198   2.7498     -86.8061
   4249    5125  4815.56    5426.61  114.2082  22.1162   2.9519     -86.3741
   4249    5247  4832.99    5548.48  114.2317  22.1126   3.1543     -85.9960
   4249    5369  4850.44    5670.53  114.2552  22.1090   3.3571     -85.6620
   4249    5491  4867.93    5792.76  114.2788  22.1054   3.5602     -85.3648
   4249    5613  4885.44    5915.19  114.3025  22.1017   3.7636     -85.0983
   4249    5735  4902.97    6037.83  114.3261  22.0981   3.9674     -84.8579
   4249    5857  4920.54    6160.69  114.3498  22.0944   4.1715     -84.6399
   4249    6000  4941.18    6304.98  114.3777  22.0901   4.4111     -84.4086
   4367       1  4203.36    312.41  113.2192  22.2432   5.5729     102.0081
   4367     123  4221.02    435.83  113.2431  22.2397   5.3682     102.1332
   4367     245  4238.63    559.01  113.2670  22.2362   5.1637     102.2672
   4367     367  4256.22    681.95  113.2908  22.2327   4.9596     102.4113
   4367     489  4273.77    804.68  113.3145  22.2292   4.7558     102.5668
   4367     611  4291.29    927.19  113.3382  22.2257   4.5522     102.7351
   4367     733  4308.78    1049.51  113.3619  22.2222   4.3490     102.9181
   4367     855  4326.25    1171.63  113.3855  22.2187   4.1460     103.1179
   4367     977  4343.69    1293.57  113.4091  22.2152   3.9432     103.3370
   4367    1099  4361.11    1415.34  113.4326  22.2117   3.7408     103.5787
   4367    1221  4378.50    1536.94  113.4562  22.2082   3.5386     103.8467
   4367    1343  4395.87    1658.40  113.4796  22.2047   3.3366     104.1458
   4367    1465  4413.22    1779.72  113.5031  22.2012   3.1350     104.4819
   4367    1587  4430.55    1900.90  113.5265  22.1977   2.9336     104.8627
   4367    1709  4447.87    2021.96  113.5500  22.1942   2.7324     105.2979
   4367    1831  4465.17    2142.91  113.5733  22.1907   2.5316     105.8004
   4367    1953  4482.45    2263.76  113.5967  22.1873   2.3311     106.3875
   4367    2075  4499.72    2384.52  113.6201  22.1838   2.1311     107.0829
   4367    2197  4516.98    2505.20  113.6434  22.1803   1.9314     107.9199
   4367    2319  4534.23    2625.80  113.6667  22.1768   1.7324     108.9471
   4367    2441  4551.47    2746.35  113.6900  22.1733   1.5341     110.2376
   4367    2563  4568.71    2866.84  113.7133  22.1698   1.3369     111.9068
   4367    2685  4585.93    2987.29  113.7366  22.1663   1.1412     114.1473
   4367    2807  4603.16    3107.71  113.7598  22.1628   0.9480     117.3035
   4367    2929  4620.38    3228.11  113.7831  22.1593   0.7591     122.0463
   4367    3051  4637.60    3348.49  113.8064  22.1558   0.5788     129.8233
   4367    3173  4654.81    3468.88  113.8296  22.1523   0.4182     144.0343
   4367    3295  4672.03    3589.27  113.8529  22.1487   0.3098     171.3288
   4367    3417  4689.26    3709.68  113.8762  22.1452   0.3134     -150.9383
   4367    3539  4706.48    3830.11  113.8994  22.1417   0.4262     -124.5200
   4367    3661  4723.71    3950.59  113.9227  22.1382   0.5886     -110.8085
   4367    3783  4740.95    4071.11  113.9460  22.1346   0.7698     -103.2601
   4367    3905  4758.20    4191.69  113.9693  22.1311   0.9592     -98.6315
   4367    4027  4775.46    4312.34  113.9926  22.1276   1.1530     -95.5388
   4367    4149  4792.72    4433.06  114.0159  22.1240   1.3492     -93.3366
   4367    4271  4810.00    4553.88  114.0392  22.1205   1.5469     -91.6923
   4367    4393  4827.30    4674.79  114.0625  22.1169   1.7458     -90.4188
   4367    4515  4844.61    4795.80  114.0859  22.1133   1.9455     -89.4037
   4367    4637  4861.93    4916.94  114.1093  22.1098   2.1459     -88.5755
   4367    4759  4879.28    5038.20  114.1327  22.1062   2.3467     -87.8868
   4367    4881  4896.64    5159.60  114.1561  22.1026   2.5480     -87.3049
   4367    5003  4914.03    5281.14  114.1796  22.0990   2.7498     -86.8065
   4367    5125  4931.44    5402.85  114.2031  22.0954   2.9518     -86.3746
   4367    5247  4948.87    5524.72  114.2266  22.0918   3.1543     -85.9965
   4367    5369  4966.33    5646.76  114.2502  22.0882   3.3571     -85.6627
   4367    5491  4983.81    5768.99  114.2738  22.0846   3.5602     -85.3654
   4367    5613  5001.32    5891.42  114.2974  22.0809   3.7636     -85.0990
   4367    5735  5018.87    6014.06  114.3210  22.0773   3.9674     -84.8587
   4367    5857  5036.44    6136.91  114.3447  22.0736   4.1715     -84.6407
   4367    6000  5057.08    6281.20  114.3726  22.0693   4.4111     -84.4095
   4485       1  4319.12    288.69  113.2143  22.2224   5.5729     102.0064
   4485     123  4336.77    412.10  113.2382  22.2189   5.3682     102.1314
   4485     245  4354.39    535.28  113.2620  22.2154   5.1637     102.2654
   4485     367  4371.98    658.23  113.2858  22.2119   4.9596     102.4094
   4485     489  4389.53    780.95  113.3096  22.2084   4.7558     102.5649
   4485     611  4407.06    903.47  113.3333  22.2049   4.5522     102.7331
   4485     733  4424.55    1025.78  113.3569  22.2014   4.3490     102.9161
   4485     855  4442.02    1147.90  113.3805  22.1979   4.1460     103.1158
   4485     977  4459.47    1269.84  113.4041  22.1944   3.9432     103.3350
   4485    1099  4476.89    1391.60  113.4277  22.1909   3.7408     103.5766
   4485    1221  4494.28    1513.21  113.4512  22.1874   3.5386     103.8445
   4485    1343  4511.66    1634.67  113.4747  22.1839   3.3366     104.1435
   4485    1465  4529.01    1755.98  113.4981  22.1804   3.1350     104.4796
   4485    1587  4546.34    1877.16  113.5216  22.1769   2.9335     104.8602
   4485    1709  4563.66    1998.22  113.5450  22.1734   2.7324     105.2954
   4485    1831  4580.96    2119.17  113.5684  22.1699   2.5316     105.7978
   4485    1953  4598.25    2240.02  113.5917  22.1664   2.3311     106.3848
   4485    2075  4615.53    2360.78  113.6151  22.1629   2.1311     107.0800
   4485    2197  4632.79    2481.46  113.6384  22.1594   1.9314     107.9169
   4485    2319  4650.04    2602.06  113.6617  22.1559   1.7324     108.9439
   4485    2441  4667.28    2722.60  113.6850  22.1525   1.5341     110.2341
   4485    2563  4684.52    2843.10  113.7083  22.1490   1.3369     111.9030
   4485    2685  4701.75    2963.55  113.7316  22.1455   1.1412     114.1431
   4485    2807  4718.98    3083.96  113.7548  22.1420   0.9480     117.2988
   4485    2929  4736.20    3204.36  113.7781  22.1384   0.7591     122.0408
   4485    3051  4753.42    3324.74  113.8014  22.1349   0.5788     129.8168
   4485    3173  4770.64    3445.13  113.8246  22.1314   0.4182     144.0269
   4485    3295  4787.87    3565.52  113.8479  22.1279   0.3097     171.3235
   4485    3417  4805.09    3685.92  113.8711  22.1244   0.3133     -150.9368
   4485    3539  4822.32    3806.36  113.8944  22.1209   0.4262     -124.5162
   4485    3661  4839.55    3926.83  113.9177  22.1174   0.5885     -110.8053
   4485    3783  4856.80    4047.36  113.9409  22.1138   0.7697     -103.2577
   4485    3905  4874.04    4167.94  113.9642  22.1103   0.9592     -98.6298
   4485    4027  4891.30    4288.58  113.9875  22.1067   1.1529     -95.5375
   4485    4149  4908.58    4409.31  114.0108  22.1032   1.3491     -93.3358
   4485    4271  4925.86    4530.12  114.0342  22.0997   1.5469     -91.6917
   4485    4393  4943.16    4651.03  114.0575  22.0961   1.7458     -90.4185
   4485    4515  4960.47    4772.04  114.0809  22.0925   1.9455     -89.4035
   4485    4637  4977.80    4893.17  114.1042  22.0890   2.1458     -88.5755
   4485    4759  4995.15    5014.44  114.1276  22.0854   2.3467     -87.8870
   4485    4881  5012.51    5135.83  114.1511  22.0818   2.5480     -87.3052
   4485    5003  5029.90    5257.38  114.1745  22.0782   2.7497     -86.8069
   4485    5125  5047.31    5379.08  114.1980  22.0746   2.9518     -86.3751
   4485    5247  5064.75    5500.95  114.2215  22.0710   3.1543     -85.9971
   4485    5369  5082.21    5622.99  114.2451  22.0674   3.3571     -85.6633
   4485    5491  5099.70    5745.22  114.2687  22.0638   3.5602     -85.3661
   4485    5613  5117.21    5867.65  114.2923  22.0601   3.7636     -85.0998
   4485    5735  5134.76    5990.29  114.3160  22.0565   3.9674     -84.8595
   4485    5857  5152.33    6113.14  114.3396  22.0528   4.1715     -84.6416
   4485    6000  5172.98    6257.42  114.3675  22.0485   4.4111     -84.4104
   4603       1  4434.87    264.96  113.2094  22.2016   5.5729     102.0046
   4603     123  4452.52    388.38  113.2333  22.1980   5.3682     102.1296
   4603     245  4470.15    511.55  113.2571  22.1945   5.1637     102.2635
   4603     367  4487.74    634.50  113.2809  22.1910   4.9596     102.4076
   4603     489  4505.30    757.22  113.3046  22.1875   4.7558     102.5630
   4603     611  4522.82    879.73  113.3283  22.1840   4.5522     102.7312
   4603     733  4540.32    1002.04  113.3520  22.1805   4.3490     102.9141
   4603     855  4557.80    1124.16  113.3756  22.1770   4.1460     103.1138
   4603     977  4575.24    1246.10  113.3992  22.1735   3.9432     103.3329
   4603    1099  4592.66    1367.87  113.4227  22.1700   3.7408     103.5744
   4603    1221  4610.06    1489.47  113.4462  22.1665   3.5386     103.8423
   4603    1343  4627.44    1610.93  113.4697  22.1631   3.3366     104.1413
   4603    1465  4644.80    1732.24  113.4932  22.1596   3.1350     104.4772
   4603    1587  4662.13    1853.42  113.5166  22.1561   2.9335     104.8578
   4603    1709  4679.45    1974.48  113.5400  22.1526   2.7324     105.2929
   4603    1831  4696.76    2095.43  113.5634  22.1491   2.5316     105.7952
   4603    1953  4714.05    2216.28  113.5867  22.1456   2.3311     106.3820
   4603    2075  4731.33    2337.04  113.6101  22.1421   2.1311     107.0772
   4603    2197  4748.59    2457.71  113.6334  22.1386   1.9314     107.9139
   4603    2319  4765.85    2578.31  113.6567  22.1351   1.7324     108.9407
   4603    2441  4783.09    2698.86  113.6800  22.1316   1.5341     110.2306
   4603    2563  4800.33    2819.35  113.7033  22.1281   1.3369     111.8992
   4603    2685  4817.57    2939.79  113.7266  22.1246   1.1412     114.1389
   4603    2807  4834.80    3060.21  113.7498  22.1211   0.9480     117.2940
   4603    2929  4852.02    3180.61  113.7731  22.1176   0.7591     122.0353
   4603    3051  4869.25    3300.99  113.7963  22.1141   0.5787     129.8104
   4603    3173  4886.47    3421.37  113.8196  22.1106   0.4181     144.0196
   4603    3295  4903.70    3541.76  113.8428  22.1071   0.3097     171.3181
   4603    3417  4920.92    3662.17  113.8661  22.1036   0.3133     -150.9354
   4603    3539  4938.16    3782.60  113.8894  22.1001   0.4262     -124.5125
   4603    3661  4955.39    3903.07  113.9126  22.0965   0.5885     -110.8021
   4603    3783  4972.64    4023.59  113.9359  22.0930   0.7697     -103.2554
   4603    3905  4989.89    4144.17  113.9592  22.0895   0.9592     -98.6281
   4603    4027  5007.15    4264.82  113.9825  22.0859   1.1529     -95.5363
   4603    4149  5024.43    4385.54  114.0058  22.0824   1.3491     -93.3349
   4603    4271  5041.71    4506.35  114.0291  22.0788   1.5469     -91.6912
   4603    4393  5059.01    4627.26  114.0524  22.0753   1.7458     -90.4181
   4603    4515  5076.33    4748.27  114.0758  22.0717   1.9455     -89.4034
   4603    4637  5093.66    4869.41  114.0992  22.0681   2.1458     -88.5755
   4603    4759  5111.01    4990.67  114.1226  22.0646   2.3467     -87.8871
   4603    4881  5128.38    5112.06  114.1460  22.0610   2.5480     -87.3054
   4603    5003  5145.77    5233.60  114.1695  22.0574   2.7497     -86.8072
   4603    5125  5163.19    5355.30  114.1930  22.0538   2.9518     -86.3755
   4603    5247  5180.62    5477.17  114.2165  22.0502   3.1543     -85.9976
   4603    5369  5198.09    5599.21  114.2400  22.0466   3.3571     -85.6639
   4603    5491  5215.58    5721.45  114.2636  22.0429   3.5602     -85.3668
   4603    5613  5233.10    5843.87  114.2872  22.0393   3.7636     -85.1005
   4603    5735  5250.65    5966.51  114.3109  22.0357   3.9674     -84.8603
   4603    5857  5268.23    6089.36  114.3346  22.0320   4.1715     -84.6424
   4603    6000  5288.87    6233.64  114.3624  22.0277   4.4111     -84.4113
   4721       1  4550.62    241.23  113.2045  22.1807   5.5729     102.0028
   4721     123  4568.28    364.64  113.2283  22.1772   5.3682     102.1278
   4721     245  4585.90    487.82  113.2522  22.1737   5.1637     102.2617
   4721     367  4603.50    610.76  113.2759  22.1702   4.9596     102.4057
   4721     489  4621.06    733.48  113.2997  22.1667   4.7558     102.5611
   4721     611  4638.59    856.00  113.3234  22.1632   4.5522     102.7293
   4721     733  4656.09    978.30  113.3470  22.1597   4.3490     102.9121
   4721     855  4673.57    1100.42  113.3706  22.1562   4.1460     103.1118
   4721     977  4691.02    1222.36  113.3942  22.1527   3.9432     103.3308
   4721    1099  4708.44    1344.13  113.4178  22.1492   3.7408     103.5723
   4721    1221  4725.84    1465.73  113.4413  22.1457   3.5386     103.8401
   4721    1343  4743.22    1587.18  113.4647  22.1422   3.3366     104.1390
   4721    1465  4760.58    1708.50  113.4882  22.1387   3.1349     104.4749
   4721    1587  4777.92    1829.68  113.5116  22.1352   2.9335     104.8554
   4721    1709  4795.25    1950.74  113.5350  22.1317   2.7324     105.2903
   4721    1831  4812.55    2071.68  113.5584  22.1283   2.5316     105.7926
   4721    1953  4829.85    2192.53  113.5818  22.1248   2.3311     106.3793
   4721    2075  4847.13    2313.29  113.6051  22.1213   2.1310     107.0743
   4721    2197  4864.40    2433.96  113.6284  22.1178   1.9314     107.9108
   4721    2319  4881.65    2554.56  113.6517  22.1143   1.7324     108.9374
   4721    2441  4898.90    2675.10  113.6750  22.1108   1.5341     110.2271
   4721    2563  4916.15    2795.59  113.6983  22.1073   1.3368     111.8954
   4721    2685  4933.38    2916.04  113.7216  22.1038   1.1412     114.1347
   4721    2807  4950.61    3036.45  113.7448  22.1003   0.9479     117.2893
   4721    2929  4967.84    3156.85  113.7681  22.0968   0.7591     122.0298
   4721    3051  4985.07    3277.23  113.7913  22.0933   0.5787     129.8039
   4721    3173  5002.30    3397.61  113.8146  22.0898   0.4181     144.0122
   4721    3295  5019.53    3518.00  113.8378  22.0863   0.3096     171.3127
   4721    3417  5036.76    3638.40  113.8611  22.0828   0.3132     -150.9339
   4721    3539  5053.99    3758.84  113.8843  22.0792   0.4261     -124.5087
   4721    3661  5071.23    3879.31  113.9076  22.0757   0.5885     -110.7989
   4721    3783  5088.48    3999.83  113.9309  22.0722   0.7697     -103.2530
   4721    3905  5105.73    4120.41  113.9541  22.0686   0.9592     -98.6264
   4721    4027  5123.00    4241.05  113.9774  22.0651   1.1529     -95.5351
   4721    4149  5140.28    4361.77  114.0007  22.0616   1.3491     -93.3341
   4721    4271  5157.56    4482.58  114.0241  22.0580   1.5469     -91.6906
   4721    4393  5174.87    4603.49  114.0474  22.0545   1.7458     -90.4178
   4721    4515  5192.19    4724.50  114.0708  22.0509   1.9455     -89.4032
   4721    4637  5209.52    4845.63  114.0941  22.0473   2.1458     -88.5755
   4721    4759  5226.88    4966.89  114.1175  22.0437   2.3467     -87.8873
   4721    4881  5244.25    5088.29  114.1410  22.0402   2.5480     -87.3057
   4721    5003  5261.64    5209.83  114.1644  22.0366   2.7497     -86.8076
   4721    5125  5279.06    5331.53  114.1879  22.0330   2.9518     -86.3760
   4721    5247  5296.50    5453.39  114.2114  22.0294   3.1543     -85.9981
   4721    5369  5313.97    5575.43  114.2349  22.0258   3.3570     -85.6645
   4721    5491  5331.46    5697.66  114.2585  22.0221   3.5602     -85.3675
   4721    5613  5348.98    5820.09  114.2821  22.0185   3.7636     -85.1012
   4721    5735  5366.53    5942.72  114.3058  22.0148   3.9674     -84.8611
   4721    5857  5384.12    6065.57  114.3295  22.0112   4.1715     -84.6432
   4721    6000  5404.77    6209.86  114.3573  22.0069   4.4111     -84.4121
   4839       1  4666.37    217.49  113.1995  22.1599   5.5729     102.0011
   4839     123  4684.03    340.91  113.2234  22.1564   5.3682     102.1260
   4839     245  4701.66    464.08  113.2472  22.1529   5.1637     102.2599
   4839     367  4719.25    587.02  113.2710  22.1494   4.9596     102.4038
   4839     489  4736.82    709.74  113.2947  22.1459   4.7558     102.5592
   4839     611  4754.35    832.25  113.3184  22.1424   4.5522     102.7273
   4839     733  4771.86    954.56  113.3421  22.1389   4.3490     102.9101
   4839     855  4789.34    1076.68  113.3657  22.1354   4.1460     103.1097
   4839     977  4806.79    1198.62  113.3893  22.1319   3.9432     103.3287
   4839    1099  4824.22    1320.38  113.4128  22.1284   3.7408     103.5702
   4839    1221  4841.62    1441.98  113.4363  22.1249   3.5386     103.8379
   4839    1343  4859.00    1563.44  113.4598  22.1214   3.3366     104.1367
   4839    1465  4876.37    1684.75  113.4832  22.1179   3.1349     104.4726
   4839    1587  4893.71    1805.93  113.5067  22.1144   2.9335     104.8530
   4839    1709  4911.04    1926.99  113.5301  22.1109   2.7324     105.2878
   4839    1831  4928.35    2047.93  113.5534  22.1074   2.5316     105.7899
   4839    1953  4945.64    2168.78  113.5768  22.1039   2.3311     106.3766
   4839    2075  4962.93    2289.53  113.6001  22.1004   2.1310     107.0714
   4839    2197  4980.20    2410.20  113.6234  22.0970   1.9314     107.9078
   4839    2319  4997.46    2530.81  113.6467  22.0935   1.7324     108.9342
   4839    2441  5014.71    2651.35  113.6700  22.0900   1.5341     110.2236
   4839    2563  5031.96    2771.83  113.6933  22.0865   1.3368     111.8916
   4839    2685  5049.20    2892.28  113.7166  22.0830   1.1411     114.1305
   4839    2807  5066.43    3012.69  113.7398  22.0795   0.9479     117.2845
   4839    2929  5083.66    3133.09  113.7631  22.0760   0.7590     122.0243
   4839    3051  5100.89    3253.47  113.7863  22.0725   0.5787     129.7974
   4839    3173  5118.12    3373.85  113.8096  22.0690   0.4181     144.0048
   4839    3295  5135.35    3494.23  113.8328  22.0654   0.3096     171.3073
   4839    3417  5152.59    3614.64  113.8561  22.0619   0.3132     -150.9324
   4839    3539  5169.83    3735.07  113.8793  22.0584   0.4261     -124.5049
   4839    3661  5187.07    3855.54  113.9026  22.0549   0.5885     -110.7957
   4839    3783  5204.32    3976.06  113.9258  22.0514   0.7697     -103.2506
   4839    3905  5221.58    4096.64  113.9491  22.0478   0.9592     -98.6246
   4839    4027  5238.85    4217.28  113.9724  22.0443   1.1529     -95.5338
   4839    4149  5256.12    4338.00  113.9957  22.0407   1.3491     -93.3332
   4839    4271  5273.42    4458.81  114.0190  22.0372   1.5469     -91.6900
   4839    4393  5290.72    4579.71  114.0423  22.0336   1.7458     -90.4174
   4839    4515  5308.04    4700.73  114.0657  22.0301   1.9455     -89.4031
   4839    4637  5325.38    4821.86  114.0891  22.0265   2.1458     -88.5756
   4839    4759  5342.74    4943.11  114.1125  22.0229   2.3467     -87.8874
   4839    4881  5360.11    5064.51  114.1359  22.0193   2.5480     -87.3060
   4839    5003  5377.51    5186.05  114.1593  22.0158   2.7497     -86.8080
   4839    5125  5394.93    5307.75  114.1828  22.0122   2.9518     -86.3764
   4839    5247  5412.38    5429.61  114.2063  22.0086   3.1543     -85.9987
   4839    5369  5429.85    5551.65  114.2299  22.0049   3.3570     -85.6651
   4839    5491  5447.34    5673.88  114.2534  22.0013   3.5601     -85.3681
   4839    5613  5464.87    5796.30  114.2770  21.9977   3.7636     -85.1019
   4839    5735  5482.42    5918.94  114.3007  21.9940   3.9674     -84.8619
   4839    5857  5500.01    6041.78  114.3244  21.9904   4.1715     -84.6441
   4839    6000  5520.66    6186.07  114.3522  21.9861   4.4111     -84.4130
   4957       1  4782.11    193.75  113.1946  22.1391   5.5729     101.9993
   4957     123  4799.78    317.16  113.2185  22.1355   5.3682     102.1242
   4957     245  4817.41    440.34  113.2423  22.1320   5.1637     102.2581
   4957     367  4835.01    563.28  113.2661  22.1285   4.9596     102.4020
   4957     489  4852.58    686.00  113.2898  22.1250   4.7558     102.5573
   4957     611  4870.12    808.51  113.3135  22.1215   4.5522     102.7254
   4957     733  4887.62    930.82  113.3371  22.1180   4.3490     102.9082
   4957     855  4905.10    1052.93  113.3607  22.1145   4.1460     103.1077
   4957     977  4922.56    1174.87  113.3843  22.1110   3.9432     103.3266
   4957    1099  4939.99    1296.63  113.4078  22.1075   3.7408     103.5680
   4957    1221  4957.40    1418.23  113.4313  22.1040   3.5386     103.8357
   4957    1343  4974.78    1539.68  113.4548  22.1006   3.3366     104.1345
   4957    1465  4992.15    1660.99  113.4783  22.0971   3.1349     104.4702
   4957    1587  5009.50    1782.17  113.5017  22.0936   2.9335     104.8506
   4957    1709  5026.83    1903.23  113.5251  22.0901   2.7324     105.2853
   4957    1831  5044.14    2024.18  113.5484  22.0866   2.5316     105.7873
   4957    1953  5061.44    2145.02  113.5718  22.0831   2.3311     106.3738
   4957    2075  5078.72    2265.77  113.5951  22.0796   2.1310     107.0685
   4957    2197  5096.00    2386.45  113.6184  22.0761   1.9314     107.9048
   4957    2319  5113.26    2507.05  113.6417  22.0726   1.7324     108.9309
   4957    2441  5130.52    2627.58  113.6650  22.0691   1.5341     110.2202
   4957    2563  5147.77    2748.07  113.6883  22.0656   1.3368     111.8878
   4957    2685  5165.01    2868.52  113.7116  22.0622   1.1411     114.1263
   4957    2807  5182.25    2988.93  113.7348  22.0587   0.9479     117.2798
   4957    2929  5199.48    3109.32  113.7581  22.0551   0.7590     122.0188
   4957    3051  5216.71    3229.70  113.7813  22.0516   0.5787     129.7909
   4957    3173  5233.95    3350.08  113.8045  22.0481   0.4180     143.9974
   4957    3295  5251.18    3470.47  113.8278  22.0446   0.3095     171.3019
   4957    3417  5268.42    3590.87  113.8510  22.0411   0.3131     -150.9310
   4957    3539  5285.66    3711.30  113.8743  22.0376   0.4260     -124.5011
   4957    3661  5302.90    3831.77  113.8975  22.0341   0.5884     -110.7925
   4957    3783  5320.16    3952.29  113.9208  22.0305   0.7696     -103.2482
   4957    3905  5337.42    4072.86  113.9441  22.0270   0.9591     -98.6229
   4957    4027  5354.69    4193.50  113.9674  22.0235   1.1529     -95.5326
   4957    4149  5371.97    4314.22  113.9907  22.0199   1.3491     -93.3323
   4957    4271  5389.27    4435.03  114.0140  22.0164   1.5469     -91.6894
   4957    4393  5406.58    4555.94  114.0373  22.0128   1.7458     -90.4171
   4957    4515  5423.90    4676.95  114.0606  22.0093   1.9455     -89.4029
   4957    4637  5441.24    4798.08  114.0840  22.0057   2.1458     -88.5756
   4957    4759  5458.60    4919.33  114.1074  22.0021   2.3467     -87.8875
   4957    4881  5475.98    5040.72  114.1308  21.9985   2.5480     -87.3062
   4957    5003  5493.38    5162.26  114.1543  21.9949   2.7497     -86.8083
   4957    5125  5510.80    5283.96  114.1777  21.9913   2.9518     -86.3769
   4957    5247  5528.25    5405.82  114.2012  21.9877   3.1542     -85.9992
   4957    5369  5545.72    5527.86  114.2248  21.9841   3.3570     -85.6657
   4957    5491  5563.22    5650.09  114.2484  21.9805   3.5601     -85.3688
   4957    5613  5580.75    5772.51  114.2720  21.9769   3.7636     -85.1027
   4957    5735  5598.31    5895.14  114.2956  21.9732   3.9673     -84.8626
   4957    5857  5615.89    6017.99  114.3193  21.9696   4.1714     -84.6449
   4957    6000  5636.55    6162.27  114.3471  21.9653   4.4111     -84.4139
   5075       1  4897.86    170.01  113.1897  22.1182   5.5729     101.9976
   5075     123  4915.53    293.42  113.2135  22.1147   5.3682     102.1224
   5075     245  4933.17    416.59  113.2374  22.1112   5.1637     102.2562
   5075     367  4950.77    539.53  113.2611  22.1077   4.9596     102.4001
   5075     489  4968.34    662.25  113.2849  22.1042   4.7558     102.5554
   5075     611  4985.88    784.76  113.3085  22.1007   4.5522     102.7234
   5075     733  5003.39    907.07  113.3322  22.0972   4.3490     102.9062
   5075     855  5020.87    1029.18  113.3558  22.0937   4.1460     103.1057
   5075     977  5038.33    1151.12  113.3794  22.0902   3.9432     103.3246
   5075    1099  5055.76    1272.88  113.4029  22.0867   3.7408     103.5659
   5075    1221  5073.17    1394.48  113.4264  22.0832   3.5386     103.8335
   5075    1343  5090.56    1515.93  113.4499  22.0797   3.3366     104.1322
   5075    1465  5107.93    1637.24  113.4733  22.0762   3.1349     104.4679
   5075    1587  5125.28    1758.42  113.4967  22.0727   2.9335     104.8482
   5075    1709  5142.61    1879.47  113.5201  22.0693   2.7324     105.2828
   5075    1831  5159.93    2000.42  113.5435  22.0658   2.5316     105.7847
   5075    1953  5177.23    2121.26  113.5668  22.0623   2.3311     106.3711
   5075    2075  5194.52    2242.01  113.5901  22.0588   2.1310     107.0657
   5075    2197  5211.80    2362.68  113.6135  22.0553   1.9314     107.9017
   5075    2319  5229.07    2483.28  113.6367  22.0518   1.7324     108.9277
   5075    2441  5246.32    2603.82  113.6600  22.0483   1.5341     110.2167
   5075    2563  5263.58    2724.31  113.6833  22.0448   1.3368     111.8840
   5075    2685  5280.82    2844.75  113.7066  22.0413   1.1411     114.1221
   5075    2807  5298.06    2965.16  113.7298  22.0378   0.9479     117.2750
   5075    2929  5315.30    3085.55  113.7531  22.0343   0.7590     122.0133
   5075    3051  5332.53    3205.93  113.7763  22.0308   0.5786     129.7843
   5075    3173  5349.77    3326.31  113.7995  22.0273   0.4180     143.9900
   5075    3295  5367.01    3446.69  113.8228  22.0238   0.3095     171.2965
   5075    3417  5384.25    3567.10  113.8460  22.0203   0.3131     -150.9295
   5075    3539  5401.49    3687.53  113.8693  22.0168   0.4260     -124.4973
   5075    3661  5418.74    3808.00  113.8925  22.0132   0.5884     -110.7893
   5075    3783  5436.00    3928.51  113.9158  22.0097   0.7696     -103.2458
   5075    3905  5453.26    4049.08  113.9390  22.0062   0.9591     -98.6212
   5075    4027  5470.53    4169.73  113.9623  22.0026   1.1528     -95.5313
   5075    4149  5487.82    4290.44  113.9856  21.9991   1.3491     -93.3314
   5075    4271  5505.12    4411.25  114.0089  21.9956   1.5469     -91.6889
   5075    4393  5522.43    4532.15  114.0323  21.9920   1.7457     -90.4168
   5075    4515  5539.75    4653.16  114.0556  21.9884   1.9454     -89.4028
   5075    4637  5557.10    4774.29  114.0790  21.9849   2.1458     -88.5756
   5075    4759  5574.46    4895.55  114.1024  21.9813   2.3467     -87.8877
   5075    4881  5591.84    5016.94  114.1258  21.9777   2.5480     -87.3065
   5075    5003  5609.25    5138.48  114.1492  21.9741   2.7497     -86.8087
   5075    5125  5626.67    5260.17  114.1727  21.9705   2.9518     -86.3773
   5075    5247  5644.12    5382.03  114.1962  21.9669   3.1542     -85.9997
   5075    5369  5661.60    5504.07  114.2197  21.9633   3.3570     -85.6663
   5075    5491  5679.10    5626.30  114.2433  21.9597   3.5601     -85.3694
   5075    5613  5696.63    5748.72  114.2669  21.9561   3.7636     -85.1034
   5075    5735  5714.19    5871.35  114.2905  21.9524   3.9673     -84.8634
   5075    5857  5731.78    5994.19  114.3142  21.9488   4.1714     -84.6457
   5075    6000  5752.44    6138.48  114.3420  21.9445   4.4111     -84.4148
   5193       1  5013.61    146.26  113.1848  22.0974   5.5729     101.9958
   5193     123  5031.28    269.67  113.2086  22.0939   5.3682     102.1206
   5193     245  5048.92    392.84  113.2324  22.0904   5.1637     102.2544
   5193     367  5066.52    515.78  113.2562  22.0869   4.9596     102.3983
   5193     489  5084.10    638.50  113.2799  22.0834   4.7558     102.5535
   5193     611  5101.64    761.01  113.3036  22.0799   4.5522     102.7215
   5193     733  5119.15    883.31  113.3272  22.0764   4.3490     102.9042
   5193     855  5136.64    1005.43  113.3508  22.0729   4.1460     103.1037
   5193     977  5154.10    1127.36  113.3744  22.0694   3.9432     103.3225
   5193    1099  5171.54    1249.12  113.3979  22.0659   3.7408     103.5638
   5193    1221  5188.95    1370.72  113.4214  22.0624   3.5386     103.8313
   5193    1343  5206.34    1492.17  113.4449  22.0589   3.3366     104.1300
   5193    1465  5223.71    1613.48  113.4683  22.0554   3.1349     104.4656
   5193    1587  5241.07    1734.65  113.4917  22.0519   2.9335     104.8458
   5193    1709  5258.40    1855.71  113.5151  22.0484   2.7324     105.2803
   5193    1831  5275.72    1976.65  113.5385  22.0449   2.5316     105.7821
   5193    1953  5293.03    2097.50  113.5618  22.0415   2.3311     106.3684
   5193    2075  5310.32    2218.25  113.5852  22.0380   2.1310     107.0628
   5193    2197  5327.60    2338.92  113.6085  22.0345   1.9314     107.8987
   5193    2319  5344.87    2459.51  113.6318  22.0310   1.7323     108.9244
   5193    2441  5362.13    2580.05  113.6550  22.0275   1.5341     110.2132
   5193    2563  5379.38    2700.53  113.6783  22.0240   1.3368     111.8802
   5193    2685  5396.63    2820.98  113.7016  22.0205   1.1411     114.1178
   5193    2807  5413.87    2941.39  113.7248  22.0170   0.9479     117.2702
   5193    2929  5431.11    3061.78  113.7480  22.0135   0.7590     122.0078
   5193    3051  5448.35    3182.16  113.7713  22.0100   0.5786     129.7778
   5193    3173  5465.59    3302.53  113.7945  22.0065   0.4179     143.9826
   5193    3295  5482.83    3422.92  113.8178  22.0030   0.3094     171.2911
   5193    3417  5500.07    3543.32  113.8410  21.9995   0.3130     -150.9280
   5193    3539  5517.32    3663.75  113.8642  21.9959   0.4259     -124.4935
   5193    3661  5534.57    3784.21  113.8875  21.9924   0.5884     -110.7860
   5193    3783  5551.83    3904.73  113.9107  21.9889   0.7696     -103.2434
   5193    3905  5569.10    4025.30  113.9340  21.9854   0.9591     -98.6194
   5193    4027  5586.38    4145.94  113.9573  21.9818   1.1528     -95.5301
   5193    4149  5603.66    4266.66  113.9806  21.9783   1.3490     -93.3306
   5193    4271  5620.96    4387.46  114.0039  21.9747   1.5468     -91.6883
   5193    4393  5638.28    4508.37  114.0272  21.9712   1.7457     -90.4164
   5193    4515  5655.61    4629.38  114.0505  21.9676   1.9454     -89.4026
   5193    4637  5672.96    4750.50  114.0739  21.9641   2.1458     -88.5756
   5193    4759  5690.32    4871.75  114.0973  21.9605   2.3466     -87.8878
   5193    4881  5707.71    4993.15  114.1207  21.9569   2.5480     -87.3067
   5193    5003  5725.11    5114.68  114.1441  21.9533   2.7497     -86.8090
   5193    5125  5742.54    5236.38  114.1676  21.9497   2.9518     -86.3778
   5193    5247  5759.99    5358.24  114.1911  21.9461   3.1542     -86.0003
   5193    5369  5777.47    5480.28  114.2146  21.9425   3.3570     -85.6669
   5193    5491  5794.98    5602.50  114.2382  21.9389   3.5601     -85.3701
   5193    5613  5812.51    5724.92  114.2618  21.9352   3.7636     -85.1041
   5193    5735  5830.07    5847.55  114.2854  21.9316   3.9673     -84.8642
   5193    5857  5847.67    5970.39  114.3091  21.9279   4.1714     -84.6465
   5193    6000  5868.33    6114.67  114.3369  21.9237   4.4111     -84.4156
   5311       1  5129.35    122.50  113.1798  22.0765   5.5729     101.9940
   5311     123  5147.03    245.92  113.2037  22.0730   5.3682     102.1188
   5311     245  5164.67    369.09  113.2275  22.0695   5.1637     102.2526
   5311     367  5182.28    492.03  113.2513  22.0660   4.9596     102.3964
   5311     489  5199.85    614.74  113.2750  22.0625   4.7558     102.5516
   5311     611  5217.40    737.25  113.2987  22.0590   4.5522     102.7196
   5311     733  5234.92    859.55  113.3223  22.0555   4.3490     102.9022
   5311     855  5252.40    981.67  113.3459  22.0520   4.1460     103.1016
   5311     977  5269.87    1103.60  113.3695  22.0485   3.9432     103.3204
   5311    1099  5287.31    1225.36  113.3930  22.0450   3.7408     103.5616
   5311    1221  5304.72    1346.96  113.4165  22.0415   3.5386     103.8291
   5311    1343  5322.12    1468.41  113.4399  22.0381   3.3366     104.1277
   5311    1465  5339.49    1589.71  113.4634  22.0346   3.1349     104.4632
   5311    1587  5356.85    1710.89  113.4868  22.0311   2.9335     104.8434
   5311    1709  5374.19    1831.94  113.5102  22.0276   2.7324     105.2778
   5311    1831  5391.51    1952.88  113.5335  22.0241   2.5316     105.7795
   5311    1953  5408.82    2073.73  113.5569  22.0206   2.3311     106.3657
   5311    2075  5426.11    2194.48  113.5802  22.0171   2.1310     107.0599
   5311    2197  5443.40    2315.14  113.6035  22.0136   1.9314     107.8956
   5311    2319  5460.67    2435.74  113.6268  22.0102   1.7323     108.9212
   5311    2441  5477.93    2556.28  113.6500  22.0067   1.5340     110.2097
   5311    2563  5495.19    2676.76  113.6733  22.0032   1.3368     111.8764
   5311    2685  5512.44    2797.20  113.6966  21.9997   1.1411     114.1136
   5311    2807  5529.69    2917.61  113.7198  21.9962   0.9479     117.2655
   5311    2929  5546.93    3038.00  113.7430  21.9927   0.7590     122.0023
   5311    3051  5564.17    3158.38  113.7663  21.9892   0.5786     129.7713
   5311    3173  5581.41    3278.75  113.7895  21.9857   0.4179     143.9752
   5311    3295  5598.66    3399.14  113.8127  21.9822   0.3094     171.2857
   5311    3417  5615.90    3519.54  113.8360  21.9786   0.3129     -150.9265
   5311    3539  5633.15    3639.96  113.8592  21.9751   0.4259     -124.4897
   5311    3661  5650.40    3760.43  113.8825  21.9716   0.5883     -110.7828
   5311    3783  5667.67    3880.94  113.9057  21.9681   0.7696     -103.2410
   5311    3905  5684.94    4001.52  113.9290  21.9645   0.9591     -98.6176
   5311    4027  5702.22    4122.15  113.9523  21.9610   1.1528     -95.5288
   5311    4149  5719.51    4242.87  113.9755  21.9575   1.3490     -93.3297
   5311    4271  5736.81    4363.67  113.9988  21.9539   1.5468     -91.6877
   5311    4393  5754.13    4484.57  114.0222  21.9504   1.7457     -90.4160
   5311    4515  5771.46    4605.58  114.0455  21.9468   1.9454     -89.4025
   5311    4637  5788.81    4726.71  114.0689  21.9432   2.1458     -88.5756
   5311    4759  5806.18    4847.96  114.0922  21.9397   2.3466     -87.8880
   5311    4881  5823.57    4969.35  114.1156  21.9361   2.5480     -87.3070
   5311    5003  5840.98    5090.89  114.1391  21.9325   2.7497     -86.8094
   5311    5125  5858.41    5212.58  114.1625  21.9289   2.9518     -86.3782
   5311    5247  5875.86    5334.44  114.1860  21.9253   3.1542     -86.0008
   5311    5369  5893.34    5456.48  114.2096  21.9217   3.3570     -85.6674
   5311    5491  5910.85    5578.70  114.2331  21.9181   3.5601     -85.3708
   5311    5613  5928.39    5701.12  114.2567  21.9144   3.7636     -85.1048
   5311    5735  5945.95    5823.75  114.2804  21.9108   3.9673     -84.8649
   5311    5857  5963.55    5946.59  114.3040  21.9071   4.1714     -84.6473
   5311    6000  5984.22    6090.87  114.3318  21.9028   4.4111     -84.4165
   5429       1  5245.09    98.75  113.1749  22.0557   5.5729     101.9923
   5429     123  5262.77    222.16  113.1988  22.0522   5.3682     102.1171
   5429     245  5280.42    345.33  113.2226  22.0487   5.1637     102.2508
   5429     367  5298.03    468.27  113.2463  22.0452   4.9596     102.3945
   5429     489  5315.61    590.98  113.2700  22.0417   4.7558     102.5497
   5429     611  5333.16    713.49  113.2937  22.0382   4.5522     102.7176
   5429     733  5350.68    835.79  113.3173  22.0347   4.3490     102.9002
   5429     855  5368.17    957.90  113.3409  22.0312   4.1460     103.0996
   5429     977  5385.64    1079.83  113.3645  22.0277   3.9432     103.3183
   5429    1099  5403.08    1201.59  113.3880  22.0242   3.7408     103.5595
   5429    1221  5420.50    1323.19  113.4115  22.0207   3.5386     103.8270
   5429    1343  5437.89    1444.64  113.4350  22.0172   3.3366     104.1254
   5429    1465  5455.27    1565.94  113.4584  22.0137   3.1349     104.4609
   5429    1587  5472.63    1687.12  113.4818  22.0103   2.9335     104.8409
   5429    1709  5489.97    1808.17  113.5052  22.0068   2.7324     105.2753
   5429    1831  5507.30    1929.11  113.5285  22.0033   2.5316     105.7769
   5429    1953  5524.61    2049.95  113.5519  21.9998   2.3311     106.3629
   5429    2075  5541.91    2170.70  113.5752  21.9963   2.1310     107.0571
   5429    2197  5559.19    2291.37  113.5985  21.9928   1.9314     107.8926
   5429    2319  5576.47    2411.97  113.6218  21.9893   1.7323     108.9180
   5429    2441  5593.73    2532.50  113.6451  21.9858   1.5340     110.2062
   5429    2563  5610.99    2652.98  113.6683  21.9823   1.3368     111.8726
   5429    2685  5628.25    2773.42  113.6916  21.9788   1.1411     114.1094
   5429    2807  5645.50    2893.83  113.7148  21.9753   0.9479     117.2607
   5429    2929  5662.74    3014.22  113.7380  21.9718   0.7589     121.9968
   5429    3051  5679.99    3134.60  113.7613  21.9683   0.5786     129.7648
   5429    3173  5697.23    3254.97  113.7845  21.9648   0.4179     143.9678
   5429    3295  5714.48    3375.35  113.8077  21.9613   0.3093     171.2803
   5429    3417  5731.73    3495.75  113.8310  21.9578   0.3129     -150.9250
   5429    3539  5748.98    3616.18  113.8542  21.9543   0.4259     -124.4858
   5429    3661  5766.24    3736.64  113.8774  21.9508   0.5883     -110.7795
   5429    3783  5783.50    3857.16  113.9007  21.9473   0.7695     -103.2385
   5429    3905  5800.77    3977.73  113.9239  21.9437   0.9590     -98.6159
   5429    4027  5818.06    4098.36  113.9472  21.9402   1.1528     -95.5275
   5429    4149  5835.35    4219.08  113.9705  21.9366   1.3490     -93.3288
   5429    4271  5852.66    4339.88  113.9938  21.9331   1.5468     -91.6871
   5429    4393  5869.98    4460.78  114.0171  21.9295   1.7457     -90.4157
   5429    4515  5887.31    4581.79  114.0405  21.9260   1.9454     -89.4023
   5429    4637  5904.67    4702.91  114.0638  21.9224   2.1458     -88.5755
   5429    4759  5922.04    4824.16  114.0872  21.9188   2.3466     -87.8881
   5429    4881  5939.43    4945.55  114.1106  21.9153   2.5479     -87.3072
   5429    5003  5956.84    5067.09  114.1340  21.9117   2.7497     -86.8097
   5429    5125  5974.27    5188.78  114.1575  21.9081   2.9518     -86.3786
   5429    5247  5991.73    5310.64  114.1810  21.9045   3.1542     -86.0013
   5429    5369  6009.22    5432.67  114.2045  21.9009   3.3570     -85.6680
   5429    5491  6026.73    5554.89  114.2280  21.8972   3.5601     -85.3714
   5429    5613  6044.27    5677.31  114.2516  21.8936   3.7635     -85.1055
   5429    5735  6061.83    5799.94  114.2753  21.8900   3.9673     -84.8657
   5429    5857  6079.43    5922.78  114.2989  21.8863   4.1714     -84.6481
   5429    6000  6100.11    6067.06  114.3267  21.8820   4.4111     -84.4174
   5547       1  5360.83    74.99  113.1700  22.0349   5.5729     101.9906
   5547     123  5378.52    198.40  113.1938  22.0314   5.3682     102.1153
   5547     245  5396.16    321.57  113.2176  22.0279   5.1637     102.2490
   5547     367  5413.78    444.50  113.2414  22.0243   4.9596     102.3927
   5547     489  5431.36    567.22  113.2651  22.0208   4.7558     102.5478
   5547     611  5448.91    689.72  113.2888  22.0173   4.5522     102.7157
   5547     733  5466.43    812.02  113.3124  22.0138   4.3490     102.8983
   5547     855  5483.93    934.13  113.3360  22.0104   4.1460     103.0976
   5547     977  5501.40    1056.06  113.3596  22.0069   3.9432     103.3163
   5547    1099  5518.85    1177.82  113.3831  22.0034   3.7408     103.5574
   5547    1221  5536.27    1299.42  113.4066  21.9999   3.5386     103.8248
   5547    1343  5553.67    1420.87  113.4300  21.9964   3.3366     104.1232
   5547    1465  5571.05    1542.17  113.4534  21.9929   3.1349     104.4586
   5547    1587  5588.41    1663.34  113.4768  21.9894   2.9335     104.8385
   5547    1709  5605.75    1784.40  113.5002  21.9859   2.7324     105.2728
   5547    1831  5623.08    1905.34  113.5236  21.9824   2.5316     105.7743
   5547    1953  5640.40    2026.18  113.5469  21.9790   2.3311     106.3602
   5547    2075  5657.70    2146.92  113.5702  21.9755   2.1310     107.0542
   5547    2197  5674.98    2267.59  113.5935  21.9720   1.9314     107.8896
   5547    2319  5692.26    2388.18  113.6168  21.9685   1.7323     108.9147
   5547    2441  5709.53    2508.72  113.6401  21.9650   1.5340     110.2027
   5547    2563  5726.80    2629.20  113.6633  21.9615   1.3368     111.8688
   5547    2685  5744.05    2749.64  113.6866  21.9580   1.1411     114.1052
   5547    2807  5761.31    2870.05  113.7098  21.9545   0.9478     117.2559
   5547    2929  5778.55    2990.43  113.7330  21.9510   0.7589     121.9912
   5547    3051  5795.80    3110.81  113.7563  21.9475   0.5785     129.7583
   5547    3173  5813.05    3231.18  113.7795  21.9440   0.4178     143.9604
   5547    3295  5830.30    3351.56  113.8027  21.9405   0.3092     171.2750
   5547    3417  5847.55    3471.96  113.8259  21.9370   0.3128     -150.9235
   5547    3539  5864.80    3592.39  113.8492  21.9335   0.4258     -124.4820
   5547    3661  5882.06    3712.85  113.8724  21.9300   0.5883     -110.7763
   5547    3783  5899.33    3833.36  113.8957  21.9264   0.7695     -103.2361
   5547    3905  5916.61    3953.93  113.9189  21.9229   0.9590     -98.6141
   5547    4027  5933.89    4074.57  113.9422  21.9194   1.1528     -95.5263
   5547    4149  5951.19    4195.28  113.9655  21.9158   1.3490     -93.3279
   5547    4271  5968.50    4316.08  113.9888  21.9123   1.5468     -91.6865
   5547    4393  5985.82    4436.98  114.0121  21.9087   1.7457     -90.4153
   5547    4515  6003.16    4557.99  114.0354  21.9052   1.9454     -89.4021
   5547    4637  6020.52    4679.11  114.0588  21.9016   2.1457     -88.5755
   5547    4759  6037.89    4800.36  114.0821  21.8980   2.3466     -87.8882
   5547    4881  6055.29    4921.75  114.1055  21.8944   2.5479     -87.3074
   5547    5003  6072.70    5043.28  114.1290  21.8909   2.7497     -86.8101
   5547    5125  6090.14    5164.97  114.1524  21.8873   2.9517     -86.3791
   5547    5247  6107.60    5286.83  114.1759  21.8837   3.1542     -86.0018
   5547    5369  6125.09    5408.86  114.1994  21.8801   3.3570     -85.6686
   5547    5491  6142.60    5531.08  114.2230  21.8764   3.5601     -85.3720
   5547    5613  6160.14    5653.50  114.2466  21.8728   3.7635     -85.1062
   5547    5735  6177.71    5776.13  114.2702  21.8692   3.9673     -84.8664
   5547    5857  6195.32    5898.97  114.2939  21.8655   4.1714     -84.6489
   5547    6000  6215.99    6043.24  114.3217  21.8612   4.4111     -84.4182
   5665       1  5476.58    51.22  113.1651  22.0140   5.5729     101.9888
   5665     123  5494.26    174.63  113.1889  22.0105   5.3682     102.1135
   5665     245  5511.91    297.80  113.2127  22.0070   5.1637     102.2471
   5665     367  5529.53    420.73  113.2365  22.0035   4.9596     102.3908
   5665     489  5547.11    543.45  113.2602  22.0000   4.7558     102.5459
   5665     611  5564.67    665.95  113.2838  21.9965   4.5522     102.7138
   5665     733  5582.19    788.25  113.3075  21.9930   4.3490     102.8963
   5665     855  5599.69    910.36  113.3311  21.9895   4.1460     103.0956
   5665     977  5617.17    1032.29  113.3546  21.9860   3.9432     103.3142
   5665    1099  5634.61    1154.05  113.3781  21.9825   3.7408     103.5553
   5665    1221  5652.04    1275.64  113.4016  21.9791   3.5386     103.8226
   5665    1343  5669.44    1397.09  113.4251  21.9756   3.3366     104.1209
   5665    1465  5686.83    1518.39  113.4485  21.9721   3.1349     104.4563
   5665    1587  5704.19    1639.56  113.4719  21.9686   2.9335     104.8361
   5665    1709  5721.54    1760.62  113.4953  21.9651   2.7324     105.2703
   5665    1831  5738.87    1881.56  113.5186  21.9616   2.5316     105.7717
   5665    1953  5756.18    2002.39  113.5419  21.9581   2.3311     106.3575
   5665    2075  5773.49    2123.14  113.5652  21.9546   2.1310     107.0513
   5665    2197  5790.78    2243.81  113.5885  21.9512   1.9314     107.8865
   5665    2319  5808.06    2364.40  113.6118  21.9477   1.7323     108.9115
   5665    2441  5825.33    2484.93  113.6351  21.9442   1.5340     110.1992
   5665    2563  5842.60    2605.41  113.6583  21.9407   1.3368     111.8649
   5665    2685  5859.86    2725.85  113.6816  21.9372   1.1411     114.1010
   5665    2807  5877.11    2846.26  113.7048  21.9337   0.9478     117.2512
   5665    2929  5894.37    2966.64  113.7280  21.9302   0.7589     121.9857
   5665    3051  5911.62    3087.02  113.7513  21.9267   0.5785     129.7518
   5665    3173  5928.87    3207.39  113.7745  21.9232   0.4178     143.9530
   5665    3295  5946.12    3327.77  113.7977  21.9197   0.3092     171.2695
   5665    3417  5963.37    3448.16  113.8209  21.9162   0.3128     -150.9220
   5665    3539  5980.63    3568.59  113.8442  21.9127   0.4258     -124.4781
   5665    3661  5997.89    3689.05  113.8674  21.9091   0.5882     -110.7730
   5665    3783  6015.16    3809.56  113.8906  21.9056   0.7695     -103.2337
   5665    3905  6032.44    3930.13  113.9139  21.9021   0.9590     -98.6123
   5665    4027  6049.73    4050.77  113.9372  21.8985   1.1528     -95.5250
   5665    4149  6067.03    4171.48  113.9604  21.8950   1.3490     -93.3270
   5665    4271  6084.34    4292.28  113.9837  21.8915   1.5468     -91.6859
   5665    4393  6101.67    4413.18  114.0070  21.8879   1.7457     -90.4149
   5665    4515  6119.01    4534.18  114.0304  21.8843   1.9454     -89.4019
   5665    4637  6136.37    4655.30  114.0537  21.8808   2.1457     -88.5755
   5665    4759  6153.75    4776.55  114.0771  21.8772   2.3466     -87.8883
   5665    4881  6171.14    4897.94  114.1005  21.8736   2.5479     -87.3077
   5665    5003  6188.56    5019.47  114.1239  21.8700   2.7496     -86.8104
   5665    5125  6206.00    5141.16  114.1474  21.8665   2.9517     -86.3795
   5665    5247  6223.46    5263.02  114.1708  21.8628   3.1542     -86.0023
   5665    5369  6240.95    5385.05  114.1944  21.8592   3.3570     -85.6692
   5665    5491  6258.47    5507.27  114.2179  21.8556   3.5601     -85.3727
   5665    5613  6276.02    5629.69  114.2415  21.8520   3.7635     -85.1069
   5665    5735  6293.59    5752.31  114.2651  21.8483   3.9673     -84.8672
   5665    5857  6311.20    5875.15  114.2888  21.8447   4.1714     -84.6497
   5665    6000  6331.87    6019.42  114.3166  21.8404   4.4110     -84.4191
   5820       1  5628.61    20.00  113.1586  21.9867   5.5729     101.9865
   5820     123  5646.30    143.41  113.1824  21.9832   5.3682     102.1111
   5820     245  5663.95    266.57  113.2062  21.9796   5.1637     102.2448
   5820     367  5681.57    389.51  113.2300  21.9761   4.9596     102.3884
   5820     489  5699.16    512.22  113.2537  21.9726   4.7558     102.5434
   5820     611  5716.72    634.72  113.2774  21.9691   4.5522     102.7112
   5820     733  5734.25    757.02  113.3010  21.9656   4.3490     102.8937
   5820     855  5751.75    879.13  113.3246  21.9622   4.1460     103.0929
   5820     977  5769.23    1001.06  113.3481  21.9587   3.9432     103.3115
   5820    1099  5786.68    1122.81  113.3716  21.9552   3.7408     103.5525
   5820    1221  5804.11    1244.41  113.3951  21.9517   3.5386     103.8197
   5820    1343  5821.52    1365.85  113.4185  21.9482   3.3366     104.1180
   5820    1465  5838.90    1487.15  113.4420  21.9447   3.1349     104.4532
   5820    1587  5856.27    1608.33  113.4654  21.9412   2.9335     104.8330
   5820    1709  5873.62    1729.37  113.4887  21.9377   2.7324     105.2670
   5820    1831  5890.96    1850.31  113.5121  21.9343   2.5316     105.7683
   5820    1953  5908.28    1971.15  113.5354  21.9308   2.3311     106.3539
   5820    2075  5925.58    2091.90  113.5587  21.9273   2.1310     107.0475
   5820    2197  5942.88    2212.56  113.5820  21.9238   1.9314     107.8825
   5820    2319  5960.17    2333.15  113.6053  21.9203   1.7323     108.9072
   5820    2441  5977.44    2453.68  113.6285  21.9168   1.5340     110.1946
   5820    2563  5994.71    2574.16  113.6518  21.9133   1.3368     111.8599
   5820    2685  6011.98    2694.60  113.6750  21.9098   1.1411     114.0954
   5820    2807  6029.23    2815.00  113.6982  21.9063   0.9478     117.2449
   5820    2929  6046.49    2935.39  113.7215  21.9028   0.7589     121.9784
   5820    3051  6063.74    3055.76  113.7447  21.8993   0.5785     129.7432
   5820    3173  6081.00    3176.13  113.7679  21.8958   0.4177     143.9432
   5820    3295  6098.25    3296.51  113.7911  21.8923   0.3091     171.2624
   5820    3417  6115.51    3416.90  113.8143  21.8888   0.3127     -150.9199
   5820    3539  6132.77    3537.33  113.8376  21.8853   0.4257     -124.4731
   5820    3661  6150.04    3657.79  113.8608  21.8818   0.5882     -110.7687
   5820    3783  6167.31    3778.30  113.8840  21.8783   0.7695     -103.2305
   5820    3905  6184.60    3898.86  113.9073  21.8747   0.9590     -98.6100
   5820    4027  6201.89    4019.50  113.9305  21.8712   1.1527     -95.5233
   5820    4149  6219.19    4140.21  113.9538  21.8677   1.3490     -93.3258
   5820    4271  6236.51    4261.01  113.9771  21.8641   1.5468     -91.6851
   5820    4393  6253.84    4381.90  114.0004  21.8606   1.7457     -90.4145
   5820    4515  6271.18    4502.91  114.0237  21.8570   1.9454     -89.4017
   5820    4637  6288.55    4624.03  114.0471  21.8534   2.1457     -88.5755
   5820    4759  6305.93    4745.28  114.0704  21.8499   2.3466     -87.8885
   5820    4881  6323.33    4866.66  114.0938  21.8463   2.5479     -87.3080
   5820    5003  6340.75    4988.19  114.1173  21.8427   2.7496     -86.8108
   5820    5125  6358.19    5109.88  114.1407  21.8391   2.9517     -86.3800
   5820    5247  6375.66    5231.73  114.1642  21.8355   3.1542     -86.0030
   5820    5369  6393.15    5353.77  114.1877  21.8319   3.3570     -85.6699
   5820    5491  6410.67    5475.98  114.2112  21.8283   3.5601     -85.3735
   5820    5613  6428.22    5598.40  114.2348  21.8246   3.7635     -85.1078
   5820    5735  6445.80    5721.02  114.2584  21.8210   3.9673     -84.8682
   5820    5857  6463.41    5843.86  114.2821  21.8174   4.1714     -84.6508
   5820    6000  6484.09    5988.13  114.3099  21.8131   4.4110     -84.4202
