 #The Line and  Sample are according to LEVEL1 and LEVEL2 image 

 L1Line L1Sample  L2Line   L2Sample  Lon       Lat      Zenith    Azimuth
      1       1  -80.20    1189.74  113.4148  23.0147   5.5758     102.2195
      1     123  -62.60    1313.22  113.4389  23.0112   5.3711     102.3499
      1     245  -45.04    1436.46  113.4628  23.0076   5.1667     102.4898
      1     367  -27.50    1559.47  113.4868  23.0041   4.9626     102.6402
      1     489  -10.00    1682.25  113.5106  23.0006   4.7588     102.8024
      1     611   7.47    1804.83  113.5345  22.9970   4.5553     102.9780
      1     733  24.91    1927.20  113.5583  22.9935   4.3520     103.1689
      1     855  42.33    2049.38  113.5820  22.9900   4.1491     103.3773
      1     977  59.72    2171.38  113.6058  22.9864   3.9464     103.6060
      1    1099  77.08    2293.21  113.6295  22.9829   3.7440     103.8581
      1    1221  94.43    2414.88  113.6531  22.9794   3.5418     104.1376
      1    1343  111.75    2536.40  113.6767  22.9758   3.3400     104.4495
      1    1465  129.05    2657.77  113.7003  22.9723   3.1383     104.7999
      1    1587  146.33    2779.02  113.7239  22.9688   2.9370     105.1969
      1    1709  163.59    2900.14  113.7474  22.9653   2.7360     105.6505
      1    1831  180.84    3021.15  113.7710  22.9618   2.5353     106.1742
      1    1953  198.08    3142.06  113.7945  22.9582   2.3349     106.7858
      1    2075  215.30    3262.88  113.8179  22.9547   2.1350     107.5099
      1    2197  232.51    3383.62  113.8414  22.9512   1.9356     108.3811
      1    2319  249.71    3504.29  113.8648  22.9477   1.7367     109.4495
      1    2441  266.90    3624.89  113.8883  22.9441   1.5387     110.7906
      1    2563  284.09    3745.44  113.9117  22.9406   1.3419     112.5232
      1    2685  301.26    3865.96  113.9351  22.9371   1.1467     114.8447
      1    2807  318.44    3986.44  113.9585  22.9335   0.9541     118.1061
      1    2929  335.61    4106.89  113.9819  22.9300   0.7662     122.9850
      1    3051  352.78    4227.34  114.0053  22.9265   0.5874     130.9194
      1    3173  369.95    4347.79  114.0287  22.9229   0.4291     145.1831
      1    3295  387.12    4468.24  114.0521  22.9194   0.3230     171.7934
      1    3417  404.29    4588.71  114.0755  22.9158   0.3252     -151.9804
      1    3539  421.47    4709.21  114.0989  22.9123   0.4341     -125.8815
      1    3661  438.65    4829.75  114.1223  22.9087   0.5936     -111.9262
      1    3783  455.84    4950.33  114.1457  22.9051   0.7731     -104.1371
      1    3905  473.04    5070.97  114.1691  22.9016   0.9615     -99.3320
      1    4027  490.24    5191.68  114.1925  22.8980   1.1545     -96.1118
      1    4149  507.46    5312.47  114.2160  22.8944   1.3502     -93.8154
      1    4271  524.69    5433.35  114.2394  22.8908   1.5476     -92.0991
      1    4393  541.94    5554.32  114.2629  22.8872   1.7462     -90.7691
      1    4515  559.20    5675.40  114.2864  22.8836   1.9456     -89.7086
      1    4637  576.47    5796.60  114.3099  22.8800   2.1458     -88.8433
      1    4759  593.77    5917.92  114.3335  22.8764   2.3465     -88.1236
      1    4881  611.09    6039.38  114.3570  22.8728   2.5477     -87.5154
      1    5003  628.42    6160.99  114.3806  22.8692   2.7493     -86.9944
      1    5125  645.78    6282.76  114.4042  22.8655   2.9513     -86.5430
      1    5247  663.16    6404.69  114.4279  22.8619   3.1536     -86.1478
      1    5369  680.57    6526.80  114.4516  22.8582   3.3563     -85.7988
      1    5491  698.01    6649.10  114.4753  22.8546   3.5594     -85.4882
      1    5613  715.47    6771.59  114.4991  22.8509   3.7628     -85.2097
      1    5735  732.96    6894.29  114.5229  22.8472   3.9665     -84.9585
      1    5857  750.48    7017.21  114.5467  22.8435   4.1705     -84.7307
      1    6000  771.07    7161.58  114.5747  22.8392   4.4101     -84.4890
    119       1  35.62    1166.13  113.4099  22.9939   5.5758     102.2169
    119     123  53.23    1289.61  113.4339  22.9903   5.3711     102.3474
    119     245  70.80    1412.84  113.4579  22.9868   5.1667     102.4872
    119     367  88.33    1535.85  113.4818  22.9833   4.9626     102.6374
    119     489  105.84    1658.63  113.5057  22.9797   4.7588     102.7996
    119     611  123.31    1781.21  113.5295  22.9762   4.5552     102.9751
    119     733  140.76    1903.58  113.5533  22.9726   4.3520     103.1660
    119     855  158.18    2025.76  113.5770  22.9691   4.1491     103.3743
    119     977  175.57    2147.76  113.6008  22.9656   3.9464     103.6028
    119    1099  192.94    2269.59  113.6244  22.9621   3.7440     103.8548
    119    1221  210.28    2391.26  113.6481  22.9585   3.5418     104.1342
    119    1343  227.61    2512.77  113.6717  22.9550   3.3399     104.4459
    119    1465  244.91    2634.15  113.6953  22.9515   3.1383     104.7963
    119    1587  262.20    2755.39  113.7189  22.9480   2.9370     105.1931
    119    1709  279.47    2876.51  113.7424  22.9444   2.7360     105.6465
    119    1831  296.72    2997.52  113.7659  22.9409   2.5353     106.1699
    119    1953  313.96    3118.43  113.7894  22.9374   2.3349     106.7813
    119    2075  331.18    3239.25  113.8129  22.9339   2.1350     107.5051
    119    2197  348.40    3359.98  113.8364  22.9304   1.9355     108.3760
    119    2319  365.60    3480.65  113.8598  22.9268   1.7367     109.4439
    119    2441  382.79    3601.25  113.8832  22.9233   1.5387     110.7845
    119    2563  399.98    3721.81  113.9066  22.9198   1.3418     112.5164
    119    2685  417.16    3842.32  113.9301  22.9162   1.1466     114.8371
    119    2807  434.34    3962.80  113.9535  22.9127   0.9541     118.0973
    119    2929  451.51    4083.25  113.9768  22.9092   0.7662     122.9747
    119    3051  468.69    4203.70  114.0002  22.9056   0.5873     130.9074
    119    3173  485.86    4324.14  114.0236  22.9021   0.4290     145.1701
    119    3295  503.03    4444.59  114.0470  22.8985   0.3229     171.7864
    119    3417  520.21    4565.06  114.0704  22.8950   0.3251     -151.9727
    119    3539  537.39    4685.56  114.0938  22.8914   0.4340     -125.8697
    119    3661  554.57    4806.10  114.1172  22.8879   0.5935     -111.9161
    119    3783  571.77    4926.68  114.1406  22.8843   0.7731     -104.1291
    119    3905  588.97    5047.32  114.1640  22.8807   0.9615     -99.3257
    119    4027  606.18    5168.03  114.1874  22.8772   1.1545     -96.1067
    119    4149  623.40    5288.82  114.2109  22.8736   1.3502     -93.8112
    119    4271  640.63    5409.69  114.2343  22.8700   1.5476     -92.0956
    119    4393  657.88    5530.66  114.2578  22.8664   1.7461     -90.7662
    119    4515  675.14    5651.74  114.2813  22.8628   1.9456     -89.7062
    119    4637  692.42    5772.94  114.3048  22.8592   2.1458     -88.8412
    119    4759  709.72    5894.26  114.3284  22.8556   2.3465     -88.1218
    119    4881  727.04    6015.72  114.3519  22.8520   2.5477     -87.5139
    119    5003  744.38    6137.33  114.3755  22.8483   2.7493     -86.9932
    119    5125  761.74    6259.09  114.3991  22.8447   2.9513     -86.5419
    119    5247  779.13    6381.03  114.4228  22.8411   3.1536     -86.1469
    119    5369  796.54    6503.14  114.4465  22.8374   3.3563     -85.7981
    119    5491  813.98    6625.43  114.4702  22.8337   3.5594     -85.4876
    119    5613  831.45    6747.92  114.4939  22.8301   3.7628     -85.2093
    119    5735  848.94    6870.62  114.5177  22.8264   3.9665     -84.9582
    119    5857  866.47    6993.54  114.5415  22.8227   4.1705     -84.7305
    119    6000  887.05    7137.90  114.5695  22.8184   4.4101     -84.4889
    237       1  151.45    1142.51  113.4049  22.9730   5.5758     102.2144
    237     123  169.05    1265.99  113.4289  22.9695   5.3711     102.3448
    237     245  186.63    1389.22  113.4529  22.9660   5.1666     102.4845
    237     367  204.17    1512.23  113.4768  22.9624   4.9625     102.6347
    237     489  221.67    1635.01  113.5007  22.9589   4.7587     102.7968
    237     611  239.15    1757.59  113.5245  22.9553   4.5552     102.9723
    237     733  256.60    1879.96  113.5483  22.9518   4.3520     103.1630
    237     855  274.02    2002.14  113.5720  22.9483   4.1490     103.3713
    237     977  291.42    2124.13  113.5958  22.9448   3.9464     103.5997
    237    1099  308.79    2245.96  113.6194  22.9412   3.7439     103.8515
    237    1221  326.14    2367.63  113.6431  22.9377   3.5418     104.1308
    237    1343  343.47    2489.14  113.6667  22.9342   3.3399     104.4424
    237    1465  360.78    2610.51  113.6903  22.9307   3.1383     104.7926
    237    1587  378.07    2731.76  113.7139  22.9271   2.9370     105.1892
    237    1709  395.34    2852.88  113.7374  22.9236   2.7359     105.6424
    237    1831  412.59    2973.89  113.7609  22.9201   2.5352     106.1657
    237    1953  429.83    3094.79  113.7844  22.9166   2.3349     106.7768
    237    2075  447.06    3215.61  113.8079  22.9130   2.1349     107.5003
    237    2197  464.28    3336.35  113.8313  22.9095   1.9355     108.3708
    237    2319  481.49    3457.01  113.8548  22.9060   1.7367     109.4383
    237    2441  498.68    3577.61  113.8782  22.9025   1.5387     110.7783
    237    2563  515.87    3698.16  113.9016  22.8989   1.3418     112.5096
    237    2685  533.06    3818.67  113.9250  22.8954   1.1466     114.8294
    237    2807  550.24    3939.15  113.9484  22.8919   0.9540     118.0886
    237    2929  567.42    4059.61  113.9718  22.8883   0.7661     122.9644
    237    3051  584.59    4180.05  113.9952  22.8848   0.5872     130.8954
    237    3173  601.77    4300.49  114.0186  22.8813   0.4289     145.1572
    237    3295  618.94    4420.94  114.0419  22.8777   0.3228     171.7794
    237    3417  636.12    4541.41  114.0653  22.8742   0.3250     -151.9650
    237    3539  653.31    4661.91  114.0887  22.8706   0.4339     -125.8578
    237    3661  670.50    4782.44  114.1121  22.8670   0.5935     -111.9060
    237    3783  687.69    4903.03  114.1355  22.8635   0.7730     -104.1212
    237    3905  704.90    5023.67  114.1589  22.8599   0.9614     -99.3194
    237    4027  722.11    5144.37  114.1823  22.8563   1.1544     -96.1017
    237    4149  739.33    5265.16  114.2058  22.8528   1.3501     -93.8071
    237    4271  756.57    5386.03  114.2292  22.8492   1.5475     -92.0922
    237    4393  773.82    5507.00  114.2527  22.8456   1.7461     -90.7633
    237    4515  791.09    5628.08  114.2762  22.8420   1.9456     -89.7037
    237    4637  808.37    5749.27  114.2997  22.8384   2.1457     -88.8391
    237    4759  825.68    5870.60  114.3232  22.8348   2.3465     -88.1200
    237    4881  843.00    5992.06  114.3468  22.8312   2.5476     -87.5124
    237    5003  860.34    6113.66  114.3704  22.8275   2.7493     -86.9919
    237    5125  877.71    6235.43  114.3940  22.8239   2.9513     -86.5409
    237    5247  895.09    6357.36  114.4176  22.8202   3.1536     -86.1461
    237    5369  912.51    6479.46  114.4413  22.8166   3.3563     -85.7974
    237    5491  929.95    6601.76  114.4650  22.8129   3.5594     -85.4870
    237    5613  947.42    6724.25  114.4888  22.8093   3.7628     -85.2088
    237    5735  964.92    6846.95  114.5126  22.8056   3.9665     -84.9578
    237    5857  982.45    6969.87  114.5364  22.8019   4.1705     -84.7302
    237    6000  1003.04    7114.23  114.5644  22.7976   4.4101     -84.4887
    355       1  267.27    1118.89  113.3999  22.9522   5.5758     102.2119
    355     123  284.88    1242.36  113.4239  22.9487   5.3710     102.3422
    355     245  302.46    1365.60  113.4479  22.9451   5.1666     102.4819
    355     367  320.00    1488.60  113.4718  22.9416   4.9625     102.6320
    355     489  337.51    1611.39  113.4957  22.9380   4.7587     102.7940
    355     611  354.99    1733.96  113.5195  22.9345   4.5552     102.9694
    355     733  372.44    1856.33  113.5433  22.9310   4.3520     103.1601
    355     855  389.87    1978.50  113.5670  22.9275   4.1490     103.3682
    355     977  407.27    2100.50  113.5908  22.9239   3.9463     103.5965
    355    1099  424.65    2222.33  113.6144  22.9204   3.7439     103.8483
    355    1221  442.00    2343.99  113.6381  22.9169   3.5418     104.1274
    355    1343  459.33    2465.51  113.6617  22.9134   3.3399     104.4389
    355    1465  476.64    2586.88  113.6853  22.9098   3.1383     104.7889
    355    1587  493.93    2708.12  113.7088  22.9063   2.9369     105.1854
    355    1709  511.21    2829.24  113.7324  22.9028   2.7359     105.6384
    355    1831  528.47    2950.25  113.7559  22.8993   2.5352     106.1614
    355    1953  545.71    3071.15  113.7794  22.8957   2.3349     106.7722
    355    2075  562.94    3191.97  113.8028  22.8922   2.1349     107.4955
    355    2197  580.16    3312.70  113.8263  22.8887   1.9355     108.3656
    355    2319  597.37    3433.37  113.8497  22.8852   1.7366     109.4327
    355    2441  614.57    3553.97  113.8731  22.8816   1.5386     110.7722
    355    2563  631.77    3674.52  113.8965  22.8781   1.3418     112.5028
    355    2685  648.95    3795.02  113.9199  22.8746   1.1465     114.8217
    355    2807  666.14    3915.50  113.9433  22.8711   0.9540     118.0798
    355    2929  683.32    4035.96  113.9667  22.8675   0.7660     122.9542
    355    3051  700.50    4156.40  113.9901  22.8640   0.5872     130.8833
    355    3173  717.68    4276.84  114.0135  22.8604   0.4288     145.1442
    355    3295  734.86    4397.29  114.0369  22.8569   0.3226     171.7724
    355    3417  752.04    4517.76  114.0602  22.8533   0.3249     -151.9573
    355    3539  769.22    4638.25  114.0836  22.8498   0.4338     -125.8459
    355    3661  786.42    4758.79  114.1070  22.8462   0.5934     -111.8959
    355    3783  803.62    4879.37  114.1304  22.8427   0.7730     -104.1132
    355    3905  820.82    5000.01  114.1538  22.8391   0.9614     -99.3131
    355    4027  838.04    5120.71  114.1773  22.8355   1.1544     -96.0966
    355    4149  855.27    5241.50  114.2007  22.8319   1.3501     -93.8029
    355    4271  872.51    5362.37  114.2241  22.8284   1.5475     -92.0887
    355    4393  889.76    5483.34  114.2476  22.8248   1.7461     -90.7604
    355    4515  907.03    5604.41  114.2711  22.8212   1.9456     -89.7013
    355    4637  924.32    5725.61  114.2946  22.8176   2.1457     -88.8370
    355    4759  941.63    5846.93  114.3181  22.8140   2.3464     -88.1183
    355    4881  958.95    5968.39  114.3417  22.8103   2.5476     -87.5109
    355    5003  976.30    6089.99  114.3653  22.8067   2.7492     -86.9906
    355    5125  993.67    6211.75  114.3889  22.8031   2.9512     -86.5398
    355    5247  1011.06    6333.68  114.4125  22.7994   3.1536     -86.1452
    355    5369  1028.48    6455.79  114.4362  22.7958   3.3563     -85.7966
    355    5491  1045.92    6578.08  114.4599  22.7921   3.5594     -85.4864
    355    5613  1063.39    6700.57  114.4836  22.7884   3.7628     -85.2083
    355    5735  1080.90    6823.27  114.5074  22.7848   3.9665     -84.9575
    355    5857  1098.43    6946.18  114.5312  22.7811   4.1705     -84.7299
    355    6000  1119.02    7090.55  114.5592  22.7767   4.4101     -84.4886
    473       1  383.09    1095.26  113.3949  22.9314   5.5757     102.2094
    473     123  400.70    1218.74  113.4190  22.9278   5.3710     102.3397
    473     245  418.28    1341.97  113.4429  22.9243   5.1666     102.4792
    473     367  435.83    1464.97  113.4668  22.9207   4.9625     102.6293
    473     489  453.35    1587.76  113.4907  22.9172   4.7587     102.7912
    473     611  470.83    1710.33  113.5145  22.9137   4.5552     102.9665
    473     733  488.29    1832.69  113.5383  22.9101   4.3520     103.1571
    473     855  505.72    1954.87  113.5620  22.9066   4.1490     103.3652
    473     977  523.12    2076.87  113.5858  22.9031   3.9463     103.5934
    473    1099  540.50    2198.69  113.6094  22.8996   3.7439     103.8450
    473    1221  557.85    2320.35  113.6331  22.8960   3.5417     104.1240
    473    1343  575.19    2441.87  113.6567  22.8925   3.3399     104.4354
    473    1465  592.50    2563.24  113.6803  22.8890   3.1383     104.7853
    473    1587  609.80    2684.48  113.7038  22.8855   2.9369     105.1815
    473    1709  627.07    2805.60  113.7273  22.8820   2.7359     105.6344
    473    1831  644.34    2926.60  113.7508  22.8784   2.5352     106.1571
    473    1953  661.58    3047.51  113.7743  22.8749   2.3348     106.7677
    473    2075  678.82    3168.32  113.7978  22.8714   2.1349     107.4906
    473    2197  696.04    3289.06  113.8212  22.8679   1.9354     108.3604
    473    2319  713.26    3409.72  113.8447  22.8643   1.7366     109.4271
    473    2441  730.46    3530.32  113.8681  22.8608   1.5386     110.7660
    473    2563  747.66    3650.87  113.8915  22.8573   1.3417     112.4959
    473    2685  764.85    3771.37  113.9149  22.8538   1.1465     114.8140
    473    2807  782.04    3891.85  113.9383  22.8502   0.9539     118.0710
    473    2929  799.22    4012.30  113.9617  22.8467   0.7660     122.9439
    473    3051  816.40    4132.74  113.9850  22.8432   0.5871     130.8713
    473    3173  833.58    4253.18  114.0084  22.8396   0.4287     145.1312
    473    3295  850.77    4373.63  114.0318  22.8361   0.3225     171.7653
    473    3417  867.95    4494.10  114.0552  22.8325   0.3247     -151.9496
    473    3539  885.14    4614.59  114.0786  22.8290   0.4337     -125.8339
    473    3661  902.34    4735.12  114.1019  22.8254   0.5934     -111.8858
    473    3783  919.54    4855.70  114.1253  22.8218   0.7729     -104.1053
    473    3905  936.75    4976.34  114.1487  22.8183   0.9614     -99.3068
    473    4027  953.97    5097.05  114.1722  22.8147   1.1544     -96.0915
    473    4149  971.20    5217.83  114.1956  22.8111   1.3501     -93.7987
    473    4271  988.45    5338.70  114.2190  22.8075   1.5475     -92.0852
    473    4393  1005.70    5459.67  114.2425  22.8039   1.7461     -90.7575
    473    4515  1022.98    5580.74  114.2660  22.8004   1.9456     -89.6988
    473    4637  1040.27    5701.94  114.2895  22.7967   2.1457     -88.8350
    473    4759  1057.58    5823.26  114.3130  22.7931   2.3464     -88.1165
    473    4881  1074.90    5944.71  114.3366  22.7895   2.5476     -87.5094
    473    5003  1092.25    6066.32  114.3601  22.7859   2.7492     -86.9893
    473    5125  1109.63    6188.08  114.3838  22.7823   2.9512     -86.5387
    473    5247  1127.02    6310.01  114.4074  22.7786   3.1536     -86.1443
    473    5369  1144.44    6432.11  114.4311  22.7750   3.3563     -85.7959
    473    5491  1161.89    6554.40  114.4548  22.7713   3.5594     -85.4858
    473    5613  1179.37    6676.89  114.4785  22.7676   3.7628     -85.2078
    473    5735  1196.87    6799.59  114.5023  22.7640   3.9665     -84.9571
    473    5857  1214.41    6922.50  114.5261  22.7603   4.1705     -84.7297
    473    6000  1235.01    7066.86  114.5541  22.7559   4.4101     -84.4884
    591       1  498.91    1071.63  113.3900  22.9105   5.5757     102.2069
    591     123  516.53    1195.10  113.4140  22.9070   5.3710     102.3371
    591     245  534.11    1318.34  113.4379  22.9034   5.1666     102.4766
    591     367  551.66    1441.34  113.4618  22.8999   4.9625     102.6266
    591     489  569.18    1564.12  113.4857  22.8964   4.7587     102.7885
    591     611  586.67    1686.69  113.5095  22.8928   4.5552     102.9637
    591     733  604.13    1809.06  113.5333  22.8893   4.3519     103.1542
    591     855  621.56    1931.23  113.5570  22.8858   4.1490     103.3621
    591     977  638.97    2053.23  113.5808  22.8823   3.9463     103.5902
    591    1099  656.35    2175.05  113.6044  22.8787   3.7439     103.8418
    591    1221  673.71    2296.71  113.6281  22.8752   3.5417     104.1207
    591    1343  691.04    2418.22  113.6517  22.8717   3.3398     104.4319
    591    1465  708.36    2539.59  113.6752  22.8682   3.1382     104.7816
    591    1587  725.66    2660.83  113.6988  22.8646   2.9369     105.1777
    591    1709  742.94    2781.95  113.7223  22.8611   2.7359     105.6303
    591    1831  760.21    2902.95  113.7458  22.8576   2.5352     106.1529
    591    1953  777.46    3023.86  113.7693  22.8541   2.3348     106.7632
    591    2075  794.70    3144.67  113.7928  22.8506   2.1349     107.4858
    591    2197  811.92    3265.40  113.8162  22.8470   1.9354     108.3552
    591    2319  829.14    3386.06  113.8396  22.8435   1.7366     109.4215
    591    2441  846.35    3506.66  113.8630  22.8400   1.5386     110.7599
    591    2563  863.55    3627.21  113.8864  22.8365   1.3417     112.4891
    591    2685  880.74    3747.72  113.9098  22.8329   1.1465     114.8063
    591    2807  897.93    3868.19  113.9332  22.8294   0.9539     118.0621
    591    2929  915.12    3988.64  113.9566  22.8259   0.7659     122.9336
    591    3051  932.30    4109.08  113.9800  22.8223   0.5870     130.8592
    591    3173  949.49    4229.52  114.0034  22.8188   0.4286     145.1182
    591    3295  966.68    4349.97  114.0267  22.8152   0.3224     171.7583
    591    3417  983.86    4470.43  114.0501  22.8117   0.3246     -151.9419
    591    3539  1001.06    4590.93  114.0735  22.8081   0.4336     -125.8220
    591    3661  1018.26    4711.46  114.0969  22.8046   0.5933     -111.8757
    591    3783  1035.46    4832.04  114.1203  22.8010   0.7729     -104.0973
    591    3905  1052.68    4952.67  114.1437  22.7975   0.9613     -99.3005
    591    4027  1069.90    5073.38  114.1671  22.7939   1.1544     -96.0864
    591    4149  1087.13    5194.16  114.1905  22.7903   1.3501     -93.7945
    591    4271  1104.38    5315.03  114.2139  22.7867   1.5475     -92.0818
    591    4393  1121.64    5435.99  114.2374  22.7831   1.7461     -90.7546
    591    4515  1138.92    5557.07  114.2609  22.7795   1.9456     -89.6964
    591    4637  1156.21    5678.26  114.2844  22.7759   2.1457     -88.8329
    591    4759  1173.52    5799.58  114.3079  22.7723   2.3464     -88.1147
    591    4881  1190.86    5921.03  114.3315  22.7687   2.5476     -87.5079
    591    5003  1208.21    6042.64  114.3550  22.7651   2.7492     -86.9881
    591    5125  1225.58    6164.40  114.3786  22.7614   2.9512     -86.5376
    591    5247  1242.98    6286.32  114.4023  22.7578   3.1536     -86.1434
    591    5369  1260.41    6408.43  114.4259  22.7541   3.3563     -85.7951
    591    5491  1277.86    6530.72  114.4496  22.7505   3.5594     -85.4852
    591    5613  1295.34    6653.21  114.4734  22.7468   3.7628     -85.2074
    591    5735  1312.85    6775.90  114.4971  22.7431   3.9665     -84.9568
    591    5857  1330.39    6898.81  114.5210  22.7395   4.1705     -84.7294
    591    6000  1350.99    7043.17  114.5489  22.7351   4.4101     -84.4883
    709       1  614.73    1047.99  113.3850  22.8897   5.5757     102.2044
    709     123  632.35    1171.47  113.4090  22.8861   5.3710     102.3345
    709     245  649.94    1294.70  113.4330  22.8826   5.1666     102.4740
    709     367  667.49    1417.70  113.4569  22.8791   4.9625     102.6239
    709     489  685.01    1540.48  113.4807  22.8755   4.7587     102.7857
    709     611  702.50    1663.05  113.5045  22.8720   4.5552     102.9608
    709     733  719.97    1785.41  113.5283  22.8685   4.3519     103.1512
    709     855  737.40    1907.59  113.5521  22.8649   4.1490     103.3591
    709     977  754.81    2029.58  113.5758  22.8614   3.9463     103.5871
    709    1099  772.20    2151.40  113.5994  22.8579   3.7439     103.8385
    709    1221  789.56    2273.06  113.6231  22.8544   3.5417     104.1173
    709    1343  806.90    2394.57  113.6467  22.8509   3.3398     104.4284
    709    1465  824.22    2515.94  113.6702  22.8473   3.1382     104.7779
    709    1587  841.52    2637.18  113.6938  22.8438   2.9369     105.1738
    709    1709  858.81    2758.30  113.7173  22.8403   2.7358     105.6263
    709    1831  876.08    2879.30  113.7408  22.8368   2.5351     106.1486
    709    1953  893.33    3000.20  113.7643  22.8333   2.3348     106.7587
    709    2075  910.57    3121.02  113.7877  22.8297   2.1348     107.4810
    709    2197  927.80    3241.75  113.8112  22.8262   1.9354     108.3500
    709    2319  945.02    3362.41  113.8346  22.8227   1.7365     109.4158
    709    2441  962.23    3483.00  113.8580  22.8192   1.5385     110.7537
    709    2563  979.44    3603.55  113.8814  22.8156   1.3416     112.4823
    709    2685  996.63    3724.06  113.9048  22.8121   1.1464     114.7987
    709    2807  1013.83    3844.53  113.9282  22.8086   0.9538     118.0533
    709    2929  1031.02    3964.98  113.9515  22.8050   0.7659     122.9233
    709    3051  1048.21    4085.42  113.9749  22.8015   0.5869     130.8471
    709    3173  1065.39    4205.86  113.9983  22.7980   0.4285     145.1052
    709    3295  1082.58    4326.30  114.0217  22.7944   0.3222     171.7513
    709    3417  1099.78    4446.77  114.0450  22.7909   0.3245     -151.9342
    709    3539  1116.97    4567.26  114.0684  22.7873   0.4335     -125.8100
    709    3661  1134.17    4687.79  114.0918  22.7838   0.5932     -111.8655
    709    3783  1151.38    4808.37  114.1152  22.7802   0.7728     -104.0893
    709    3905  1168.60    4929.00  114.1386  22.7766   0.9613     -99.2942
    709    4027  1185.83    5049.70  114.1620  22.7731   1.1543     -96.0813
    709    4149  1203.06    5170.48  114.1854  22.7695   1.3500     -93.7904
    709    4271  1220.32    5291.35  114.2088  22.7659   1.5475     -92.0783
    709    4393  1237.58    5412.32  114.2323  22.7623   1.7461     -90.7517
    709    4515  1254.86    5533.39  114.2558  22.7587   1.9455     -89.6939
    709    4637  1272.16    5654.58  114.2793  22.7551   2.1457     -88.8308
    709    4759  1289.47    5775.90  114.3028  22.7515   2.3464     -88.1129
    709    4881  1306.81    5897.35  114.3263  22.7479   2.5476     -87.5064
    709    5003  1324.16    6018.95  114.3499  22.7443   2.7492     -86.9868
    709    5125  1341.54    6140.71  114.3735  22.7406   2.9512     -86.5366
    709    5247  1358.94    6262.64  114.3971  22.7370   3.1536     -86.1424
    709    5369  1376.37    6384.74  114.4208  22.7333   3.3563     -85.7944
    709    5491  1393.83    6507.03  114.4445  22.7297   3.5594     -85.4846
    709    5613  1411.31    6629.51  114.4682  22.7260   3.7628     -85.2069
    709    5735  1428.82    6752.21  114.4920  22.7223   3.9665     -84.9564
    709    5857  1446.36    6875.12  114.5158  22.7186   4.1705     -84.7292
    709    6000  1466.97    7019.47  114.5438  22.7143   4.4101     -84.4881
    827       1  730.55    1024.36  113.3800  22.8689   5.5757     102.2019
    827     123  748.17    1147.83  113.4040  22.8653   5.3710     102.3320
    827     245  765.76    1271.06  113.4280  22.8618   5.1666     102.4713
    827     367  783.32    1394.06  113.4519  22.8582   4.9625     102.6212
    827     489  800.84    1516.84  113.4757  22.8547   4.7586     102.7829
    827     611  818.34    1639.40  113.4995  22.8512   4.5551     102.9580
    827     733  835.80    1761.77  113.5233  22.8476   4.3519     103.1483
    827     855  853.24    1883.94  113.5471  22.8441   4.1489     103.3561
    827     977  870.66    2005.93  113.5708  22.8406   3.9463     103.5840
    827    1099  888.05    2127.75  113.5944  22.8371   3.7438     103.8353
    827    1221  905.41    2249.41  113.6180  22.8335   3.5417     104.1139
    827    1343  922.75    2370.92  113.6416  22.8300   3.3398     104.4248
    827    1465  940.08    2492.29  113.6652  22.8265   3.1382     104.7742
    827    1587  957.38    2613.53  113.6888  22.8230   2.9369     105.1700
    827    1709  974.67    2734.64  113.7123  22.8195   2.7358     105.6222
    827    1831  991.94    2855.65  113.7358  22.8159   2.5351     106.1443
    827    1953  1009.20    2976.55  113.7592  22.8124   2.3348     106.7541
    827    2075  1026.45    3097.36  113.7827  22.8089   2.1348     107.4762
    827    2197  1043.68    3218.09  113.8061  22.8054   1.9354     108.3449
    827    2319  1060.90    3338.75  113.8296  22.8019   1.7365     109.4102
    827    2441  1078.12    3459.34  113.8530  22.7983   1.5385     110.7476
    827    2563  1095.32    3579.89  113.8764  22.7948   1.3416     112.4755
    827    2685  1112.52    3700.39  113.8997  22.7913   1.1464     114.7910
    827    2807  1129.72    3820.86  113.9231  22.7877   0.9538     118.0445
    827    2929  1146.91    3941.31  113.9465  22.7842   0.7658     122.9130
    827    3051  1164.11    4061.75  113.9699  22.7807   0.5868     130.8351
    827    3173  1181.30    4182.19  113.9932  22.7771   0.4284     145.0921
    827    3295  1198.49    4302.63  114.0166  22.7736   0.3221     171.7442
    827    3417  1215.69    4423.09  114.0400  22.7700   0.3244     -151.9264
    827    3539  1232.89    4543.59  114.0633  22.7665   0.4335     -125.7981
    827    3661  1250.09    4664.11  114.0867  22.7629   0.5932     -111.8554
    827    3783  1267.30    4784.69  114.1101  22.7594   0.7728     -104.0814
    827    3905  1284.52    4905.32  114.1335  22.7558   0.9613     -99.2878
    827    4027  1301.75    5026.02  114.1569  22.7522   1.1543     -96.0762
    827    4149  1318.99    5146.80  114.1803  22.7487   1.3500     -93.7862
    827    4271  1336.25    5267.67  114.2038  22.7451   1.5474     -92.0748
    827    4393  1353.52    5388.63  114.2272  22.7415   1.7461     -90.7488
    827    4515  1370.80    5509.71  114.2507  22.7379   1.9455     -89.6914
    827    4637  1388.10    5630.90  114.2742  22.7343   2.1457     -88.8287
    827    4759  1405.42    5752.21  114.2977  22.7307   2.3464     -88.1112
    827    4881  1422.76    5873.66  114.3212  22.7271   2.5476     -87.5048
    827    5003  1440.11    5995.26  114.3448  22.7234   2.7492     -86.9855
    827    5125  1457.50    6117.02  114.3684  22.7198   2.9512     -86.5355
    827    5247  1474.90    6238.95  114.3920  22.7162   3.1536     -86.1415
    827    5369  1492.33    6361.05  114.4157  22.7125   3.3563     -85.7936
    827    5491  1509.79    6483.34  114.4394  22.7089   3.5594     -85.4840
    827    5613  1527.28    6605.82  114.4631  22.7052   3.7628     -85.2064
    827    5735  1544.79    6728.51  114.4869  22.7015   3.9665     -84.9560
    827    5857  1562.34    6851.42  114.5107  22.6978   4.1705     -84.7289
    827    6000  1582.95    6995.78  114.5386  22.6935   4.4101     -84.4880
    945       1  846.37    1000.71  113.3751  22.8480   5.5757     102.1994
    945     123  863.99    1124.18  113.3991  22.8445   5.3709     102.3294
    945     245  881.59    1247.41  113.4230  22.8409   5.1665     102.4687
    945     367  899.15    1370.41  113.4469  22.8374   4.9624     102.6185
    945     489  916.67    1493.19  113.4708  22.8339   4.7586     102.7801
    945     611  934.17    1615.75  113.4946  22.8303   4.5551     102.9551
    945     733  951.64    1738.12  113.5183  22.8268   4.3519     103.1453
    945     855  969.08    1860.29  113.5421  22.8233   4.1489     103.3530
    945     977  986.50    1982.28  113.5658  22.8198   3.9462     103.5808
    945    1099  1003.89    2104.10  113.5894  22.8162   3.7438     103.8320
    945    1221  1021.26    2225.76  113.6130  22.8127   3.5417     104.1105
    945    1343  1038.61    2347.27  113.6366  22.8092   3.3398     104.4213
    945    1465  1055.94    2468.63  113.6602  22.8057   3.1382     104.7706
    945    1587  1073.24    2589.87  113.6837  22.8021   2.9368     105.1662
    945    1709  1090.54    2710.98  113.7073  22.7986   2.7358     105.6182
    945    1831  1107.81    2831.98  113.7307  22.7951   2.5351     106.1401
    945    1953  1125.07    2952.88  113.7542  22.7916   2.3347     106.7496
    945    2075  1142.32    3073.69  113.7777  22.7881   2.1348     107.4713
    945    2197  1159.56    3194.42  113.8011  22.7845   1.9353     108.3397
    945    2319  1176.78    3315.08  113.8245  22.7810   1.7365     109.4046
    945    2441  1194.00    3435.68  113.8479  22.7775   1.5385     110.7414
    945    2563  1211.21    3556.22  113.8713  22.7740   1.3416     112.4686
    945    2685  1228.41    3676.72  113.8947  22.7704   1.1463     114.7833
    945    2807  1245.61    3797.19  113.9181  22.7669   0.9537     118.0357
    945    2929  1262.81    3917.64  113.9414  22.7634   0.7657     122.9027
    945    3051  1280.01    4038.08  113.9648  22.7598   0.5868     130.8230
    945    3173  1297.20    4158.51  113.9882  22.7563   0.4283     145.0791
    945    3295  1314.40    4278.96  114.0115  22.7528   0.3220     171.7372
    945    3417  1331.59    4399.42  114.0349  22.7492   0.3242     -151.9186
    945    3539  1348.80    4519.91  114.0583  22.7457   0.4334     -125.7861
    945    3661  1366.01    4640.43  114.0816  22.7421   0.5931     -111.8453
    945    3783  1383.22    4761.01  114.1050  22.7386   0.7727     -104.0734
    945    3905  1400.44    4881.64  114.1284  22.7350   0.9612     -99.2815
    945    4027  1417.68    5002.34  114.1518  22.7314   1.1543     -96.0711
    945    4149  1434.92    5123.12  114.1752  22.7278   1.3500     -93.7820
    945    4271  1452.18    5243.99  114.1987  22.7243   1.5474     -92.0713
    945    4393  1469.45    5364.95  114.2221  22.7207   1.7460     -90.7458
    945    4515  1486.74    5486.02  114.2456  22.7171   1.9455     -89.6890
    945    4637  1504.04    5607.21  114.2691  22.7135   2.1457     -88.8266
    945    4759  1521.36    5728.52  114.2926  22.7099   2.3464     -88.1094
    945    4881  1538.70    5849.97  114.3161  22.7062   2.5476     -87.5033
    945    5003  1556.07    5971.57  114.3397  22.7026   2.7492     -86.9842
    945    5125  1573.45    6093.33  114.3633  22.6990   2.9512     -86.5344
    945    5247  1590.86    6215.25  114.3869  22.6954   3.1536     -86.1406
    945    5369  1608.29    6337.35  114.4106  22.6917   3.3563     -85.7929
    945    5491  1625.75    6459.64  114.4342  22.6880   3.5594     -85.4833
    945    5613  1643.24    6582.12  114.4580  22.6844   3.7627     -85.2059
    945    5735  1660.76    6704.81  114.4817  22.6807   3.9665     -84.9556
    945    5857  1678.31    6827.72  114.5055  22.6770   4.1705     -84.7286
    945    6000  1698.93    6972.07  114.5335  22.6727   4.4101     -84.4878
   1063       1  962.18    977.06  113.3701  22.8272   5.5756     102.1969
   1063     123  979.81    1100.53  113.3941  22.8236   5.3709     102.3268
   1063     245  997.41    1223.76  113.4180  22.8201   5.1665     102.4661
   1063     367  1014.97    1346.76  113.4419  22.8166   4.9624     102.6158
   1063     489  1032.50    1469.53  113.4658  22.8130   4.7586     102.7773
   1063     611  1050.01    1592.10  113.4896  22.8095   4.5551     102.9523
   1063     733  1067.48    1714.46  113.5133  22.8060   4.3519     103.1424
   1063     855  1084.92    1836.63  113.5371  22.8024   4.1489     103.3500
   1063     977  1102.34    1958.62  113.5608  22.7989   3.9462     103.5777
   1063    1099  1119.74    2080.44  113.5844  22.7954   3.7438     103.8287
   1063    1221  1137.11    2202.10  113.6080  22.7919   3.5416     104.1071
   1063    1343  1154.46    2323.61  113.6316  22.7884   3.3398     104.4178
   1063    1465  1171.79    2444.97  113.6552  22.7848   3.1381     104.7669
   1063    1587  1189.10    2566.20  113.6787  22.7813   2.9368     105.1623
   1063    1709  1206.40    2687.32  113.7022  22.7778   2.7358     105.6142
   1063    1831  1223.68    2808.32  113.7257  22.7743   2.5351     106.1358
   1063    1953  1240.94    2929.22  113.7492  22.7708   2.3347     106.7451
   1063    2075  1258.19    3050.03  113.7726  22.7672   2.1347     107.4665
   1063    2197  1275.43    3170.75  113.7961  22.7637   1.9353     108.3345
   1063    2319  1292.66    3291.41  113.8195  22.7602   1.7365     109.3990
   1063    2441  1309.88    3412.00  113.8429  22.7567   1.5384     110.7353
   1063    2563  1327.09    3532.55  113.8663  22.7531   1.3415     112.4618
   1063    2685  1344.30    3653.05  113.8896  22.7496   1.1463     114.7756
   1063    2807  1361.50    3773.52  113.9130  22.7461   0.9537     118.0269
   1063    2929  1378.70    3893.96  113.9364  22.7426   0.7657     122.8924
   1063    3051  1395.90    4014.40  113.9597  22.7390   0.5867     130.8109
   1063    3173  1413.10    4134.83  113.9831  22.7355   0.4282     145.0661
   1063    3295  1430.30    4255.28  114.0065  22.7319   0.3219     171.7301
   1063    3417  1447.50    4375.74  114.0298  22.7284   0.3241     -151.9109
   1063    3539  1464.71    4496.22  114.0532  22.7248   0.4333     -125.7741
   1063    3661  1481.92    4616.75  114.0766  22.7213   0.5930     -111.8351
   1063    3783  1499.14    4737.32  114.0999  22.7177   0.7727     -104.0654
   1063    3905  1516.37    4857.96  114.1233  22.7142   0.9612     -99.2752
   1063    4027  1533.60    4978.65  114.1467  22.7106   1.1542     -96.0660
   1063    4149  1550.85    5099.43  114.1701  22.7070   1.3500     -93.7778
   1063    4271  1568.11    5220.30  114.1936  22.7034   1.5474     -92.0678
   1063    4393  1585.38    5341.26  114.2170  22.6998   1.7460     -90.7429
   1063    4515  1602.67    5462.33  114.2405  22.6963   1.9455     -89.6865
   1063    4637  1619.98    5583.51  114.2640  22.6927   2.1457     -88.8245
   1063    4759  1637.31    5704.83  114.2875  22.6890   2.3464     -88.1076
   1063    4881  1654.65    5826.28  114.3110  22.6854   2.5476     -87.5018
   1063    5003  1672.02    5947.87  114.3346  22.6818   2.7492     -86.9829
   1063    5125  1689.40    6069.63  114.3582  22.6782   2.9512     -86.5333
   1063    5247  1706.82    6191.55  114.3818  22.6745   3.1536     -86.1397
   1063    5369  1724.25    6313.65  114.4054  22.6709   3.3563     -85.7921
   1063    5491  1741.72    6435.94  114.4291  22.6672   3.5594     -85.4827
   1063    5613  1759.21    6558.42  114.4528  22.6636   3.7627     -85.2054
   1063    5735  1776.73    6681.11  114.4766  22.6599   3.9665     -84.9553
   1063    5857  1794.29    6804.01  114.5004  22.6562   4.1705     -84.7284
   1063    6000  1814.90    6948.37  114.5284  22.6519   4.4101     -84.4877
   1181       1  1078.00    953.41  113.3651  22.8063   5.5756     102.1944
   1181     123  1095.63    1076.88  113.3891  22.8028   5.3709     102.3243
   1181     245  1113.23    1200.11  113.4131  22.7993   5.1665     102.4634
   1181     367  1130.80    1323.10  113.4369  22.7957   4.9624     102.6131
   1181     489  1148.33    1445.88  113.4608  22.7922   4.7586     102.7746
   1181     611  1165.84    1568.44  113.4846  22.7887   4.5551     102.9494
   1181     733  1183.31    1690.80  113.5084  22.7851   4.3518     103.1394
   1181     855  1200.76    1812.97  113.5321  22.7816   4.1489     103.3469
   1181     977  1218.18    1934.96  113.5558  22.7781   3.9462     103.5745
   1181    1099  1235.58    2056.78  113.5794  22.7746   3.7438     103.8255
   1181    1221  1252.96    2178.44  113.6030  22.7710   3.5416     104.1038
   1181    1343  1270.31    2299.94  113.6266  22.7675   3.3397     104.4143
   1181    1465  1287.65    2421.30  113.6502  22.7640   3.1381     104.7632
   1181    1587  1304.96    2542.54  113.6737  22.7605   2.9368     105.1585
   1181    1709  1322.26    2663.65  113.6972  22.7570   2.7357     105.6101
   1181    1831  1339.54    2784.65  113.7207  22.7534   2.5350     106.1316
   1181    1953  1356.81    2905.55  113.7442  22.7499   2.3347     106.7406
   1181    2075  1374.06    3026.35  113.7676  22.7464   2.1347     107.4617
   1181    2197  1391.30    3147.08  113.7910  22.7429   1.9353     108.3293
   1181    2319  1408.54    3267.74  113.8144  22.7394   1.7364     109.3934
   1181    2441  1425.76    3388.33  113.8378  22.7358   1.5384     110.7291
   1181    2563  1442.98    3508.87  113.8612  22.7323   1.3415     112.4550
   1181    2685  1460.19    3629.37  113.8846  22.7288   1.1462     114.7679
   1181    2807  1477.40    3749.84  113.9080  22.7253   0.9536     118.0181
   1181    2929  1494.60    3870.28  113.9313  22.7217   0.7656     122.8821
   1181    3051  1511.80    3990.72  113.9547  22.7182   0.5866     130.7988
   1181    3173  1529.00    4111.15  113.9780  22.7147   0.4280     145.0530
   1181    3295  1546.20    4231.59  114.0014  22.7111   0.3217     171.7230
   1181    3417  1563.41    4352.05  114.0248  22.7076   0.3240     -151.9031
   1181    3539  1580.62    4472.54  114.0481  22.7040   0.4332     -125.7621
   1181    3661  1597.83    4593.06  114.0715  22.7005   0.5930     -111.8249
   1181    3783  1615.05    4713.64  114.0949  22.6969   0.7726     -104.0574
   1181    3905  1632.28    4834.27  114.1182  22.6933   0.9611     -99.2688
   1181    4027  1649.52    4954.96  114.1416  22.6898   1.1542     -96.0609
   1181    4149  1666.78    5075.74  114.1651  22.6862   1.3500     -93.7736
   1181    4271  1684.04    5196.60  114.1885  22.6826   1.5474     -92.0644
   1181    4393  1701.32    5317.56  114.2119  22.6790   1.7460     -90.7400
   1181    4515  1718.61    5438.63  114.2354  22.6754   1.9455     -89.6840
   1181    4637  1735.92    5559.82  114.2589  22.6718   2.1457     -88.8224
   1181    4759  1753.25    5681.13  114.2824  22.6682   2.3464     -88.1058
   1181    4881  1770.60    5802.58  114.3059  22.6646   2.5476     -87.5003
   1181    5003  1787.96    5924.17  114.3295  22.6610   2.7492     -86.9816
   1181    5125  1805.36    6045.93  114.3530  22.6574   2.9512     -86.5322
   1181    5247  1822.77    6167.85  114.3767  22.6537   3.1536     -86.1388
   1181    5369  1840.21    6289.95  114.4003  22.6501   3.3563     -85.7914
   1181    5491  1857.68    6412.23  114.4240  22.6464   3.5594     -85.4821
   1181    5613  1875.18    6534.71  114.4477  22.6427   3.7627     -85.2049
   1181    5735  1892.70    6657.40  114.4715  22.6391   3.9665     -84.9549
   1181    5857  1910.26    6780.30  114.4953  22.6354   4.1705     -84.7281
   1181    6000  1930.88    6924.65  114.5232  22.6311   4.4101     -84.4875
   1299       1  1193.81    929.75  113.3602  22.7855   5.5756     102.1919
   1299     123  1211.45    1053.22  113.3841  22.7820   5.3709     102.3217
   1299     245  1229.05    1176.45  113.4081  22.7784   5.1665     102.4608
   1299     367  1246.62    1299.44  113.4320  22.7749   4.9624     102.6104
   1299     489  1264.16    1422.22  113.4558  22.7714   4.7586     102.7718
   1299     611  1281.67    1544.78  113.4796  22.7678   4.5551     102.9465
   1299     733  1299.15    1667.14  113.5034  22.7643   4.3518     103.1365
   1299     855  1316.60    1789.31  113.5271  22.7608   4.1489     103.3439
   1299     977  1334.03    1911.30  113.5508  22.7573   3.9462     103.5714
   1299    1099  1351.43    2033.11  113.5744  22.7537   3.7438     103.8222
   1299    1221  1368.81    2154.77  113.5980  22.7502   3.5416     104.1004
   1299    1343  1386.16    2276.27  113.6216  22.7467   3.3397     104.4108
   1299    1465  1403.50    2397.63  113.6452  22.7432   3.1381     104.7596
   1299    1587  1420.82    2518.87  113.6687  22.7397   2.9368     105.1546
   1299    1709  1438.12    2639.98  113.6922  22.7361   2.7357     105.6061
   1299    1831  1455.40    2760.97  113.7157  22.7326   2.5350     106.1273
   1299    1953  1472.67    2881.87  113.7391  22.7291   2.3346     106.7361
   1299    2075  1489.93    3002.68  113.7626  22.7256   2.1347     107.4569
   1299    2197  1507.18    3123.40  113.7860  22.7221   1.9352     108.3241
   1299    2319  1524.41    3244.06  113.8094  22.7185   1.7364     109.3877
   1299    2441  1541.64    3364.65  113.8328  22.7150   1.5383     110.7229
   1299    2563  1558.86    3485.19  113.8562  22.7115   1.3414     112.4482
   1299    2685  1576.07    3605.69  113.8796  22.7080   1.1462     114.7602
   1299    2807  1593.28    3726.15  113.9029  22.7044   0.9536     118.0093
   1299    2929  1610.49    3846.60  113.9263  22.7009   0.7655     122.8718
   1299    3051  1627.70    3967.03  113.9496  22.6974   0.5865     130.7867
   1299    3173  1644.90    4087.46  113.9730  22.6938   0.4279     145.0399
   1299    3295  1662.11    4207.90  113.9963  22.6903   0.3216     171.7160
   1299    3417  1679.31    4328.36  114.0197  22.6867   0.3239     -151.8953
   1299    3539  1696.53    4448.85  114.0431  22.6832   0.4331     -125.7500
   1299    3661  1713.74    4569.37  114.0664  22.6796   0.5929     -111.8148
   1299    3783  1730.97    4689.94  114.0898  22.6761   0.7726     -104.0494
   1299    3905  1748.20    4810.57  114.1132  22.6725   0.9611     -99.2625
   1299    4027  1765.45    4931.27  114.1366  22.6689   1.1542     -96.0557
   1299    4149  1782.70    5052.04  114.1600  22.6654   1.3499     -93.7694
   1299    4271  1799.97    5172.90  114.1834  22.6618   1.5474     -92.0609
   1299    4393  1817.25    5293.86  114.2068  22.6582   1.7460     -90.7370
   1299    4515  1834.54    5414.93  114.2303  22.6546   1.9455     -89.6815
   1299    4637  1851.86    5536.11  114.2538  22.6510   2.1457     -88.8203
   1299    4759  1869.19    5657.42  114.2773  22.6474   2.3464     -88.1040
   1299    4881  1886.54    5778.87  114.3008  22.6438   2.5476     -87.4987
   1299    5003  1903.91    5900.47  114.3243  22.6402   2.7492     -86.9803
   1299    5125  1921.31    6022.22  114.3479  22.6365   2.9512     -86.5311
   1299    5247  1938.72    6144.14  114.3715  22.6329   3.1536     -86.1379
   1299    5369  1956.17    6266.24  114.3952  22.6293   3.3563     -85.7906
   1299    5491  1973.64    6388.52  114.4189  22.6256   3.5593     -85.4815
   1299    5613  1991.14    6511.00  114.4426  22.6219   3.7627     -85.2044
   1299    5735  2008.67    6633.69  114.4663  22.6183   3.9665     -84.9545
   1299    5857  2026.23    6756.59  114.4901  22.6146   4.1705     -84.7278
   1299    6000  2046.85    6900.94  114.5181  22.6102   4.4101     -84.4873
   1417       1  1309.62    906.09  113.3552  22.7647   5.5756     102.1894
   1417     123  1327.26    1029.56  113.3792  22.7611   5.3709     102.3191
   1417     245  1344.87    1152.79  113.4031  22.7576   5.1665     102.4582
   1417     367  1362.44    1275.78  113.4270  22.7540   4.9624     102.6077
   1417     489  1379.99    1398.55  113.4508  22.7505   4.7586     102.7690
   1417     611  1397.50    1521.11  113.4746  22.7470   4.5550     102.9437
   1417     733  1414.98    1643.47  113.4984  22.7435   4.3518     103.1336
   1417     855  1432.43    1765.64  113.5221  22.7399   4.1488     103.3409
   1417     977  1449.86    1887.63  113.5458  22.7364   3.9462     103.5683
   1417    1099  1467.27    2009.44  113.5694  22.7329   3.7437     103.8190
   1417    1221  1484.65    2131.09  113.5930  22.7294   3.5416     104.0970
   1417    1343  1502.01    2252.60  113.6166  22.7259   3.3397     104.4073
   1417    1465  1519.35    2373.96  113.6402  22.7223   3.1381     104.7559
   1417    1587  1536.67    2495.19  113.6637  22.7188   2.9367     105.1508
   1417    1709  1553.98    2616.30  113.6872  22.7153   2.7357     105.6021
   1417    1831  1571.27    2737.30  113.7107  22.7118   2.5350     106.1230
   1417    1953  1588.54    2858.19  113.7341  22.7083   2.3346     106.7315
   1417    2075  1605.80    2979.00  113.7576  22.7047   2.1347     107.4520
   1417    2197  1623.05    3099.72  113.7810  22.7012   1.9352     108.3189
   1417    2319  1640.29    3220.37  113.8044  22.6977   1.7364     109.3821
   1417    2441  1657.52    3340.96  113.8278  22.6942   1.5383     110.7168
   1417    2563  1674.74    3461.50  113.8511  22.6907   1.3414     112.4413
   1417    2685  1691.96    3582.00  113.8745  22.6871   1.1461     114.7525
   1417    2807  1709.17    3702.47  113.8979  22.6836   0.9535     118.0004
   1417    2929  1726.38    3822.91  113.9212  22.6801   0.7655     122.8615
   1417    3051  1743.59    3943.34  113.9446  22.6765   0.5865     130.7746
   1417    3173  1760.80    4063.77  113.9679  22.6730   0.4278     145.0269
   1417    3295  1778.01    4184.21  113.9913  22.6695   0.3215     171.7089
   1417    3417  1795.22    4304.67  114.0146  22.6659   0.3237     -151.8874
   1417    3539  1812.43    4425.15  114.0380  22.6624   0.4330     -125.7380
   1417    3661  1829.66    4545.68  114.0613  22.6588   0.5929     -111.8046
   1417    3783  1846.88    4666.25  114.0847  22.6553   0.7726     -104.0413
   1417    3905  1864.12    4786.87  114.1081  22.6517   0.9611     -99.2561
   1417    4027  1881.37    4907.57  114.1315  22.6481   1.1542     -96.0506
   1417    4149  1898.62    5028.34  114.1549  22.6446   1.3499     -93.7652
   1417    4271  1915.89    5149.20  114.1783  22.6410   1.5474     -92.0574
   1417    4393  1933.18    5270.16  114.2017  22.6374   1.7460     -90.7341
   1417    4515  1950.48    5391.23  114.2252  22.6338   1.9455     -89.6790
   1417    4637  1967.79    5512.41  114.2487  22.6302   2.1456     -88.8181
   1417    4759  1985.13    5633.72  114.2722  22.6266   2.3464     -88.1022
   1417    4881  2002.48    5755.17  114.2957  22.6230   2.5476     -87.4972
   1417    5003  2019.86    5876.76  114.3192  22.6194   2.7492     -86.9790
   1417    5125  2037.26    5998.51  114.3428  22.6157   2.9512     -86.5300
   1417    5247  2054.68    6120.43  114.3664  22.6121   3.1536     -86.1369
   1417    5369  2072.12    6242.52  114.3901  22.6084   3.3563     -85.7898
   1417    5491  2089.60    6364.80  114.4137  22.6048   3.5593     -85.4809
   1417    5613  2107.10    6487.28  114.4375  22.6011   3.7627     -85.2039
   1417    5735  2124.63    6609.97  114.4612  22.5974   3.9665     -84.9541
   1417    5857  2142.20    6732.87  114.4850  22.5938   4.1705     -84.7275
   1417    6000  2162.82    6877.22  114.5129  22.5894   4.4101     -84.4872
   1535       1  1425.44    882.43  113.3502  22.7438   5.5756     102.1869
   1535     123  1443.08    1005.89  113.3742  22.7403   5.3709     102.3166
   1535     245  1460.69    1129.12  113.3981  22.7367   5.1664     102.4556
   1535     367  1478.27    1252.11  113.4220  22.7332   4.9623     102.6050
   1535     489  1495.81    1374.88  113.4458  22.7297   4.7585     102.7663
   1535     611  1513.33    1497.44  113.4696  22.7262   4.5550     102.9408
   1535     733  1530.81    1619.80  113.4934  22.7226   4.3518     103.1306
   1535     855  1548.27    1741.97  113.5171  22.7191   4.1488     103.3378
   1535     977  1565.70    1863.95  113.5408  22.7156   3.9461     103.5651
   1535    1099  1583.11    1985.76  113.5644  22.7121   3.7437     103.8157
   1535    1221  1600.50    2107.42  113.5880  22.7085   3.5416     104.0936
   1535    1343  1617.86    2228.92  113.6116  22.7050   3.3397     104.4037
   1535    1465  1635.20    2350.28  113.6352  22.7015   3.1380     104.7522
   1535    1587  1652.53    2471.51  113.6587  22.6980   2.9367     105.1469
   1535    1709  1669.83    2592.62  113.6822  22.6945   2.7357     105.5980
   1535    1831  1687.13    2713.61  113.7056  22.6910   2.5350     106.1188
   1535    1953  1704.40    2834.51  113.7291  22.6874   2.3346     106.7270
   1535    2075  1721.67    2955.31  113.7525  22.6839   2.1346     107.4472
   1535    2197  1738.92    3076.04  113.7759  22.6804   1.9352     108.3137
   1535    2319  1756.16    3196.69  113.7993  22.6769   1.7363     109.3765
   1535    2441  1773.40    3317.28  113.8227  22.6734   1.5383     110.7106
   1535    2563  1790.62    3437.81  113.8461  22.6698   1.3414     112.4345
   1535    2685  1807.84    3558.31  113.8695  22.6663   1.1461     114.7448
   1535    2807  1825.06    3678.77  113.8928  22.6628   0.9535     117.9916
   1535    2929  1842.27    3799.22  113.9162  22.6592   0.7654     122.8512
   1535    3051  1859.48    3919.65  113.9395  22.6557   0.5864     130.7625
   1535    3173  1876.69    4040.08  113.9629  22.6522   0.4277     145.0138
   1535    3295  1893.91    4160.52  113.9862  22.6486   0.3213     171.7018
   1535    3417  1911.12    4280.97  114.0096  22.6451   0.3236     -151.8796
   1535    3539  1928.34    4401.45  114.0329  22.6415   0.4329     -125.7259
   1535    3661  1945.56    4521.98  114.0563  22.6380   0.5928     -111.7944
   1535    3783  1962.80    4642.54  114.0796  22.6344   0.7725     -104.0333
   1535    3905  1980.04    4763.17  114.1030  22.6309   0.9610     -99.2497
   1535    4027  1997.29    4883.87  114.1264  22.6273   1.1541     -96.0455
   1535    4149  2014.55    5004.64  114.1498  22.6237   1.3499     -93.7609
   1535    4271  2031.82    5125.50  114.1732  22.6202   1.5473     -92.0538
   1535    4393  2049.11    5246.45  114.1966  22.6166   1.7460     -90.7312
   1535    4515  2066.41    5367.52  114.2201  22.6130   1.9455     -89.6765
   1535    4637  2083.73    5488.70  114.2436  22.6094   2.1456     -88.8160
   1535    4759  2101.07    5610.01  114.2671  22.6058   2.3464     -88.1004
   1535    4881  2118.42    5731.45  114.2906  22.6022   2.5476     -87.4957
   1535    5003  2135.80    5853.04  114.3141  22.5985   2.7492     -86.9777
   1535    5125  2153.20    5974.79  114.3377  22.5949   2.9512     -86.5289
   1535    5247  2170.63    6096.71  114.3613  22.5913   3.1536     -86.1360
   1535    5369  2188.08    6218.81  114.3849  22.5876   3.3563     -85.7891
   1535    5491  2205.56    6341.09  114.4086  22.5840   3.5593     -85.4802
   1535    5613  2223.06    6463.56  114.4323  22.5803   3.7627     -85.2034
   1535    5735  2240.60    6586.25  114.4561  22.5766   3.9665     -84.9537
   1535    5857  2258.16    6709.15  114.4799  22.5729   4.1705     -84.7272
   1535    6000  2278.80    6853.49  114.5078  22.5686   4.4101     -84.4870
   1653       1  1541.25    858.76  113.3453  22.7230   5.5756     102.1844
   1653     123  1558.89    982.22  113.3692  22.7194   5.3708     102.3140
   1653     245  1576.51    1105.44  113.3932  22.7159   5.1664     102.4530
   1653     367  1594.09    1228.44  113.4170  22.7124   4.9623     102.6023
   1653     489  1611.64    1351.21  113.4409  22.7088   4.7585     102.7635
   1653     611  1629.15    1473.76  113.4647  22.7053   4.5550     102.9380
   1653     733  1646.64    1596.12  113.4884  22.7018   4.3518     103.1277
   1653     855  1664.10    1718.29  113.5121  22.6983   4.1488     103.3348
   1653     977  1681.54    1840.27  113.5358  22.6947   3.9461     103.5620
   1653    1099  1698.95    1962.08  113.5594  22.6912   3.7437     103.8125
   1653    1221  1716.34    2083.74  113.5830  22.6877   3.5415     104.0903
   1653    1343  1733.71    2205.24  113.6066  22.6842   3.3396     104.4002
   1653    1465  1751.05    2326.60  113.6301  22.6807   3.1380     104.7486
   1653    1587  1768.38    2447.82  113.6537  22.6772   2.9367     105.1431
   1653    1709  1785.69    2568.93  113.6772  22.6736   2.7356     105.5940
   1653    1831  1802.99    2689.93  113.7006  22.6701   2.5349     106.1145
   1653    1953  1820.27    2810.82  113.7241  22.6666   2.3346     106.7225
   1653    2075  1837.54    2931.62  113.7475  22.6631   2.1346     107.4424
   1653    2197  1854.79    3052.34  113.7709  22.6596   1.9351     108.3086
   1653    2319  1872.04    3172.99  113.7943  22.6560   1.7363     109.3709
   1653    2441  1889.27    3293.58  113.8177  22.6525   1.5382     110.7045
   1653    2563  1906.50    3414.12  113.8411  22.6490   1.3413     112.4277
   1653    2685  1923.73    3534.61  113.8644  22.6455   1.1460     114.7371
   1653    2807  1940.95    3655.08  113.8878  22.6420   0.9534     117.9828
   1653    2929  1958.16    3775.52  113.9111  22.6384   0.7654     122.8409
   1653    3051  1975.38    3895.95  113.9345  22.6349   0.5863     130.7504
   1653    3173  1992.59    4016.38  113.9578  22.6314   0.4276     145.0007
   1653    3295  2009.81    4136.81  113.9812  22.6278   0.3212     171.6947
   1653    3417  2027.02    4257.27  114.0045  22.6243   0.3235     -151.8717
   1653    3539  2044.25    4377.75  114.0279  22.6207   0.4328     -125.7138
   1653    3661  2061.47    4498.27  114.0512  22.6172   0.5927     -111.7841
   1653    3783  2078.71    4618.84  114.0746  22.6136   0.7725     -104.0253
   1653    3905  2095.95    4739.46  114.0979  22.6100   0.9610     -99.2434
   1653    4027  2113.20    4860.16  114.1213  22.6065   1.1541     -96.0403
   1653    4149  2130.47    4980.93  114.1447  22.6029   1.3499     -93.7567
   1653    4271  2147.75    5101.78  114.1681  22.5993   1.5473     -92.0503
   1653    4393  2165.04    5222.74  114.1916  22.5957   1.7460     -90.7282
   1653    4515  2182.34    5343.80  114.2150  22.5922   1.9454     -89.6740
   1653    4637  2199.66    5464.98  114.2385  22.5886   2.1456     -88.8139
   1653    4759  2217.01    5586.29  114.2620  22.5849   2.3464     -88.0986
   1653    4881  2234.37    5707.73  114.2855  22.5813   2.5476     -87.4941
   1653    5003  2251.75    5829.33  114.3090  22.5777   2.7492     -86.9764
   1653    5125  2269.15    5951.07  114.3326  22.5741   2.9512     -86.5278
   1653    5247  2286.58    6072.99  114.3562  22.5704   3.1536     -86.1351
   1653    5369  2304.03    6195.08  114.3798  22.5668   3.3563     -85.7883
   1653    5491  2321.52    6317.36  114.4035  22.5631   3.5593     -85.4796
   1653    5613  2339.02    6439.84  114.4272  22.5595   3.7627     -85.2029
   1653    5735  2356.56    6562.52  114.4509  22.5558   3.9665     -84.9533
   1653    5857  2374.13    6685.42  114.4747  22.5521   4.1705     -84.7269
   1653    6000  2394.77    6829.76  114.5027  22.5478   4.4101     -84.4868
   1771       1  1657.06    835.08  113.3403  22.7021   5.5755     102.1819
   1771     123  1674.71    958.55  113.3643  22.6986   5.3708     102.3115
   1771     245  1692.32    1081.77  113.3882  22.6951   5.1664     102.4503
   1771     367  1709.91    1204.76  113.4121  22.6915   4.9623     102.5996
   1771     489  1727.46    1327.53  113.4359  22.6880   4.7585     102.7607
   1771     611  1744.98    1450.08  113.4597  22.6845   4.5550     102.9351
   1771     733  1762.47    1572.44  113.4834  22.6810   4.3517     103.1248
   1771     855  1779.94    1694.60  113.5071  22.6774   4.1488     103.3318
   1771     977  1797.38    1816.59  113.5308  22.6739   3.9461     103.5589
   1771    1099  1814.79    1938.40  113.5544  22.6704   3.7437     103.8092
   1771    1221  1832.18    2060.05  113.5780  22.6669   3.5415     104.0869
   1771    1343  1849.55    2181.55  113.6016  22.6634   3.3396     104.3967
   1771    1465  1866.90    2302.91  113.6251  22.6598   3.1380     104.7449
   1771    1587  1884.23    2424.13  113.6487  22.6563   2.9367     105.1393
   1771    1709  1901.55    2545.24  113.6721  22.6528   2.7356     105.5900
   1771    1831  1918.85    2666.23  113.6956  22.6493   2.5349     106.1103
   1771    1953  1936.13    2787.13  113.7191  22.6458   2.3345     106.7180
   1771    2075  1953.40    2907.93  113.7425  22.6423   2.1346     107.4376
   1771    2197  1970.66    3028.65  113.7659  22.6387   1.9351     108.3034
   1771    2319  1987.91    3149.30  113.7893  22.6352   1.7363     109.3652
   1771    2441  2005.15    3269.89  113.8127  22.6317   1.5382     110.6983
   1771    2563  2022.38    3390.42  113.8360  22.6282   1.3413     112.4208
   1771    2685  2039.61    3510.92  113.8594  22.6246   1.1460     114.7294
   1771    2807  2056.83    3631.38  113.8827  22.6211   0.9534     117.9739
   1771    2929  2074.05    3751.82  113.9061  22.6176   0.7653     122.8306
   1771    3051  2091.27    3872.25  113.9294  22.6141   0.5862     130.7382
   1771    3173  2108.49    3992.67  113.9528  22.6105   0.4275     144.9876
   1771    3295  2125.70    4113.11  113.9761  22.6070   0.3211     171.6876
   1771    3417  2142.93    4233.56  113.9994  22.6034   0.3234     -151.8639
   1771    3539  2160.15    4354.04  114.0228  22.5999   0.4327     -125.7018
   1771    3661  2177.38    4474.56  114.0461  22.5963   0.5927     -111.7739
   1771    3783  2194.62    4595.13  114.0695  22.5928   0.7724     -104.0172
   1771    3905  2211.87    4715.75  114.0929  22.5892   0.9610     -99.2370
   1771    4027  2229.12    4836.44  114.1162  22.5857   1.1541     -96.0352
   1771    4149  2246.39    4957.21  114.1396  22.5821   1.3498     -93.7525
   1771    4271  2263.67    5078.07  114.1630  22.5785   1.5473     -92.0468
   1771    4393  2280.96    5199.02  114.1865  22.5749   1.7459     -90.7252
   1771    4515  2298.27    5320.09  114.2099  22.5713   1.9454     -89.6715
   1771    4637  2315.60    5441.26  114.2334  22.5677   2.1456     -88.8118
   1771    4759  2332.94    5562.57  114.2569  22.5641   2.3463     -88.0968
   1771    4881  2350.31    5684.01  114.2804  22.5605   2.5475     -87.4926
   1771    5003  2367.69    5805.60  114.3039  22.5569   2.7492     -86.9751
   1771    5125  2385.10    5927.35  114.3275  22.5533   2.9512     -86.5267
   1771    5247  2402.53    6049.27  114.3511  22.5496   3.1536     -86.1341
   1771    5369  2419.99    6171.36  114.3747  22.5460   3.3563     -85.7875
   1771    5491  2437.47    6293.63  114.3984  22.5423   3.5593     -85.4789
   1771    5613  2454.98    6416.11  114.4221  22.5387   3.7627     -85.2024
   1771    5735  2472.52    6538.79  114.4458  22.5350   3.9665     -84.9529
   1771    5857  2490.10    6661.69  114.4696  22.5313   4.1705     -84.7267
   1771    6000  2510.74    6806.03  114.4975  22.5270   4.4101     -84.4866
   1889       1  1772.87    811.40  113.3353  22.6813   5.5755     102.1794
   1889     123  1790.52    934.87  113.3593  22.6778   5.3708     102.3089
   1889     245  1808.14    1058.09  113.3832  22.6742   5.1664     102.4477
   1889     367  1825.73    1181.08  113.4071  22.6707   4.9623     102.5969
   1889     489  1843.28    1303.84  113.4309  22.6672   4.7585     102.7580
   1889     611  1860.80    1426.40  113.4547  22.6636   4.5550     102.9323
   1889     733  1878.30    1548.75  113.4784  22.6601   4.3517     103.1218
   1889     855  1895.77    1670.92  113.5021  22.6566   4.1488     103.3287
   1889     977  1913.21    1792.90  113.5258  22.6531   3.9461     103.5557
   1889    1099  1930.63    1914.71  113.5494  22.6496   3.7436     103.8060
   1889    1221  1948.02    2036.36  113.5730  22.6460   3.5415     104.0835
   1889    1343  1965.40    2157.86  113.5966  22.6425   3.3396     104.3932
   1889    1465  1982.75    2279.22  113.6201  22.6390   3.1380     104.7412
   1889    1587  2000.09    2400.44  113.6436  22.6355   2.9366     105.1354
   1889    1709  2017.40    2521.55  113.6671  22.6320   2.7356     105.5859
   1889    1831  2034.70    2642.54  113.6906  22.6285   2.5349     106.1060
   1889    1953  2051.99    2763.43  113.7140  22.6249   2.3345     106.7135
   1889    2075  2069.26    2884.23  113.7375  22.6214   2.1345     107.4327
   1889    2197  2086.53    3004.95  113.7609  22.6179   1.9351     108.2982
   1889    2319  2103.78    3125.60  113.7843  22.6144   1.7362     109.3596
   1889    2441  2121.02    3246.18  113.8076  22.6109   1.5382     110.6922
   1889    2563  2138.26    3366.72  113.8310  22.6073   1.3412     112.4140
   1889    2685  2155.49    3487.21  113.8543  22.6038   1.1460     114.7217
   1889    2807  2172.71    3607.67  113.8777  22.6003   0.9533     117.9651
   1889    2929  2189.94    3728.11  113.9010  22.5968   0.7652     122.8202
   1889    3051  2207.16    3848.54  113.9244  22.5932   0.5861     130.7261
   1889    3173  2224.38    3968.97  113.9477  22.5897   0.4274     144.9745
   1889    3295  2241.60    4089.40  113.9710  22.5862   0.3209     171.6805
   1889    3417  2258.82    4209.85  113.9944  22.5826   0.3232     -151.8560
   1889    3539  2276.05    4330.33  114.0177  22.5791   0.4327     -125.6897
   1889    3661  2293.29    4450.85  114.0411  22.5755   0.5926     -111.7637
   1889    3783  2310.53    4571.41  114.0644  22.5720   0.7724     -104.0092
   1889    3905  2327.78    4692.04  114.0878  22.5684   0.9609     -99.2306
   1889    4027  2345.04    4812.73  114.1112  22.5648   1.1541     -96.0300
   1889    4149  2362.31    4933.50  114.1346  22.5613   1.3498     -93.7483
   1889    4271  2379.59    5054.35  114.1580  22.5577   1.5473     -92.0433
   1889    4393  2396.89    5175.30  114.1814  22.5541   1.7459     -90.7223
   1889    4515  2414.20    5296.36  114.2048  22.5505   1.9454     -89.6690
   1889    4637  2431.53    5417.54  114.2283  22.5469   2.1456     -88.8096
   1889    4759  2448.88    5538.85  114.2518  22.5433   2.3463     -88.0949
   1889    4881  2466.24    5660.29  114.2753  22.5397   2.5475     -87.4910
   1889    5003  2483.63    5781.88  114.2988  22.5361   2.7492     -86.9738
   1889    5125  2501.04    5903.62  114.3224  22.5325   2.9512     -86.5255
   1889    5247  2518.48    6025.54  114.3460  22.5288   3.1536     -86.1332
   1889    5369  2535.94    6147.63  114.3696  22.5252   3.3563     -85.7867
   1889    5491  2553.42    6269.90  114.3933  22.5215   3.5593     -85.4783
   1889    5613  2570.94    6392.38  114.4170  22.5179   3.7627     -85.2019
   1889    5735  2588.49    6515.06  114.4407  22.5142   3.9665     -84.9525
   1889    5857  2606.06    6637.95  114.4645  22.5105   4.1705     -84.7264
   1889    6000  2626.70    6782.30  114.4924  22.5062   4.4101     -84.4865
   2007       1  1888.67    787.72  113.3304  22.6605   5.5755     102.1769
   2007     123  1906.33    911.18  113.3543  22.6569   5.3708     102.3063
   2007     245  1923.95    1034.40  113.3783  22.6534   5.1664     102.4451
   2007     367  1941.54    1157.39  113.4021  22.6499   4.9623     102.5942
   2007     489  1959.10    1280.16  113.4259  22.6463   4.7585     102.7552
   2007     611  1976.63    1402.71  113.4497  22.6428   4.5549     102.9294
   2007     733  1994.13    1525.06  113.4735  22.6393   4.3517     103.1189
   2007     855  2011.60    1647.23  113.4972  22.6358   4.1487     103.3257
   2007     977  2029.04    1769.21  113.5208  22.6322   3.9461     103.5526
   2007    1099  2046.47    1891.02  113.5444  22.6287   3.7436     103.8027
   2007    1221  2063.86    2012.67  113.5680  22.6252   3.5415     104.0801
   2007    1343  2081.24    2134.16  113.5916  22.6217   3.3396     104.3897
   2007    1465  2098.60    2255.52  113.6151  22.6182   3.1380     104.7376
   2007    1587  2115.94    2376.74  113.6386  22.6147   2.9366     105.1316
   2007    1709  2133.26    2497.85  113.6621  22.6111   2.7356     105.5819
   2007    1831  2150.56    2618.84  113.6856  22.6076   2.5349     106.1017
   2007    1953  2167.85    2739.73  113.7090  22.6041   2.3345     106.7089
   2007    2075  2185.13    2860.53  113.7324  22.6006   2.1345     107.4279
   2007    2197  2202.39    2981.25  113.7558  22.5971   1.9350     108.2930
   2007    2319  2219.65    3101.89  113.7792  22.5936   1.7362     109.3540
   2007    2441  2236.89    3222.48  113.8026  22.5900   1.5381     110.6860
   2007    2563  2254.13    3343.01  113.8260  22.5865   1.3412     112.4071
   2007    2685  2271.37    3463.50  113.8493  22.5830   1.1459     114.7140
   2007    2807  2288.60    3583.96  113.8727  22.5795   0.9533     117.9563
   2007    2929  2305.82    3704.40  113.8960  22.5759   0.7652     122.8099
   2007    3051  2323.05    3824.83  113.9193  22.5724   0.5861     130.7139
   2007    3173  2340.27    3945.25  113.9427  22.5689   0.4273     144.9613
   2007    3295  2357.49    4065.68  113.9660  22.5653   0.3208     171.6734
   2007    3417  2374.72    4186.14  113.9893  22.5618   0.3231     -151.8481
   2007    3539  2391.95    4306.61  114.0127  22.5582   0.4326     -125.6775
   2007    3661  2409.19    4427.13  114.0360  22.5547   0.5926     -111.7535
   2007    3783  2426.44    4547.69  114.0594  22.5511   0.7723     -104.0011
   2007    3905  2443.69    4668.32  114.0827  22.5476   0.9609     -99.2242
   2007    4027  2460.95    4789.01  114.1061  22.5440   1.1540     -96.0248
   2007    4149  2478.22    4909.77  114.1295  22.5404   1.3498     -93.7440
   2007    4271  2495.51    5030.63  114.1529  22.5369   1.5473     -92.0398
   2007    4393  2512.81    5151.58  114.1763  22.5333   1.7459     -90.7193
   2007    4515  2530.13    5272.64  114.1997  22.5297   1.9454     -89.6665
   2007    4637  2547.46    5393.81  114.2232  22.5261   2.1456     -88.8075
   2007    4759  2564.81    5515.12  114.2467  22.5225   2.3463     -88.0931
   2007    4881  2582.18    5636.56  114.2702  22.5189   2.5475     -87.4895
   2007    5003  2599.57    5758.15  114.2937  22.5153   2.7492     -86.9725
   2007    5125  2616.99    5879.89  114.3173  22.5116   2.9512     -86.5244
   2007    5247  2634.42    6001.80  114.3409  22.5080   3.1535     -86.1323
   2007    5369  2651.89    6123.89  114.3645  22.5044   3.3563     -85.7859
   2007    5491  2669.38    6246.17  114.3881  22.5007   3.5593     -85.4777
   2007    5613  2686.90    6368.64  114.4118  22.4970   3.7627     -85.2014
   2007    5735  2704.44    6491.32  114.4356  22.4934   3.9665     -84.9521
   2007    5857  2722.02    6614.21  114.4593  22.4897   4.1705     -84.7261
   2007    6000  2742.67    6758.55  114.4873  22.4854   4.4101     -84.4863
   2125       1  2004.48    764.04  113.3254  22.6396   5.5755     102.1744
   2125     123  2022.14    887.50  113.3494  22.6361   5.3708     102.3038
   2125     245  2039.77    1010.71  113.3733  22.6326   5.1664     102.4425
   2125     367  2057.36    1133.70  113.3971  22.6290   4.9623     102.5916
   2125     489  2074.92    1256.47  113.4210  22.6255   4.7584     102.7524
   2125     611  2092.45    1379.02  113.4447  22.6220   4.5549     102.9266
   2125     733  2109.95    1501.37  113.4685  22.6184   4.3517     103.1159
   2125     855  2127.43    1623.53  113.4922  22.6149   4.1487     103.3227
   2125     977  2144.88    1745.51  113.5158  22.6114   3.9460     103.5494
   2125    1099  2162.30    1867.32  113.5395  22.6079   3.7436     103.7995
   2125    1221  2179.70    1988.97  113.5630  22.6044   3.5414     104.0768
   2125    1343  2197.08    2110.46  113.5866  22.6009   3.3396     104.3862
   2125    1465  2214.44    2231.82  113.6101  22.5973   3.1379     104.7339
   2125    1587  2231.78    2353.04  113.6336  22.5938   2.9366     105.1278
   2125    1709  2249.11    2474.14  113.6571  22.5903   2.7356     105.5778
   2125    1831  2266.42    2595.14  113.6806  22.5868   2.5348     106.0975
   2125    1953  2283.71    2716.03  113.7040  22.5833   2.3345     106.7044
   2125    2075  2300.99    2836.82  113.7274  22.5798   2.1345     107.4231
   2125    2197  2318.26    2957.54  113.7508  22.5762   1.9350     108.2878
   2125    2319  2335.52    3078.19  113.7742  22.5727   1.7362     109.3484
   2125    2441  2352.77    3198.77  113.7976  22.5692   1.5381     110.6798
   2125    2563  2370.01    3319.30  113.8209  22.5657   1.3412     112.4003
   2125    2685  2387.24    3439.79  113.8443  22.5622   1.1459     114.7063
   2125    2807  2404.48    3560.25  113.8676  22.5586   0.9532     117.9474
   2125    2929  2421.71    3680.69  113.8909  22.5551   0.7651     122.7995
   2125    3051  2438.93    3801.11  113.9143  22.5516   0.5860     130.7018
   2125    3173  2456.16    3921.54  113.9376  22.5480   0.4272     144.9482
   2125    3295  2473.39    4041.97  113.9609  22.5445   0.3207     171.6663
   2125    3417  2490.62    4162.42  113.9843  22.5410   0.3230     -151.8402
   2125    3539  2507.85    4282.89  114.0076  22.5374   0.4325     -125.6654
   2125    3661  2525.09    4403.41  114.0309  22.5339   0.5925     -111.7432
   2125    3783  2542.34    4523.97  114.0543  22.5303   0.7723     -103.9930
   2125    3905  2559.60    4644.59  114.0776  22.5268   0.9609     -99.2178
   2125    4027  2576.86    4765.28  114.1010  22.5232   1.1540     -96.0197
   2125    4149  2594.14    4886.05  114.1244  22.5196   1.3498     -93.7398
   2125    4271  2611.43    5006.90  114.1478  22.5160   1.5472     -92.0362
   2125    4393  2628.73    5127.85  114.1712  22.5125   1.7459     -90.7163
   2125    4515  2646.05    5248.91  114.1946  22.5089   1.9454     -89.6640
   2125    4637  2663.39    5370.08  114.2181  22.5053   2.1456     -88.8054
   2125    4759  2680.74    5491.39  114.2416  22.5017   2.3463     -88.0913
   2125    4881  2698.11    5612.83  114.2651  22.4981   2.5475     -87.4879
   2125    5003  2715.51    5734.41  114.2886  22.4944   2.7492     -86.9711
   2125    5125  2732.93    5856.16  114.3122  22.4908   2.9512     -86.5233
   2125    5247  2750.37    5978.07  114.3357  22.4872   3.1535     -86.1313
   2125    5369  2767.83    6100.15  114.3594  22.4835   3.3563     -85.7851
   2125    5491  2785.33    6222.43  114.3830  22.4799   3.5593     -85.4770
   2125    5613  2802.85    6344.90  114.4067  22.4762   3.7627     -85.2008
   2125    5735  2820.40    6467.58  114.4304  22.4726   3.9665     -84.9517
   2125    5857  2837.98    6590.47  114.4542  22.4689   4.1705     -84.7258
   2125    6000  2858.64    6734.81  114.4821  22.4645   4.4101     -84.4861
   2243       1  2120.28    740.34  113.3205  22.6188   5.5755     102.1719
   2243     123  2137.95    863.80  113.3444  22.6153   5.3708     102.3012
   2243     245  2155.58    987.02  113.3683  22.6117   5.1663     102.4398
   2243     367  2173.17    1110.01  113.3922  22.6082   4.9622     102.5889
   2243     489  2190.74    1232.77  113.4160  22.6047   4.7584     102.7496
   2243     611  2208.27    1355.32  113.4398  22.6011   4.5549     102.9237
   2243     733  2225.78    1477.67  113.4635  22.5976   4.3517     103.1130
   2243     855  2243.26    1599.83  113.4872  22.5941   4.1487     103.3196
   2243     977  2260.71    1721.81  113.5108  22.5906   3.9460     103.5463
   2243    1099  2278.14    1843.62  113.5345  22.5870   3.7436     103.7962
   2243    1221  2295.54    1965.27  113.5580  22.5835   3.5414     104.0734
   2243    1343  2312.92    2086.76  113.5816  22.5800   3.3395     104.3827
   2243    1465  2330.29    2208.11  113.6051  22.5765   3.1379     104.7302
   2243    1587  2347.63    2329.34  113.6286  22.5730   2.9366     105.1239
   2243    1709  2364.96    2450.44  113.6521  22.5695   2.7355     105.5738
   2243    1831  2382.27    2571.43  113.6756  22.5660   2.5348     106.0932
   2243    1953  2399.57    2692.32  113.6990  22.5624   2.3344     106.6999
   2243    2075  2416.85    2813.11  113.7224  22.5589   2.1345     107.4183
   2243    2197  2434.12    2933.83  113.7458  22.5554   1.9350     108.2826
   2243    2319  2451.38    3054.47  113.7692  22.5519   1.7361     109.3427
   2243    2441  2468.64    3175.05  113.7925  22.5484   1.5381     110.6736
   2243    2563  2485.88    3295.59  113.8159  22.5449   1.3411     112.3935
   2243    2685  2503.12    3416.07  113.8392  22.5413   1.1458     114.6986
   2243    2807  2520.36    3536.53  113.8626  22.5378   0.9532     117.9386
   2243    2929  2537.59    3656.97  113.8859  22.5343   0.7651     122.7892
   2243    3051  2554.82    3777.39  113.9092  22.5308   0.5859     130.6896
   2243    3173  2572.05    3897.81  113.9326  22.5272   0.4271     144.9350
   2243    3295  2589.28    4018.25  113.9559  22.5237   0.3205     171.6592
   2243    3417  2606.51    4138.69  113.9792  22.5201   0.3229     -151.8323
   2243    3539  2623.75    4259.17  114.0025  22.5166   0.4324     -125.6533
   2243    3661  2641.00    4379.68  114.0259  22.5130   0.5924     -111.7329
   2243    3783  2658.25    4500.25  114.0492  22.5095   0.7722     -103.9850
   2243    3905  2675.51    4620.86  114.0726  22.5059   0.9608     -99.2114
   2243    4027  2692.77    4741.55  114.0959  22.5024   1.1540     -96.0145
   2243    4149  2710.05    4862.32  114.1193  22.4988   1.3498     -93.7355
   2243    4271  2727.35    4983.17  114.1427  22.4952   1.5472     -92.0327
   2243    4393  2744.65    5104.12  114.1661  22.4916   1.7459     -90.7134
   2243    4515  2761.98    5225.17  114.1895  22.4880   1.9454     -89.6615
   2243    4637  2779.31    5346.35  114.2130  22.4845   2.1456     -88.8032
   2243    4759  2796.67    5467.65  114.2365  22.4808   2.3463     -88.0895
   2243    4881  2814.05    5589.09  114.2600  22.4772   2.5475     -87.4864
   2243    5003  2831.45    5710.67  114.2835  22.4736   2.7491     -86.9698
   2243    5125  2848.87    5832.41  114.3071  22.4700   2.9512     -86.5222
   2243    5247  2866.31    5954.32  114.3306  22.4664   3.1535     -86.1304
   2243    5369  2883.78    6076.41  114.3543  22.4627   3.3563     -85.7844
   2243    5491  2901.28    6198.68  114.3779  22.4591   3.5593     -85.4764
   2243    5613  2918.80    6321.15  114.4016  22.4554   3.7627     -85.2003
   2243    5735  2936.36    6443.83  114.4253  22.4517   3.9664     -84.9513
   2243    5857  2953.94    6566.72  114.4491  22.4481   4.1705     -84.7255
   2243    6000  2974.60    6711.06  114.4770  22.4437   4.4101     -84.4859
   2361       1  2236.09    716.65  113.3155  22.5979   5.5755     102.1694
   2361     123  2253.75    840.11  113.3395  22.5944   5.3707     102.2987
   2361     245  2271.39    963.32  113.3634  22.5909   5.1663     102.4372
   2361     367  2288.99    1086.31  113.3872  22.5873   4.9622     102.5862
   2361     489  2306.55    1209.07  113.4110  22.5838   4.7584     102.7469
   2361     611  2324.09    1331.62  113.4348  22.5803   4.5549     102.9209
   2361     733  2341.60    1453.97  113.4585  22.5768   4.3516     103.1101
   2361     855  2359.08    1576.13  113.4822  22.5733   4.1487     103.3166
   2361     977  2376.54    1698.11  113.5059  22.5697   3.9460     103.5432
   2361    1099  2393.97    1819.91  113.5295  22.5662   3.7436     103.7930
   2361    1221  2411.38    1941.56  113.5531  22.5627   3.5414     104.0700
   2361    1343  2428.76    2063.05  113.5766  22.5592   3.3395     104.3792
   2361    1465  2446.13    2184.41  113.6001  22.5557   3.1379     104.7266
   2361    1587  2463.48    2305.63  113.6236  22.5522   2.9365     105.1201
   2361    1709  2480.81    2426.73  113.6471  22.5486   2.7355     105.5698
   2361    1831  2498.12    2547.72  113.6705  22.5451   2.5348     106.0889
   2361    1953  2515.42    2668.60  113.6940  22.5416   2.3344     106.6954
   2361    2075  2532.71    2789.40  113.7174  22.5381   2.1344     107.4134
   2361    2197  2549.98    2910.11  113.7408  22.5346   1.9350     108.2774
   2361    2319  2567.25    3030.76  113.7641  22.5311   1.7361     109.3371
   2361    2441  2584.50    3151.34  113.7875  22.5275   1.5380     110.6675
   2361    2563  2601.75    3271.87  113.8109  22.5240   1.3411     112.3866
   2361    2685  2619.00    3392.35  113.8342  22.5205   1.1458     114.6909
   2361    2807  2636.23    3512.81  113.8575  22.5170   0.9531     117.9297
   2361    2929  2653.47    3633.25  113.8809  22.5135   0.7650     122.7788
   2361    3051  2670.70    3753.67  113.9042  22.5099   0.5858     130.6775
   2361    3173  2687.94    3874.09  113.9275  22.5064   0.4270     144.9219
   2361    3295  2705.17    3994.52  113.9508  22.5029   0.3204     171.6521
   2361    3417  2722.41    4114.97  113.9742  22.4993   0.3227     -151.8244
   2361    3539  2739.65    4235.44  113.9975  22.4958   0.4323     -125.6411
   2361    3661  2756.90    4355.95  114.0208  22.4922   0.5924     -111.7227
   2361    3783  2774.15    4476.51  114.0442  22.4887   0.7722     -103.9769
   2361    3905  2791.41    4597.13  114.0675  22.4851   0.9608     -99.2050
   2361    4027  2808.69    4717.82  114.0909  22.4815   1.1539     -96.0093
   2361    4149  2825.97    4838.58  114.1142  22.4780   1.3497     -93.7313
   2361    4271  2843.26    4959.43  114.1376  22.4744   1.5472     -92.0292
   2361    4393  2860.57    5080.38  114.1610  22.4708   1.7459     -90.7104
   2361    4515  2877.90    5201.44  114.1845  22.4672   1.9454     -89.6590
   2361    4637  2895.24    5322.61  114.2079  22.4636   2.1456     -88.8011
   2361    4759  2912.60    5443.91  114.2314  22.4600   2.3463     -88.0877
   2361    4881  2929.98    5565.35  114.2549  22.4564   2.5475     -87.4848
   2361    5003  2947.38    5686.93  114.2784  22.4528   2.7491     -86.9685
   2361    5125  2964.81    5808.67  114.3019  22.4492   2.9512     -86.5211
   2361    5247  2982.25    5930.58  114.3255  22.4455   3.1535     -86.1294
   2361    5369  2999.73    6052.66  114.3491  22.4419   3.3563     -85.7836
   2361    5491  3017.23    6174.94  114.3728  22.4383   3.5593     -85.4757
   2361    5613  3034.76    6297.40  114.3965  22.4346   3.7627     -85.1998
   2361    5735  3052.31    6420.08  114.4202  22.4309   3.9664     -84.9509
   2361    5857  3069.90    6542.97  114.4440  22.4272   4.1705     -84.7252
   2361    6000  3090.56    6687.31  114.4719  22.4229   4.4101     -84.4857
   2479       1  2351.89    692.95  113.3106  22.5771   5.5754     102.1669
   2479     123  2369.56    816.41  113.3345  22.5736   5.3707     102.2961
   2479     245  2387.20    939.62  113.3584  22.5700   5.1663     102.4346
   2479     367  2404.80    1062.60  113.3822  22.5665   4.9622     102.5835
   2479     489  2422.37    1185.37  113.4061  22.5630   4.7584     102.7441
   2479     611  2439.91    1307.92  113.4298  22.5595   4.5549     102.9180
   2479     733  2457.42    1430.27  113.4535  22.5559   4.3516     103.1071
   2479     855  2474.91    1552.42  113.4772  22.5524   4.1487     103.3136
   2479     977  2492.37    1674.40  113.5009  22.5489   3.9460     103.5400
   2479    1099  2509.80    1796.20  113.5245  22.5454   3.7435     103.7898
   2479    1221  2527.21    1917.85  113.5481  22.5419   3.5414     104.0667
   2479    1343  2544.60    2039.34  113.5716  22.5383   3.3395     104.3757
   2479    1465  2561.97    2160.69  113.5951  22.5348   3.1379     104.7229
   2479    1587  2579.32    2281.91  113.6186  22.5313   2.9365     105.1162
   2479    1709  2596.66    2403.01  113.6421  22.5278   2.7355     105.5657
   2479    1831  2613.97    2524.00  113.6655  22.5243   2.5347     106.0847
   2479    1953  2631.28    2644.88  113.6890  22.5208   2.3344     106.6908
   2479    2075  2648.57    2765.68  113.7124  22.5173   2.1344     107.4086
   2479    2197  2665.84    2886.39  113.7358  22.5138   1.9349     108.2722
   2479    2319  2683.11    3007.03  113.7591  22.5102   1.7361     109.3315
   2479    2441  2700.37    3127.61  113.7825  22.5067   1.5380     110.6613
   2479    2563  2717.62    3248.14  113.8058  22.5032   1.3410     112.3798
   2479    2685  2734.87    3368.63  113.8292  22.4997   1.1457     114.6832
   2479    2807  2752.11    3489.09  113.8525  22.4962   0.9530     117.9209
   2479    2929  2769.35    3609.52  113.8758  22.4926   0.7649     122.7685
   2479    3051  2786.59    3729.94  113.8991  22.4891   0.5858     130.6653
   2479    3173  2803.82    3850.36  113.9225  22.4856   0.4269     144.9087
   2479    3295  2821.06    3970.79  113.9458  22.4820   0.3203     171.6449
   2479    3417  2838.30    4091.23  113.9691  22.4785   0.3226     -151.8164
   2479    3539  2855.55    4211.71  113.9924  22.4749   0.4322     -125.6289
   2479    3661  2872.80    4332.22  114.0157  22.4714   0.5923     -111.7124
   2479    3783  2890.05    4452.78  114.0391  22.4678   0.7721     -103.9688
   2479    3905  2907.32    4573.40  114.0624  22.4643   0.9608     -99.1986
   2479    4027  2924.59    4694.08  114.0858  22.4607   1.1539     -96.0041
   2479    4149  2941.88    4814.84  114.1092  22.4571   1.3497     -93.7270
   2479    4271  2959.18    4935.69  114.1325  22.4536   1.5472     -92.0256
   2479    4393  2976.49    5056.64  114.1560  22.4500   1.7458     -90.7074
   2479    4515  2993.82    5177.69  114.1794  22.4464   1.9454     -89.6565
   2479    4637  3011.17    5298.86  114.2028  22.4428   2.1455     -88.7989
   2479    4759  3028.53    5420.16  114.2263  22.4392   2.3463     -88.0858
   2479    4881  3045.91    5541.60  114.2498  22.4356   2.5475     -87.4832
   2479    5003  3063.32    5663.18  114.2733  22.4320   2.7491     -86.9671
   2479    5125  3080.74    5784.92  114.2968  22.4284   2.9512     -86.5199
   2479    5247  3098.19    5906.83  114.3204  22.4247   3.1535     -86.1285
   2479    5369  3115.67    6028.91  114.3440  22.4211   3.3563     -85.7828
   2479    5491  3133.17    6151.18  114.3677  22.4174   3.5593     -85.4751
   2479    5613  3150.71    6273.65  114.3914  22.4138   3.7627     -85.1993
   2479    5735  3168.27    6396.32  114.4151  22.4101   3.9664     -84.9505
   2479    5857  3185.86    6519.21  114.4388  22.4064   4.1705     -84.7249
   2479    6000  3206.52    6663.55  114.4667  22.4021   4.4101     -84.4855
   2597       1  2467.69    669.24  113.3056  22.5563   5.5754     102.1644
   2597     123  2485.37    792.70  113.3295  22.5527   5.3707     102.2936
   2597     245  2503.01    915.91  113.3534  22.5492   5.1663     102.4320
   2597     367  2520.61    1038.90  113.3773  22.5457   4.9622     102.5808
   2597     489  2538.19    1161.66  113.4011  22.5421   4.7584     102.7413
   2597     611  2555.73    1284.21  113.4248  22.5386   4.5548     102.9152
   2597     733  2573.25    1406.55  113.4486  22.5351   4.3516     103.1042
   2597     855  2590.73    1528.71  113.4722  22.5316   4.1486     103.3105
   2597     977  2608.20    1650.69  113.4959  22.5281   3.9459     103.5369
   2597    1099  2625.63    1772.49  113.5195  22.5245   3.7435     103.7865
   2597    1221  2643.05    1894.13  113.5431  22.5210   3.5414     104.0633
   2597    1343  2660.44    2015.62  113.5666  22.5175   3.3395     104.3721
   2597    1465  2677.81    2136.97  113.5901  22.5140   3.1378     104.7192
   2597    1587  2695.17    2258.19  113.6136  22.5105   2.9365     105.1124
   2597    1709  2712.50    2379.29  113.6371  22.5070   2.7355     105.5617
   2597    1831  2729.82    2500.28  113.6605  22.5035   2.5347     106.0804
   2597    1953  2747.13    2621.16  113.6839  22.4999   2.3343     106.6863
   2597    2075  2764.42    2741.96  113.7074  22.4964   2.1344     107.4038
   2597    2197  2781.70    2862.67  113.7307  22.4929   1.9349     108.2670
   2597    2319  2798.98    2983.31  113.7541  22.4894   1.7360     109.3258
   2597    2441  2816.24    3103.89  113.7775  22.4859   1.5380     110.6551
   2597    2563  2833.49    3224.41  113.8008  22.4824   1.3410     112.3729
   2597    2685  2850.74    3344.90  113.8241  22.4788   1.1457     114.6754
   2597    2807  2867.99    3465.35  113.8475  22.4753   0.9530     117.9120
   2597    2929  2885.23    3585.79  113.8708  22.4718   0.7649     122.7581
   2597    3051  2902.47    3706.21  113.8941  22.4683   0.5857     130.6531
   2597    3173  2919.71    3826.63  113.9174  22.4647   0.4268     144.8955
   2597    3295  2936.95    3947.05  113.9407  22.4612   0.3201     171.6378
   2597    3417  2954.19    4067.50  113.9640  22.4577   0.3225     -151.8085
   2597    3539  2971.44    4187.97  113.9874  22.4541   0.4321     -125.6167
   2597    3661  2988.69    4308.48  114.0107  22.4506   0.5922     -111.7021
   2597    3783  3005.95    4429.04  114.0340  22.4470   0.7721     -103.9607
   2597    3905  3023.22    4549.65  114.0574  22.4435   0.9607     -99.1922
   2597    4027  3040.50    4670.34  114.0807  22.4399   1.1539     -95.9990
   2597    4149  3057.79    4791.10  114.1041  22.4363   1.3497     -93.7228
   2597    4271  3075.09    4911.95  114.1275  22.4328   1.5472     -92.0221
   2597    4393  3092.41    5032.89  114.1509  22.4292   1.7458     -90.7044
   2597    4515  3109.74    5153.95  114.1743  22.4256   1.9453     -89.6539
   2597    4637  3127.09    5275.12  114.1977  22.4220   2.1455     -88.7968
   2597    4759  3144.46    5396.41  114.2212  22.4184   2.3463     -88.0840
   2597    4881  3161.84    5517.85  114.2447  22.4148   2.5475     -87.4817
   2597    5003  3179.25    5639.43  114.2682  22.4112   2.7491     -86.9658
   2597    5125  3196.68    5761.17  114.2917  22.4075   2.9511     -86.5188
   2597    5247  3214.13    5883.07  114.3153  22.4039   3.1535     -86.1275
   2597    5369  3231.61    6005.16  114.3389  22.4003   3.3563     -85.7820
   2597    5491  3249.12    6127.43  114.3626  22.3966   3.5593     -85.4744
   2597    5613  3266.66    6249.89  114.3862  22.3930   3.7627     -85.1987
   2597    5735  3284.22    6372.56  114.4100  22.3893   3.9664     -84.9501
   2597    5857  3301.82    6495.45  114.4337  22.3856   4.1705     -84.7246
   2597    6000  3322.48    6639.79  114.4616  22.3813   4.4101     -84.4853
   2715       1  2583.49    645.54  113.3006  22.5354   5.5754     102.1619
   2715     123  2601.17    768.99  113.3246  22.5319   5.3707     102.2910
   2715     245  2618.81    892.20  113.3485  22.5284   5.1663     102.4293
   2715     367  2636.42    1015.19  113.3723  22.5248   4.9622     102.5781
   2715     489  2654.00    1137.95  113.3961  22.5213   4.7584     102.7386
   2715     611  2671.55    1260.49  113.4199  22.5178   4.5548     102.9123
   2715     733  2689.07    1382.84  113.4436  22.5143   4.3516     103.1013
   2715     855  2706.56    1505.00  113.4673  22.5107   4.1486     103.3075
   2715     977  2724.02    1626.97  113.4909  22.5072   3.9459     103.5338
   2715    1099  2741.46    1748.77  113.5145  22.5037   3.7435     103.7833
   2715    1221  2758.88    1870.41  113.5381  22.5002   3.5413     104.0599
   2715    1343  2776.28    1991.90  113.5616  22.4967   3.3394     104.3686
   2715    1465  2793.65    2113.25  113.5851  22.4932   3.1378     104.7156
   2715    1587  2811.01    2234.47  113.6086  22.4897   2.9365     105.1086
   2715    1709  2828.35    2355.57  113.6321  22.4861   2.7354     105.5577
   2715    1831  2845.67    2476.55  113.6555  22.4826   2.5347     106.0762
   2715    1953  2862.98    2597.44  113.6789  22.4791   2.3343     106.6818
   2715    2075  2880.28    2718.23  113.7023  22.4756   2.1343     107.3989
   2715    2197  2897.56    2838.94  113.7257  22.4721   1.9349     108.2618
   2715    2319  2914.84    2959.58  113.7491  22.4686   1.7360     109.3202
   2715    2441  2932.10    3080.16  113.7724  22.4651   1.5379     110.6490
   2715    2563  2949.36    3200.68  113.7958  22.4615   1.3410     112.3661
   2715    2685  2966.61    3321.17  113.8191  22.4580   1.1456     114.6677
   2715    2807  2983.86    3441.62  113.8424  22.4545   0.9529     117.9031
   2715    2929  3001.11    3562.05  113.8657  22.4510   0.7648     122.7478
   2715    3051  3018.35    3682.47  113.8891  22.4474   0.5856     130.6409
   2715    3173  3035.59    3802.89  113.9124  22.4439   0.4267     144.8823
   2715    3295  3052.84    3923.31  113.9357  22.4404   0.3200     171.6306
   2715    3417  3070.08    4043.76  113.9590  22.4368   0.3224     -151.8005
   2715    3539  3087.34    4164.23  113.9823  22.4333   0.4320     -125.6045
   2715    3661  3104.59    4284.74  114.0056  22.4297   0.5922     -111.6918
   2715    3783  3121.85    4405.30  114.0290  22.4262   0.7721     -103.9526
   2715    3905  3139.13    4525.91  114.0523  22.4226   0.9607     -99.1857
   2715    4027  3156.41    4646.59  114.0756  22.4191   1.1539     -95.9938
   2715    4149  3173.70    4767.35  114.0990  22.4155   1.3497     -93.7185
   2715    4271  3191.01    4888.20  114.1224  22.4119   1.5472     -92.0185
   2715    4393  3208.33    5009.14  114.1458  22.4083   1.7458     -90.7015
   2715    4515  3225.66    5130.20  114.1692  22.4048   1.9453     -89.6514
   2715    4637  3243.01    5251.36  114.1926  22.4012   2.1455     -88.7946
   2715    4759  3260.38    5372.66  114.2161  22.3976   2.3463     -88.0822
   2715    4881  3277.77    5494.09  114.2396  22.3940   2.5475     -87.4801
   2715    5003  3295.18    5615.67  114.2631  22.3903   2.7491     -86.9645
   2715    5125  3312.62    5737.41  114.2866  22.3867   2.9511     -86.5177
   2715    5247  3330.07    5859.32  114.3102  22.3831   3.1535     -86.1266
   2715    5369  3347.56    5981.40  114.3338  22.3794   3.3562     -85.7812
   2715    5491  3365.07    6103.67  114.3575  22.3758   3.5593     -85.4738
   2715    5613  3382.60    6226.13  114.3811  22.3721   3.7627     -85.1982
   2715    5735  3400.17    6348.80  114.4048  22.3685   3.9664     -84.9497
   2715    5857  3417.77    6471.69  114.4286  22.3648   4.1705     -84.7242
   2715    6000  3438.44    6616.02  114.4565  22.3605   4.4101     -84.4851
   2833       1  2699.29    621.82  113.2957  22.5146   5.5754     102.1594
   2833     123  2716.97    745.28  113.3196  22.5111   5.3707     102.2885
   2833     245  2734.62    868.49  113.3435  22.5075   5.1663     102.4267
   2833     367  2752.23    991.47  113.3673  22.5040   4.9621     102.5754
   2833     489  2769.81    1114.23  113.3911  22.5005   4.7583     102.7358
   2833     611  2787.36    1236.78  113.4149  22.4969   4.5548     102.9095
   2833     733  2804.88    1359.12  113.4386  22.4934   4.3516     103.0983
   2833     855  2822.38    1481.28  113.4623  22.4899   4.1486     103.3045
   2833     977  2839.85    1603.25  113.4859  22.4864   3.9459     103.5306
   2833    1099  2857.29    1725.05  113.5095  22.4829   3.7435     103.7800
   2833    1221  2874.71    1846.69  113.5331  22.4794   3.5413     104.0565
   2833    1343  2892.11    1968.18  113.5566  22.4758   3.3394     104.3651
   2833    1465  2909.49    2089.53  113.5801  22.4723   3.1378     104.7119
   2833    1587  2926.85    2210.74  113.6036  22.4688   2.9365     105.1047
   2833    1709  2944.19    2331.84  113.6271  22.4653   2.7354     105.5536
   2833    1831  2961.52    2452.82  113.6505  22.4618   2.5347     106.0719
   2833    1953  2978.83    2573.71  113.6739  22.4583   2.3343     106.6773
   2833    2075  2996.13    2694.50  113.6973  22.4548   2.1343     107.3941
   2833    2197  3013.42    2815.21  113.7207  22.4513   1.9348     108.2566
   2833    2319  3030.70    2935.84  113.7441  22.4477   1.7360     109.3146
   2833    2441  3047.97    3056.42  113.7674  22.4442   1.5379     110.6428
   2833    2563  3065.23    3176.95  113.7907  22.4407   1.3409     112.3592
   2833    2685  3082.48    3297.43  113.8141  22.4372   1.1456     114.6600
   2833    2807  3099.74    3417.88  113.8374  22.4337   0.9529     117.8943
   2833    2929  3116.98    3538.31  113.8607  22.4301   0.7647     122.7374
   2833    3051  3134.23    3658.73  113.8840  22.4266   0.5855     130.6287
   2833    3173  3151.48    3779.15  113.9073  22.4231   0.4266     144.8691
   2833    3295  3168.72    3899.57  113.9306  22.4195   0.3199     171.6235
   2833    3417  3185.97    4020.01  113.9539  22.4160   0.3222     -151.7925
   2833    3539  3203.23    4140.48  113.9773  22.4125   0.4319     -125.5923
   2833    3661  3220.49    4260.99  114.0006  22.4089   0.5921     -111.6815
   2833    3783  3237.75    4381.55  114.0239  22.4054   0.7720     -103.9445
   2833    3905  3255.03    4502.16  114.0472  22.4018   0.9607     -99.1793
   2833    4027  3272.31    4622.84  114.0706  22.3982   1.1538     -95.9886
   2833    4149  3289.61    4743.60  114.0939  22.3947   1.3496     -93.7142
   2833    4271  3306.92    4864.45  114.1173  22.3911   1.5471     -92.0150
   2833    4393  3324.24    4985.39  114.1407  22.3875   1.7458     -90.6985
   2833    4515  3341.58    5106.44  114.1641  22.3839   1.9453     -89.6489
   2833    4637  3358.93    5227.61  114.1876  22.3803   2.1455     -88.7925
   2833    4759  3376.31    5348.90  114.2110  22.3767   2.3463     -88.0803
   2833    4881  3393.70    5470.33  114.2345  22.3731   2.5475     -87.4785
   2833    5003  3411.11    5591.91  114.2580  22.3695   2.7491     -86.9631
   2833    5125  3428.55    5713.65  114.2815  22.3659   2.9511     -86.5165
   2833    5247  3446.01    5835.55  114.3051  22.3623   3.1535     -86.1256
   2833    5369  3463.50    5957.63  114.3287  22.3586   3.3562     -85.7804
   2833    5491  3481.01    6079.90  114.3523  22.3550   3.5593     -85.4731
   2833    5613  3498.55    6202.36  114.3760  22.3513   3.7627     -85.1977
   2833    5735  3516.12    6325.03  114.3997  22.3477   3.9664     -84.9493
   2833    5857  3533.72    6447.92  114.4235  22.3440   4.1705     -84.7239
   2833    6000  3554.40    6592.25  114.4514  22.3397   4.4101     -84.4849
   2951       1  2815.09    598.11  113.2907  22.4938   5.5754     102.1570
   2951     123  2832.77    721.56  113.3147  22.4902   5.3706     102.2859
   2951     245  2850.42    844.77  113.3385  22.4867   5.1662     102.4241
   2951     367  2868.04    967.75  113.3624  22.4832   4.9621     102.5727
   2951     489  2885.62    1090.51  113.3862  22.4796   4.7583     102.7330
   2951     611  2903.18    1213.05  113.4099  22.4761   4.5548     102.9067
   2951     733  2920.70    1335.40  113.4336  22.4726   4.3516     103.0954
   2951     855  2938.20    1457.55  113.4573  22.4691   4.1486     103.3015
   2951     977  2955.67    1579.52  113.4809  22.4656   3.9459     103.5275
   2951    1099  2973.12    1701.32  113.5045  22.4620   3.7435     103.7768
   2951    1221  2990.54    1822.96  113.5281  22.4585   3.5413     104.0532
   2951    1343  3007.95    1944.45  113.5516  22.4550   3.3394     104.3616
   2951    1465  3025.33    2065.80  113.5751  22.4515   3.1378     104.7082
   2951    1587  3042.69    2187.01  113.5986  22.4480   2.9364     105.1009
   2951    1709  3060.04    2308.11  113.6221  22.4445   2.7354     105.5496
   2951    1831  3077.37    2429.09  113.6455  22.4410   2.5346     106.0676
   2951    1953  3094.68    2549.97  113.6689  22.4375   2.3343     106.6727
   2951    2075  3111.99    2670.76  113.6923  22.4339   2.1343     107.3893
   2951    2197  3129.28    2791.47  113.7157  22.4304   1.9348     108.2514
   2951    2319  3146.56    2912.11  113.7390  22.4269   1.7359     109.3089
   2951    2441  3163.83    3032.68  113.7624  22.4234   1.5378     110.6366
   2951    2563  3181.09    3153.21  113.7857  22.4199   1.3409     112.3524
   2951    2685  3198.35    3273.69  113.8090  22.4164   1.1456     114.6523
   2951    2807  3215.61    3394.14  113.8324  22.4128   0.9528     117.8854
   2951    2929  3232.86    3514.57  113.8557  22.4093   0.7647     122.7270
   2951    3051  3250.11    3634.99  113.8790  22.4058   0.5854     130.6165
   2951    3173  3267.36    3755.40  113.9023  22.4023   0.4265     144.8559
   2951    3295  3284.61    3875.82  113.9256  22.3987   0.3197     171.6163
   2951    3417  3301.86    3996.26  113.9489  22.3952   0.3221     -151.7845
   2951    3539  3319.12    4116.73  113.9722  22.3916   0.4319     -125.5801
   2951    3661  3336.38    4237.24  113.9955  22.3881   0.5921     -111.6712
   2951    3783  3353.65    4357.80  114.0188  22.3845   0.7720     -103.9364
   2951    3905  3370.93    4478.41  114.0422  22.3810   0.9606     -99.1729
   2951    4027  3388.22    4599.09  114.0655  22.3774   1.1538     -95.9834
   2951    4149  3405.52    4719.84  114.0889  22.3739   1.3496     -93.7100
   2951    4271  3422.83    4840.69  114.1122  22.3703   1.5471     -92.0114
   2951    4393  3440.15    4961.63  114.1356  22.3667   1.7458     -90.6955
   2951    4515  3457.49    5082.68  114.1590  22.3631   1.9453     -89.6463
   2951    4637  3474.85    5203.85  114.1825  22.3595   2.1455     -88.7903
   2951    4759  3492.23    5325.14  114.2059  22.3559   2.3463     -88.0785
   2951    4881  3509.62    5446.57  114.2294  22.3523   2.5475     -87.4770
   2951    5003  3527.04    5568.15  114.2529  22.3487   2.7491     -86.9618
   2951    5125  3544.48    5689.88  114.2764  22.3451   2.9511     -86.5154
   2951    5247  3561.95    5811.79  114.3000  22.3415   3.1535     -86.1246
   2951    5369  3579.43    5933.86  114.3236  22.3378   3.3562     -85.7796
   2951    5491  3596.95    6056.13  114.3472  22.3342   3.5593     -85.4724
   2951    5613  3614.50    6178.59  114.3709  22.3305   3.7627     -85.1971
   2951    5735  3632.07    6301.26  114.3946  22.3268   3.9664     -84.9488
   2951    5857  3649.68    6424.15  114.4184  22.3232   4.1705     -84.7236
   2951    6000  3670.35    6568.48  114.4462  22.3188   4.4101     -84.4847
   3069       1  2930.89    574.39  113.2858  22.4729   5.5754     102.1545
   3069     123  2948.58    697.84  113.3097  22.4694   5.3706     102.2833
   3069     245  2966.23    821.05  113.3336  22.4658   5.1662     102.4215
   3069     367  2983.85    944.03  113.3574  22.4623   4.9621     102.5700
   3069     489  3001.43    1066.78  113.3812  22.4588   4.7583     102.7303
   3069     611  3018.99    1189.33  113.4050  22.4553   4.5548     102.9038
   3069     733  3036.52    1311.67  113.4287  22.4517   4.3515     103.0925
   3069     855  3054.02    1433.82  113.4523  22.4482   4.1486     103.2984
   3069     977  3071.50    1555.79  113.4760  22.4447   3.9459     103.5244
   3069    1099  3088.95    1677.59  113.4996  22.4412   3.7434     103.7735
   3069    1221  3106.37    1799.23  113.5231  22.4377   3.5413     104.0498
   3069    1343  3123.78    1920.72  113.5466  22.4342   3.3394     104.3581
   3069    1465  3141.16    2042.06  113.5702  22.4307   3.1378     104.7046
   3069    1587  3158.53    2163.28  113.5936  22.4272   2.9364     105.0970
   3069    1709  3175.88    2284.37  113.6171  22.4236   2.7354     105.5455
   3069    1831  3193.21    2405.35  113.6405  22.4201   2.5346     106.0634
   3069    1953  3210.53    2526.23  113.6639  22.4166   2.3342     106.6682
   3069    2075  3227.84    2647.02  113.6873  22.4131   2.1343     107.3844
   3069    2197  3245.13    2767.73  113.7107  22.4096   1.9348     108.2462
   3069    2319  3262.42    2888.36  113.7340  22.4061   1.7359     109.3033
   3069    2441  3279.69    3008.94  113.7574  22.4026   1.5378     110.6304
   3069    2563  3296.96    3129.46  113.7807  22.3990   1.3408     112.3455
   3069    2685  3314.22    3249.94  113.8040  22.3955   1.1455     114.6445
   3069    2807  3331.48    3370.39  113.8273  22.3920   0.9528     117.8765
   3069    2929  3348.73    3490.82  113.8506  22.3885   0.7646     122.7166
   3069    3051  3365.99    3611.24  113.8739  22.3850   0.5854     130.6043
   3069    3173  3383.24    3731.65  113.8972  22.3814   0.4264     144.8427
   3069    3295  3400.49    3852.07  113.9205  22.3779   0.3196     171.6091
   3069    3417  3417.75    3972.51  113.9438  22.3744   0.3220     -151.7765
   3069    3539  3435.01    4092.98  113.9671  22.3708   0.4318     -125.5679
   3069    3661  3452.27    4213.49  113.9905  22.3673   0.5920     -111.6608
   3069    3783  3469.55    4334.04  114.0138  22.3637   0.7719     -103.9282
   3069    3905  3486.83    4454.65  114.0371  22.3602   0.9606     -99.1664
   3069    4027  3504.12    4575.33  114.0604  22.3566   1.1538     -95.9782
   3069    4149  3521.42    4696.09  114.0838  22.3530   1.3496     -93.7057
   3069    4271  3538.74    4816.93  114.1072  22.3495   1.5471     -92.0078
   3069    4393  3556.07    4937.87  114.1306  22.3459   1.7458     -90.6925
   3069    4515  3573.41    5058.92  114.1540  22.3423   1.9453     -89.6438
   3069    4637  3590.77    5180.08  114.1774  22.3387   2.1455     -88.7882
   3069    4759  3608.15    5301.38  114.2008  22.3351   2.3462     -88.0766
   3069    4881  3625.55    5422.81  114.2243  22.3315   2.5475     -87.4754
   3069    5003  3642.97    5544.38  114.2478  22.3279   2.7491     -86.9604
   3069    5125  3660.41    5666.12  114.2713  22.3243   2.9511     -86.5142
   3069    5247  3677.88    5788.02  114.2949  22.3206   3.1535     -86.1237
   3069    5369  3695.37    5910.09  114.3185  22.3170   3.3562     -85.7788
   3069    5491  3712.89    6032.36  114.3421  22.3133   3.5593     -85.4718
   3069    5613  3730.44    6154.82  114.3658  22.3097   3.7627     -85.1966
   3069    5735  3748.02    6277.49  114.3895  22.3060   3.9664     -84.9484
   3069    5857  3765.63    6400.37  114.4132  22.3023   4.1705     -84.7233
   3069    6000  3786.31    6544.70  114.4411  22.2980   4.4101     -84.4845
   3187       1  3046.68    550.66  113.2808  22.4521   5.5753     102.1520
   3187     123  3064.37    674.11  113.3048  22.4485   5.3706     102.2808
   3187     245  3082.03    797.32  113.3286  22.4450   5.1662     102.4189
   3187     367  3099.65    920.30  113.3525  22.4415   4.9621     102.5673
   3187     489  3117.24    1043.05  113.3762  22.4380   4.7583     102.7275
   3187     611  3134.80    1165.60  113.4000  22.4344   4.5548     102.9010
   3187     733  3152.33    1287.94  113.4237  22.4309   4.3515     103.0895
   3187     855  3169.84    1410.09  113.4474  22.4274   4.1485     103.2954
   3187     977  3187.32    1532.06  113.4710  22.4239   3.9458     103.5212
   3187    1099  3204.77    1653.86  113.4946  22.4204   3.7434     103.7703
   3187    1221  3222.20    1775.49  113.5181  22.4168   3.5413     104.0464
   3187    1343  3239.61    1896.98  113.5417  22.4133   3.3394     104.3546
   3187    1465  3257.00    2018.32  113.5652  22.4098   3.1377     104.7009
   3187    1587  3274.37    2139.54  113.5886  22.4063   2.9364     105.0932
   3187    1709  3291.72    2260.63  113.6121  22.4028   2.7353     105.5415
   3187    1831  3309.06    2381.61  113.6355  22.3993   2.5346     106.0591
   3187    1953  3326.38    2502.49  113.6589  22.3958   2.3342     106.6637
   3187    2075  3343.69    2623.28  113.6823  22.3923   2.1342     107.3796
   3187    2197  3360.99    2743.98  113.7057  22.3888   1.9347     108.2410
   3187    2319  3378.27    2864.62  113.7290  22.3852   1.7359     109.2977
   3187    2441  3395.55    2985.19  113.7523  22.3817   1.5378     110.6243
   3187    2563  3412.82    3105.71  113.7757  22.3782   1.3408     112.3386
   3187    2685  3430.09    3226.19  113.7990  22.3747   1.1455     114.6368
   3187    2807  3447.35    3346.64  113.8223  22.3712   0.9527     117.8676
   3187    2929  3464.61    3467.07  113.8456  22.3677   0.7645     122.7063
   3187    3051  3481.86    3587.48  113.8689  22.3641   0.5853     130.5921
   3187    3173  3499.12    3707.90  113.8922  22.3606   0.4263     144.8295
   3187    3295  3516.37    3828.32  113.9155  22.3571   0.3195     171.6020
   3187    3417  3533.63    3948.76  113.9388  22.3535   0.3219     -151.7685
   3187    3539  3550.90    4069.22  113.9621  22.3500   0.4317     -125.5556
   3187    3661  3568.17    4189.73  113.9854  22.3464   0.5919     -111.6505
   3187    3783  3585.44    4310.28  114.0087  22.3429   0.7719     -103.9201
   3187    3905  3602.73    4430.89  114.0320  22.3393   0.9606     -99.1600
   3187    4027  3620.02    4551.57  114.0554  22.3358   1.1538     -95.9729
   3187    4149  3637.33    4672.32  114.0787  22.3322   1.3496     -93.7014
   3187    4271  3654.64    4793.16  114.1021  22.3286   1.5471     -92.0043
   3187    4393  3671.98    4914.10  114.1255  22.3251   1.7458     -90.6895
   3187    4515  3689.32    5035.15  114.1489  22.3215   1.9453     -89.6412
   3187    4637  3706.69    5156.31  114.1723  22.3179   2.1455     -88.7860
   3187    4759  3724.07    5277.61  114.1958  22.3143   2.3462     -88.0748
   3187    4881  3741.47    5399.03  114.2192  22.3107   2.5475     -87.4738
   3187    5003  3758.90    5520.61  114.2427  22.3071   2.7491     -86.9591
   3187    5125  3776.34    5642.34  114.2662  22.3034   2.9511     -86.5131
   3187    5247  3793.81    5764.24  114.2898  22.2998   3.1535     -86.1227
   3187    5369  3811.31    5886.32  114.3134  22.2962   3.3562     -85.7780
   3187    5491  3828.83    6008.58  114.3370  22.2925   3.5593     -85.4711
   3187    5613  3846.38    6131.04  114.3607  22.2889   3.7627     -85.1961
   3187    5735  3863.96    6253.71  114.3844  22.2852   3.9664     -84.9480
   3187    5857  3881.57    6376.59  114.4081  22.2815   4.1705     -84.7230
   3187    6000  3902.26    6520.91  114.4360  22.2772   4.4101     -84.4843
   3305       1  3162.48    526.93  113.2759  22.4312   5.5753     102.1495
   3305     123  3180.17    650.38  113.2998  22.4277   5.3706     102.2782
   3305     245  3197.83    773.59  113.3237  22.4242   5.1662     102.4163
   3305     367  3215.46    896.56  113.3475  22.4206   4.9621     102.5647
   3305     489  3233.05    1019.32  113.3713  22.4171   4.7583     102.7248
   3305     611  3250.61    1141.86  113.3950  22.4136   4.5547     102.8981
   3305     733  3268.15    1264.20  113.4187  22.4101   4.3515     103.0866
   3305     855  3285.66    1386.35  113.4424  22.4066   4.1485     103.2924
   3305     977  3303.14    1508.32  113.4660  22.4030   3.9458     103.5181
   3305    1099  3320.59    1630.12  113.4896  22.3995   3.7434     103.7670
   3305    1221  3338.03    1751.75  113.5131  22.3960   3.5412     104.0431
   3305    1343  3355.44    1873.24  113.5367  22.3925   3.3393     104.3511
   3305    1465  3372.83    1994.58  113.5602  22.3890   3.1377     104.6972
   3305    1587  3390.21    2115.79  113.5836  22.3855   2.9364     105.0894
   3305    1709  3407.56    2236.88  113.6071  22.3820   2.7353     105.5375
   3305    1831  3424.90    2357.86  113.6305  22.3785   2.5346     106.0548
   3305    1953  3442.23    2478.74  113.6539  22.3750   2.3342     106.6592
   3305    2075  3459.54    2599.53  113.6773  22.3714   2.1342     107.3748
   3305    2197  3476.84    2720.23  113.7006  22.3679   1.9347     108.2358
   3305    2319  3494.13    2840.87  113.7240  22.3644   1.7358     109.2920
   3305    2441  3511.41    2961.44  113.7473  22.3609   1.5377     110.6181
   3305    2563  3528.69    3081.96  113.7706  22.3574   1.3408     112.3318
   3305    2685  3545.95    3202.44  113.7940  22.3539   1.1454     114.6291
   3305    2807  3563.22    3322.89  113.8173  22.3503   0.9527     117.8588
   3305    2929  3580.48    3443.31  113.8406  22.3468   0.7645     122.6959
   3305    3051  3597.74    3563.73  113.8639  22.3433   0.5852     130.5799
   3305    3173  3615.00    3684.14  113.8872  22.3398   0.4262     144.8162
   3305    3295  3632.26    3804.56  113.9104  22.3362   0.3193     171.5948
   3305    3417  3649.52    3924.99  113.9337  22.3327   0.3217     -151.7605
   3305    3539  3666.79    4045.46  113.9570  22.3292   0.4316     -125.5433
   3305    3661  3684.06    4165.96  113.9803  22.3256   0.5919     -111.6401
   3305    3783  3701.34    4286.51  114.0037  22.3221   0.7718     -103.9119
   3305    3905  3718.62    4407.12  114.0270  22.3185   0.9605     -99.1535
   3305    4027  3735.92    4527.80  114.0503  22.3149   1.1537     -95.9677
   3305    4149  3753.23    4648.55  114.0737  22.3114   1.3496     -93.6971
   3305    4271  3770.55    4769.39  114.0970  22.3078   1.5471     -92.0007
   3305    4393  3787.89    4890.33  114.1204  22.3042   1.7457     -90.6865
   3305    4515  3805.24    5011.38  114.1438  22.3007   1.9453     -89.6387
   3305    4637  3822.60    5132.54  114.1672  22.2971   2.1455     -88.7838
   3305    4759  3839.99    5253.83  114.1907  22.2935   2.3462     -88.0729
   3305    4881  3857.40    5375.26  114.2141  22.2899   2.5474     -87.4722
   3305    5003  3874.82    5496.83  114.2376  22.2862   2.7491     -86.9577
   3305    5125  3892.27    5618.56  114.2612  22.2826   2.9511     -86.5119
   3305    5247  3909.75    5740.46  114.2847  22.2790   3.1535     -86.1217
   3305    5369  3927.24    5862.54  114.3083  22.2754   3.3562     -85.7771
   3305    5491  3944.77    5984.80  114.3319  22.2717   3.5593     -85.4704
   3305    5613  3962.32    6107.26  114.3556  22.2681   3.7627     -85.1955
   3305    5735  3979.91    6229.92  114.3793  22.2644   3.9664     -84.9476
   3305    5857  3997.52    6352.80  114.4030  22.2607   4.1705     -84.7227
   3305    6000  4018.21    6497.13  114.4309  22.2564   4.4101     -84.4841
   3423       1  3278.27    503.20  113.2709  22.4104   5.5753     102.1470
   3423     123  3295.97    626.65  113.2948  22.4069   5.3706     102.2757
   3423     245  3313.63    749.85  113.3187  22.4033   5.1662     102.4136
   3423     367  3331.26    872.83  113.3425  22.3998   4.9621     102.5620
   3423     489  3348.86    995.58  113.3663  22.3963   4.7582     102.7220
   3423     611  3366.43    1118.12  113.3901  22.3928   4.5547     102.8953
   3423     733  3383.96    1240.46  113.4137  22.3892   4.3515     103.0837
   3423     855  3401.47    1362.61  113.4374  22.3857   4.1485     103.2893
   3423     977  3418.96    1484.58  113.4610  22.3822   3.9458     103.5150
   3423    1099  3436.42    1606.37  113.4846  22.3787   3.7434     103.7638
   3423    1221  3453.85    1728.01  113.5082  22.3752   3.5412     104.0397
   3423    1343  3471.27    1849.49  113.5317  22.3717   3.3393     104.3476
   3423    1465  3488.67    1970.84  113.5552  22.3682   3.1377     104.6936
   3423    1587  3506.04    2092.05  113.5786  22.3646   2.9363     105.0855
   3423    1709  3523.40    2213.14  113.6021  22.3611   2.7353     105.5334
   3423    1831  3540.74    2334.11  113.6255  22.3576   2.5345     106.0506
   3423    1953  3558.07    2454.99  113.6489  22.3541   2.3342     106.6546
   3423    2075  3575.39    2575.78  113.6723  22.3506   2.1342     107.3699
   3423    2197  3592.69    2696.48  113.6956  22.3471   1.9347     108.2306
   3423    2319  3609.98    2817.11  113.7190  22.3436   1.7358     109.2864
   3423    2441  3627.27    2937.68  113.7423  22.3401   1.5377     110.6119
   3423    2563  3644.55    3058.20  113.7656  22.3366   1.3407     112.3249
   3423    2685  3661.82    3178.68  113.7889  22.3330   1.1454     114.6213
   3423    2807  3679.08    3299.13  113.8122  22.3295   0.9526     117.8499
   3423    2929  3696.35    3419.55  113.8355  22.3260   0.7644     122.6855
   3423    3051  3713.61    3539.96  113.8588  22.3225   0.5851     130.5676
   3423    3173  3730.87    3660.37  113.8821  22.3189   0.4261     144.8029
   3423    3295  3748.14    3780.79  113.9054  22.3154   0.3192     171.5876
   3423    3417  3765.40    3901.23  113.9287  22.3119   0.3216     -151.7524
   3423    3539  3782.67    4021.69  113.9520  22.3083   0.4315     -125.5310
   3423    3661  3799.95    4142.20  113.9753  22.3048   0.5918     -111.6298
   3423    3783  3817.23    4262.75  113.9986  22.3012   0.7718     -103.9038
   3423    3905  3834.52    4383.35  114.0219  22.2977   0.9605     -99.1470
   3423    4027  3851.82    4504.03  114.0453  22.2941   1.1537     -95.9625
   3423    4149  3869.13    4624.78  114.0686  22.2906   1.3495     -93.6928
   3423    4271  3886.46    4745.62  114.0920  22.2870   1.5471     -91.9971
   3423    4393  3903.79    4866.56  114.1153  22.2834   1.7457     -90.6834
   3423    4515  3921.15    4987.60  114.1387  22.2798   1.9453     -89.6361
   3423    4637  3938.52    5108.76  114.1621  22.2762   2.1455     -88.7816
   3423    4759  3955.91    5230.05  114.1856  22.2726   2.3462     -88.0711
   3423    4881  3973.32    5351.48  114.2090  22.2690   2.5474     -87.4706
   3423    5003  3990.75    5473.05  114.2325  22.2654   2.7491     -86.9564
   3423    5125  4008.20    5594.78  114.2561  22.2618   2.9511     -86.5108
   3423    5247  4025.68    5716.68  114.2796  22.2582   3.1535     -86.1208
   3423    5369  4043.18    5838.75  114.3032  22.2545   3.3562     -85.7763
   3423    5491  4060.71    5961.01  114.3268  22.2509   3.5593     -85.4698
   3423    5613  4078.26    6083.47  114.3505  22.2472   3.7627     -85.1950
   3423    5735  4095.85    6206.13  114.3742  22.2436   3.9664     -84.9471
   3423    5857  4113.47    6329.02  114.3979  22.2399   4.1705     -84.7223
   3423    6000  4134.16    6473.34  114.4258  22.2356   4.4101     -84.4839
   3541       1  3394.07    479.46  113.2660  22.3895   5.5753     102.1445
   3541     123  3411.77    602.91  113.2899  22.3860   5.3706     102.2731
   3541     245  3429.43    726.11  113.3138  22.3825   5.1661     102.4110
   3541     367  3447.06    849.09  113.3376  22.3790   4.9620     102.5593
   3541     489  3464.66    971.84  113.3614  22.3754   4.7582     102.7192
   3541     611  3482.23    1094.38  113.3851  22.3719   4.5547     102.8924
   3541     733  3499.78    1216.72  113.4088  22.3684   4.3515     103.0807
   3541     855  3517.29    1338.87  113.4324  22.3649   4.1485     103.2863
   3541     977  3534.78    1460.83  113.4560  22.3614   3.9458     103.5119
   3541    1099  3552.24    1582.63  113.4796  22.3579   3.7434     103.7605
   3541    1221  3569.68    1704.26  113.5032  22.3543   3.5412     104.0363
   3541    1343  3587.10    1825.74  113.5267  22.3508   3.3393     104.3441
   3541    1465  3604.50    1947.08  113.5502  22.3473   3.1377     104.6899
   3541    1587  3621.88    2068.29  113.5736  22.3438   2.9363     105.0817
   3541    1709  3639.24    2189.38  113.5971  22.3403   2.7353     105.5294
   3541    1831  3656.58    2310.36  113.6205  22.3368   2.5345     106.0463
   3541    1953  3673.92    2431.24  113.6439  22.3333   2.3341     106.6501
   3541    2075  3691.23    2552.02  113.6673  22.3298   2.1341     107.3651
   3541    2197  3708.54    2672.72  113.6906  22.3263   1.9346     108.2254
   3541    2319  3725.84    2793.35  113.7140  22.3228   1.7358     109.2807
   3541    2441  3743.13    2913.92  113.7373  22.3192   1.5377     110.6057
   3541    2563  3760.41    3034.44  113.7606  22.3157   1.3407     112.3181
   3541    2685  3777.68    3154.92  113.7839  22.3122   1.1453     114.6136
   3541    2807  3794.95    3275.36  113.8072  22.3087   0.9526     117.8410
   3541    2929  3812.22    3395.79  113.8305  22.3052   0.7644     122.6751
   3541    3051  3829.48    3516.20  113.8538  22.3016   0.5850     130.5554
   3541    3173  3846.75    3636.61  113.8771  22.2981   0.4260     144.7897
   3541    3295  3864.01    3757.02  113.9004  22.2946   0.3191     171.5804
   3541    3417  3881.28    3877.46  113.9237  22.2910   0.3215     -151.7443
   3541    3539  3898.56    3997.92  113.9469  22.2875   0.4314     -125.5187
   3541    3661  3915.84    4118.42  113.9702  22.2840   0.5917     -111.6194
   3541    3783  3933.12    4238.97  113.9935  22.2804   0.7717     -103.8956
   3541    3905  3950.41    4359.58  114.0169  22.2769   0.9605     -99.1406
   3541    4027  3967.72    4480.25  114.0402  22.2733   1.1537     -95.9573
   3541    4149  3985.03    4601.00  114.0635  22.2697   1.3495     -93.6885
   3541    4271  4002.36    4721.84  114.0869  22.2662   1.5470     -91.9935
   3541    4393  4019.70    4842.78  114.1103  22.2626   1.7457     -90.6804
   3541    4515  4037.06    4963.82  114.1337  22.2590   1.9452     -89.6336
   3541    4637  4054.43    5084.98  114.1571  22.2554   2.1455     -88.7795
   3541    4759  4071.82    5206.27  114.1805  22.2518   2.3462     -88.0692
   3541    4881  4089.24    5327.70  114.2040  22.2482   2.5474     -87.4690
   3541    5003  4106.67    5449.27  114.2274  22.2446   2.7491     -86.9550
   3541    5125  4124.13    5571.00  114.2510  22.2410   2.9511     -86.5096
   3541    5247  4141.60    5692.89  114.2745  22.2374   3.1535     -86.1198
   3541    5369  4159.11    5814.96  114.2981  22.2337   3.3562     -85.7755
   3541    5491  4176.64    5937.22  114.3217  22.2301   3.5593     -85.4691
   3541    5613  4194.20    6059.68  114.3454  22.2264   3.7627     -85.1944
   3541    5735  4211.79    6182.34  114.3690  22.2228   3.9664     -84.9467
   3541    5857  4229.41    6305.22  114.3928  22.2191   4.1705     -84.7220
   3541    6000  4250.11    6449.54  114.4206  22.2148   4.4101     -84.4837
   3659       1  3509.86    455.72  113.2610  22.3687   5.5753     102.1420
   3659     123  3527.56    579.17  113.2849  22.3652   5.3705     102.2706
   3659     245  3545.23    702.37  113.3088  22.3616   5.1661     102.4084
   3659     367  3562.87    825.34  113.3326  22.3581   4.9620     102.5566
   3659     489  3580.47    948.09  113.3564  22.3546   4.7582     102.7165
   3659     611  3598.04    1070.63  113.3801  22.3511   4.5547     102.8896
   3659     733  3615.59    1192.97  113.4038  22.3476   4.3514     103.0778
   3659     855  3633.10    1315.12  113.4275  22.3440   4.1485     103.2833
   3659     977  3650.59    1437.08  113.4511  22.3405   3.9458     103.5087
   3659    1099  3668.06    1558.88  113.4746  22.3370   3.7433     103.7573
   3659    1221  3685.50    1680.51  113.4982  22.3335   3.5412     104.0329
   3659    1343  3702.93    1801.99  113.5217  22.3300   3.3393     104.3406
   3659    1465  3720.33    1923.33  113.5452  22.3265   3.1376     104.6863
   3659    1587  3737.71    2044.54  113.5687  22.3230   2.9363     105.0778
   3659    1709  3755.07    2165.63  113.5921  22.3195   2.7352     105.5254
   3659    1831  3772.42    2286.60  113.6155  22.3160   2.5345     106.0420
   3659    1953  3789.76    2407.48  113.6389  22.3125   2.3341     106.6456
   3659    2075  3807.08    2528.26  113.6623  22.3089   2.1341     107.3603
   3659    2197  3824.39    2648.96  113.6856  22.3054   1.9346     108.2202
   3659    2319  3841.69    2769.59  113.7089  22.3019   1.7357     109.2751
   3659    2441  3858.98    2890.16  113.7323  22.2984   1.5376     110.5995
   3659    2563  3876.26    3010.68  113.7556  22.2949   1.3406     112.3112
   3659    2685  3893.54    3131.15  113.7789  22.2914   1.1453     114.6059
   3659    2807  3910.82    3251.60  113.8022  22.2879   0.9525     117.8321
   3659    2929  3928.09    3372.02  113.8255  22.2843   0.7643     122.6647
   3659    3051  3945.35    3492.43  113.8488  22.2808   0.5850     130.5431
   3659    3173  3962.62    3612.84  113.8720  22.2773   0.4259     144.7764
   3659    3295  3979.89    3733.25  113.8953  22.2738   0.3190     171.5732
   3659    3417  3997.16    3853.69  113.9186  22.2702   0.3214     -151.7363
   3659    3539  4014.44    3974.15  113.9419  22.2667   0.4313     -125.5064
   3659    3661  4031.72    4094.65  113.9652  22.2631   0.5917     -111.6090
   3659    3783  4049.01    4215.20  113.9885  22.2596   0.7717     -103.8875
   3659    3905  4066.31    4335.80  114.0118  22.2560   0.9604     -99.1341
   3659    4027  4083.61    4456.47  114.0351  22.2525   1.1536     -95.9520
   3659    4149  4100.93    4577.22  114.0585  22.2489   1.3495     -93.6842
   3659    4271  4118.26    4698.06  114.0818  22.2453   1.5470     -91.9900
   3659    4393  4135.61    4819.00  114.1052  22.2418   1.7457     -90.6774
   3659    4515  4152.97    4940.04  114.1286  22.2382   1.9452     -89.6310
   3659    4637  4170.34    5061.20  114.1520  22.2346   2.1454     -88.7773
   3659    4759  4187.74    5182.48  114.1754  22.2310   2.3462     -88.0673
   3659    4881  4205.16    5303.91  114.1989  22.2274   2.5474     -87.4674
   3659    5003  4222.59    5425.48  114.2224  22.2238   2.7491     -86.9537
   3659    5125  4240.05    5547.21  114.2459  22.2202   2.9511     -86.5085
   3659    5247  4257.53    5669.10  114.2694  22.2165   3.1535     -86.1188
   3659    5369  4275.04    5791.17  114.2930  22.2129   3.3562     -85.7747
   3659    5491  4292.58    5913.43  114.3166  22.2093   3.5593     -85.4684
   3659    5613  4310.14    6035.88  114.3402  22.2056   3.7627     -85.1939
   3659    5735  4327.73    6158.55  114.3639  22.2019   3.9664     -84.9463
   3659    5857  4345.36    6281.42  114.3877  22.1983   4.1705     -84.7217
   3659    6000  4366.06    6425.74  114.4155  22.1939   4.4101     -84.4835
   3777       1  3625.65    431.97  113.2561  22.3479   5.5752     102.1395
   3777     123  3643.36    555.42  113.2800  22.3443   5.3705     102.2680
   3777     245  3661.03    678.62  113.3039  22.3408   5.1661     102.4058
   3777     367  3678.67    801.59  113.3277  22.3373   4.9620     102.5539
   3777     489  3696.27    924.34  113.3514  22.3338   4.7582     102.7137
   3777     611  3713.85    1046.88  113.3752  22.3302   4.5547     102.8867
   3777     733  3731.40    1169.22  113.3988  22.3267   4.3514     103.0749
   3777     855  3748.92    1291.36  113.4225  22.3232   4.1484     103.2803
   3777     977  3766.41    1413.33  113.4461  22.3197   3.9457     103.5056
   3777    1099  3783.88    1535.12  113.4697  22.3162   3.7433     103.7540
   3777    1221  3801.33    1656.75  113.4932  22.3127   3.5411     104.0296
   3777    1343  3818.75    1778.23  113.5167  22.3092   3.3392     104.3370
   3777    1465  3836.16    1899.57  113.5402  22.3057   3.1376     104.6826
   3777    1587  3853.54    2020.78  113.5637  22.3021   2.9363     105.0740
   3777    1709  3870.91    2141.86  113.5871  22.2986   2.7352     105.5213
   3777    1831  3888.26    2262.84  113.6105  22.2951   2.5345     106.0378
   3777    1953  3905.60    2383.71  113.6339  22.2916   2.3341     106.6411
   3777    2075  3922.93    2504.49  113.6573  22.2881   2.1341     107.3554
   3777    2197  3940.24    2625.19  113.6806  22.2846   1.9346     108.2150
   3777    2319  3957.54    2745.82  113.7039  22.2811   1.7357     109.2695
   3777    2441  3974.84    2866.39  113.7273  22.2776   1.5376     110.5933
   3777    2563  3992.12    2986.91  113.7506  22.2741   1.3406     112.3043
   3777    2685  4009.40    3107.38  113.7739  22.2705   1.1452     114.5981
   3777    2807  4026.68    3227.82  113.7972  22.2670   0.9525     117.8232
   3777    2929  4043.95    3348.25  113.8204  22.2635   0.7642     122.6543
   3777    3051  4061.22    3468.65  113.8437  22.2600   0.5849     130.5309
   3777    3173  4078.50    3589.06  113.8670  22.2565   0.4258     144.7631
   3777    3295  4095.77    3709.48  113.8903  22.2529   0.3188     171.5660
   3777    3417  4113.04    3829.91  113.9136  22.2494   0.3212     -151.7282
   3777    3539  4130.32    3950.37  113.9369  22.2458   0.4312     -125.4941
   3777    3661  4147.61    4070.87  113.9601  22.2423   0.5916     -111.5986
   3777    3783  4164.90    4191.42  113.9834  22.2388   0.7717     -103.8793
   3777    3905  4182.20    4312.02  114.0067  22.2352   0.9604     -99.1276
   3777    4027  4199.51    4432.69  114.0301  22.2316   1.1536     -95.9468
   3777    4149  4216.83    4553.44  114.0534  22.2281   1.3495     -93.6799
   3777    4271  4234.17    4674.28  114.0768  22.2245   1.5470     -91.9864
   3777    4393  4251.51    4795.21  114.1001  22.2209   1.7457     -90.6744
   3777    4515  4268.88    4916.25  114.1235  22.2174   1.9452     -89.6285
   3777    4637  4286.26    5037.41  114.1469  22.2138   2.1454     -88.7751
   3777    4759  4303.65    5158.69  114.1703  22.2102   2.3462     -88.0655
   3777    4881  4321.07    5280.12  114.1938  22.2066   2.5474     -87.4658
   3777    5003  4338.51    5401.69  114.2173  22.2030   2.7491     -86.9523
   3777    5125  4355.97    5523.41  114.2408  22.1993   2.9511     -86.5073
   3777    5247  4373.46    5645.30  114.2643  22.1957   3.1535     -86.1178
   3777    5369  4390.97    5767.37  114.2879  22.1921   3.3562     -85.7739
   3777    5491  4408.51    5889.63  114.3115  22.1884   3.5593     -85.4677
   3777    5613  4426.08    6012.08  114.3351  22.1848   3.7627     -85.1933
   3777    5735  4443.67    6134.75  114.3588  22.1811   3.9664     -84.9458
   3777    5857  4461.30    6257.62  114.3825  22.1775   4.1705     -84.7213
   3777    6000  4482.00    6401.94  114.4104  22.1731   4.4101     -84.4832
   3895       1  3741.44    408.22  113.2511  22.3270   5.5752     102.1371
   3895     123  3759.15    531.67  113.2750  22.3235   5.3705     102.2655
   3895     245  3776.82    654.87  113.2989  22.3200   5.1661     102.4032
   3895     367  3794.46    777.84  113.3227  22.3164   4.9620     102.5512
   3895     489  3812.07    900.59  113.3465  22.3129   4.7582     102.7109
   3895     611  3829.65    1023.13  113.3702  22.3094   4.5546     102.8839
   3895     733  3847.20    1145.46  113.3939  22.3059   4.3514     103.0719
   3895     855  3864.73    1267.60  113.4175  22.3024   4.1484     103.2772
   3895     977  3882.22    1389.57  113.4411  22.2989   3.9457     103.5025
   3895    1099  3899.70    1511.36  113.4647  22.2953   3.7433     103.7508
   3895    1221  3917.15    1632.99  113.4882  22.2918   3.5411     104.0262
   3895    1343  3934.57    1754.47  113.5117  22.2883   3.3392     104.3335
   3895    1465  3951.98    1875.81  113.5352  22.2848   3.1376     104.6789
   3895    1587  3969.37    1997.01  113.5587  22.2813   2.9362     105.0702
   3895    1709  3986.74    2118.10  113.5821  22.2778   2.7352     105.5173
   3895    1831  4004.10    2239.07  113.6055  22.2743   2.5344     106.0335
   3895    1953  4021.44    2359.94  113.6289  22.2708   2.3340     106.6365
   3895    2075  4038.77    2480.73  113.6522  22.2673   2.1341     107.3506
   3895    2197  4056.08    2601.43  113.6756  22.2638   1.9346     108.2098
   3895    2319  4073.39    2722.05  113.6989  22.2603   1.7357     109.2638
   3895    2441  4090.69    2842.62  113.7222  22.2567   1.5376     110.5871
   3895    2563  4107.98    2963.13  113.7455  22.2532   1.3406     112.2974
   3895    2685  4125.26    3083.61  113.7688  22.2497   1.1452     114.5904
   3895    2807  4142.54    3204.05  113.7921  22.2462   0.9524     117.8143
   3895    2929  4159.82    3324.47  113.8154  22.2427   0.7642     122.6439
   3895    3051  4177.09    3444.88  113.8387  22.2392   0.5848     130.5186
   3895    3173  4194.37    3565.28  113.8620  22.2356   0.4257     144.7498
   3895    3295  4211.64    3685.70  113.8852  22.2321   0.3187     171.5588
   3895    3417  4228.92    3806.13  113.9085  22.2286   0.3211     -151.7201
   3895    3539  4246.20    3926.59  113.9318  22.2250   0.4311     -125.4818
   3895    3661  4263.49    4047.09  113.9551  22.2215   0.5916     -111.5882
   3895    3783  4280.79    4167.63  113.9784  22.2179   0.7716     -103.8711
   3895    3905  4298.09    4288.23  114.0017  22.2144   0.9604     -99.1211
   3895    4027  4315.40    4408.90  114.0250  22.2108   1.1536     -95.9416
   3895    4149  4332.73    4529.65  114.0483  22.2073   1.3494     -93.6756
   3895    4271  4350.06    4650.49  114.0717  22.2037   1.5470     -91.9828
   3895    4393  4367.41    4771.42  114.0950  22.2001   1.7457     -90.6714
   3895    4515  4384.78    4892.46  114.1184  22.1965   1.9452     -89.6259
   3895    4637  4402.16    5013.62  114.1418  22.1929   2.1454     -88.7729
   3895    4759  4419.57    5134.90  114.1653  22.1894   2.3462     -88.0636
   3895    4881  4436.99    5256.32  114.1887  22.1858   2.5474     -87.4643
   3895    5003  4454.43    5377.89  114.2122  22.1821   2.7491     -86.9509
   3895    5125  4471.89    5499.61  114.2357  22.1785   2.9511     -86.5062
   3895    5247  4489.38    5621.51  114.2592  22.1749   3.1535     -86.1168
   3895    5369  4506.90    5743.57  114.2828  22.1713   3.3562     -85.7730
   3895    5491  4524.44    5865.83  114.3064  22.1676   3.5593     -85.4670
   3895    5613  4542.01    5988.28  114.3300  22.1640   3.7627     -85.1928
   3895    5735  4559.61    6110.94  114.3537  22.1603   3.9664     -84.9454
   3895    5857  4577.24    6233.82  114.3774  22.1566   4.1705     -84.7210
   3895    6000  4597.95    6378.13  114.4053  22.1523   4.4101     -84.4830
   4013       1  3857.23    384.47  113.2462  22.3062   5.5752     102.1346
   4013     123  3874.94    507.91  113.2701  22.3027   5.3705     102.2630
   4013     245  3892.62    631.11  113.2940  22.2991   5.1661     102.4006
   4013     367  3910.26    754.08  113.3178  22.2956   4.9620     102.5485
   4013     489  3927.88    876.83  113.3415  22.2921   4.7581     102.7082
   4013     611  3945.46    999.37  113.3652  22.2886   4.5546     102.8811
   4013     733  3963.01    1121.70  113.3889  22.2850   4.3514     103.0690
   4013     855  3980.54    1243.84  113.4125  22.2815   4.1484     103.2742
   4013     977  3998.04    1365.81  113.4362  22.2780   3.9457     103.4993
   4013    1099  4015.51    1487.60  113.4597  22.2745   3.7433     103.7476
   4013    1221  4032.97    1609.22  113.4833  22.2710   3.5411     104.0228
   4013    1343  4050.40    1730.70  113.5068  22.2675   3.3392     104.3300
   4013    1465  4067.81    1852.04  113.5302  22.2640   3.1376     104.6753
   4013    1587  4085.20    1973.24  113.5537  22.2605   2.9362     105.0663
   4013    1709  4102.58    2094.33  113.5771  22.2570   2.7352     105.5132
   4013    1831  4119.94    2215.30  113.6005  22.2535   2.5344     106.0292
   4013    1953  4137.28    2336.17  113.6239  22.2500   2.3340     106.6320
   4013    2075  4154.61    2456.95  113.6472  22.2464   2.1340     107.3458
   4013    2197  4171.93    2577.65  113.6706  22.2429   1.9345     108.2046
   4013    2319  4189.24    2698.28  113.6939  22.2394   1.7356     109.2582
   4013    2441  4206.54    2818.84  113.7172  22.2359   1.5375     110.5810
   4013    2563  4223.83    2939.36  113.7405  22.2324   1.3405     112.2906
   4013    2685  4241.12    3059.83  113.7638  22.2289   1.1451     114.5826
   4013    2807  4258.40    3180.27  113.7871  22.2254   0.9524     117.8054
   4013    2929  4275.68    3300.69  113.8104  22.2218   0.7641     122.6334
   4013    3051  4292.96    3421.09  113.8337  22.2183   0.5847     130.5064
   4013    3173  4310.24    3541.50  113.8569  22.2148   0.4256     144.7365
   4013    3295  4327.52    3661.91  113.8802  22.2113   0.3186     171.5515
   4013    3417  4344.80    3782.34  113.9035  22.2077   0.3210     -151.7119
   4013    3539  4362.08    3902.80  113.9268  22.2042   0.4310     -125.4694
   4013    3661  4379.37    4023.30  113.9500  22.2007   0.5915     -111.5778
   4013    3783  4396.67    4143.84  113.9733  22.1971   0.7716     -103.8629
   4013    3905  4413.98    4264.44  113.9966  22.1936   0.9603     -99.1146
   4013    4027  4431.30    4385.11  114.0200  22.1900   1.1536     -95.9363
   4013    4149  4448.62    4505.86  114.0433  22.1864   1.3494     -93.6713
   4013    4271  4465.96    4626.69  114.0666  22.1829   1.5470     -91.9792
   4013    4393  4483.32    4747.62  114.0900  22.1793   1.7457     -90.6683
   4013    4515  4500.69    4868.66  114.1134  22.1757   1.9452     -89.6233
   4013    4637  4518.07    4989.82  114.1368  22.1721   2.1454     -88.7707
   4013    4759  4535.48    5111.10  114.1602  22.1685   2.3462     -88.0617
   4013    4881  4552.90    5232.52  114.1836  22.1649   2.5474     -87.4626
   4013    5003  4570.35    5354.09  114.2071  22.1613   2.7491     -86.9496
   4013    5125  4587.82    5475.81  114.2306  22.1577   2.9511     -86.5050
   4013    5247  4605.31    5597.70  114.2541  22.1541   3.1535     -86.1158
   4013    5369  4622.83    5719.77  114.2777  22.1504   3.3562     -85.7722
   4013    5491  4640.37    5842.02  114.3013  22.1468   3.5593     -85.4663
   4013    5613  4657.94    5964.48  114.3249  22.1431   3.7627     -85.1922
   4013    5735  4675.55    6087.13  114.3486  22.1395   3.9664     -84.9449
   4013    5857  4693.18    6210.01  114.3723  22.1358   4.1705     -84.7207
   4013    6000  4713.89    6354.32  114.4002  22.1315   4.4101     -84.4828
   4131       1  3973.01    360.71  113.2413  22.2853   5.5752     102.1321
   4131     123  3990.73    484.15  113.2652  22.2818   5.3705     102.2604
   4131     245  4008.41    607.35  113.2890  22.2783   5.1661     102.3980
   4131     367  4026.06    730.32  113.3128  22.2748   4.9619     102.5459
   4131     489  4043.68    853.07  113.3366  22.2712   4.7581     102.7054
   4131     611  4061.26    975.60  113.3603  22.2677   4.5546     102.8782
   4131     733  4078.82    1097.93  113.3839  22.2642   4.3514     103.0661
   4131     855  4096.35    1220.08  113.4076  22.2607   4.1484     103.2712
   4131     977  4113.85    1342.04  113.4312  22.2572   3.9457     103.4962
   4131    1099  4131.33    1463.83  113.4547  22.2537   3.7433     103.7443
   4131    1221  4148.79    1585.45  113.4783  22.2502   3.5411     104.0195
   4131    1343  4166.22    1706.93  113.5018  22.2467   3.3392     104.3265
   4131    1465  4183.64    1828.27  113.5252  22.2431   3.1375     104.6716
   4131    1587  4201.03    1949.47  113.5487  22.2396   2.9362     105.0625
   4131    1709  4218.41    2070.55  113.5721  22.2361   2.7351     105.5092
   4131    1831  4235.77    2191.53  113.5955  22.2326   2.5344     106.0250
   4131    1953  4253.12    2312.40  113.6189  22.2291   2.3340     106.6275
   4131    2075  4270.45    2433.17  113.6422  22.2256   2.1340     107.3409
   4131    2197  4287.77    2553.87  113.6656  22.2221   1.9345     108.1994
   4131    2319  4305.09    2674.50  113.6889  22.2186   1.7356     109.2525
   4131    2441  4322.39    2795.06  113.7122  22.2151   1.5375     110.5748
   4131    2563  4339.69    2915.57  113.7355  22.2116   1.3405     112.2837
   4131    2685  4356.98    3036.05  113.7588  22.2081   1.1451     114.5749
   4131    2807  4374.26    3156.48  113.7821  22.2045   0.9523     117.7965
   4131    2929  4391.55    3276.90  113.8054  22.2010   0.7640     122.6230
   4131    3051  4408.83    3397.31  113.8286  22.1975   0.5847     130.4941
   4131    3173  4426.11    3517.71  113.8519  22.1940   0.4255     144.7232
   4131    3295  4443.39    3638.12  113.8752  22.1904   0.3184     171.5443
   4131    3417  4460.67    3758.55  113.8984  22.1869   0.3209     -151.7038
   4131    3539  4477.96    3879.01  113.9217  22.1834   0.4310     -125.4570
   4131    3661  4495.26    3999.50  113.9450  22.1798   0.5914     -111.5674
   4131    3783  4512.56    4120.05  113.9683  22.1763   0.7715     -103.8547
   4131    3905  4529.87    4240.65  113.9916  22.1727   0.9603     -99.1081
   4131    4027  4547.19    4361.32  114.0149  22.1692   1.1535     -95.9311
   4131    4149  4564.52    4482.06  114.0382  22.1656   1.3494     -93.6670
   4131    4271  4581.86    4602.89  114.0616  22.1620   1.5469     -91.9756
   4131    4393  4599.22    4723.82  114.0849  22.1585   1.7456     -90.6653
   4131    4515  4616.59    4844.86  114.1083  22.1549   1.9452     -89.6208
   4131    4637  4633.98    4966.02  114.1317  22.1513   2.1454     -88.7685
   4131    4759  4651.39    5087.30  114.1551  22.1477   2.3462     -88.0598
   4131    4881  4668.81    5208.72  114.1785  22.1441   2.5474     -87.4610
   4131    5003  4686.26    5330.28  114.2020  22.1405   2.7490     -86.9482
   4131    5125  4703.74    5452.00  114.2255  22.1369   2.9511     -86.5038
   4131    5247  4721.23    5573.89  114.2490  22.1333   3.1535     -86.1149
   4131    5369  4738.75    5695.96  114.2726  22.1296   3.3562     -85.7714
   4131    5491  4756.30    5818.21  114.2962  22.1260   3.5593     -85.4657
   4131    5613  4773.88    5940.66  114.3198  22.1223   3.7627     -85.1916
   4131    5735  4791.48    6063.32  114.3435  22.1187   3.9664     -84.9445
   4131    5857  4809.12    6186.19  114.3672  22.1150   4.1705     -84.7203
   4131    6000  4829.83    6330.51  114.3951  22.1107   4.4101     -84.4826
   4249       1  4088.80    336.95  113.2363  22.2645   5.5752     102.1296
   4249     123  4106.52    460.39  113.2602  22.2610   5.3705     102.2579
   4249     245  4124.20    583.59  113.2840  22.2574   5.1660     102.3953
   4249     367  4141.86    706.55  113.3078  22.2539   4.9619     102.5432
   4249     489  4159.48    829.30  113.3316  22.2504   4.7581     102.7027
   4249     611  4177.06    951.83  113.3553  22.2469   4.5546     102.8754
   4249     733  4194.62    1074.16  113.3790  22.2434   4.3513     103.0631
   4249     855  4212.16    1196.31  113.4026  22.2399   4.1484     103.2682
   4249     977  4229.66    1318.27  113.4262  22.2363   3.9457     103.4931
   4249    1099  4247.15    1440.05  113.4498  22.2328   3.7432     103.7411
   4249    1221  4264.61    1561.68  113.4733  22.2293   3.5411     104.0161
   4249    1343  4282.04    1683.16  113.4968  22.2258   3.3392     104.3230
   4249    1465  4299.46    1804.49  113.5203  22.2223   3.1375     104.6679
   4249    1587  4316.86    1925.69  113.5437  22.2188   2.9362     105.0586
   4249    1709  4334.24    2046.78  113.5671  22.2153   2.7351     105.5052
   4249    1831  4351.60    2167.75  113.5905  22.2118   2.5344     106.0207
   4249    1953  4368.96    2288.62  113.6139  22.2083   2.3340     106.6229
   4249    2075  4386.29    2409.39  113.6372  22.2048   2.1340     107.3361
   4249    2197  4403.62    2530.09  113.6606  22.2013   1.9345     108.1942
   4249    2319  4420.93    2650.71  113.6839  22.1978   1.7356     109.2469
   4249    2441  4438.24    2771.28  113.7072  22.1942   1.5374     110.5686
   4249    2563  4455.54    2891.79  113.7305  22.1907   1.3404     112.2768
   4249    2685  4472.83    3012.26  113.7538  22.1872   1.1451     114.5671
   4249    2807  4490.12    3132.70  113.7771  22.1837   0.9523     117.7876
   4249    2929  4507.41    3253.11  113.8003  22.1802   0.7640     122.6126
   4249    3051  4524.69    3373.52  113.8236  22.1767   0.5846     130.4818
   4249    3173  4541.98    3493.92  113.8469  22.1731   0.4254     144.7098
   4249    3295  4559.26    3614.33  113.8701  22.1696   0.3183     171.5371
   4249    3417  4576.55    3734.76  113.8934  22.1661   0.3207     -151.6957
   4249    3539  4593.84    3855.21  113.9167  22.1625   0.4309     -125.4446
   4249    3661  4611.14    3975.71  113.9400  22.1590   0.5914     -111.5569
   4249    3783  4628.44    4096.25  113.9632  22.1555   0.7715     -103.8465
   4249    3905  4645.75    4216.85  113.9865  22.1519   0.9603     -99.1016
   4249    4027  4663.08    4337.52  114.0098  22.1483   1.1535     -95.9258
   4249    4149  4680.41    4458.26  114.0332  22.1448   1.3494     -93.6626
   4249    4271  4697.76    4579.09  114.0565  22.1412   1.5469     -91.9720
   4249    4393  4715.12    4700.02  114.0798  22.1376   1.7456     -90.6623
   4249    4515  4732.49    4821.06  114.1032  22.1341   1.9452     -89.6182
   4249    4637  4749.89    4942.21  114.1266  22.1305   2.1454     -88.7663
   4249    4759  4767.30    5063.49  114.1500  22.1269   2.3462     -88.0580
   4249    4881  4784.73    5184.91  114.1735  22.1233   2.5474     -87.4594
   4249    5003  4802.18    5306.47  114.1969  22.1197   2.7490     -86.9468
   4249    5125  4819.65    5428.19  114.2204  22.1161   2.9511     -86.5026
   4249    5247  4837.15    5550.08  114.2440  22.1124   3.1535     -86.1139
   4249    5369  4854.68    5672.15  114.2675  22.1088   3.3562     -85.7705
   4249    5491  4872.23    5794.40  114.2911  22.1052   3.5593     -85.4650
   4249    5613  4889.81    5916.85  114.3147  22.1015   3.7627     -85.1911
   4249    5735  4907.42    6039.50  114.3384  22.0979   3.9664     -84.9441
   4249    5857  4925.06    6162.37  114.3621  22.0942   4.1705     -84.7200
   4249    6000  4945.78    6306.69  114.3900  22.0899   4.4101     -84.4823
   4367       1  4204.59    313.18  113.2314  22.2437   5.5752     102.1271
   4367     123  4222.31    436.62  113.2553  22.2401   5.3704     102.2553
   4367     245  4240.00    559.82  113.2791  22.2366   5.1660     102.3927
   4367     367  4257.65    682.78  113.3029  22.2331   4.9619     102.5405
   4367     489  4275.27    805.53  113.3266  22.2296   4.7581     102.6999
   4367     611  4292.87    928.06  113.3504  22.2260   4.5546     102.8725
   4367     733  4310.43    1050.39  113.3740  22.2225   4.3513     103.0602
   4367     855  4327.97    1172.53  113.3976  22.2190   4.1483     103.2651
   4367     977  4345.48    1294.49  113.4212  22.2155   3.9456     103.4899
   4367    1099  4362.96    1416.28  113.4448  22.2120   3.7432     103.7378
   4367    1221  4380.42    1537.90  113.4683  22.2085   3.5410     104.0127
   4367    1343  4397.86    1659.38  113.4918  22.2050   3.3391     104.3195
   4367    1465  4415.28    1780.71  113.5153  22.2015   3.1375     104.6643
   4367    1587  4432.69    1901.91  113.5387  22.1980   2.9361     105.0548
   4367    1709  4450.07    2022.99  113.5621  22.1945   2.7351     105.5011
   4367    1831  4467.44    2143.96  113.5855  22.1910   2.5343     106.0164
   4367    1953  4484.79    2264.83  113.6089  22.1874   2.3339     106.6184
   4367    2075  4502.13    2385.61  113.6322  22.1839   2.1339     107.3312
   4367    2197  4519.46    2506.30  113.6556  22.1804   1.9344     108.1890
   4367    2319  4536.78    2626.93  113.6789  22.1769   1.7355     109.2412
   4367    2441  4554.09    2747.49  113.7022  22.1734   1.5374     110.5624
   4367    2563  4571.39    2868.00  113.7255  22.1699   1.3404     112.2700
   4367    2685  4588.69    2988.47  113.7488  22.1664   1.1450     114.5594
   4367    2807  4605.98    3108.90  113.7720  22.1629   0.9522     117.7787
   4367    2929  4623.27    3229.32  113.7953  22.1594   0.7639     122.6022
   4367    3051  4640.56    3349.72  113.8186  22.1558   0.5845     130.4695
   4367    3173  4657.84    3470.12  113.8418  22.1523   0.4253     144.6965
   4367    3295  4675.13    3590.53  113.8651  22.1488   0.3182     171.5298
   4367    3417  4692.42    3710.96  113.8884  22.1452   0.3206     -151.6875
   4367    3539  4709.72    3831.42  113.9116  22.1417   0.4308     -125.4322
   4367    3661  4727.02    3951.91  113.9349  22.1382   0.5913     -111.5465
   4367    3783  4744.33    4072.45  113.9582  22.1346   0.7714     -103.8383
   4367    3905  4761.64    4193.05  113.9815  22.1311   0.9602     -99.0951
   4367    4027  4778.97    4313.71  114.0048  22.1275   1.1535     -95.9205
   4367    4149  4796.30    4434.46  114.0281  22.1240   1.3494     -93.6583
   4367    4271  4813.65    4555.29  114.0514  22.1204   1.5469     -91.9684
   4367    4393  4831.02    4676.21  114.0748  22.1168   1.7456     -90.6592
   4367    4515  4848.40    4797.25  114.0982  22.1132   1.9452     -89.6156
   4367    4637  4865.79    4918.40  114.1215  22.1097   2.1454     -88.7641
   4367    4759  4883.20    5039.68  114.1450  22.1061   2.3461     -88.0561
   4367    4881  4900.64    5161.10  114.1684  22.1025   2.5474     -87.4578
   4367    5003  4918.09    5282.66  114.1919  22.0989   2.7490     -86.9454
   4367    5125  4935.57    5404.38  114.2153  22.0952   2.9511     -86.5015
   4367    5247  4953.07    5526.27  114.2389  22.0916   3.1535     -86.1129
   4367    5369  4970.60    5648.33  114.2624  22.0880   3.3562     -85.7697
   4367    5491  4988.15    5770.58  114.2860  22.0843   3.5593     -85.4643
   4367    5613  5005.74    5893.03  114.3096  22.0807   3.7627     -85.1905
   4367    5735  5023.35    6015.68  114.3333  22.0770   3.9664     -84.9436
   4367    5857  5040.99    6138.55  114.3570  22.0734   4.1705     -84.7196
   4367    6000  5061.72    6282.86  114.3848  22.0691   4.4101     -84.4821
   4485       1  4320.37    289.41  113.2264  22.2228   5.5751     102.1246
   4485     123  4338.10    412.85  113.2503  22.2193   5.3704     102.2528
   4485     245  4355.79    536.04  113.2742  22.2158   5.1660     102.3901
   4485     367  4373.44    659.01  113.2979  22.2122   4.9619     102.5378
   4485     489  4391.07    781.75  113.3217  22.2087   4.7581     102.6972
   4485     611  4408.67    904.28  113.3454  22.2052   4.5545     102.8697
   4485     733  4426.23    1026.61  113.3691  22.2017   4.3513     103.0573
   4485     855  4443.77    1148.75  113.3927  22.1982   4.1483     103.2621
   4485     977  4461.29    1270.71  113.4163  22.1947   3.9456     103.4868
   4485    1099  4478.77    1392.50  113.4398  22.1912   3.7432     103.7346
   4485    1221  4496.24    1514.12  113.4633  22.1876   3.5410     104.0094
   4485    1343  4513.68    1635.59  113.4868  22.1841   3.3391     104.3160
   4485    1465  4531.11    1756.93  113.5103  22.1806   3.1375     104.6606
   4485    1587  4548.51    1878.13  113.5337  22.1771   2.9361     105.0510
   4485    1709  4565.90    1999.21  113.5571  22.1736   2.7351     105.4971
   4485    1831  4583.27    2120.18  113.5805  22.1701   2.5343     106.0122
   4485    1953  4600.63    2241.04  113.6039  22.1666   2.3339     106.6139
   4485    2075  4617.97    2361.82  113.6272  22.1631   2.1339     107.3264
   4485    2197  4635.30    2482.51  113.6506  22.1596   1.9344     108.1838
   4485    2319  4652.62    2603.13  113.6739  22.1561   1.7355     109.2356
   4485    2441  4669.94    2723.69  113.6972  22.1526   1.5374     110.5562
   4485    2563  4687.24    2844.20  113.7205  22.1491   1.3404     112.2631
   4485    2685  4704.54    2964.67  113.7437  22.1456   1.1450     114.5516
   4485    2807  4721.84    3085.11  113.7670  22.1420   0.9522     117.7698
   4485    2929  4739.13    3205.52  113.7903  22.1385   0.7639     122.5917
   4485    3051  4756.42    3325.92  113.8135  22.1350   0.5844     130.4572
   4485    3173  4773.71    3446.32  113.8368  22.1315   0.4252     144.6832
   4485    3295  4791.00    3566.73  113.8601  22.1280   0.3180     171.5226
   4485    3417  4808.29    3687.16  113.8833  22.1244   0.3205     -151.6793
   4485    3539  4825.59    3807.61  113.9066  22.1209   0.4307     -125.4198
   4485    3661  4842.90    3928.10  113.9299  22.1173   0.5912     -111.5360
   4485    3783  4860.21    4048.64  113.9531  22.1138   0.7714     -103.8301
   4485    3905  4877.53    4169.24  113.9764  22.1102   0.9602     -99.0886
   4485    4027  4894.85    4289.90  113.9997  22.1067   1.1535     -95.9153
   4485    4149  4912.19    4410.65  114.0230  22.1031   1.3493     -93.6540
   4485    4271  4929.55    4531.47  114.0464  22.0996   1.5469     -91.9647
   4485    4393  4946.91    4652.40  114.0697  22.0960   1.7456     -90.6562
   4485    4515  4964.30    4773.43  114.0931  22.0924   1.9451     -89.6130
   4485    4637  4981.69    4894.59  114.1165  22.0888   2.1454     -88.7619
   4485    4759  4999.11    5015.86  114.1399  22.0852   2.3461     -88.0542
   4485    4881  5016.55    5137.28  114.1633  22.0816   2.5474     -87.4562
   4485    5003  5034.01    5258.84  114.1868  22.0780   2.7490     -86.9440
   4485    5125  5051.49    5380.56  114.2103  22.0744   2.9511     -86.5003
   4485    5247  5068.99    5502.45  114.2338  22.0708   3.1535     -86.1119
   4485    5369  5086.52    5624.51  114.2573  22.0672   3.3562     -85.7689
   4485    5491  5104.08    5746.76  114.2809  22.0635   3.5593     -85.4636
   4485    5613  5121.67    5869.20  114.3045  22.0599   3.7627     -85.1899
   4485    5735  5139.28    5991.86  114.3282  22.0562   3.9664     -84.9431
   4485    5857  5156.93    6114.73  114.3519  22.0525   4.1705     -84.7193
   4485    6000  5177.65    6259.03  114.3797  22.0482   4.4101     -84.4819
   4603       1  4436.15    265.64  113.2215  22.2020   5.5751     102.1222
   4603     123  4453.88    389.07  113.2454  22.1984   5.3704     102.2502
   4603     245  4471.58    512.27  113.2692  22.1949   5.1660     102.3875
   4603     367  4489.24    635.23  113.2930  22.1914   4.9619     102.5351
   4603     489  4506.87    757.97  113.3167  22.1879   4.7581     102.6944
   4603     611  4524.47    880.50  113.3404  22.1844   4.5545     102.8669
   4603     733  4542.04    1002.83  113.3641  22.1808   4.3513     103.0544
   4603     855  4559.58    1124.97  113.3877  22.1773   4.1483     103.2591
   4603     977  4577.09    1246.93  113.4113  22.1738   3.9456     103.4837
   4603    1099  4594.59    1368.71  113.4349  22.1703   3.7432     103.7313
   4603    1221  4612.05    1490.34  113.4584  22.1668   3.5410     104.0060
   4603    1343  4629.50    1611.81  113.4819  22.1633   3.3391     104.3125
   4603    1465  4646.93    1733.14  113.5053  22.1598   3.1375     104.6569
   4603    1587  4664.34    1854.34  113.5287  22.1563   2.9361     105.0471
   4603    1709  4681.73    1975.42  113.5522  22.1528   2.7350     105.4931
   4603    1831  4699.10    2096.38  113.5755  22.1493   2.5343     106.0079
   4603    1953  4716.46    2217.25  113.5989  22.1458   2.3339     106.6093
   4603    2075  4733.81    2338.02  113.6222  22.1423   2.1339     107.3216
   4603    2197  4751.14    2458.72  113.6456  22.1388   1.9344     108.1786
   4603    2319  4768.47    2579.34  113.6689  22.1353   1.7355     109.2299
   4603    2441  4785.78    2699.90  113.6922  22.1317   1.5373     110.5500
   4603    2563  4803.09    2820.41  113.7155  22.1282   1.3403     112.2562
   4603    2685  4820.39    2940.87  113.7387  22.1247   1.1449     114.5438
   4603    2807  4837.69    3061.31  113.7620  22.1212   0.9521     117.7609
   4603    2929  4854.99    3181.72  113.7853  22.1177   0.7638     122.5813
   4603    3051  4872.28    3302.12  113.8085  22.1142   0.5843     130.4449
   4603    3173  4889.57    3422.52  113.8318  22.1106   0.4251     144.6698
   4603    3295  4906.87    3542.93  113.8550  22.1071   0.3179     171.5153
   4603    3417  4924.17    3663.35  113.8783  22.1036   0.3203     -151.6711
   4603    3539  4941.47    3783.80  113.9016  22.1001   0.4306     -125.4074
   4603    3661  4958.77    3904.29  113.9248  22.0965   0.5912     -111.5256
   4603    3783  4976.09    4024.83  113.9481  22.0930   0.7713     -103.8219
   4603    3905  4993.41    4145.43  113.9714  22.0894   0.9601     -99.0820
   4603    4027  5010.74    4266.09  113.9947  22.0859   1.1534     -95.9100
   4603    4149  5028.08    4386.83  114.0180  22.0823   1.3493     -93.6496
   4603    4271  5045.44    4507.66  114.0413  22.0787   1.5469     -91.9611
   4603    4393  5062.81    4628.59  114.0647  22.0752   1.7456     -90.6531
   4603    4515  5080.19    4749.62  114.0880  22.0716   1.9451     -89.6104
   4603    4637  5097.60    4870.77  114.1114  22.0680   2.1454     -88.7597
   4603    4759  5115.02    4992.04  114.1348  22.0644   2.3461     -88.0523
   4603    4881  5132.46    5113.46  114.1582  22.0608   2.5474     -87.4546
   4603    5003  5149.92    5235.02  114.1817  22.0572   2.7490     -86.9427
   4603    5125  5167.40    5356.74  114.2052  22.0536   2.9511     -86.4991
   4603    5247  5184.91    5478.62  114.2287  22.0500   3.1534     -86.1109
   4603    5369  5202.44    5600.68  114.2522  22.0463   3.3562     -85.7680
   4603    5491  5220.00    5722.93  114.2758  22.0427   3.5593     -85.4629
   4603    5613  5237.59    5845.38  114.2994  22.0391   3.7627     -85.1894
   4603    5735  5255.21    5968.03  114.3231  22.0354   3.9664     -84.9427
   4603    5857  5272.86    6090.90  114.3468  22.0317   4.1705     -84.7189
   4603    6000  5293.59    6235.20  114.3746  22.0274   4.4101     -84.4816
   4721       1  4551.94    241.86  113.2166  22.1811   5.5751     102.1197
   4721     123  4569.67    365.29  113.2404  22.1776   5.3704     102.2477
   4721     245  4587.37    488.49  113.2643  22.1741   5.1660     102.3849
   4721     367  4605.03    611.45  113.2880  22.1706   4.9619     102.5325
   4721     489  4622.66    734.19  113.3118  22.1670   4.7580     102.6916
   4721     611  4640.26    856.72  113.3355  22.1635   4.5545     102.8640
   4721     733  4657.84    979.05  113.3591  22.1600   4.3513     103.0514
   4721     855  4675.38    1101.18  113.3828  22.1565   4.1483     103.2561
   4721     977  4692.90    1223.14  113.4063  22.1530   3.9456     103.4806
   4721    1099  4710.40    1344.92  113.4299  22.1495   3.7431     103.7281
   4721    1221  4727.87    1466.54  113.4534  22.1460   3.5410     104.0026
   4721    1343  4745.32    1588.02  113.4769  22.1425   3.3391     104.3090
   4721    1465  4762.75    1709.35  113.5003  22.1390   3.1374     104.6533
   4721    1587  4780.16    1830.54  113.5238  22.1355   2.9361     105.0433
   4721    1709  4797.55    1951.62  113.5472  22.1320   2.7350     105.4890
   4721    1831  4814.93    2072.59  113.5705  22.1284   2.5343     106.0036
   4721    1953  4832.29    2193.45  113.5939  22.1249   2.3339     106.6048
   4721    2075  4849.64    2314.23  113.6172  22.1214   2.1339     107.3167
   4721    2197  4866.98    2434.92  113.6406  22.1179   1.9343     108.1734
   4721    2319  4884.31    2555.54  113.6639  22.1144   1.7354     109.2243
   4721    2441  4901.63    2676.10  113.6872  22.1109   1.5373     110.5438
   4721    2563  4918.94    2796.60  113.7104  22.1074   1.3403     112.2493
   4721    2685  4936.25    2917.07  113.7337  22.1039   1.1449     114.5361
   4721    2807  4953.55    3037.50  113.7570  22.1004   0.9521     117.7520
   4721    2929  4970.85    3157.91  113.7802  22.0969   0.7637     122.5708
   4721    3051  4988.14    3278.31  113.8035  22.0933   0.5843     130.4326
   4721    3173  5005.44    3398.71  113.8268  22.0898   0.4249     144.6564
   4721    3295  5022.74    3519.12  113.8500  22.0863   0.3178     171.5081
   4721    3417  5040.04    3639.54  113.8733  22.0828   0.3202     -151.6629
   4721    3539  5057.34    3759.99  113.8965  22.0792   0.4305     -125.3950
   4721    3661  5074.65    3880.48  113.9198  22.0757   0.5911     -111.5151
   4721    3783  5091.97    4001.02  113.9431  22.0721   0.7713     -103.8136
   4721    3905  5109.29    4121.61  113.9663  22.0686   0.9601     -99.0755
   4721    4027  5126.63    4242.27  113.9896  22.0650   1.1534     -95.9047
   4721    4149  5143.97    4363.01  114.0129  22.0615   1.3493     -93.6453
   4721    4271  5161.33    4483.84  114.0363  22.0579   1.5469     -91.9575
   4721    4393  5178.70    4604.77  114.0596  22.0543   1.7456     -90.6501
   4721    4515  5196.09    4725.80  114.0830  22.0508   1.9451     -89.6078
   4721    4637  5213.50    4846.95  114.1063  22.0472   2.1453     -88.7575
   4721    4759  5230.92    4968.22  114.1297  22.0436   2.3461     -88.0504
   4721    4881  5248.36    5089.63  114.1532  22.0400   2.5474     -87.4530
   4721    5003  5265.83    5211.19  114.1766  22.0364   2.7490     -86.9413
   4721    5125  5283.32    5332.91  114.2001  22.0328   2.9510     -86.4979
   4721    5247  5300.83    5454.79  114.2236  22.0292   3.1534     -86.1099
   4721    5369  5318.36    5576.85  114.2472  22.0255   3.3562     -85.7672
   4721    5491  5335.93    5699.10  114.2707  22.0219   3.5593     -85.4622
   4721    5613  5353.52    5821.54  114.2943  22.0182   3.7627     -85.1888
   4721    5735  5371.14    5944.19  114.3180  22.0146   3.9664     -84.9422
   4721    5857  5388.79    6067.06  114.3417  22.0109   4.1705     -84.7186
   4721    6000  5409.53    6211.37  114.3695  22.0066   4.4101     -84.4814
   4839       1  4667.72    218.07  113.2116  22.1603   5.5751     102.1172
   4839     123  4685.45    341.51  113.2355  22.1568   5.3704     102.2451
   4839     245  4703.15    464.70  113.2593  22.1532   5.1659     102.3823
   4839     367  4720.82    587.66  113.2831  22.1497   4.9618     102.5298
   4839     489  4738.46    710.40  113.3068  22.1462   4.7580     102.6889
   4839     611  4756.06    832.93  113.3305  22.1427   4.5545     102.8612
   4839     733  4773.64    955.26  113.3542  22.1392   4.3512     103.0485
   4839     855  4791.19    1077.39  113.3778  22.1357   4.1483     103.2531
   4839     977  4808.71    1199.34  113.4014  22.1322   3.9456     103.4774
   4839    1099  4826.21    1321.13  113.4249  22.1286   3.7431     103.7249
   4839    1221  4843.68    1442.75  113.4484  22.1251   3.5410     103.9993
   4839    1343  4861.13    1564.22  113.4719  22.1216   3.3390     104.3055
   4839    1465  4878.57    1685.55  113.4954  22.1181   3.1374     104.6496
   4839    1587  4895.98    1806.75  113.5188  22.1146   2.9361     105.0394
   4839    1709  4913.38    1927.82  113.5422  22.1111   2.7350     105.4850
   4839    1831  4930.76    2048.79  113.5656  22.1076   2.5342     105.9994
   4839    1953  4948.12    2169.65  113.5889  22.1041   2.3338     106.6003
   4839    2075  4965.48    2290.42  113.6122  22.1006   2.1338     107.3119
   4839    2197  4982.82    2411.11  113.6356  22.0971   1.9343     108.1682
   4839    2319  5000.15    2531.73  113.6589  22.0936   1.7354     109.2186
   4839    2441  5017.47    2652.29  113.6822  22.0901   1.5373     110.5376
   4839    2563  5034.79    2772.80  113.7054  22.0866   1.3402     112.2424
   4839    2685  5052.10    2893.26  113.7287  22.0831   1.1448     114.5283
   4839    2807  5069.40    3013.69  113.7520  22.0795   0.9520     117.7430
   4839    2929  5086.70    3134.10  113.7752  22.0760   0.7637     122.5604
   4839    3051  5104.00    3254.50  113.7985  22.0725   0.5842     130.4203
   4839    3173  5121.30    3374.90  113.8217  22.0690   0.4248     144.6430
   4839    3295  5138.60    3495.30  113.8450  22.0655   0.3176     171.5008
   4839    3417  5155.91    3615.72  113.8682  22.0619   0.3201     -151.6547
   4839    3539  5173.21    3736.18  113.8915  22.0584   0.4304     -125.3825
   4839    3661  5190.53    3856.66  113.9147  22.0549   0.5911     -111.5046
   4839    3783  5207.85    3977.20  113.9380  22.0513   0.7712     -103.8054
   4839    3905  5225.17    4097.79  113.9613  22.0478   0.9601     -99.0690
   4839    4027  5242.51    4218.45  113.9846  22.0442   1.1534     -95.8994
   4839    4149  5259.86    4339.19  114.0079  22.0407   1.3493     -93.6409
   4839    4271  5277.22    4460.02  114.0312  22.0371   1.5468     -91.9539
   4839    4393  5294.60    4580.94  114.0545  22.0335   1.7455     -90.6470
   4839    4515  5311.99    4701.97  114.0779  22.0299   1.9451     -89.6052
   4839    4637  5329.40    4823.12  114.1013  22.0264   2.1453     -88.7553
   4839    4759  5346.82    4944.39  114.1247  22.0228   2.3461     -88.0485
   4839    4881  5364.27    5065.80  114.1481  22.0192   2.5474     -87.4513
   4839    5003  5381.74    5187.36  114.1715  22.0156   2.7490     -86.9399
   4839    5125  5399.23    5309.08  114.1950  22.0120   2.9510     -86.4967
   4839    5247  5416.74    5430.96  114.2185  22.0083   3.1534     -86.1088
   4839    5369  5434.28    5553.02  114.2421  22.0047   3.3562     -85.7663
   4839    5491  5451.85    5675.26  114.2656  22.0011   3.5593     -85.4614
   4839    5613  5469.44    5797.71  114.2893  21.9974   3.7627     -85.1882
   4839    5735  5487.07    5920.36  114.3129  21.9938   3.9664     -84.9418
   4839    5857  5504.73    6043.22  114.3366  21.9901   4.1705     -84.7182
   4839    6000  5525.46    6187.53  114.3644  21.9858   4.4101     -84.4811
   4957       1  4783.50    194.28  113.2067  22.1395   5.5751     102.1147
   4957     123  4801.24    317.72  113.2305  22.1359   5.3703     102.2426
   4957     245  4818.94    440.91  113.2544  22.1324   5.1659     102.3797
   4957     367  4836.61    563.87  113.2781  22.1289   4.9618     102.5271
   4957     489  4854.25    686.61  113.3019  22.1254   4.7580     102.6861
   4957     611  4871.86    809.14  113.3256  22.1218   4.5545     102.8584
   4957     733  4889.44    931.46  113.3492  22.1183   4.3512     103.0456
   4957     855  4906.99    1053.60  113.3728  22.1148   4.1482     103.2500
   4957     977  4924.51    1175.55  113.3964  22.1113   3.9455     103.4743
   4957    1099  4942.02    1297.33  113.4199  22.1078   3.7431     103.7216
   4957    1221  4959.49    1418.95  113.4435  22.1043   3.5409     103.9959
   4957    1343  4976.95    1540.42  113.4669  22.1008   3.3390     104.3020
   4957    1465  4994.39    1661.75  113.4904  22.0973   3.1374     104.6460
   4957    1587  5011.80    1782.94  113.5138  22.0938   2.9360     105.0356
   4957    1709  5029.20    1904.02  113.5372  22.0903   2.7350     105.4809
   4957    1831  5046.59    2024.98  113.5606  22.0868   2.5342     105.9951
   4957    1953  5063.96    2145.85  113.5839  22.0833   2.3338     106.5958
   4957    2075  5081.31    2266.62  113.6073  22.0798   2.1338     107.3070
   4957    2197  5098.66    2387.31  113.6306  22.0763   1.9343     108.1630
   4957    2319  5115.99    2507.92  113.6539  22.0728   1.7354     109.2130
   4957    2441  5133.32    2628.48  113.6772  22.0693   1.5372     110.5314
   4957    2563  5150.63    2748.98  113.7004  22.0657   1.3402     112.2355
   4957    2685  5167.95    2869.45  113.7237  22.0622   1.1448     114.5205
   4957    2807  5185.25    2989.88  113.7470  22.0587   0.9519     117.7341
   4957    2929  5202.56    3110.29  113.7702  22.0552   0.7636     122.5499
   4957    3051  5219.86    3230.69  113.7935  22.0517   0.5841     130.4080
   4957    3173  5237.16    3351.08  113.8167  22.0482   0.4247     144.6296
   4957    3295  5254.47    3471.49  113.8399  22.0446   0.3175     171.4935
   4957    3417  5271.77    3591.91  113.8632  22.0411   0.3200     -151.6465
   4957    3539  5289.08    3712.36  113.8864  22.0376   0.4303     -125.3700
   4957    3661  5306.40    3832.84  113.9097  22.0340   0.5910     -111.4941
   4957    3783  5323.72    3953.38  113.9330  22.0305   0.7712     -103.7971
   4957    3905  5341.05    4073.97  113.9562  22.0269   0.9600     -99.0624
   4957    4027  5358.40    4194.63  113.9795  22.0234   1.1533     -95.8941
   4957    4149  5375.75    4315.37  114.0028  22.0198   1.3493     -93.6366
   4957    4271  5393.11    4436.19  114.0261  22.0163   1.5468     -91.9502
   4957    4393  5410.49    4557.11  114.0495  22.0127   1.7455     -90.6440
   4957    4515  5427.89    4678.14  114.0728  22.0091   1.9451     -89.6026
   4957    4637  5445.30    4799.29  114.0962  22.0055   2.1453     -88.7531
   4957    4759  5462.73    4920.56  114.1196  22.0019   2.3461     -88.0466
   4957    4881  5480.18    5041.97  114.1430  21.9984   2.5473     -87.4497
   4957    5003  5497.65    5163.53  114.1665  21.9947   2.7490     -86.9385
   4957    5125  5515.14    5285.24  114.1899  21.9911   2.9510     -86.4955
   4957    5247  5532.66    5407.12  114.2134  21.9875   3.1534     -86.1078
   4957    5369  5550.20    5529.18  114.2370  21.9839   3.3562     -85.7655
   4957    5491  5567.77    5651.43  114.2606  21.9802   3.5593     -85.4607
   4957    5613  5585.37    5773.87  114.2842  21.9766   3.7627     -85.1876
   4957    5735  5603.00    5896.52  114.3078  21.9729   3.9664     -84.9413
   4957    5857  5620.66    6019.38  114.3315  21.9693   4.1705     -84.7179
   4957    6000  5641.40    6163.68  114.3593  21.9650   4.4101     -84.4809
   5075       1  4899.28    170.49  113.2017  22.1186   5.5751     102.1122
   5075     123  4917.02    293.92  113.2256  22.1151   5.3703     102.2401
   5075     245  4934.73    417.12  113.2494  22.1116   5.1659     102.3771
   5075     367  4952.40    540.07  113.2732  22.1080   4.9618     102.5244
   5075     489  4970.04    662.81  113.2969  22.1045   4.7580     102.6834
   5075     611  4987.65    785.34  113.3206  22.1010   4.5545     102.8555
   5075     733  5005.23    907.66  113.3443  22.0975   4.3512     103.0427
   5075     855  5022.79    1029.80  113.3679  22.0940   4.1482     103.2470
   5075     977  5040.32    1151.75  113.3914  22.0905   3.9455     103.4712
   5075    1099  5057.82    1273.53  113.4150  22.0870   3.7431     103.7184
   5075    1221  5075.30    1395.15  113.4385  22.0835   3.5409     103.9925
   5075    1343  5092.76    1516.62  113.4620  22.0800   3.3390     104.2985
   5075    1465  5110.20    1637.94  113.4854  22.0765   3.1374     104.6423
   5075    1587  5127.62    1759.14  113.5088  22.0729   2.9360     105.0318
   5075    1709  5145.03    1880.21  113.5322  22.0694   2.7349     105.4769
   5075    1831  5162.41    2001.17  113.5556  22.0659   2.5342     105.9908
   5075    1953  5179.79    2122.04  113.5789  22.0624   2.3338     106.5912
   5075    2075  5197.14    2242.81  113.6023  22.0589   2.1338     107.3022
   5075    2197  5214.49    2363.49  113.6256  22.0554   1.9342     108.1578
   5075    2319  5231.83    2484.11  113.6489  22.0519   1.7353     109.2073
   5075    2441  5249.16    2604.67  113.6721  22.0484   1.5372     110.5252
   5075    2563  5266.48    2725.17  113.6954  22.0449   1.3402     112.2287
   5075    2685  5283.79    2845.63  113.7187  22.0414   1.1447     114.5128
   5075    2807  5301.10    2966.06  113.7419  22.0379   0.9519     117.7252
   5075    2929  5318.41    3086.47  113.7652  22.0344   0.7635     122.5395
   5075    3051  5335.72    3206.87  113.7884  22.0308   0.5840     130.3956
   5075    3173  5353.02    3327.26  113.8117  22.0273   0.4246     144.6162
   5075    3295  5370.33    3447.66  113.8349  22.0238   0.3174     171.4862
   5075    3417  5387.64    3568.08  113.8582  22.0203   0.3198     -151.6383
   5075    3539  5404.95    3688.53  113.8814  22.0167   0.4302     -125.3575
   5075    3661  5422.27    3809.02  113.9047  22.0132   0.5909     -111.4836
   5075    3783  5439.60    3929.55  113.9279  22.0097   0.7712     -103.7889
   5075    3905  5456.93    4050.14  113.9512  22.0061   0.9600     -99.0559
   5075    4027  5474.28    4170.80  113.9745  22.0026   1.1533     -95.8888
   5075    4149  5491.63    4291.54  113.9978  21.9990   1.3492     -93.6322
   5075    4271  5509.00    4412.36  114.0211  21.9954   1.5468     -91.9466
   5075    4393  5526.38    4533.28  114.0444  21.9919   1.7455     -90.6409
   5075    4515  5543.78    4654.31  114.0678  21.9883   1.9451     -89.6000
   5075    4637  5561.19    4775.45  114.0911  21.9847   2.1453     -88.7508
   5075    4759  5578.63    4896.73  114.1145  21.9811   2.3461     -88.0447
   5075    4881  5596.08    5018.13  114.1379  21.9775   2.5473     -87.4481
   5075    5003  5613.55    5139.69  114.1614  21.9739   2.7490     -86.9371
   5075    5125  5631.05    5261.40  114.1849  21.9703   2.9510     -86.4943
   5075    5247  5648.57    5383.28  114.2084  21.9667   3.1534     -86.1068
   5075    5369  5666.12    5505.34  114.2319  21.9631   3.3562     -85.7646
   5075    5491  5683.69    5627.58  114.2555  21.9594   3.5593     -85.4600
   5075    5613  5701.29    5750.02  114.2791  21.9558   3.7627     -85.1870
   5075    5735  5718.92    5872.67  114.3027  21.9521   3.9664     -84.9408
   5075    5857  5736.58    5995.53  114.3264  21.9485   4.1705     -84.7175
   5075    6000  5757.33    6139.83  114.3542  21.9441   4.4101     -84.4807
   5193       1  5015.05    146.70  113.1968  22.0978   5.5750     102.1098
   5193     123  5032.80    270.13  113.2207  22.0942   5.3703     102.2375
   5193     245  5050.51    393.32  113.2445  22.0907   5.1659     102.3745
   5193     367  5068.19    516.27  113.2683  22.0872   4.9618     102.5217
   5193     489  5085.83    639.01  113.2920  22.0837   4.7580     102.6806
   5193     611  5103.45    761.54  113.3157  22.0802   4.5544     102.8527
   5193     733  5121.03    883.86  113.3393  22.0767   4.3512     103.0397
   5193     855  5138.59    1005.99  113.3629  22.0731   4.1482     103.2440
   5193     977  5156.12    1127.94  113.3865  22.0696   3.9455     103.4681
   5193    1099  5173.63    1249.72  113.4100  22.0661   3.7431     103.7151
   5193    1221  5191.11    1371.34  113.4335  22.0626   3.5409     103.9892
   5193    1343  5208.58    1492.81  113.4570  22.0591   3.3390     104.2950
   5193    1465  5226.02    1614.13  113.4804  22.0556   3.1373     104.6386
   5193    1587  5243.44    1735.33  113.5038  22.0521   2.9360     105.0279
   5193    1709  5260.85    1856.40  113.5272  22.0486   2.7349     105.4729
   5193    1831  5278.24    1977.36  113.5506  22.0451   2.5342     105.9866
   5193    1953  5295.61    2098.22  113.5739  22.0416   2.3337     106.5867
   5193    2075  5312.98    2218.99  113.5973  22.0381   2.1337     107.2974
   5193    2197  5330.33    2339.68  113.6206  22.0346   1.9342     108.1526
   5193    2319  5347.67    2460.29  113.6439  22.0311   1.7353     109.2017
   5193    2441  5365.00    2580.85  113.6671  22.0276   1.5372     110.5190
   5193    2563  5382.32    2701.35  113.6904  22.0241   1.3401     112.2218
   5193    2685  5399.64    2821.81  113.7137  22.0206   1.1447     114.5050
   5193    2807  5416.96    2942.24  113.7369  22.0171   0.9518     117.7162
   5193    2929  5434.27    3062.65  113.7602  22.0135   0.7635     122.5290
   5193    3051  5451.57    3183.04  113.7834  22.0100   0.5839     130.3833
   5193    3173  5468.88    3303.44  113.8066  22.0065   0.4245     144.6028
   5193    3295  5486.19    3423.84  113.8299  22.0030   0.3172     171.4790
   5193    3417  5503.51    3544.26  113.8531  21.9994   0.3197     -151.6300
   5193    3539  5520.82    3664.70  113.8764  21.9959   0.4302     -125.3450
   5193    3661  5538.15    3785.19  113.8996  21.9924   0.5909     -111.4731
   5193    3783  5555.47    3905.72  113.9229  21.9888   0.7711     -103.7806
   5193    3905  5572.81    4026.31  113.9462  21.9853   0.9600     -99.0493
   5193    4027  5590.16    4146.97  113.9694  21.9817   1.1533     -95.8835
   5193    4149  5607.52    4267.70  113.9927  21.9782   1.3492     -93.6278
   5193    4271  5624.89    4388.52  114.0160  21.9746   1.5468     -91.9430
   5193    4393  5642.27    4509.44  114.0394  21.9710   1.7455     -90.6378
   5193    4515  5659.67    4630.47  114.0627  21.9675   1.9451     -89.5974
   5193    4637  5677.09    4751.61  114.0861  21.9639   2.1453     -88.7486
   5193    4759  5694.53    4872.88  114.1095  21.9603   2.3461     -88.0428
   5193    4881  5711.98    4994.29  114.1329  21.9567   2.5473     -87.4464
   5193    5003  5729.46    5115.85  114.1563  21.9531   2.7490     -86.9357
   5193    5125  5746.96    5237.56  114.1798  21.9495   2.9510     -86.4931
   5193    5247  5764.48    5359.44  114.2033  21.9459   3.1534     -86.1058
   5193    5369  5782.03    5481.49  114.2268  21.9422   3.3562     -85.7637
   5193    5491  5799.61    5603.73  114.2504  21.9386   3.5592     -85.4593
   5193    5613  5817.21    5726.17  114.2740  21.9350   3.7627     -85.1865
   5193    5735  5834.85    5848.82  114.2976  21.9313   3.9664     -84.9404
   5193    5857  5852.51    5971.68  114.3213  21.9276   4.1705     -84.7171
   5193    6000  5873.26    6115.98  114.3491  21.9233   4.4101     -84.4804
   5311       1  5130.83    122.90  113.1919  22.0769   5.5750     102.1073
   5311     123  5148.58    246.33  113.2157  22.0734   5.3703     102.2350
   5311     245  5166.29    369.51  113.2395  22.0699   5.1659     102.3719
   5311     367  5183.97    492.47  113.2633  22.0664   4.9618     102.5191
   5311     489  5201.62    615.21  113.2870  22.0628   4.7579     102.6779
   5311     611  5219.24    737.73  113.3107  22.0593   4.5544     102.8499
   5311     733  5236.83    860.05  113.3344  22.0558   4.3512     103.0368
   5311     855  5254.39    982.18  113.3580  22.0523   4.1482     103.2410
   5311     977  5271.92    1104.13  113.3815  22.0488   3.9455     103.4649
   5311    1099  5289.44    1225.91  113.4050  22.0453   3.7430     103.7119
   5311    1221  5306.92    1347.53  113.4285  22.0418   3.5409     103.9858
   5311    1343  5324.39    1469.00  113.4520  22.0383   3.3390     104.2914
   5311    1465  5341.83    1590.32  113.4754  22.0348   3.1373     104.6350
   5311    1587  5359.26    1711.51  113.4989  22.0313   2.9360     105.0241
   5311    1709  5376.67    1832.58  113.5222  22.0278   2.7349     105.4688
   5311    1831  5394.06    1953.55  113.5456  22.0243   2.5341     105.9823
   5311    1953  5411.44    2074.40  113.5689  22.0208   2.3337     106.5822
   5311    2075  5428.81    2195.17  113.5923  22.0173   2.1337     107.2925
   5311    2197  5446.16    2315.86  113.6156  22.0138   1.9342     108.1474
   5311    2319  5463.50    2436.47  113.6389  22.0103   1.7353     109.1960
   5311    2441  5480.84    2557.03  113.6621  22.0068   1.5371     110.5128
   5311    2563  5498.17    2677.53  113.6854  22.0032   1.3401     112.2149
   5311    2685  5515.49    2797.99  113.7087  21.9997   1.1446     114.4972
   5311    2807  5532.80    2918.41  113.7319  21.9962   0.9518     117.7073
   5311    2929  5550.12    3038.82  113.7552  21.9927   0.7634     122.5185
   5311    3051  5567.43    3159.21  113.7784  21.9892   0.5839     130.3709
   5311    3173  5584.74    3279.61  113.8016  21.9857   0.4244     144.5894
   5311    3295  5602.05    3400.01  113.8249  21.9821   0.3171     171.4717
   5311    3417  5619.37    3520.42  113.8481  21.9786   0.3196     -151.6217
   5311    3539  5636.69    3640.87  113.8713  21.9751   0.4301     -125.3325
   5311    3661  5654.02    3761.35  113.8946  21.9715   0.5908     -111.4626
   5311    3783  5671.35    3881.89  113.9178  21.9680   0.7711     -103.7723
   5311    3905  5688.69    4002.47  113.9411  21.9645   0.9599     -99.0427
   5311    4027  5706.04    4123.13  113.9644  21.9609   1.1533     -95.8782
   5311    4149  5723.40    4243.86  113.9877  21.9574   1.3492     -93.6235
   5311    4271  5740.77    4364.69  114.0110  21.9538   1.5468     -91.9393
   5311    4393  5758.16    4485.60  114.0343  21.9502   1.7455     -90.6347
   5311    4515  5775.57    4606.63  114.0576  21.9466   1.9451     -89.5948
   5311    4637  5792.99    4727.77  114.0810  21.9431   2.1453     -88.7464
   5311    4759  5810.43    4849.04  114.1044  21.9395   2.3461     -88.0409
   5311    4881  5827.88    4970.45  114.1278  21.9359   2.5473     -87.4448
   5311    5003  5845.36    5092.00  114.1512  21.9323   2.7490     -86.9343
   5311    5125  5862.87    5213.71  114.1747  21.9287   2.9510     -86.4919
   5311    5247  5880.39    5335.59  114.1982  21.9250   3.1534     -86.1048
   5311    5369  5897.95    5457.64  114.2217  21.9214   3.3562     -85.7629
   5311    5491  5915.53    5579.88  114.2453  21.9178   3.5592     -85.4586
   5311    5613  5933.13    5702.32  114.2689  21.9141   3.7627     -85.1859
   5311    5735  5950.77    5824.97  114.2925  21.9105   3.9664     -84.9399
   5311    5857  5968.44    5947.83  114.3162  21.9068   4.1705     -84.7168
   5311    6000  5989.19    6092.13  114.3440  21.9025   4.4101     -84.4801
   5429       1  5246.61    99.09  113.1869  22.0561   5.5750     102.1048
   5429     123  5264.36    222.52  113.2108  22.0526   5.3703     102.2325
   5429     245  5282.08    345.71  113.2346  22.0490   5.1659     102.3693
   5429     367  5299.76    468.66  113.2584  22.0455   4.9617     102.5164
   5429     489  5317.41    591.40  113.2821  22.0420   4.7579     102.6751
   5429     611  5335.03    713.92  113.3058  22.0385   4.5544     102.8470
   5429     733  5352.62    836.24  113.3294  22.0350   4.3511     103.0339
   5429     855  5370.19    958.37  113.3530  22.0315   4.1482     103.2380
   5429     977  5387.73    1080.32  113.3766  22.0280   3.9455     103.4618
   5429    1099  5405.24    1202.10  113.4001  22.0245   3.7430     103.7087
   5429    1221  5422.73    1323.71  113.4236  22.0209   3.5408     103.9824
   5429    1343  5440.20    1445.18  113.4470  22.0174   3.3389     104.2879
   5429    1465  5457.65    1566.50  113.4705  22.0139   3.1373     104.6313
   5429    1587  5475.08    1687.69  113.4939  22.0104   2.9359     105.0203
   5429    1709  5492.49    1808.76  113.5173  22.0069   2.7349     105.4648
   5429    1831  5509.89    1929.72  113.5406  22.0034   2.5341     105.9780
   5429    1953  5527.27    2050.58  113.5640  21.9999   2.3337     106.5776
   5429    2075  5544.64    2171.35  113.5873  21.9964   2.1337     107.2877
   5429    2197  5561.99    2292.03  113.6106  21.9929   1.9342     108.1422
   5429    2319  5579.34    2412.65  113.6339  21.9894   1.7352     109.1904
   5429    2441  5596.68    2533.20  113.6571  21.9859   1.5371     110.5066
   5429    2563  5614.01    2653.70  113.6804  21.9824   1.3400     112.2080
   5429    2685  5631.33    2774.16  113.7037  21.9789   1.1446     114.4895
   5429    2807  5648.65    2894.58  113.7269  21.9754   0.9517     117.6984
   5429    2929  5665.97    3014.99  113.7501  21.9719   0.7634     122.5081
   5429    3051  5683.28    3135.38  113.7734  21.9684   0.5838     130.3586
   5429    3173  5700.60    3255.77  113.7966  21.9648   0.4243     144.5759
   5429    3295  5717.92    3376.17  113.8198  21.9613   0.3170     171.4644
   5429    3417  5735.23    3496.59  113.8431  21.9578   0.3195     -151.6134
   5429    3539  5752.56    3617.03  113.8663  21.9543   0.4300     -125.3200
   5429    3661  5769.88    3737.52  113.8896  21.9507   0.5908     -111.4520
   5429    3783  5787.22    3858.05  113.9128  21.9472   0.7710     -103.7640
   5429    3905  5804.56    3978.63  113.9361  21.9436   0.9599     -99.0362
   5429    4027  5821.92    4099.29  113.9593  21.9401   1.1532     -95.8729
   5429    4149  5839.28    4220.02  113.9826  21.9365   1.3492     -93.6191
   5429    4271  5856.66    4340.84  114.0059  21.9330   1.5467     -91.9357
   5429    4393  5874.05    4461.76  114.0292  21.9294   1.7455     -90.6317
   5429    4515  5891.46    4582.78  114.0526  21.9258   1.9450     -89.5922
   5429    4637  5908.88    4703.92  114.0759  21.9222   2.1453     -88.7441
   5429    4759  5926.32    4825.19  114.0993  21.9187   2.3461     -88.0390
   5429    4881  5943.78    4946.60  114.1227  21.9151   2.5473     -87.4431
   5429    5003  5961.27    5068.15  114.1462  21.9115   2.7490     -86.9329
   5429    5125  5978.77    5189.86  114.1696  21.9078   2.9510     -86.4907
   5429    5247  5996.30    5311.74  114.1931  21.9042   3.1534     -86.1037
   5429    5369  6013.86    5433.79  114.2166  21.9006   3.3562     -85.7620
   5429    5491  6031.44    5556.03  114.2402  21.8970   3.5592     -85.4579
   5429    5613  6049.05    5678.46  114.2638  21.8933   3.7627     -85.1853
   5429    5735  6066.69    5801.11  114.2874  21.8897   3.9664     -84.9394
   5429    5857  6084.36    5923.97  114.3111  21.8860   4.1705     -84.7164
   5429    6000  6105.12    6068.26  114.3389  21.8817   4.4101     -84.4799
   5547       1  5362.38    75.28  113.1820  22.0352   5.5750     102.1023
   5547     123  5380.14    198.71  113.2059  22.0317   5.3703     102.2299
   5547     245  5397.86    321.90  113.2297  22.0282   5.1658     102.3667
   5547     367  5415.54    444.85  113.2534  22.0247   4.9617     102.5137
   5547     489  5433.20    567.59  113.2771  22.0212   4.7579     102.6724
   5547     611  5450.82    690.11  113.3008  22.0176   4.5544     102.8442
   5547     733  5468.42    812.43  113.3244  22.0141   4.3511     103.0310
   5547     855  5485.98    934.56  113.3480  22.0106   4.1481     103.2349
   5547     977  5503.53    1056.50  113.3716  22.0071   3.9454     103.4587
   5547    1099  5521.04    1178.28  113.3951  22.0036   3.7430     103.7054
   5547    1221  5538.54    1299.89  113.4186  22.0001   3.5408     103.9791
   5547    1343  5556.01    1421.36  113.4421  21.9966   3.3389     104.2844
   5547    1465  5573.46    1542.68  113.4655  21.9931   3.1373     104.6276
   5547    1587  5590.89    1663.87  113.4889  21.9896   2.9359     105.0164
   5547    1709  5608.31    1784.94  113.5123  21.9861   2.7348     105.4608
   5547    1831  5625.71    1905.90  113.5356  21.9826   2.5341     105.9738
   5547    1953  5643.09    2026.76  113.5590  21.9791   2.3337     106.5731
   5547    2075  5660.46    2147.52  113.5823  21.9756   2.1337     107.2828
   5547    2197  5677.82    2268.21  113.6056  21.9721   1.9341     108.1369
   5547    2319  5695.17    2388.82  113.6289  21.9686   1.7352     109.1847
   5547    2441  5712.51    2509.37  113.6521  21.9651   1.5370     110.5004
   5547    2563  5729.85    2629.87  113.6754  21.9616   1.3400     112.2011
   5547    2685  5747.18    2750.33  113.6986  21.9581   1.1446     114.4817
   5547    2807  5764.50    2870.75  113.7219  21.9546   0.9517     117.6894
   5547    2929  5781.82    2991.15  113.7451  21.9510   0.7633     122.4976
   5547    3051  5799.14    3111.55  113.7684  21.9475   0.5837     130.3462
   5547    3173  5816.46    3231.94  113.7916  21.9440   0.4242     144.5625
   5547    3295  5833.77    3352.33  113.8148  21.9405   0.3168     171.4571
   5547    3417  5851.10    3472.75  113.8380  21.9370   0.3193     -151.6051
   5547    3539  5868.42    3593.19  113.8613  21.9334   0.4299     -125.3074
   5547    3661  5885.75    3713.67  113.8845  21.9299   0.5907     -111.4415
   5547    3783  5903.09    3834.20  113.9078  21.9263   0.7710     -103.7557
   5547    3905  5920.44    3954.79  113.9310  21.9228   0.9599     -99.0296
   5547    4027  5937.79    4075.44  113.9543  21.9193   1.1532     -95.8676
   5547    4149  5955.16    4196.18  113.9776  21.9157   1.3491     -93.6147
   5547    4271  5972.54    4316.99  114.0009  21.9121   1.5467     -91.9320
   5547    4393  5989.94    4437.91  114.0242  21.9086   1.7455     -90.6286
   5547    4515  6007.35    4558.93  114.0475  21.9050   1.9450     -89.5896
   5547    4637  6024.77    4680.07  114.0709  21.9014   2.1453     -88.7419
   5547    4759  6042.22    4801.34  114.0943  21.8978   2.3461     -88.0370
   5547    4881  6059.68    4922.75  114.1177  21.8942   2.5473     -87.4415
   5547    5003  6077.17    5044.30  114.1411  21.8906   2.7490     -86.9315
   5547    5125  6094.68    5166.00  114.1646  21.8870   2.9510     -86.4895
   5547    5247  6112.21    5287.88  114.1880  21.8834   3.1534     -86.1027
   5547    5369  6129.77    5409.93  114.2116  21.8798   3.3562     -85.7611
   5547    5491  6147.36    5532.17  114.2351  21.8761   3.5592     -85.4571
   5547    5613  6164.97    5654.60  114.2587  21.8725   3.7627     -85.1847
   5547    5735  6182.61    5777.25  114.2823  21.8688   3.9664     -84.9389
   5547    5857  6200.29    5900.10  114.3060  21.8652   4.1705     -84.7160
   5547    6000  6221.05    6044.40  114.3338  21.8609   4.4101     -84.4796
   5665       1  5478.16    51.47  113.1771  22.0144   5.5750     102.0999
   5665     123  5495.91    174.90  113.2009  22.0109   5.3702     102.2274
   5665     245  5513.64    298.08  113.2247  22.0074   5.1658     102.3641
   5665     367  5531.33    421.04  113.2485  22.0038   4.9617     102.5110
   5665     489  5548.98    543.77  113.2722  22.0003   4.7579     102.6696
   5665     611  5566.61    666.29  113.2959  21.9968   4.5544     102.8414
   5665     733  5584.21    788.61  113.3195  21.9933   4.3511     103.0281
   5665     855  5601.78    910.74  113.3431  21.9898   4.1481     103.2319
   5665     977  5619.33    1032.68  113.3666  21.9863   3.9454     103.4556
   5665    1099  5636.85    1154.46  113.3902  21.9828   3.7430     103.7022
   5665    1221  5654.34    1276.07  113.4136  21.9793   3.5408     103.9757
   5665    1343  5671.82    1397.53  113.4371  21.9758   3.3389     104.2809
   5665    1465  5689.27    1518.85  113.4605  21.9723   3.1373     104.6240
   5665    1587  5706.71    1640.04  113.4839  21.9688   2.9359     105.0126
   5665    1709  5724.13    1761.11  113.5073  21.9653   2.7348     105.4567
   5665    1831  5741.53    1882.07  113.5307  21.9618   2.5341     105.9695
   5665    1953  5758.92    2002.93  113.5540  21.9583   2.3336     106.5686
   5665    2075  5776.29    2123.69  113.5773  21.9548   2.1336     107.2780
   5665    2197  5793.65    2244.37  113.6006  21.9513   1.9341     108.1317
   5665    2319  5811.01    2364.98  113.6239  21.9478   1.7352     109.1790
   5665    2441  5828.35    2485.53  113.6471  21.9442   1.5370     110.4942
   5665    2563  5845.69    2606.03  113.6704  21.9407   1.3400     112.1942
   5665    2685  5863.02    2726.49  113.6936  21.9372   1.1445     114.4739
   5665    2807  5880.34    2846.91  113.7169  21.9337   0.9516     117.6805
   5665    2929  5897.67    2967.32  113.7401  21.9302   0.7632     122.4871
   5665    3051  5914.99    3087.71  113.7633  21.9267   0.5836     130.3339
   5665    3173  5932.31    3208.09  113.7866  21.9232   0.4241     144.5490
   5665    3295  5949.63    3328.49  113.8098  21.9197   0.3167     171.4497
   5665    3417  5966.96    3448.91  113.8330  21.9161   0.3192     -151.5968
   5665    3539  5984.29    3569.35  113.8562  21.9126   0.4298     -125.2949
   5665    3661  6001.62    3689.83  113.8795  21.9091   0.5906     -111.4309
   5665    3783  6018.96    3810.36  113.9027  21.9055   0.7709     -103.7474
   5665    3905  6036.31    3930.94  113.9260  21.9020   0.9598     -99.0230
   5665    4027  6053.67    4051.59  113.9493  21.8984   1.1532     -95.8622
   5665    4149  6071.04    4172.32  113.9725  21.8949   1.3491     -93.6103
   5665    4271  6088.43    4293.14  113.9958  21.8913   1.5467     -91.9283
   5665    4393  6105.82    4414.06  114.0191  21.8877   1.7454     -90.6255
   5665    4515  6123.24    4535.08  114.0425  21.8842   1.9450     -89.5869
   5665    4637  6140.67    4656.22  114.0658  21.8806   2.1453     -88.7397
   5665    4759  6158.11    4777.48  114.0892  21.8770   2.3460     -88.0351
   5665    4881  6175.58    4898.89  114.1126  21.8734   2.5473     -87.4398
   5665    5003  6193.07    5020.44  114.1360  21.8698   2.7490     -86.9300
   5665    5125  6210.58    5142.14  114.1595  21.8662   2.9510     -86.4883
   5665    5247  6228.12    5264.02  114.1830  21.8626   3.1534     -86.1017
   5665    5369  6245.68    5386.07  114.2065  21.8590   3.3562     -85.7603
   5665    5491  6263.27    5508.31  114.2300  21.8553   3.5592     -85.4564
   5665    5613  6280.89    5630.74  114.2536  21.8517   3.7627     -85.1841
   5665    5735  6298.53    5753.38  114.2773  21.8480   3.9664     -84.9384
   5665    5857  6316.21    5876.24  114.3009  21.8444   4.1705     -84.7157
   5665    6000  6336.97    6020.53  114.3287  21.8401   4.4101     -84.4794
   5820       1  5630.23    20.18  113.1706  21.9870   5.5749     102.0966
   5820     123  5647.99    143.61  113.1944  21.9835   5.3702     102.2241
   5820     245  5665.72    266.79  113.2182  21.9800   5.1658     102.3606
   5820     367  5683.41    389.75  113.2420  21.9765   4.9617     102.5075
   5820     489  5701.08    512.48  113.2657  21.9729   4.7579     102.6660
   5820     611  5718.71    635.00  113.2894  21.9694   4.5543     102.8376
   5820     733  5736.31    757.31  113.3130  21.9659   4.3511     103.0242
   5820     855  5753.88    879.44  113.3366  21.9624   4.1481     103.2280
   5820     977  5771.43    1001.38  113.3601  21.9589   3.9454     103.4515
   5820    1099  5788.96    1123.16  113.3836  21.9554   3.7430     103.6979
   5820    1221  5806.46    1244.77  113.4071  21.9519   3.5408     103.9713
   5820    1343  5823.94    1366.23  113.4306  21.9484   3.3389     104.2763
   5820    1465  5841.40    1487.55  113.4540  21.9449   3.1372     104.6192
   5820    1587  5858.84    1608.74  113.4774  21.9414   2.9359     105.0075
   5820    1709  5876.26    1729.81  113.5008  21.9379   2.7348     105.4514
   5820    1831  5893.66    1850.76  113.5241  21.9344   2.5340     105.9639
   5820    1953  5911.06    1971.62  113.5474  21.9309   2.3336     106.5626
   5820    2075  5928.44    2092.38  113.5707  21.9274   2.1336     107.2716
   5820    2197  5945.80    2213.06  113.5940  21.9239   1.9341     108.1249
   5820    2319  5963.16    2333.67  113.6173  21.9204   1.7351     109.1716
   5820    2441  5980.51    2454.22  113.6406  21.9169   1.5370     110.4860
   5820    2563  5997.85    2574.72  113.6638  21.9134   1.3399     112.1851
   5820    2685  6015.18    2695.17  113.6871  21.9099   1.1445     114.4637
   5820    2807  6032.51    2815.59  113.7103  21.9064   0.9516     117.6687
   5820    2929  6049.84    2935.99  113.7335  21.9028   0.7632     122.4733
   5820    3051  6067.17    3056.38  113.7568  21.8993   0.5835     130.3176
   5820    3173  6084.49    3176.77  113.7800  21.8958   0.4240     144.5313
   5820    3295  6101.82    3297.17  113.8032  21.8923   0.3165     171.4401
   5820    3417  6119.15    3417.58  113.8264  21.8888   0.3190     -151.5859
   5820    3539  6136.48    3538.02  113.8496  21.8852   0.4297     -125.2784
   5820    3661  6153.82    3658.50  113.8729  21.8817   0.5905     -111.4171
   5820    3783  6171.16    3779.03  113.8961  21.8782   0.7709     -103.7365
   5820    3905  6188.52    3899.61  113.9194  21.8746   0.9598     -99.0143
   5820    4027  6205.88    4020.26  113.9426  21.8711   1.1532     -95.8552
   5820    4149  6223.25    4140.99  113.9659  21.8675   1.3491     -93.6046
   5820    4271  6240.64    4261.81  113.9892  21.8640   1.5467     -91.9235
   5820    4393  6258.04    4382.72  114.0125  21.8604   1.7454     -90.6214
   5820    4515  6275.46    4503.74  114.0358  21.8568   1.9450     -89.5835
   5820    4637  6292.89    4624.88  114.0592  21.8532   2.1453     -88.7367
   5820    4759  6310.35    4746.14  114.0825  21.8497   2.3460     -88.0326
   5820    4881  6327.82    4867.54  114.1059  21.8461   2.5473     -87.4377
   5820    5003  6345.31    4989.09  114.1294  21.8425   2.7490     -86.9282
   5820    5125  6362.83    5110.80  114.1528  21.8388   2.9510     -86.4867
   5820    5247  6380.37    5232.67  114.1763  21.8352   3.1534     -86.1003
   5820    5369  6397.93    5354.72  114.1998  21.8316   3.3562     -85.7591
   5820    5491  6415.53    5476.95  114.2234  21.8280   3.5592     -85.4555
   5820    5613  6433.15    5599.39  114.2469  21.8243   3.7626     -85.1833
   5820    5735  6450.80    5722.02  114.2706  21.8207   3.9664     -84.9378
   5820    5857  6468.48    5844.88  114.2942  21.8170   4.1705     -84.7152
   5820    6000  6489.25    5989.17  114.3220  21.8127   4.4101     -84.4790
