 #The Line and  Sample are according to LEVEL1 and LEVEL2 image 

 L1Line L1Sample  L2Line   L2Sample  Lon       Lat      Zenith    Azimuth
      1       1  -80.26    1197.48  113.4620  23.0153   5.5756     102.2960
      1     123  -62.47    1321.03  113.4860  23.0117   5.3709     102.4256
      1     245  -44.72    1444.33  113.5100  23.0082   5.1664     102.5645
      1     367  -26.99    1567.41  113.5340  23.0046   4.9623     102.7139
      1     489  -9.30    1690.26  113.5579  23.0010   4.7585     102.8749
      1     611   8.36    1812.91  113.5817  22.9974   4.5549     103.0494
      1     733  25.99    1935.35  113.6055  22.9938   4.3517     103.2390
      1     855  43.59    2057.60  113.6293  22.9903   4.1487     103.4460
      1     977  61.17    2179.66  113.6530  22.9867   3.9460     103.6730
      1    1099  78.72    2301.56  113.6767  22.9831   3.7436     103.9233
      1    1221  96.25    2423.30  113.7004  22.9796   3.5414     104.2009
      1    1343  113.76    2544.88  113.7240  22.9760   3.3395     104.5106
      1    1465  131.24    2666.32  113.7476  22.9724   3.1378     104.8587
      1    1587  148.71    2787.64  113.7712  22.9689   2.9365     105.2529
      1    1709  166.16    2908.83  113.7948  22.9653   2.7354     105.7033
      1    1831  183.60    3029.91  113.8183  22.9617   2.5347     106.2234
      1    1953  201.02    3150.88  113.8418  22.9582   2.3343     106.8308
      1    2075  218.43    3271.77  113.8653  22.9546   2.1343     107.5501
      1    2197  235.82    3392.58  113.8887  22.9511   1.9348     108.4155
      1    2319  253.21    3513.31  113.9122  22.9475   1.7360     109.4769
      1    2441  270.58    3633.98  113.9356  22.9439   1.5379     110.8094
      1    2563  287.95    3754.60  113.9591  22.9403   1.3409     112.5313
      1    2685  305.32    3875.18  113.9825  22.9368   1.1456     114.8393
      1    2807  322.68    3995.73  114.0059  22.9332   0.9530     118.0834
      1    2929  340.03    4116.26  114.0293  22.9296   0.7649     122.9404
      1    3051  357.39    4236.77  114.0527  22.9260   0.5858     130.8516
      1    3173  374.74    4357.28  114.0761  22.9225   0.4271     145.1153
      1    3295  392.10    4477.80  114.0995  22.9189   0.3207     171.8575
      1    3417  409.45    4598.34  114.1229  22.9153   0.3232     -151.6584
      1    3539  426.82    4718.91  114.1463  22.9117   0.4328     -125.5131
      1    3661  444.18    4839.51  114.1697  22.9081   0.5929     -111.6057
      1    3783  461.56    4960.17  114.1932  22.9045   0.7727     -103.8617
      1    3905  478.94    5080.88  114.2166  22.9009   0.9613     -99.0892
      1    4027  496.34    5201.65  114.2400  22.8972   1.1545     -95.8923
      1    4149  513.74    5322.51  114.2635  22.8936   1.3503     -93.6130
      1    4271  531.16    5443.45  114.2870  22.8900   1.5477     -91.9098
      1    4393  548.59    5564.49  114.3105  22.8864   1.7464     -90.5900
      1    4515  566.03    5685.64  114.3340  22.8827   1.9459     -89.5376
      1    4637  583.50    5806.91  114.3575  22.8791   2.1461     -88.6789
      1    4759  600.98    5928.30  114.3810  22.8754   2.3469     -87.9647
      1    4881  618.48    6049.83  114.4046  22.8718   2.5481     -87.3612
      1    5003  636.01    6171.51  114.4282  22.8681   2.7497     -86.8442
      1    5125  653.55    6293.35  114.4518  22.8644   2.9518     -86.3963
      1    5247  671.12    6415.35  114.4755  22.8607   3.1542     -86.0041
      1    5369  688.72    6537.53  114.4992  22.8570   3.3569     -85.6577
      1    5491  706.34    6659.89  114.5229  22.8533   3.5600     -85.3494
      1    5613  723.99    6782.46  114.5467  22.8496   3.7634     -85.0731
      1    5735  741.68    6905.23  114.5705  22.8459   3.9671     -84.8238
      1    5857  759.39    7028.22  114.5943  22.8422   4.1712     -84.5976
      1    6000  780.19    7172.66  114.6223  22.8378   4.4109     -84.3577
    119       1  35.52    1173.71  113.4570  22.9945   5.5756     102.2936
    119     123  53.32    1297.26  113.4810  22.9909   5.3708     102.4232
    119     245  71.07    1420.56  113.5050  22.9873   5.1664     102.5620
    119     367  88.80    1543.64  113.5289  22.9837   4.9623     102.7113
    119     489  106.49    1666.49  113.5528  22.9802   4.7585     102.8723
    119     611  124.16    1789.13  113.5767  22.9766   4.5549     103.0467
    119     733  141.79    1911.57  113.6005  22.9730   4.3517     103.2362
    119     855  159.40    2033.82  113.6242  22.9695   4.1487     103.4431
    119     977  176.98    2155.89  113.6480  22.9659   3.9460     103.6700
    119    1099  194.53    2277.78  113.6717  22.9623   3.7435     103.9202
    119    1221  212.07    2399.52  113.6953  22.9587   3.5414     104.1977
    119    1343  229.58    2521.10  113.7190  22.9552   3.3394     104.5073
    119    1465  247.07    2642.54  113.7426  22.9516   3.1378     104.8552
    119    1587  264.54    2763.85  113.7661  22.9481   2.9365     105.2493
    119    1709  281.99    2885.04  113.7897  22.9445   2.7354     105.6996
    119    1831  299.43    3006.12  113.8132  22.9409   2.5346     106.2194
    119    1953  316.86    3127.09  113.8367  22.9374   2.3343     106.8266
    119    2075  334.27    3247.98  113.8602  22.9338   2.1343     107.5456
    119    2197  351.67    3368.78  113.8837  22.9302   1.9348     108.4107
    119    2319  369.06    3489.52  113.9071  22.9267   1.7359     109.4717
    119    2441  386.44    3610.19  113.9306  22.9231   1.5378     110.8037
    119    2563  403.81    3730.81  113.9540  22.9195   1.3409     112.5250
    119    2685  421.17    3851.39  113.9774  22.9160   1.1456     114.8323
    119    2807  438.54    3971.93  114.0008  22.9124   0.9529     118.0754
    119    2929  455.90    4092.46  114.0242  22.9088   0.7648     122.9312
    119    3051  473.25    4212.97  114.0476  22.9052   0.5857     130.8410
    119    3173  490.61    4333.48  114.0710  22.9016   0.4270     145.1043
    119    3295  507.97    4454.00  114.0944  22.8981   0.3205     171.8528
    119    3417  525.33    4574.54  114.1178  22.8945   0.3231     -151.6495
    119    3539  542.70    4695.10  114.1412  22.8909   0.4328     -125.5012
    119    3661  560.07    4815.71  114.1646  22.8873   0.5928     -111.5961
    119    3783  577.45    4936.36  114.1880  22.8837   0.7727     -103.8543
    119    3905  594.83    5057.07  114.2115  22.8801   0.9613     -99.0834
    119    4027  612.23    5177.84  114.2349  22.8764   1.1545     -95.8877
    119    4149  629.64    5298.70  114.2584  22.8728   1.3503     -93.6093
    119    4271  647.06    5419.64  114.2818  22.8692   1.5477     -91.9067
    119    4393  664.49    5540.68  114.3053  22.8656   1.7464     -90.5874
    119    4515  681.94    5661.83  114.3288  22.8619   1.9459     -89.5355
    119    4637  699.41    5783.09  114.3523  22.8583   2.1461     -88.6771
    119    4759  716.89    5904.48  114.3759  22.8546   2.3469     -87.9632
    119    4881  734.40    6026.01  114.3995  22.8510   2.5481     -87.3599
    119    5003  751.93    6147.69  114.4231  22.8473   2.7498     -86.8432
    119    5125  769.48    6269.52  114.4467  22.8436   2.9518     -86.3954
    119    5247  787.05    6391.52  114.4703  22.8399   3.1542     -86.0034
    119    5369  804.65    6513.70  114.4940  22.8362   3.3569     -85.6572
    119    5491  822.28    6636.07  114.5178  22.8325   3.5600     -85.3490
    119    5613  839.93    6758.63  114.5415  22.8288   3.7634     -85.0728
    119    5735  857.62    6881.40  114.5653  22.8251   3.9672     -84.8236
    119    5857  875.33    7004.39  114.5892  22.8214   4.1712     -84.5975
    119    6000  896.14    7148.83  114.6172  22.8170   4.4109     -84.3577
    237       1  151.31    1149.93  113.4520  22.9737   5.5755     102.2912
    237     123  169.10    1273.48  113.4760  22.9701   5.3708     102.4207
    237     245  186.86    1396.78  113.5000  22.9665   5.1664     102.5595
    237     367  204.59    1519.86  113.5239  22.9629   4.9622     102.7087
    237     489  222.29    1642.71  113.5478  22.9593   4.7584     102.8697
    237     611  239.96    1765.35  113.5716  22.9558   4.5549     103.0439
    237     733  257.59    1887.79  113.5954  22.9522   4.3516     103.2334
    237     855  275.20    2010.04  113.6192  22.9486   4.1486     103.4402
    237     977  292.79    2132.10  113.6429  22.9451   3.9459     103.6670
    237    1099  310.35    2254.00  113.6666  22.9415   3.7435     103.9172
    237    1221  327.88    2375.73  113.6903  22.9379   3.5413     104.1945
    237    1343  345.40    2497.31  113.7139  22.9344   3.3394     104.5040
    237    1465  362.89    2618.75  113.7375  22.9308   3.1378     104.8518
    237    1587  380.37    2740.06  113.7611  22.9272   2.9364     105.2457
    237    1709  397.82    2861.25  113.7846  22.9237   2.7354     105.6958
    237    1831  415.27    2982.33  113.8081  22.9201   2.5346     106.2154
    237    1953  432.69    3103.30  113.8316  22.9165   2.3342     106.8224
    237    2075  450.11    3224.19  113.8551  22.9130   2.1342     107.5411
    237    2197  467.51    3344.99  113.8786  22.9094   1.9348     108.4059
    237    2319  484.90    3465.72  113.9020  22.9058   1.7359     109.4665
    237    2441  502.29    3586.39  113.9255  22.9023   1.5378     110.7981
    237    2563  519.66    3707.01  113.9489  22.8987   1.3408     112.5188
    237    2685  537.03    3827.58  113.9723  22.8951   1.1455     114.8253
    237    2807  554.40    3948.13  113.9957  22.8916   0.9528     118.0675
    237    2929  571.76    4068.65  114.0191  22.8880   0.7647     122.9220
    237    3051  589.12    4189.17  114.0425  22.8844   0.5856     130.8304
    237    3173  606.48    4309.67  114.0659  22.8808   0.4269     145.0933
    237    3295  623.84    4430.19  114.0893  22.8772   0.3204     171.8481
    237    3417  641.21    4550.73  114.1127  22.8736   0.3230     -151.6406
    237    3539  658.58    4671.29  114.1361  22.8701   0.4327     -125.4894
    237    3661  675.95    4791.90  114.1595  22.8665   0.5928     -111.5864
    237    3783  693.33    4912.55  114.1829  22.8628   0.7726     -103.8468
    237    3905  710.72    5033.25  114.2063  22.8592   0.9613     -99.0775
    237    4027  728.12    5154.03  114.2298  22.8556   1.1544     -95.8830
    237    4149  745.53    5274.88  114.2532  22.8520   1.3502     -93.6055
    237    4271  762.96    5395.82  114.2767  22.8484   1.5477     -91.9036
    237    4393  780.39    5516.86  114.3002  22.8447   1.7464     -90.5848
    237    4515  797.85    5638.01  114.3237  22.8411   1.9459     -89.5333
    237    4637  815.32    5759.27  114.3472  22.8375   2.1461     -88.6753
    237    4759  832.81    5880.66  114.3707  22.8338   2.3469     -87.9617
    237    4881  850.32    6002.19  114.3943  22.8301   2.5481     -87.3587
    237    5003  867.85    6123.87  114.4179  22.8265   2.7498     -86.8422
    237    5125  885.40    6245.70  114.4415  22.8228   2.9518     -86.3946
    237    5247  902.98    6367.70  114.4652  22.8191   3.1542     -86.0027
    237    5369  920.58    6489.88  114.4889  22.8154   3.3569     -85.6567
    237    5491  938.21    6612.24  114.5126  22.8117   3.5600     -85.3486
    237    5613  955.87    6734.80  114.5363  22.8080   3.7634     -85.0725
    237    5735  973.56    6857.57  114.5601  22.8043   3.9672     -84.8234
    237    5857  991.28    6980.55  114.5840  22.8006   4.1712     -84.5974
    237    6000  1012.09    7125.00  114.6120  22.7962   4.4109     -84.3578
    355       1  267.09    1126.16  113.4470  22.9528   5.5755     102.2889
    355     123  284.89    1249.70  113.4710  22.9493   5.3708     102.4183
    355     245  302.65    1373.00  113.4950  22.9457   5.1663     102.5570
    355     367  320.39    1496.08  113.5189  22.9421   4.9622     102.7061
    355     489  338.09    1618.93  113.5428  22.9385   4.7584     102.8670
    355     611  355.76    1741.57  113.5666  22.9349   4.5549     103.0412
    355     733  373.40    1864.00  113.5904  22.9314   4.3516     103.2306
    355     855  391.01    1986.25  113.6142  22.9278   4.1486     103.4373
    355     977  408.60    2108.31  113.6379  22.9242   3.9459     103.6641
    355    1099  426.16    2230.21  113.6616  22.9207   3.7435     103.9141
    355    1221  443.70    2351.94  113.6852  22.9171   3.5413     104.1913
    355    1343  461.22    2473.52  113.7089  22.9135   3.3394     104.5007
    355    1465  478.71    2594.96  113.7325  22.9100   3.1377     104.8483
    355    1587  496.19    2716.27  113.7560  22.9064   2.9364     105.2420
    355    1709  513.65    2837.45  113.7796  22.9029   2.7353     105.6920
    355    1831  531.10    2958.53  113.8031  22.8993   2.5346     106.2115
    355    1953  548.53    3079.50  113.8266  22.8957   2.3342     106.8182
    355    2075  565.95    3200.39  113.8501  22.8922   2.1342     107.5366
    355    2197  583.35    3321.19  113.8735  22.8886   1.9347     108.4011
    355    2319  600.75    3441.92  113.8970  22.8850   1.7358     109.4613
    355    2441  618.13    3562.59  113.9204  22.8815   1.5378     110.7924
    355    2563  635.51    3683.20  113.9438  22.8779   1.3408     112.5125
    355    2685  652.89    3803.78  113.9672  22.8743   1.1455     114.8183
    355    2807  670.26    3924.32  113.9906  22.8707   0.9528     118.0595
    355    2929  687.62    4044.85  114.0140  22.8672   0.7647     122.9129
    355    3051  704.99    4165.36  114.0374  22.8636   0.5855     130.8198
    355    3173  722.35    4285.87  114.0608  22.8600   0.4268     145.0823
    355    3295  739.72    4406.38  114.0842  22.8564   0.3203     171.8434
    355    3417  757.08    4526.92  114.1076  22.8528   0.3229     -151.6317
    355    3539  774.46    4647.48  114.1310  22.8492   0.4326     -125.4775
    355    3661  791.83    4768.08  114.1544  22.8456   0.5927     -111.5767
    355    3783  809.22    4888.73  114.1778  22.8420   0.7726     -103.8393
    355    3905  826.61    5009.44  114.2012  22.8384   0.9613     -99.0717
    355    4027  844.01    5130.21  114.2246  22.8348   1.1544     -95.8784
    355    4149  861.43    5251.06  114.2481  22.8312   1.3502     -93.6017
    355    4271  878.86    5372.00  114.2716  22.8276   1.5477     -91.9005
    355    4393  896.30    5493.04  114.2950  22.8239   1.7464     -90.5822
    355    4515  913.75    5614.19  114.3185  22.8203   1.9459     -89.5312
    355    4637  931.23    5735.45  114.3420  22.8167   2.1461     -88.6735
    355    4759  948.72    5856.84  114.3656  22.8130   2.3469     -87.9602
    355    4881  966.23    5978.36  114.3891  22.8093   2.5481     -87.3574
    355    5003  983.77    6100.04  114.4127  22.8057   2.7498     -86.8411
    355    5125  1001.32    6221.87  114.4364  22.8020   2.9518     -86.3937
    355    5247  1018.90    6343.87  114.4600  22.7983   3.1542     -86.0020
    355    5369  1036.51    6466.04  114.4837  22.7946   3.3569     -85.6561
    355    5491  1054.14    6588.41  114.5074  22.7909   3.5600     -85.3482
    355    5613  1071.80    6710.97  114.5312  22.7872   3.7634     -85.0722
    355    5735  1089.49    6833.73  114.5550  22.7835   3.9672     -84.8232
    355    5857  1107.22    6956.72  114.5788  22.7798   4.1713     -84.5973
    355    6000  1128.03    7101.16  114.6068  22.7754   4.4109     -84.3578
    473       1  382.87    1102.37  113.4420  22.9320   5.5755     102.2865
    473     123  400.67    1225.92  113.4660  22.9284   5.3707     102.4158
    473     245  418.44    1349.22  113.4899  22.9248   5.1663     102.5545
    473     367  436.18    1472.29  113.5139  22.9213   4.9622     102.7036
    473     489  453.88    1595.14  113.5377  22.9177   4.7584     102.8644
    473     611  471.55    1717.78  113.5616  22.9141   4.5548     103.0385
    473     733  489.20    1840.21  113.5854  22.9105   4.3516     103.2278
    473     855  506.81    1962.46  113.6091  22.9070   4.1486     103.4344
    473     977  524.40    2084.52  113.6329  22.9034   3.9459     103.6611
    473    1099  541.97    2206.41  113.6565  22.8998   3.7434     103.9110
    473    1221  559.51    2328.14  113.6802  22.8963   3.5413     104.1881
    473    1343  577.03    2449.72  113.7038  22.8927   3.3394     104.4974
    473    1465  594.53    2571.16  113.7274  22.8892   3.1377     104.8449
    473    1587  612.02    2692.47  113.7510  22.8856   2.9364     105.2384
    473    1709  629.48    2813.65  113.7745  22.8820   2.7353     105.6882
    473    1831  646.93    2934.73  113.7980  22.8785   2.5345     106.2075
    473    1953  664.36    3055.70  113.8215  22.8749   2.3342     106.8140
    473    2075  681.78    3176.58  113.8450  22.8713   2.1342     107.5321
    473    2197  699.19    3297.38  113.8684  22.8678   1.9347     108.3963
    473    2319  716.59    3418.11  113.8919  22.8642   1.7358     109.4561
    473    2441  733.98    3538.78  113.9153  22.8606   1.5377     110.7867
    473    2563  751.36    3659.40  113.9387  22.8571   1.3407     112.5063
    473    2685  768.74    3779.97  113.9621  22.8535   1.1454     114.8113
    473    2807  786.11    3900.51  113.9855  22.8499   0.9527     118.0515
    473    2929  803.48    4021.03  114.0089  22.8464   0.7646     122.9036
    473    3051  820.85    4141.54  114.0323  22.8428   0.5854     130.8092
    473    3173  838.22    4262.05  114.0557  22.8392   0.4267     145.0713
    473    3295  855.59    4382.57  114.0791  22.8356   0.3202     171.8387
    473    3417  872.96    4503.10  114.1025  22.8320   0.3228     -151.6228
    473    3539  890.33    4623.66  114.1259  22.8284   0.4325     -125.4657
    473    3661  907.71    4744.26  114.1493  22.8248   0.5927     -111.5671
    473    3783  925.10    4864.91  114.1727  22.8212   0.7726     -103.8319
    473    3905  942.50    4985.62  114.1961  22.8176   0.9612     -99.0659
    473    4027  959.90    5106.39  114.2195  22.8140   1.1544     -95.8737
    473    4149  977.32    5227.24  114.2430  22.8104   1.3502     -93.5979
    473    4271  994.75    5348.18  114.2664  22.8068   1.5477     -91.8973
    473    4393  1012.20    5469.21  114.2899  22.8031   1.7464     -90.5797
    473    4515  1029.66    5590.36  114.3134  22.7995   1.9459     -89.5290
    473    4637  1047.13    5711.62  114.3369  22.7958   2.1461     -88.6717
    473    4759  1064.63    5833.01  114.3604  22.7922   2.3469     -87.9587
    473    4881  1082.15    5954.53  114.3840  22.7885   2.5481     -87.3562
    473    5003  1099.68    6076.20  114.4076  22.7849   2.7498     -86.8401
    473    5125  1117.24    6198.03  114.4312  22.7812   2.9518     -86.3928
    473    5247  1134.83    6320.03  114.4548  22.7775   3.1542     -86.0013
    473    5369  1152.43    6442.21  114.4785  22.7738   3.3569     -85.6556
    473    5491  1170.07    6564.57  114.5022  22.7701   3.5600     -85.3478
    473    5613  1187.74    6687.13  114.5260  22.7664   3.7634     -85.0719
    473    5735  1205.43    6809.89  114.5498  22.7627   3.9672     -84.8230
    473    5857  1223.16    6932.87  114.5736  22.7590   4.1713     -84.5972
    473    6000  1243.98    7077.32  114.6016  22.7546   4.4109     -84.3578
    591       1  498.65    1078.58  113.4369  22.9112   5.5755     102.2841
    591     123  516.45    1202.13  113.4610  22.9076   5.3707     102.4134
    591     245  534.23    1325.43  113.4849  22.9040   5.1663     102.5520
    591     367  551.97    1448.50  113.5088  22.9004   4.9622     102.7010
    591     489  569.67    1571.35  113.5327  22.8969   4.7583     102.8617
    591     611  587.35    1693.98  113.5566  22.8933   4.5548     103.0358
    591     733  605.00    1816.42  113.5803  22.8897   4.3515     103.2250
    591     855  622.62    1938.66  113.6041  22.8862   4.1486     103.4316
    591     977  640.21    2060.72  113.6278  22.8826   3.9459     103.6581
    591    1099  657.78    2182.61  113.6515  22.8790   3.7434     103.9079
    591    1221  675.33    2304.34  113.6751  22.8755   3.5412     104.1849
    591    1343  692.85    2425.92  113.6988  22.8719   3.3393     104.4941
    591    1465  710.35    2547.36  113.7223  22.8683   3.1377     104.8414
    591    1587  727.84    2668.67  113.7459  22.8648   2.9363     105.2348
    591    1709  745.31    2789.85  113.7694  22.8612   2.7353     105.6844
    591    1831  762.76    2910.92  113.7930  22.8576   2.5345     106.2035
    591    1953  780.20    3031.90  113.8164  22.8541   2.3341     106.8098
    591    2075  797.62    3152.78  113.8399  22.8505   2.1341     107.5277
    591    2197  815.03    3273.58  113.8634  22.8470   1.9346     108.3914
    591    2319  832.43    3394.30  113.8868  22.8434   1.7357     109.4509
    591    2441  849.83    3514.97  113.9102  22.8398   1.5377     110.7811
    591    2563  867.21    3635.58  113.9336  22.8363   1.3407     112.5000
    591    2685  884.59    3756.16  113.9570  22.8327   1.1454     114.8043
    591    2807  901.97    3876.70  113.9804  22.8291   0.9527     118.0436
    591    2929  919.34    3997.22  114.0038  22.8255   0.7645     122.8944
    591    3051  936.71    4117.73  114.0272  22.8220   0.5854     130.7986
    591    3173  954.08    4238.23  114.0506  22.8184   0.4266     145.0603
    591    3295  971.46    4358.75  114.0740  22.8148   0.3200     171.8340
    591    3417  988.83    4479.28  114.0974  22.8112   0.3227     -151.6139
    591    3539  1006.21    4599.84  114.1208  22.8076   0.4325     -125.4538
    591    3661  1023.59    4720.44  114.1442  22.8040   0.5927     -111.5574
    591    3783  1040.98    4841.08  114.1676  22.8004   0.7726     -103.8244
    591    3905  1058.38    4961.79  114.1910  22.7968   0.9612     -99.0600
    591    4027  1075.79    5082.56  114.2144  22.7932   1.1544     -95.8691
    591    4149  1093.21    5203.41  114.2378  22.7896   1.3502     -93.5942
    591    4271  1110.65    5324.35  114.2613  22.7859   1.5477     -91.8942
    591    4393  1128.10    5445.38  114.2848  22.7823   1.7464     -90.5771
    591    4515  1145.56    5566.52  114.3082  22.7787   1.9459     -89.5269
    591    4637  1163.04    5687.78  114.3318  22.7750   2.1461     -88.6699
    591    4759  1180.54    5809.17  114.3553  22.7714   2.3469     -87.9572
    591    4881  1198.06    5930.70  114.3788  22.7677   2.5481     -87.3549
    591    5003  1215.60    6052.37  114.4024  22.7641   2.7498     -86.8390
    591    5125  1233.16    6174.20  114.4260  22.7604   2.9518     -86.3920
    591    5247  1250.75    6296.19  114.4497  22.7567   3.1542     -86.0006
    591    5369  1268.36    6418.36  114.4734  22.7530   3.3569     -85.6550
    591    5491  1286.00    6540.73  114.4971  22.7493   3.5600     -85.3474
    591    5613  1303.67    6663.28  114.5208  22.7456   3.7634     -85.0716
    591    5735  1321.37    6786.05  114.5446  22.7419   3.9672     -84.8228
    591    5857  1339.10    6909.03  114.5684  22.7382   4.1713     -84.5971
    591    6000  1359.92    7053.47  114.5964  22.7338   4.4109     -84.3578
    709       1  614.43    1054.79  113.4319  22.8904   5.5754     102.2817
    709     123  632.24    1178.34  113.4560  22.8868   5.3707     102.4109
    709     245  650.01    1301.64  113.4799  22.8832   5.1663     102.5495
    709     367  667.75    1424.70  113.5038  22.8796   4.9621     102.6984
    709     489  685.46    1547.55  113.5277  22.8760   4.7583     102.8591
    709     611  703.14    1670.19  113.5515  22.8725   4.5548     103.0331
    709     733  720.80    1792.62  113.5753  22.8689   4.3515     103.2222
    709     855  738.42    1914.86  113.5991  22.8653   4.1485     103.4287
    709     977  756.02    2036.92  113.6228  22.8618   3.9458     103.6552
    709    1099  773.59    2158.81  113.6465  22.8582   3.7434     103.9049
    709    1221  791.14    2280.54  113.6701  22.8546   3.5412     104.1818
    709    1343  808.67    2402.12  113.6937  22.8511   3.3393     104.4907
    709    1465  826.17    2523.55  113.7173  22.8475   3.1377     104.8380
    709    1587  843.66    2644.86  113.7408  22.8439   2.9363     105.2312
    709    1709  861.13    2766.04  113.7644  22.8404   2.7352     105.6807
    709    1831  878.59    2887.11  113.7879  22.8368   2.5345     106.1995
    709    1953  896.03    3008.09  113.8114  22.8333   2.3341     106.8056
    709    2075  913.46    3128.96  113.8348  22.8297   2.1341     107.5232
    709    2197  930.87    3249.76  113.8583  22.8261   1.9346     108.3866
    709    2319  948.28    3370.49  113.8817  22.8226   1.7357     109.4457
    709    2441  965.67    3491.15  113.9051  22.8190   1.5376     110.7754
    709    2563  983.06    3611.77  113.9286  22.8154   1.3406     112.4938
    709    2685  1000.45    3732.34  113.9520  22.8119   1.1453     114.7973
    709    2807  1017.82    3852.88  113.9754  22.8083   0.9526     118.0356
    709    2929  1035.20    3973.40  113.9987  22.8047   0.7645     122.8852
    709    3051  1052.57    4093.91  114.0221  22.8011   0.5853     130.7880
    709    3173  1069.95    4214.41  114.0455  22.7976   0.4265     145.0493
    709    3295  1087.32    4334.92  114.0689  22.7940   0.3199     171.8293
    709    3417  1104.70    4455.46  114.0923  22.7904   0.3225     -151.6050
    709    3539  1122.08    4576.01  114.1156  22.7868   0.4324     -125.4419
    709    3661  1139.47    4696.61  114.1390  22.7832   0.5926     -111.5477
    709    3783  1156.87    4817.26  114.1624  22.7796   0.7725     -103.8169
    709    3905  1174.27    4937.96  114.1858  22.7760   0.9612     -99.0542
    709    4027  1191.68    5058.73  114.2093  22.7724   1.1544     -95.8644
    709    4149  1209.11    5179.58  114.2327  22.7688   1.3502     -93.5904
    709    4271  1226.54    5300.51  114.2562  22.7651   1.5477     -91.8911
    709    4393  1243.99    5421.55  114.2796  22.7615   1.7464     -90.5745
    709    4515  1261.46    5542.69  114.3031  22.7579   1.9459     -89.5247
    709    4637  1278.94    5663.95  114.3266  22.7542   2.1461     -88.6681
    709    4759  1296.45    5785.33  114.3501  22.7506   2.3469     -87.9557
    709    4881  1313.97    5906.86  114.3737  22.7469   2.5481     -87.3536
    709    5003  1331.51    6028.53  114.3973  22.7433   2.7498     -86.8380
    709    5125  1349.08    6150.35  114.4209  22.7396   2.9518     -86.3911
    709    5247  1366.67    6272.35  114.4445  22.7359   3.1542     -85.9999
    709    5369  1384.28    6394.52  114.4682  22.7322   3.3570     -85.6544
    709    5491  1401.93    6516.88  114.4919  22.7285   3.5600     -85.3469
    709    5613  1419.60    6639.43  114.5156  22.7248   3.7635     -85.0713
    709    5735  1437.30    6762.20  114.5394  22.7211   3.9672     -84.8226
    709    5857  1455.03    6885.18  114.5633  22.7173   4.1713     -84.5970
    709    6000  1475.86    7029.62  114.5912  22.7130   4.4109     -84.3578
    827       1  730.20    1031.00  113.4269  22.8695   5.5754     102.2793
    827     123  748.02    1154.54  113.4509  22.8659   5.3707     102.4085
    827     245  765.80    1277.84  113.4749  22.8624   5.1662     102.5470
    827     367  783.54    1400.90  113.4988  22.8588   4.9621     102.6959
    827     489  801.26    1523.75  113.5227  22.8552   4.7583     102.8565
    827     611  818.94    1646.38  113.5465  22.8516   4.5547     103.0304
    827     733  836.59    1768.82  113.5703  22.8481   4.3515     103.2194
    827     855  854.22    1891.06  113.5940  22.8445   4.1485     103.4258
    827     977  871.82    2013.12  113.6177  22.8409   3.9458     103.6522
    827    1099  889.40    2135.01  113.6414  22.8374   3.7433     103.9018
    827    1221  906.95    2256.73  113.6651  22.8338   3.5412     104.1786
    827    1343  924.48    2378.31  113.6887  22.8302   3.3393     104.4874
    827    1465  941.99    2499.74  113.7122  22.8267   3.1376     104.8345
    827    1587  959.48    2621.05  113.7358  22.8231   2.9363     105.2276
    827    1709  976.96    2742.23  113.7593  22.8196   2.7352     105.6769
    827    1831  994.42    2863.30  113.7828  22.8160   2.5344     106.1955
    827    1953  1011.86    2984.27  113.8063  22.8124   2.3340     106.8013
    827    2075  1029.29    3105.15  113.8298  22.8089   2.1341     107.5187
    827    2197  1046.71    3225.95  113.8532  22.8053   1.9346     108.3818
    827    2319  1064.12    3346.67  113.8767  22.8018   1.7357     109.4405
    827    2441  1081.52    3467.33  113.9001  22.7982   1.5376     110.7698
    827    2563  1098.91    3587.95  113.9235  22.7946   1.3406     112.4875
    827    2685  1116.30    3708.52  113.9469  22.7911   1.1453     114.7903
    827    2807  1133.68    3829.06  113.9703  22.7875   0.9526     118.0276
    827    2929  1151.06    3949.57  113.9936  22.7839   0.7644     122.8760
    827    3051  1168.44    4070.08  114.0170  22.7803   0.5852     130.7773
    827    3173  1185.81    4190.58  114.0404  22.7768   0.4264     145.0382
    827    3295  1203.19    4311.10  114.0638  22.7732   0.3198     171.8246
    827    3417  1220.57    4431.63  114.0872  22.7696   0.3224     -151.5961
    827    3539  1237.96    4552.18  114.1105  22.7660   0.4323     -125.4299
    827    3661  1255.35    4672.78  114.1339  22.7624   0.5926     -111.5380
    827    3783  1272.75    4793.42  114.1573  22.7588   0.7725     -103.8094
    827    3905  1290.15    4914.12  114.1807  22.7552   0.9612     -99.0483
    827    4027  1307.57    5034.89  114.2041  22.7516   1.1544     -95.8597
    827    4149  1325.00    5155.74  114.2276  22.7480   1.3502     -93.5866
    827    4271  1342.44    5276.68  114.2510  22.7443   1.5477     -91.8880
    827    4393  1359.89    5397.71  114.2745  22.7407   1.7464     -90.5719
    827    4515  1377.36    5518.85  114.2980  22.7371   1.9459     -89.5225
    827    4637  1394.85    5640.10  114.3215  22.7334   2.1461     -88.6663
    827    4759  1412.35    5761.49  114.3450  22.7298   2.3469     -87.9541
    827    4881  1429.88    5883.01  114.3685  22.7261   2.5481     -87.3524
    827    5003  1447.43    6004.68  114.3921  22.7224   2.7498     -86.8369
    827    5125  1464.99    6126.51  114.4157  22.7188   2.9518     -86.3902
    827    5247  1482.59    6248.50  114.4394  22.7151   3.1542     -85.9992
    827    5369  1500.21    6370.67  114.4630  22.7114   3.3570     -85.6539
    827    5491  1517.85    6493.03  114.4867  22.7077   3.5600     -85.3465
    827    5613  1535.53    6615.58  114.5105  22.7040   3.7635     -85.0710
    827    5735  1553.23    6738.34  114.5343  22.7003   3.9672     -84.8224
    827    5857  1570.97    6861.32  114.5581  22.6965   4.1713     -84.5969
    827    6000  1591.80    7005.76  114.5860  22.6922   4.4109     -84.3578
    945       1  845.98    1007.20  113.4219  22.8487   5.5754     102.2769
    945     123  863.80    1130.74  113.4459  22.8451   5.3706     102.4061
    945     245  881.58    1254.04  113.4699  22.8415   5.1662     102.5445
    945     367  899.33    1377.10  113.4938  22.8380   4.9621     102.6933
    945     489  917.05    1499.95  113.5177  22.8344   4.7583     102.8538
    945     611  934.73    1622.58  113.5415  22.8308   4.5547     103.0277
    945     733  952.39    1745.01  113.5653  22.8272   4.3515     103.2166
    945     855  970.02    1867.25  113.5890  22.8237   4.1485     103.4229
    945     977  987.62    1989.31  113.6127  22.8201   3.9458     103.6492
    945    1099  1005.20    2111.20  113.6364  22.8165   3.7433     103.8987
    945    1221  1022.76    2232.92  113.6600  22.8130   3.5411     104.1754
    945    1343  1040.29    2354.50  113.6836  22.8094   3.3392     104.4841
    945    1465  1057.81    2475.93  113.7072  22.8059   3.1376     104.8311
    945    1587  1075.30    2597.23  113.7307  22.8023   2.9362     105.2240
    945    1709  1092.78    2718.41  113.7543  22.7987   2.7352     105.6731
    945    1831  1110.24    2839.48  113.7778  22.7952   2.5344     106.1916
    945    1953  1127.69    2960.45  113.8012  22.7916   2.3340     106.7971
    945    2075  1145.12    3081.33  113.8247  22.7881   2.1340     107.5142
    945    2197  1162.55    3202.13  113.8482  22.7845   1.9345     108.3770
    945    2319  1179.96    3322.85  113.8716  22.7809   1.7356     109.4354
    945    2441  1197.36    3443.51  113.8950  22.7774   1.5375     110.7641
    945    2563  1214.76    3564.12  113.9184  22.7738   1.3406     112.4813
    945    2685  1232.15    3684.69  113.9418  22.7702   1.1452     114.7833
    945    2807  1249.53    3805.23  113.9652  22.7667   0.9525     118.0197
    945    2929  1266.91    3925.75  113.9886  22.7631   0.7643     122.8668
    945    3051  1284.30    4046.25  114.0119  22.7595   0.5851     130.7667
    945    3173  1301.68    4166.75  114.0353  22.7559   0.4263     145.0272
    945    3295  1319.06    4287.26  114.0587  22.7524   0.3197     171.8199
    945    3417  1336.44    4407.79  114.0820  22.7488   0.3223     -151.5871
    945    3539  1353.83    4528.35  114.1054  22.7452   0.4322     -125.4180
    945    3661  1371.23    4648.94  114.1288  22.7416   0.5925     -111.5282
    945    3783  1388.63    4769.59  114.1522  22.7380   0.7725     -103.8019
    945    3905  1406.04    4890.29  114.1756  22.7344   0.9612     -99.0424
    945    4027  1423.46    5011.06  114.1990  22.7308   1.1544     -95.8550
    945    4149  1440.89    5131.90  114.2224  22.7271   1.3502     -93.5828
    945    4271  1458.33    5252.83  114.2459  22.7235   1.5477     -91.8848
    945    4393  1475.79    5373.87  114.2693  22.7199   1.7464     -90.5693
    945    4515  1493.26    5495.00  114.2928  22.7163   1.9459     -89.5203
    945    4637  1510.75    5616.26  114.3163  22.7126   2.1461     -88.6644
    945    4759  1528.26    5737.64  114.3398  22.7090   2.3469     -87.9526
    945    4881  1545.79    5859.16  114.3634  22.7053   2.5481     -87.3511
    945    5003  1563.34    5980.83  114.3870  22.7016   2.7498     -86.8358
    945    5125  1580.91    6102.66  114.4106  22.6980   2.9518     -86.3893
    945    5247  1598.51    6224.65  114.4342  22.6943   3.1542     -85.9985
    945    5369  1616.13    6346.82  114.4579  22.6906   3.3570     -85.6533
    945    5491  1633.78    6469.17  114.4816  22.6869   3.5601     -85.3460
    945    5613  1651.46    6591.73  114.5053  22.6832   3.7635     -85.0706
    945    5735  1669.17    6714.49  114.5291  22.6795   3.9672     -84.8222
    945    5857  1686.91    6837.46  114.5529  22.6757   4.1713     -84.5968
    945    6000  1707.74    6981.90  114.5809  22.6714   4.4109     -84.3577
   1063       1  961.75    983.39  113.4169  22.8279   5.5754     102.2745
   1063     123  979.58    1106.93  113.4409  22.8243   5.3706     102.4036
   1063     245  997.36    1230.23  113.4649  22.8207   5.1662     102.5420
   1063     367  1015.11    1353.29  113.4888  22.8171   4.9621     102.6907
   1063     489  1032.83    1476.14  113.5126  22.8136   4.7582     102.8512
   1063     611  1050.52    1598.77  113.5365  22.8100   4.5547     103.0250
   1063     733  1068.19    1721.20  113.5602  22.8064   4.3514     103.2138
   1063     855  1085.82    1843.44  113.5840  22.8029   4.1484     103.4201
   1063     977  1103.43    1965.50  113.6077  22.7993   3.9457     103.6463
   1063    1099  1121.01    2087.38  113.6313  22.7957   3.7433     103.8957
   1063    1221  1138.57    2209.11  113.6550  22.7922   3.5411     104.1722
   1063    1343  1156.11    2330.68  113.6786  22.7886   3.3392     104.4808
   1063    1465  1173.62    2452.11  113.7021  22.7850   3.1376     104.8276
   1063    1587  1191.12    2573.41  113.7257  22.7815   2.9362     105.2204
   1063    1709  1208.60    2694.59  113.7492  22.7779   2.7351     105.6693
   1063    1831  1226.07    2815.66  113.7727  22.7744   2.5344     106.1876
   1063    1953  1243.52    2936.63  113.7962  22.7708   2.3340     106.7929
   1063    2075  1260.96    3057.50  113.8196  22.7672   2.1340     107.5097
   1063    2197  1278.38    3178.30  113.8431  22.7637   1.9345     108.3722
   1063    2319  1295.80    3299.02  113.8665  22.7601   1.7356     109.4302
   1063    2441  1313.20    3419.68  113.8899  22.7566   1.5375     110.7584
   1063    2563  1330.60    3540.29  113.9133  22.7530   1.3405     112.4750
   1063    2685  1347.99    3660.86  113.9367  22.7494   1.1452     114.7763
   1063    2807  1365.38    3781.40  113.9601  22.7458   0.9524     118.0117
   1063    2929  1382.77    3901.91  113.9835  22.7423   0.7643     122.8576
   1063    3051  1400.15    4022.42  114.0068  22.7387   0.5850     130.7561
   1063    3173  1417.54    4142.92  114.0302  22.7351   0.4262     145.0161
   1063    3295  1434.92    4263.43  114.0536  22.7315   0.3196     171.8151
   1063    3417  1452.31    4383.96  114.0769  22.7279   0.3222     -151.5781
   1063    3539  1469.70    4504.51  114.1003  22.7244   0.4322     -125.4061
   1063    3661  1487.10    4625.10  114.1237  22.7208   0.5925     -111.5185
   1063    3783  1504.50    4745.75  114.1471  22.7172   0.7724     -103.7944
   1063    3905  1521.92    4866.44  114.1705  22.7136   0.9611     -99.0366
   1063    4027  1539.34    4987.21  114.1939  22.7099   1.1543     -95.8503
   1063    4149  1556.77    5108.06  114.2173  22.7063   1.3502     -93.5789
   1063    4271  1574.22    5228.99  114.2408  22.7027   1.5477     -91.8817
   1063    4393  1591.68    5350.02  114.2642  22.6991   1.7464     -90.5667
   1063    4515  1609.16    5471.15  114.2877  22.6954   1.9459     -89.5182
   1063    4637  1626.65    5592.41  114.3112  22.6918   2.1461     -88.6626
   1063    4759  1644.16    5713.79  114.3347  22.6882   2.3469     -87.9511
   1063    4881  1661.70    5835.31  114.3582  22.6845   2.5481     -87.3498
   1063    5003  1679.25    5956.98  114.3818  22.6808   2.7498     -86.8348
   1063    5125  1696.83    6078.80  114.4054  22.6772   2.9518     -86.3885
   1063    5247  1714.43    6200.79  114.4290  22.6735   3.1542     -85.9978
   1063    5369  1732.05    6322.96  114.4527  22.6698   3.3570     -85.6527
   1063    5491  1749.71    6445.31  114.4764  22.6661   3.5601     -85.3456
   1063    5613  1767.39    6567.87  114.5001  22.6624   3.7635     -85.0703
   1063    5735  1785.10    6690.62  114.5239  22.6587   3.9672     -84.8220
   1063    5857  1802.84    6813.60  114.5477  22.6549   4.1713     -84.5967
   1063    6000  1823.68    6958.03  114.5757  22.6506   4.4109     -84.3577
   1181       1  1077.53    959.58  113.4119  22.8070   5.5753     102.2721
   1181     123  1095.35    1083.12  113.4359  22.8035   5.3706     102.4012
   1181     245  1113.14    1206.42  113.4599  22.7999   5.1662     102.5395
   1181     367  1130.90    1329.48  113.4838  22.7963   4.9620     102.6882
   1181     489  1148.62    1452.32  113.5076  22.7927   4.7582     102.8486
   1181     611  1166.31    1574.95  113.5314  22.7892   4.5547     103.0223
   1181     733  1183.98    1697.38  113.5552  22.7856   4.3514     103.2111
   1181     855  1201.62    1819.62  113.5789  22.7820   4.1484     103.4172
   1181     977  1219.23    1941.68  113.6026  22.7785   3.9457     103.6433
   1181    1099  1236.81    2063.56  113.6263  22.7749   3.7433     103.8926
   1181    1221  1254.38    2185.29  113.6499  22.7713   3.5411     104.1690
   1181    1343  1271.92    2306.86  113.6735  22.7678   3.3392     104.4775
   1181    1465  1289.44    2428.29  113.6971  22.7642   3.1375     104.8242
   1181    1587  1306.94    2549.59  113.7206  22.7607   2.9362     105.2168
   1181    1709  1324.42    2670.77  113.7442  22.7571   2.7351     105.6655
   1181    1831  1341.89    2791.83  113.7676  22.7535   2.5343     106.1836
   1181    1953  1359.35    2912.80  113.7911  22.7500   2.3339     106.7887
   1181    2075  1376.79    3033.68  113.8146  22.7464   2.1339     107.5052
   1181    2197  1394.21    3154.47  113.8380  22.7429   1.9344     108.3674
   1181    2319  1411.63    3275.19  113.8614  22.7393   1.7355     109.4250
   1181    2441  1429.04    3395.85  113.8848  22.7357   1.5374     110.7528
   1181    2563  1446.45    3516.46  113.9082  22.7322   1.3405     112.4688
   1181    2685  1463.84    3637.03  113.9316  22.7286   1.1451     114.7693
   1181    2807  1481.23    3757.56  113.9550  22.7250   0.9524     118.0037
   1181    2929  1498.62    3878.08  113.9784  22.7215   0.7642     122.8484
   1181    3051  1516.01    3998.58  114.0017  22.7179   0.5850     130.7454
   1181    3173  1533.40    4119.08  114.0251  22.7143   0.4261     145.0051
   1181    3295  1550.79    4239.59  114.0485  22.7107   0.3194     171.8104
   1181    3417  1568.18    4360.11  114.0718  22.7071   0.3221     -151.5691
   1181    3539  1585.57    4480.67  114.0952  22.7035   0.4321     -125.3941
   1181    3661  1602.97    4601.26  114.1186  22.6999   0.5924     -111.5088
   1181    3783  1620.38    4721.90  114.1420  22.6963   0.7724     -103.7869
   1181    3905  1637.80    4842.60  114.1654  22.6927   0.9611     -99.0307
   1181    4027  1655.22    4963.36  114.1888  22.6891   1.1543     -95.8456
   1181    4149  1672.66    5084.21  114.2122  22.6855   1.3502     -93.5751
   1181    4271  1690.11    5205.14  114.2356  22.6819   1.5477     -91.8786
   1181    4393  1707.57    5326.17  114.2591  22.6783   1.7464     -90.5641
   1181    4515  1725.05    5447.30  114.2826  22.6746   1.9459     -89.5160
   1181    4637  1742.55    5568.55  114.3060  22.6710   2.1461     -88.6608
   1181    4759  1760.07    5689.94  114.3296  22.6673   2.3469     -87.9495
   1181    4881  1777.60    5811.45  114.3531  22.6637   2.5481     -87.3485
   1181    5003  1795.16    5933.12  114.3767  22.6600   2.7498     -86.8337
   1181    5125  1812.74    6054.94  114.4003  22.6564   2.9518     -86.3876
   1181    5247  1830.34    6176.93  114.4239  22.6527   3.1542     -85.9971
   1181    5369  1847.97    6299.10  114.4475  22.6490   3.3570     -85.6522
   1181    5491  1865.63    6421.45  114.4712  22.6453   3.5601     -85.3452
   1181    5613  1883.31    6544.00  114.4950  22.6416   3.7635     -85.0700
   1181    5735  1901.03    6666.76  114.5187  22.6379   3.9672     -84.8218
   1181    5857  1918.77    6789.73  114.5425  22.6341   4.1713     -84.5966
   1181    6000  1939.62    6934.17  114.5705  22.6298   4.4110     -84.3577
   1299       1  1193.30    935.77  113.4069  22.7862   5.5753     102.2698
   1299     123  1211.13    1059.31  113.4309  22.7826   5.3706     102.3987
   1299     245  1228.92    1182.60  113.4548  22.7791   5.1661     102.5370
   1299     367  1246.68    1305.66  113.4787  22.7755   4.9620     102.6856
   1299     489  1264.41    1428.50  113.5026  22.7719   4.7582     102.8459
   1299     611  1282.10    1551.13  113.5264  22.7683   4.5546     103.0195
   1299     733  1299.77    1673.56  113.5502  22.7648   4.3514     103.2083
   1299     855  1317.41    1795.80  113.5739  22.7612   4.1484     103.4143
   1299     977  1335.03    1917.85  113.5976  22.7576   3.9457     103.6403
   1299    1099  1352.62    2039.74  113.6213  22.7541   3.7432     103.8895
   1299    1221  1370.18    2161.46  113.6449  22.7505   3.5410     104.1659
   1299    1343  1387.73    2283.03  113.6685  22.7470   3.3391     104.4742
   1299    1465  1405.25    2404.46  113.6920  22.7434   3.1375     104.8207
   1299    1587  1422.76    2525.76  113.7156  22.7398   2.9361     105.2132
   1299    1709  1440.24    2646.94  113.7391  22.7363   2.7351     105.6618
   1299    1831  1457.71    2768.00  113.7626  22.7327   2.5343     106.1796
   1299    1953  1475.17    2888.97  113.7861  22.7292   2.3339     106.7845
   1299    2075  1492.61    3009.84  113.8095  22.7256   2.1339     107.5008
   1299    2197  1510.05    3130.63  113.8329  22.7220   1.9344     108.3626
   1299    2319  1527.47    3251.35  113.8564  22.7185   1.7355     109.4198
   1299    2441  1544.88    3372.01  113.8798  22.7149   1.5374     110.7471
   1299    2563  1562.29    3492.62  113.9032  22.7114   1.3404     112.4625
   1299    2685  1579.69    3613.19  113.9265  22.7078   1.1451     114.7623
   1299    2807  1597.08    3733.72  113.9499  22.7042   0.9523     117.9957
   1299    2929  1614.47    3854.23  113.9733  22.7006   0.7641     122.8391
   1299    3051  1631.87    3974.73  113.9966  22.6971   0.5849     130.7348
   1299    3173  1649.26    4095.23  114.0200  22.6935   0.4259     144.9940
   1299    3295  1666.65    4215.74  114.0434  22.6899   0.3193     171.8057
   1299    3417  1684.04    4336.27  114.0667  22.6863   0.3220     -151.5601
   1299    3539  1701.44    4456.82  114.0901  22.6827   0.4320     -125.3821
   1299    3661  1718.84    4577.41  114.1135  22.6791   0.5924     -111.4990
   1299    3783  1736.26    4698.05  114.1369  22.6755   0.7724     -103.7794
   1299    3905  1753.67    4818.75  114.1603  22.6719   0.9611     -99.0248
   1299    4027  1771.10    4939.51  114.1837  22.6683   1.1543     -95.8410
   1299    4149  1788.54    5060.35  114.2071  22.6647   1.3502     -93.5713
   1299    4271  1806.00    5181.28  114.2305  22.6611   1.5477     -91.8754
   1299    4393  1823.47    5302.31  114.2540  22.6575   1.7464     -90.5615
   1299    4515  1840.95    5423.44  114.2774  22.6538   1.9459     -89.5138
   1299    4637  1858.45    5544.70  114.3009  22.6502   2.1461     -88.6590
   1299    4759  1875.97    5666.08  114.3244  22.6465   2.3469     -87.9480
   1299    4881  1893.51    5787.59  114.3480  22.6429   2.5481     -87.3472
   1299    5003  1911.07    5909.26  114.3715  22.6392   2.7498     -86.8326
   1299    5125  1928.65    6031.08  114.3951  22.6355   2.9518     -86.3867
   1299    5247  1946.26    6153.06  114.4187  22.6319   3.1542     -85.9963
   1299    5369  1963.89    6275.23  114.4424  22.6282   3.3570     -85.6516
   1299    5491  1981.55    6397.58  114.4661  22.6245   3.5601     -85.3447
   1299    5613  1999.24    6520.13  114.4898  22.6208   3.7635     -85.0697
   1299    5735  2016.96    6642.89  114.5136  22.6171   3.9672     -84.8215
   1299    5857  2034.71    6765.86  114.5374  22.6133   4.1713     -84.5965
   1299    6000  2055.55    6910.29  114.5653  22.6090   4.4110     -84.3577
   1417       1  1309.07    911.95  113.4019  22.7654   5.5753     102.2674
   1417     123  1326.90    1035.49  113.4259  22.7618   5.3705     102.3963
   1417     245  1344.70    1158.78  113.4498  22.7582   5.1661     102.5345
   1417     367  1362.46    1281.84  113.4737  22.7547   4.9620     102.6830
   1417     489  1380.19    1404.68  113.4976  22.7511   4.7581     102.8433
   1417     611  1397.89    1527.31  113.5214  22.7475   4.5546     103.0168
   1417     733  1415.56    1649.74  113.5452  22.7439   4.3513     103.2055
   1417     855  1433.21    1771.97  113.5689  22.7404   4.1484     103.4114
   1417     977  1450.82    1894.03  113.5926  22.7368   3.9456     103.6374
   1417    1099  1468.42    2015.91  113.6162  22.7333   3.7432     103.8864
   1417    1221  1485.99    2137.63  113.6398  22.7297   3.5410     104.1627
   1417    1343  1503.53    2259.20  113.6634  22.7261   3.3391     104.4709
   1417    1465  1521.06    2380.63  113.6870  22.7226   3.1375     104.8173
   1417    1587  1538.57    2501.93  113.7105  22.7190   2.9361     105.2096
   1417    1709  1556.06    2623.10  113.7340  22.7155   2.7350     105.6580
   1417    1831  1573.54    2744.17  113.7575  22.7119   2.5343     106.1756
   1417    1953  1591.00    2865.13  113.7810  22.7083   2.3339     106.7803
   1417    2075  1608.44    2986.00  113.8044  22.7048   2.1339     107.4963
   1417    2197  1625.88    3106.79  113.8279  22.7012   1.9344     108.3578
   1417    2319  1643.30    3227.51  113.8513  22.6977   1.7355     109.4146
   1417    2441  1660.72    3348.17  113.8747  22.6941   1.5374     110.7414
   1417    2563  1678.13    3468.78  113.8981  22.6905   1.3404     112.4563
   1417    2685  1695.53    3589.34  113.9215  22.6870   1.1450     114.7553
   1417    2807  1712.93    3709.88  113.9448  22.6834   0.9523     117.9877
   1417    2929  1730.33    3830.39  113.9682  22.6798   0.7641     122.8299
   1417    3051  1747.72    3950.89  113.9916  22.6762   0.5848     130.7241
   1417    3173  1765.11    4071.39  114.0149  22.6727   0.4258     144.9829
   1417    3295  1782.51    4191.89  114.0383  22.6691   0.3192     171.8009
   1417    3417  1799.91    4312.42  114.0616  22.6655   0.3219     -151.5511
   1417    3539  1817.31    4432.97  114.0850  22.6619   0.4320     -125.3701
   1417    3661  1834.72    4553.56  114.1084  22.6583   0.5923     -111.4893
   1417    3783  1852.13    4674.19  114.1317  22.6547   0.7723     -103.7718
   1417    3905  1869.55    4794.89  114.1551  22.6511   0.9611     -99.0189
   1417    4027  1886.98    4915.65  114.1785  22.6475   1.1543     -95.8363
   1417    4149  1904.43    5036.49  114.2019  22.6439   1.3502     -93.5675
   1417    4271  1921.89    5157.42  114.2254  22.6403   1.5477     -91.8723
   1417    4393  1939.36    5278.45  114.2488  22.6366   1.7464     -90.5589
   1417    4515  1956.84    5399.58  114.2723  22.6330   1.9459     -89.5116
   1417    4637  1974.35    5520.83  114.2958  22.6294   2.1461     -88.6571
   1417    4759  1991.87    5642.21  114.3193  22.6257   2.3469     -87.9465
   1417    4881  2009.41    5763.73  114.3428  22.6221   2.5482     -87.3459
   1417    5003  2026.97    5885.39  114.3664  22.6184   2.7498     -86.8316
   1417    5125  2044.56    6007.21  114.3900  22.6147   2.9519     -86.3858
   1417    5247  2062.17    6129.19  114.4136  22.6111   3.1543     -85.9956
   1417    5369  2079.81    6251.36  114.4372  22.6074   3.3570     -85.6510
   1417    5491  2097.47    6373.71  114.4609  22.6037   3.5601     -85.3443
   1417    5613  2115.16    6496.26  114.4846  22.6000   3.7635     -85.0693
   1417    5735  2132.88    6619.01  114.5084  22.5963   3.9673     -84.8213
   1417    5857  2150.64    6741.99  114.5322  22.5925   4.1713     -84.5963
   1417    6000  2171.49    6886.41  114.5602  22.5881   4.4110     -84.3577
   1535       1  1424.84    888.13  113.3969  22.7446   5.5752     102.2650
   1535     123  1442.68    1011.66  113.4209  22.7410   5.3705     102.3939
   1535     245  1460.48    1134.96  113.4448  22.7374   5.1661     102.5320
   1535     367  1478.24    1258.02  113.4687  22.7338   4.9619     102.6805
   1535     489  1495.98    1380.85  113.4926  22.7303   4.7581     102.8407
   1535     611  1513.68    1503.48  113.5164  22.7267   4.5546     103.0141
   1535     733  1531.35    1625.91  113.5401  22.7231   4.3513     103.2027
   1535     855  1549.00    1748.14  113.5639  22.7196   4.1483     103.4086
   1535     977  1566.62    1870.19  113.5875  22.7160   3.9456     103.6344
   1535    1099  1584.22    1992.08  113.6112  22.7124   3.7432     103.8834
   1535    1221  1601.79    2113.80  113.6348  22.7089   3.5410     104.1595
   1535    1343  1619.34    2235.37  113.6584  22.7053   3.3391     104.4676
   1535    1465  1636.87    2356.79  113.6820  22.7018   3.1374     104.8138
   1535    1587  1654.38    2478.09  113.7055  22.6982   2.9361     105.2060
   1535    1709  1671.88    2599.26  113.7290  22.6946   2.7350     105.6542
   1535    1831  1689.36    2720.33  113.7525  22.6911   2.5342     106.1716
   1535    1953  1706.82    2841.29  113.7759  22.6875   2.3338     106.7761
   1535    2075  1724.27    2962.16  113.7994  22.6840   2.1338     107.4918
   1535    2197  1741.71    3082.95  113.8228  22.6804   1.9343     108.3530
   1535    2319  1759.14    3203.67  113.8462  22.6768   1.7354     109.4094
   1535    2441  1776.56    3324.33  113.8696  22.6733   1.5373     110.7358
   1535    2563  1793.97    3444.93  113.8930  22.6697   1.3403     112.4500
   1535    2685  1811.38    3565.49  113.9164  22.6661   1.1450     114.7482
   1535    2807  1828.78    3686.03  113.9397  22.6626   0.9522     117.9797
   1535    2929  1846.18    3806.54  113.9631  22.6590   0.7640     122.8206
   1535    3051  1863.57    3927.04  113.9865  22.6554   0.5847     130.7134
   1535    3173  1880.97    4047.53  114.0098  22.6519   0.4257     144.9718
   1535    3295  1898.37    4168.04  114.0332  22.6483   0.3191     171.7962
   1535    3417  1915.77    4288.56  114.0565  22.6447   0.3218     -151.5421
   1535    3539  1933.17    4409.11  114.0799  22.6411   0.4319     -125.3581
   1535    3661  1950.58    4529.70  114.1033  22.6375   0.5923     -111.4795
   1535    3783  1968.00    4650.33  114.1266  22.6339   0.7723     -103.7643
   1535    3905  1985.43    4771.03  114.1500  22.6303   0.9610     -99.0130
   1535    4027  2002.86    4891.79  114.1734  22.6267   1.1543     -95.8316
   1535    4149  2020.31    5012.63  114.1968  22.6231   1.3501     -93.5637
   1535    4271  2037.77    5133.56  114.2203  22.6195   1.5477     -91.8692
   1535    4393  2055.24    5254.58  114.2437  22.6158   1.7464     -90.5562
   1535    4515  2072.73    5375.71  114.2672  22.6122   1.9459     -89.5094
   1535    4637  2090.24    5496.96  114.2906  22.6086   2.1461     -88.6553
   1535    4759  2107.77    5618.34  114.3141  22.6049   2.3469     -87.9449
   1535    4881  2125.31    5739.86  114.3377  22.6013   2.5482     -87.3446
   1535    5003  2142.88    5861.52  114.3612  22.5976   2.7498     -86.8305
   1535    5125  2160.47    5983.33  114.3848  22.5939   2.9519     -86.3849
   1535    5247  2178.08    6105.32  114.4084  22.5903   3.1543     -85.9949
   1535    5369  2195.72    6227.48  114.4321  22.5866   3.3570     -85.6504
   1535    5491  2213.39    6349.83  114.4558  22.5829   3.5601     -85.3438
   1535    5613  2231.08    6472.38  114.4795  22.5792   3.7635     -85.0690
   1535    5735  2248.81    6595.13  114.5032  22.5754   3.9673     -84.8211
   1535    5857  2266.56    6718.10  114.5270  22.5717   4.1713     -84.5962
   1535    6000  2287.42    6862.53  114.5550  22.5673   4.4110     -84.3577
   1653       1  1540.61    864.30  113.3919  22.7237   5.5752     102.2626
   1653     123  1558.45    987.84  113.4159  22.7202   5.3705     102.3914
   1653     245  1576.25    1111.13  113.4398  22.7166   5.1660     102.5295
   1653     367  1594.02    1234.19  113.4637  22.7130   4.9619     102.6779
   1653     489  1611.76    1357.02  113.4875  22.7094   4.7581     102.8380
   1653     611  1629.47    1479.65  113.5113  22.7059   4.5545     103.0114
   1653     733  1647.14    1602.07  113.5351  22.7023   4.3513     103.1999
   1653     855  1664.79    1724.31  113.5588  22.6987   4.1483     103.4057
   1653     977  1682.42    1846.36  113.5825  22.6952   3.9456     103.6314
   1653    1099  1700.02    1968.24  113.6062  22.6916   3.7431     103.8803
   1653    1221  1717.59    2089.96  113.6298  22.6880   3.5410     104.1563
   1653    1343  1735.15    2211.53  113.6534  22.6845   3.3390     104.4643
   1653    1465  1752.68    2332.95  113.6769  22.6809   3.1374     104.8104
   1653    1587  1770.20    2454.25  113.7004  22.6774   2.9360     105.2024
   1653    1709  1787.69    2575.42  113.7239  22.6738   2.7350     105.6504
   1653    1831  1805.17    2696.49  113.7474  22.6703   2.5342     106.1677
   1653    1953  1822.64    2817.45  113.7709  22.6667   2.3338     106.7718
   1653    2075  1840.10    2938.32  113.7943  22.6631   2.1338     107.4873
   1653    2197  1857.54    3059.10  113.8177  22.6596   1.9343     108.3482
   1653    2319  1874.97    3179.82  113.8412  22.6560   1.7354     109.4042
   1653    2441  1892.39    3300.48  113.8645  22.6525   1.5373     110.7301
   1653    2563  1909.81    3421.08  113.8879  22.6489   1.3403     112.4437
   1653    2685  1927.22    3541.64  113.9113  22.6453   1.1449     114.7412
   1653    2807  1944.62    3662.17  113.9347  22.6418   0.9522     117.9718
   1653    2929  1962.02    3782.68  113.9580  22.6382   0.7639     122.8114
   1653    3051  1979.42    3903.18  113.9814  22.6346   0.5846     130.7027
   1653    3173  1996.82    4023.68  114.0047  22.6310   0.4256     144.9607
   1653    3295  2014.23    4144.18  114.0281  22.6275   0.3189     171.7915
   1653    3417  2031.63    4264.70  114.0514  22.6239   0.3217     -151.5331
   1653    3539  2049.04    4385.25  114.0748  22.6203   0.4318     -125.3461
   1653    3661  2066.45    4505.84  114.0982  22.6167   0.5922     -111.4697
   1653    3783  2083.87    4626.47  114.1215  22.6131   0.7723     -103.7568
   1653    3905  2101.30    4747.17  114.1449  22.6095   0.9610     -99.0071
   1653    4027  2118.74    4867.93  114.1683  22.6059   1.1543     -95.8268
   1653    4149  2136.19    4988.76  114.1917  22.6023   1.3501     -93.5599
   1653    4271  2153.66    5109.69  114.2151  22.5987   1.5477     -91.8660
   1653    4393  2171.13    5230.71  114.2386  22.5950   1.7464     -90.5536
   1653    4515  2188.63    5351.84  114.2620  22.5914   1.9459     -89.5072
   1653    4637  2206.14    5473.09  114.2855  22.5878   2.1461     -88.6534
   1653    4759  2223.66    5594.47  114.3090  22.5841   2.3469     -87.9434
   1653    4881  2241.21    5715.98  114.3325  22.5805   2.5482     -87.3433
   1653    5003  2258.78    5837.64  114.3561  22.5768   2.7498     -86.8294
   1653    5125  2276.37    5959.46  114.3797  22.5731   2.9519     -86.3840
   1653    5247  2293.99    6081.44  114.4033  22.5694   3.1543     -85.9942
   1653    5369  2311.63    6203.60  114.4269  22.5658   3.3570     -85.6499
   1653    5491  2329.30    6325.95  114.4506  22.5621   3.5601     -85.3434
   1653    5613  2347.00    6448.50  114.4743  22.5584   3.7635     -85.0687
   1653    5735  2364.73    6571.25  114.4981  22.5546   3.9673     -84.8209
   1653    5857  2382.49    6694.22  114.5219  22.5509   4.1714     -84.5961
   1653    6000  2403.35    6838.65  114.5498  22.5465   4.4110     -84.3577
   1771       1  1656.38    840.47  113.3869  22.7029   5.5752     102.2602
   1771     123  1674.22    964.01  113.4109  22.6993   5.3704     102.3890
   1771     245  1692.03    1087.29  113.4348  22.6957   5.1660     102.5270
   1771     367  1709.80    1210.35  113.4587  22.6922   4.9619     102.6753
   1771     489  1727.54    1333.19  113.4825  22.6886   4.7581     102.8354
   1771     611  1745.25    1455.81  113.5063  22.6850   4.5545     103.0087
   1771     733  1762.93    1578.24  113.5301  22.6815   4.3513     103.1971
   1771     855  1780.59    1700.47  113.5538  22.6779   4.1483     103.4028
   1771     977  1798.21    1822.52  113.5775  22.6743   3.9456     103.6284
   1771    1099  1815.82    1944.40  113.6011  22.6708   3.7431     103.8772
   1771    1221  1833.39    2066.12  113.6247  22.6672   3.5409     104.1531
   1771    1343  1850.95    2187.68  113.6483  22.6637   3.3390     104.4610
   1771    1465  1868.49    2309.11  113.6719  22.6601   3.1374     104.8069
   1771    1587  1886.01    2430.40  113.6954  22.6565   2.9360     105.1988
   1771    1709  1903.51    2551.58  113.7189  22.6530   2.7349     105.6466
   1771    1831  1920.99    2672.64  113.7424  22.6494   2.5342     106.1637
   1771    1953  1938.46    2793.60  113.7658  22.6459   2.3338     106.7676
   1771    2075  1955.92    2914.47  113.7893  22.6423   2.1338     107.4828
   1771    2197  1973.37    3035.25  113.8127  22.6388   1.9342     108.3434
   1771    2319  1990.80    3155.97  113.8361  22.6352   1.7353     109.3990
   1771    2441  2008.23    3276.62  113.8595  22.6316   1.5372     110.7244
   1771    2563  2025.65    3397.23  113.8829  22.6281   1.3402     112.4375
   1771    2685  2043.06    3517.79  113.9062  22.6245   1.1449     114.7342
   1771    2807  2060.47    3638.32  113.9296  22.6209   0.9521     117.9638
   1771    2929  2077.87    3758.82  113.9529  22.6174   0.7639     122.8021
   1771    3051  2095.28    3879.32  113.9763  22.6138   0.5846     130.6920
   1771    3173  2112.68    3999.81  113.9996  22.6102   0.4255     144.9496
   1771    3295  2130.08    4120.32  114.0230  22.6066   0.3188     171.7867
   1771    3417  2147.49    4240.84  114.0463  22.6031   0.3216     -151.5240
   1771    3539  2164.90    4361.38  114.0697  22.5995   0.4317     -125.3341
   1771    3661  2182.32    4481.97  114.0931  22.5959   0.5922     -111.4600
   1771    3783  2199.74    4602.60  114.1164  22.5923   0.7723     -103.7492
   1771    3905  2217.18    4723.30  114.1398  22.5887   0.9610     -99.0012
   1771    4027  2234.62    4844.06  114.1632  22.5851   1.1543     -95.8221
   1771    4149  2252.07    4964.89  114.1866  22.5815   1.3501     -93.5560
   1771    4271  2269.54    5085.82  114.2100  22.5778   1.5477     -91.8628
   1771    4393  2287.02    5206.84  114.2334  22.5742   1.7464     -90.5510
   1771    4515  2304.51    5327.97  114.2569  22.5706   1.9459     -89.5051
   1771    4637  2322.03    5449.22  114.2804  22.5669   2.1461     -88.6516
   1771    4759  2339.56    5570.59  114.3039  22.5633   2.3469     -87.9418
   1771    4881  2357.11    5692.10  114.3274  22.5596   2.5482     -87.3420
   1771    5003  2374.68    5813.76  114.3509  22.5560   2.7498     -86.8283
   1771    5125  2392.28    5935.58  114.3745  22.5523   2.9519     -86.3831
   1771    5247  2409.90    6057.56  114.3981  22.5486   3.1543     -85.9934
   1771    5369  2427.55    6179.72  114.4218  22.5450   3.3570     -85.6493
   1771    5491  2445.22    6302.07  114.4454  22.5413   3.5601     -85.3429
   1771    5613  2462.92    6424.61  114.4692  22.5376   3.7635     -85.0683
   1771    5735  2480.65    6547.36  114.4929  22.5338   3.9673     -84.8207
   1771    5857  2498.42    6670.33  114.5167  22.5301   4.1714     -84.5960
   1771    6000  2519.28    6814.76  114.5446  22.5257   4.4110     -84.3576
   1889       1  1772.15    816.64  113.3819  22.6821   5.5752     102.2578
   1889     123  1789.99    940.17  113.4059  22.6785   5.3704     102.3865
   1889     245  1807.80    1063.46  113.4298  22.6749   5.1660     102.5245
   1889     367  1825.58    1186.51  113.4537  22.6713   4.9619     102.6728
   1889     489  1843.32    1309.35  113.4775  22.6678   4.7580     102.8328
   1889     611  1861.03    1431.97  113.5013  22.6642   4.5545     103.0060
   1889     733  1878.72    1554.40  113.5251  22.6606   4.3512     103.1943
   1889     855  1896.38    1676.63  113.5488  22.6571   4.1482     103.3999
   1889     977  1914.01    1798.68  113.5725  22.6535   3.9455     103.6255
   1889    1099  1931.61    1920.55  113.5961  22.6500   3.7431     103.8742
   1889    1221  1949.20    2042.27  113.6197  22.6464   3.5409     104.1499
   1889    1343  1966.76    2163.84  113.6433  22.6428   3.3390     104.4577
   1889    1465  1984.30    2285.26  113.6668  22.6393   3.1373     104.8035
   1889    1587  2001.82    2406.55  113.6904  22.6357   2.9360     105.1952
   1889    1709  2019.32    2527.72  113.7138  22.6322   2.7349     105.6429
   1889    1831  2036.81    2648.78  113.7373  22.6286   2.5341     106.1597
   1889    1953  2054.28    2769.74  113.7608  22.6251   2.3337     106.7634
   1889    2075  2071.74    2890.61  113.7842  22.6215   2.1337     107.4783
   1889    2197  2089.19    3011.40  113.8076  22.6179   1.9342     108.3386
   1889    2319  2106.63    3132.11  113.8310  22.6144   1.7353     109.3938
   1889    2441  2124.06    3252.76  113.8544  22.6108   1.5372     110.7187
   1889    2563  2141.48    3373.37  113.8778  22.6073   1.3402     112.4312
   1889    2685  2158.90    3493.93  113.9011  22.6037   1.1448     114.7272
   1889    2807  2176.31    3614.45  113.9245  22.6001   0.9520     117.9558
   1889    2929  2193.72    3734.96  113.9479  22.5966   0.7638     122.7929
   1889    3051  2211.12    3855.46  113.9712  22.5930   0.5845     130.6813
   1889    3173  2228.53    3975.95  113.9945  22.5894   0.4254     144.9384
   1889    3295  2245.94    4096.45  114.0179  22.5858   0.3187     171.7819
   1889    3417  2263.35    4216.97  114.0412  22.5822   0.3214     -151.5150
   1889    3539  2280.76    4337.52  114.0646  22.5787   0.4317     -125.3221
   1889    3661  2298.18    4458.10  114.0879  22.5751   0.5921     -111.4502
   1889    3783  2315.61    4578.73  114.1113  22.5715   0.7722     -103.7417
   1889    3905  2333.05    4699.42  114.1347  22.5679   0.9610     -98.9953
   1889    4027  2350.49    4820.18  114.1581  22.5643   1.1542     -95.8174
   1889    4149  2367.95    4941.02  114.1815  22.5606   1.3501     -93.5522
   1889    4271  2385.42    5061.94  114.2049  22.5570   1.5477     -91.8597
   1889    4393  2402.90    5182.96  114.2283  22.5534   1.7464     -90.5484
   1889    4515  2420.40    5304.09  114.2518  22.5498   1.9459     -89.5029
   1889    4637  2437.92    5425.34  114.2752  22.5461   2.1461     -88.6498
   1889    4759  2455.45    5546.71  114.2987  22.5425   2.3469     -87.9403
   1889    4881  2473.01    5668.22  114.3222  22.5388   2.5482     -87.3407
   1889    5003  2490.59    5789.88  114.3458  22.5352   2.7498     -86.8272
   1889    5125  2508.19    5911.69  114.3694  22.5315   2.9519     -86.3822
   1889    5247  2525.81    6033.67  114.3930  22.5278   3.1543     -85.9927
   1889    5369  2543.46    6155.83  114.4166  22.5241   3.3570     -85.6487
   1889    5491  2561.13    6278.18  114.4403  22.5205   3.5601     -85.3425
   1889    5613  2578.84    6400.72  114.4640  22.5167   3.7635     -85.0680
   1889    5735  2596.57    6523.47  114.4877  22.5130   3.9673     -84.8204
   1889    5857  2614.34    6646.44  114.5115  22.5093   4.1714     -84.5958
   1889    6000  2635.21    6790.86  114.5395  22.5049   4.4110     -84.3576
   2007       1  1887.91    792.80  113.3769  22.6612   5.5751     102.2555
   2007     123  1905.76    916.33  113.4009  22.6577   5.3704     102.3841
   2007     245  1923.57    1039.62  113.4248  22.6541   5.1660     102.5220
   2007     367  1941.35    1162.67  113.4487  22.6505   4.9618     102.6702
   2007     489  1959.10    1285.51  113.4725  22.6469   4.7580     102.8301
   2007     611  1976.82    1408.13  113.4963  22.6434   4.5545     103.0033
   2007     733  1994.51    1530.55  113.5200  22.6398   4.3512     103.1915
   2007     855  2012.17    1652.78  113.5438  22.6362   4.1482     103.3971
   2007     977  2029.80    1774.83  113.5674  22.6327   3.9455     103.6225
   2007    1099  2047.41    1896.70  113.5911  22.6291   3.7431     103.8711
   2007    1221  2064.99    2018.42  113.6147  22.6256   3.5409     104.1467
   2007    1343  2082.56    2139.98  113.6382  22.6220   3.3389     104.4544
   2007    1465  2100.10    2261.41  113.6618  22.6185   3.1373     104.8000
   2007    1587  2117.63    2382.70  113.6853  22.6149   2.9359     105.1916
   2007    1709  2135.13    2503.87  113.7088  22.6113   2.7349     105.6391
   2007    1831  2152.63    2624.93  113.7323  22.6078   2.5341     106.1557
   2007    1953  2170.10    2745.89  113.7557  22.6042   2.3337     106.7592
   2007    2075  2187.57    2866.75  113.7791  22.6007   2.1337     107.4738
   2007    2197  2205.02    2987.54  113.8026  22.5971   1.9342     108.3337
   2007    2319  2222.46    3108.25  113.8260  22.5936   1.7353     109.3886
   2007    2441  2239.89    3228.90  113.8493  22.5900   1.5371     110.7130
   2007    2563  2257.32    3349.50  113.8727  22.5864   1.3401     112.4249
   2007    2685  2274.74    3470.06  113.8961  22.5829   1.1448     114.7201
   2007    2807  2292.15    3590.59  113.9194  22.5793   0.9520     117.9477
   2007    2929  2309.56    3711.09  113.9428  22.5757   0.7637     122.7836
   2007    3051  2326.97    3831.59  113.9661  22.5722   0.5844     130.6706
   2007    3173  2344.38    3952.08  113.9895  22.5686   0.4253     144.9273
   2007    3295  2361.79    4072.58  114.0128  22.5650   0.3186     171.7772
   2007    3417  2379.21    4193.10  114.0361  22.5614   0.3213     -151.5059
   2007    3539  2396.63    4313.64  114.0595  22.5578   0.4316     -125.3100
   2007    3661  2414.05    4434.23  114.0828  22.5542   0.5921     -111.4404
   2007    3783  2431.48    4554.86  114.1062  22.5507   0.7722     -103.7341
   2007    3905  2448.92    4675.55  114.1296  22.5471   0.9610     -98.9894
   2007    4027  2466.37    4796.30  114.1530  22.5434   1.1542     -95.8127
   2007    4149  2483.83    4917.14  114.1764  22.5398   1.3501     -93.5484
   2007    4271  2501.30    5038.06  114.1998  22.5362   1.5477     -91.8565
   2007    4393  2518.79    5159.08  114.2232  22.5326   1.7464     -90.5457
   2007    4515  2536.29    5280.21  114.2466  22.5290   1.9459     -89.5006
   2007    4637  2553.81    5401.45  114.2701  22.5253   2.1462     -88.6479
   2007    4759  2571.35    5522.82  114.2936  22.5217   2.3469     -87.9387
   2007    4881  2588.91    5644.33  114.3171  22.5180   2.5482     -87.3394
   2007    5003  2606.49    5765.99  114.3407  22.5144   2.7498     -86.8261
   2007    5125  2624.09    5887.80  114.3642  22.5107   2.9519     -86.3813
   2007    5247  2641.72    6009.78  114.3878  22.5070   3.1543     -85.9920
   2007    5369  2659.37    6131.94  114.4115  22.5033   3.3570     -85.6481
   2007    5491  2677.05    6254.29  114.4351  22.4996   3.5601     -85.3420
   2007    5613  2694.76    6376.83  114.4588  22.4959   3.7636     -85.0677
   2007    5735  2712.49    6499.58  114.4826  22.4922   3.9673     -84.8202
   2007    5857  2730.26    6622.54  114.5064  22.4885   4.1714     -84.5957
   2007    6000  2751.13    6766.96  114.5343  22.4841   4.4110     -84.3576
   2125       1  2003.68    768.96  113.3719  22.6404   5.5751     102.2531
   2125     123  2021.53    892.48  113.3959  22.6368   5.3704     102.3817
   2125     245  2039.35    1015.77  113.4198  22.6333   5.1659     102.5195
   2125     367  2057.13    1138.82  113.4437  22.6297   4.9618     102.6676
   2125     489  2074.88    1261.66  113.4675  22.6261   4.7580     102.8275
   2125     611  2092.60    1384.28  113.4913  22.6226   4.5544     103.0006
   2125     733  2110.29    1506.70  113.5150  22.6190   4.3512     103.1888
   2125     855  2127.95    1628.93  113.5387  22.6154   4.1482     103.3942
   2125     977  2145.59    1750.97  113.5624  22.6119   3.9455     103.6195
   2125    1099  2163.20    1872.85  113.5860  22.6083   3.7430     103.8680
   2125    1221  2180.79    1994.56  113.6096  22.6047   3.5408     104.1436
   2125    1343  2198.36    2116.13  113.6332  22.6012   3.3389     104.4510
   2125    1465  2215.91    2237.55  113.6567  22.5976   3.1373     104.7966
   2125    1587  2233.43    2358.84  113.6803  22.5941   2.9359     105.1880
   2125    1709  2250.95    2480.01  113.7038  22.5905   2.7348     105.6353
   2125    1831  2268.44    2601.07  113.7272  22.5870   2.5341     106.1517
   2125    1953  2285.92    2722.02  113.7507  22.5834   2.3337     106.7550
   2125    2075  2303.39    2842.89  113.7741  22.5799   2.1337     107.4693
   2125    2197  2320.84    2963.67  113.7975  22.5763   1.9341     108.3289
   2125    2319  2338.29    3084.38  113.8209  22.5727   1.7352     109.3834
   2125    2441  2355.72    3205.03  113.8443  22.5692   1.5371     110.7074
   2125    2563  2373.15    3325.63  113.8676  22.5656   1.3401     112.4186
   2125    2685  2390.57    3446.19  113.8910  22.5621   1.1447     114.7131
   2125    2807  2407.99    3566.72  113.9143  22.5585   0.9519     117.9397
   2125    2929  2425.41    3687.22  113.9377  22.5549   0.7637     122.7744
   2125    3051  2442.82    3807.71  113.9610  22.5513   0.5843     130.6599
   2125    3173  2460.23    3928.20  113.9844  22.5478   0.4252     144.9162
   2125    3295  2477.65    4048.70  114.0077  22.5442   0.3184     171.7724
   2125    3417  2495.06    4169.22  114.0310  22.5406   0.3212     -151.4968
   2125    3539  2512.49    4289.76  114.0544  22.5370   0.4315     -125.2980
   2125    3661  2529.91    4410.35  114.0777  22.5334   0.5921     -111.4306
   2125    3783  2547.35    4530.98  114.1011  22.5298   0.7722     -103.7265
   2125    3905  2564.79    4651.67  114.1245  22.5262   0.9609     -98.9835
   2125    4027  2582.24    4772.42  114.1478  22.5226   1.1542     -95.8080
   2125    4149  2599.70    4893.25  114.1712  22.5190   1.3501     -93.5445
   2125    4271  2617.18    5014.18  114.1946  22.5154   1.5476     -91.8534
   2125    4393  2634.67    5135.19  114.2181  22.5118   1.7464     -90.5431
   2125    4515  2652.18    5256.32  114.2415  22.5082   1.9459     -89.4984
   2125    4637  2669.70    5377.56  114.2650  22.5045   2.1462     -88.6460
   2125    4759  2687.24    5498.93  114.2885  22.5009   2.3469     -87.9372
   2125    4881  2704.80    5620.44  114.3120  22.4972   2.5482     -87.3381
   2125    5003  2722.38    5742.10  114.3355  22.4936   2.7498     -86.8251
   2125    5125  2739.99    5863.91  114.3591  22.4899   2.9519     -86.3804
   2125    5247  2757.62    5985.89  114.3827  22.4862   3.1543     -85.9912
   2125    5369  2775.28    6108.04  114.4063  22.4825   3.3570     -85.6475
   2125    5491  2792.96    6230.39  114.4300  22.4788   3.5601     -85.3416
   2125    5613  2810.67    6352.93  114.4537  22.4751   3.7636     -85.0673
   2125    5735  2828.41    6475.68  114.4774  22.4714   3.9673     -84.8200
   2125    5857  2846.18    6598.64  114.5012  22.4677   4.1714     -84.5956
   2125    6000  2867.06    6743.06  114.5291  22.4633   4.4110     -84.3575
   2243       1  2119.44    745.11  113.3669  22.6196   5.5751     102.2507
   2243     123  2137.30    868.63  113.3909  22.6160   5.3703     102.3792
   2243     245  2155.12    991.92  113.4148  22.6124   5.1659     102.5170
   2243     367  2172.90    1114.97  113.4387  22.6089   4.9618     102.6651
   2243     489  2190.66    1237.80  113.4625  22.6053   4.7579     102.8249
   2243     611  2208.38    1360.42  113.4863  22.6017   4.5544     102.9979
   2243     733  2226.07    1482.84  113.5100  22.5982   4.3511     103.1860
   2243     855  2243.74    1605.07  113.5337  22.5946   4.1482     103.3913
   2243     977  2261.38    1727.12  113.5574  22.5910   3.9454     103.6166
   2243    1099  2279.00    1848.99  113.5810  22.5875   3.7430     103.8649
   2243    1221  2296.59    1970.70  113.6046  22.5839   3.5408     104.1404
   2243    1343  2314.16    2092.27  113.6282  22.5804   3.3389     104.4477
   2243    1465  2331.71    2213.69  113.6517  22.5768   3.1372     104.7931
   2243    1587  2349.24    2334.98  113.6752  22.5733   2.9359     105.1844
   2243    1709  2366.75    2456.14  113.6987  22.5697   2.7348     105.6315
   2243    1831  2384.25    2577.20  113.7222  22.5661   2.5340     106.1477
   2243    1953  2401.74    2698.16  113.7456  22.5626   2.3336     106.7508
   2243    2075  2419.21    2819.02  113.7690  22.5590   2.1336     107.4648
   2243    2197  2436.66    2939.80  113.7924  22.5555   1.9341     108.3241
   2243    2319  2454.11    3060.51  113.8158  22.5519   1.7352     109.3782
   2243    2441  2471.55    3181.16  113.8392  22.5484   1.5371     110.7017
   2243    2563  2488.98    3301.76  113.8626  22.5448   1.3400     112.4124
   2243    2685  2506.41    3422.32  113.8859  22.5412   1.1447     114.7061
   2243    2807  2523.83    3542.84  113.9093  22.5377   0.9519     117.9317
   2243    2929  2541.25    3663.35  113.9326  22.5341   0.7636     122.7651
   2243    3051  2558.66    3783.84  113.9559  22.5305   0.5842     130.6492
   2243    3173  2576.08    3904.33  113.9793  22.5270   0.4251     144.9050
   2243    3295  2593.50    4024.82  114.0026  22.5234   0.3183     171.7677
   2243    3417  2610.92    4145.34  114.0260  22.5198   0.3211     -151.4877
   2243    3539  2628.34    4265.88  114.0493  22.5162   0.4314     -125.2859
   2243    3661  2645.77    4386.46  114.0726  22.5126   0.5920     -111.4207
   2243    3783  2663.21    4507.09  114.0960  22.5090   0.7721     -103.7190
   2243    3905  2680.66    4627.78  114.1194  22.5054   0.9609     -98.9775
   2243    4027  2698.11    4748.53  114.1427  22.5018   1.1542     -95.8032
   2243    4149  2715.58    4869.37  114.1661  22.4982   1.3501     -93.5407
   2243    4271  2733.06    4990.29  114.1895  22.4946   1.5476     -91.8502
   2243    4393  2750.55    5111.30  114.2129  22.4910   1.7464     -90.5405
   2243    4515  2768.06    5232.43  114.2364  22.4873   1.9459     -89.4962
   2243    4637  2785.59    5353.67  114.2598  22.4837   2.1462     -88.6442
   2243    4759  2803.13    5475.04  114.2833  22.4801   2.3469     -87.9356
   2243    4881  2820.70    5596.55  114.3068  22.4764   2.5482     -87.3368
   2243    5003  2838.28    5718.20  114.3304  22.4728   2.7498     -86.8240
   2243    5125  2855.89    5840.01  114.3539  22.4691   2.9519     -86.3795
   2243    5247  2873.52    5961.99  114.3775  22.4654   3.1543     -85.9905
   2243    5369  2891.18    6084.14  114.4012  22.4617   3.3571     -85.6469
   2243    5491  2908.87    6206.49  114.4248  22.4580   3.5601     -85.3411
   2243    5613  2926.58    6329.03  114.4485  22.4543   3.7636     -85.0670
   2243    5735  2944.33    6451.77  114.4723  22.4506   3.9673     -84.8197
   2243    5857  2962.10    6574.73  114.4960  22.4469   4.1714     -84.5954
   2243    6000  2982.98    6719.15  114.5240  22.4425   4.4111     -84.3575
   2361       1  2235.21    721.26  113.3619  22.5988   5.5751     102.2483
   2361     123  2253.06    844.78  113.3859  22.5952   5.3703     102.3768
   2361     245  2270.89    968.06  113.4098  22.5916   5.1659     102.5145
   2361     367  2288.68    1091.12  113.4337  22.5880   4.9618     102.6625
   2361     489  2306.43    1213.95  113.4575  22.5845   4.7579     102.8222
   2361     611  2324.16    1336.57  113.4813  22.5809   4.5544     102.9952
   2361     733  2341.86    1458.98  113.5050  22.5773   4.3511     103.1832
   2361     855  2359.53    1581.21  113.5287  22.5738   4.1481     103.3884
   2361     977  2377.17    1703.25  113.5524  22.5702   3.9454     103.6136
   2361    1099  2394.79    1825.13  113.5760  22.5667   3.7430     103.8619
   2361    1221  2412.38    1946.84  113.5996  22.5631   3.5408     104.1372
   2361    1343  2429.96    2068.40  113.6231  22.5595   3.3389     104.4444
   2361    1465  2447.51    2189.82  113.6467  22.5560   3.1372     104.7897
   2361    1587  2465.05    2311.11  113.6702  22.5524   2.9358     105.1808
   2361    1709  2482.56    2432.28  113.6937  22.5489   2.7348     105.6277
   2361    1831  2500.06    2553.33  113.7171  22.5453   2.5340     106.1437
   2361    1953  2517.55    2674.29  113.7406  22.5418   2.3336     106.7465
   2361    2075  2535.02    2795.15  113.7640  22.5382   2.1336     107.4603
   2361    2197  2552.49    2915.93  113.7874  22.5347   1.9341     108.3193
   2361    2319  2569.94    3036.64  113.8108  22.5311   1.7351     109.3729
   2361    2441  2587.38    3157.29  113.8341  22.5275   1.5370     110.6960
   2361    2563  2604.81    3277.88  113.8575  22.5240   1.3400     112.4061
   2361    2685  2622.24    3398.44  113.8808  22.5204   1.1446     114.6990
   2361    2807  2639.67    3518.96  113.9042  22.5168   0.9518     117.9237
   2361    2929  2657.09    3639.47  113.9275  22.5133   0.7635     122.7558
   2361    3051  2674.51    3759.96  113.9509  22.5097   0.5842     130.6385
   2361    3173  2691.93    3880.44  113.9742  22.5061   0.4250     144.8938
   2361    3295  2709.35    4000.94  113.9975  22.5026   0.3182     171.7629
   2361    3417  2726.77    4121.45  114.0209  22.4990   0.3210     -151.4786
   2361    3539  2744.20    4242.00  114.0442  22.4954   0.4314     -125.2738
   2361    3661  2761.63    4362.58  114.0675  22.4918   0.5920     -111.4109
   2361    3783  2779.07    4483.20  114.0909  22.4882   0.7721     -103.7114
   2361    3905  2796.52    4603.89  114.1142  22.4846   0.9609     -98.9716
   2361    4027  2813.98    4724.64  114.1376  22.4810   1.1542     -95.7985
   2361    4149  2831.45    4845.47  114.1610  22.4774   1.3501     -93.5368
   2361    4271  2848.93    4966.39  114.1844  22.4738   1.5476     -91.8470
   2361    4393  2866.43    5087.41  114.2078  22.4702   1.7464     -90.5378
   2361    4515  2883.94    5208.53  114.2313  22.4665   1.9459     -89.4940
   2361    4637  2901.47    5329.77  114.2547  22.4629   2.1462     -88.6423
   2361    4759  2919.02    5451.14  114.2782  22.4592   2.3469     -87.9340
   2361    4881  2936.59    5572.65  114.3017  22.4556   2.5482     -87.3355
   2361    5003  2954.18    5694.30  114.3252  22.4519   2.7499     -86.8229
   2361    5125  2971.79    5816.11  114.3488  22.4483   2.9519     -86.3786
   2361    5247  2989.43    5938.09  114.3724  22.4446   3.1543     -85.9898
   2361    5369  3007.09    6060.24  114.3960  22.4409   3.3571     -85.6463
   2361    5491  3024.78    6182.58  114.4197  22.4372   3.5602     -85.3406
   2361    5613  3042.50    6305.12  114.4434  22.4335   3.7636     -85.0666
   2361    5735  3060.24    6427.86  114.4671  22.4298   3.9673     -84.8195
   2361    5857  3078.02    6550.82  114.4909  22.4261   4.1714     -84.5953
   2361    6000  3098.91    6695.24  114.5188  22.4217   4.4111     -84.3575
   2479       1  2350.97    697.40  113.3569  22.5779   5.5750     102.2459
   2479     123  2368.83    820.92  113.3809  22.5743   5.3703     102.3743
   2479     245  2386.65    944.21  113.4048  22.5708   5.1659     102.5120
   2479     367  2404.45    1067.26  113.4287  22.5672   4.9617     102.6600
   2479     489  2422.21    1190.09  113.4525  22.5636   4.7579     102.8196
   2479     611  2439.94    1312.70  113.4762  22.5601   4.5543     102.9925
   2479     733  2457.64    1435.12  113.5000  22.5565   4.3511     103.1804
   2479     855  2475.31    1557.35  113.5237  22.5529   4.1481     103.3856
   2479     977  2492.96    1679.39  113.5473  22.5494   3.9454     103.6106
   2479    1099  2510.58    1801.26  113.5710  22.5458   3.7429     103.8588
   2479    1221  2528.18    1922.97  113.5945  22.5423   3.5407     104.1340
   2479    1343  2545.76    2044.53  113.6181  22.5387   3.3388     104.4411
   2479    1465  2563.31    2165.95  113.6416  22.5352   3.1372     104.7862
   2479    1587  2580.85    2287.24  113.6651  22.5316   2.9358     105.1772
   2479    1709  2598.37    2408.40  113.6886  22.5281   2.7347     105.6239
   2479    1831  2615.88    2529.46  113.7121  22.5245   2.5340     106.1398
   2479    1953  2633.37    2650.41  113.7355  22.5209   2.3335     106.7423
   2479    2075  2650.84    2771.27  113.7589  22.5174   2.1335     107.4558
   2479    2197  2668.31    2892.05  113.7823  22.5138   1.9340     108.3145
   2479    2319  2685.76    3012.76  113.8057  22.5103   1.7351     109.3677
   2479    2441  2703.21    3133.41  113.8291  22.5067   1.5370     110.6903
   2479    2563  2720.64    3254.00  113.8524  22.5032   1.3399     112.3998
   2479    2685  2738.08    3374.56  113.8758  22.4996   1.1445     114.6920
   2479    2807  2755.50    3495.08  113.8991  22.4960   0.9517     117.9157
   2479    2929  2772.93    3615.58  113.9225  22.4925   0.7635     122.7465
   2479    3051  2790.35    3736.07  113.9458  22.4889   0.5841     130.6278
   2479    3173  2807.78    3856.56  113.9691  22.4853   0.4249     144.8827
   2479    3295  2825.20    3977.05  113.9924  22.4817   0.3181     171.7581
   2479    3417  2842.63    4097.56  114.0158  22.4782   0.3209     -151.4694
   2479    3539  2860.06    4218.11  114.0391  22.4746   0.4313     -125.2617
   2479    3661  2877.49    4338.68  114.0624  22.4710   0.5919     -111.4011
   2479    3783  2894.94    4459.31  114.0858  22.4674   0.7721     -103.7038
   2479    3905  2912.39    4580.00  114.1091  22.4638   0.9609     -98.9657
   2479    4027  2929.85    4700.75  114.1325  22.4602   1.1542     -95.7937
   2479    4149  2947.32    4821.58  114.1559  22.4566   1.3501     -93.5330
   2479    4271  2964.81    4942.49  114.1793  22.4530   1.5476     -91.8438
   2479    4393  2982.31    5063.51  114.2027  22.4493   1.7464     -90.5352
   2479    4515  2999.83    5184.63  114.2261  22.4457   1.9459     -89.4918
   2479    4637  3017.36    5305.87  114.2496  22.4421   2.1462     -88.6405
   2479    4759  3034.91    5427.24  114.2731  22.4384   2.3469     -87.9325
   2479    4881  3052.48    5548.74  114.2966  22.4348   2.5482     -87.3342
   2479    5003  3070.07    5670.39  114.3201  22.4311   2.7499     -86.8218
   2479    5125  3087.69    5792.20  114.3437  22.4275   2.9519     -86.3777
   2479    5247  3105.33    5914.18  114.3672  22.4238   3.1543     -85.9890
   2479    5369  3122.99    6036.33  114.3909  22.4201   3.3571     -85.6457
   2479    5491  3140.69    6158.67  114.4145  22.4164   3.5602     -85.3402
   2479    5613  3158.41    6281.21  114.4382  22.4127   3.7636     -85.0663
   2479    5735  3176.16    6403.95  114.4619  22.4090   3.9673     -84.8192
   2479    5857  3193.94    6526.91  114.4857  22.4053   4.1714     -84.5951
   2479    6000  3214.83    6671.33  114.5136  22.4009   4.4111     -84.3574
   2597       1  2466.73    673.54  113.3519  22.5571   5.5750     102.2436
   2597     123  2484.59    797.06  113.3759  22.5535   5.3703     102.3719
   2597     245  2502.42    920.34  113.3998  22.5499   5.1658     102.5095
   2597     367  2520.22    1043.39  113.4236  22.5464   4.9617     102.6574
   2597     489  2537.98    1166.22  113.4475  22.5428   4.7579     102.8170
   2597     611  2555.71    1288.84  113.4712  22.5392   4.5543     102.9898
   2597     733  2573.42    1411.25  113.4950  22.5357   4.3511     103.1776
   2597     855  2591.09    1533.48  113.5187  22.5321   4.1481     103.3827
   2597     977  2608.74    1655.52  113.5423  22.5286   3.9454     103.6077
   2597    1099  2626.37    1777.39  113.5659  22.5250   3.7429     103.8557
   2597    1221  2643.97    1899.10  113.5895  22.5214   3.5407     104.1308
   2597    1343  2661.55    2020.66  113.6131  22.5179   3.3388     104.4378
   2597    1465  2679.11    2142.08  113.6366  22.5143   3.1371     104.7828
   2597    1587  2696.65    2263.36  113.6601  22.5108   2.9358     105.1736
   2597    1709  2714.18    2384.53  113.6836  22.5072   2.7347     105.6202
   2597    1831  2731.69    2505.58  113.7070  22.5037   2.5339     106.1358
   2597    1953  2749.18    2626.53  113.7305  22.5001   2.3335     106.7381
   2597    2075  2766.66    2747.39  113.7539  22.4966   2.1335     107.4513
   2597    2197  2784.13    2868.17  113.7773  22.4930   1.9340     108.3096
   2597    2319  2801.58    2988.88  113.8006  22.4895   1.7351     109.3625
   2597    2441  2819.03    3109.52  113.8240  22.4859   1.5369     110.6846
   2597    2563  2836.47    3230.12  113.8474  22.4823   1.3399     112.3935
   2597    2685  2853.91    3350.67  113.8707  22.4788   1.1445     114.6850
   2597    2807  2871.34    3471.19  113.8940  22.4752   0.9517     117.9077
   2597    2929  2888.77    3591.69  113.9174  22.4716   0.7634     122.7372
   2597    3051  2906.19    3712.18  113.9407  22.4681   0.5840     130.6170
   2597    3173  2923.62    3832.67  113.9640  22.4645   0.4248     144.8715
   2597    3295  2941.05    3953.16  113.9873  22.4609   0.3179     171.7533
   2597    3417  2958.48    4073.67  114.0107  22.4573   0.3208     -151.4603
   2597    3539  2975.91    4194.21  114.0340  22.4538   0.4312     -125.2496
   2597    3661  2993.35    4314.79  114.0573  22.4502   0.5919     -111.3912
   2597    3783  3010.80    4435.41  114.0807  22.4466   0.7720     -103.6962
   2597    3905  3028.25    4556.10  114.1040  22.4430   0.9609     -98.9597
   2597    4027  3045.72    4676.85  114.1274  22.4394   1.1542     -95.7890
   2597    4149  3063.19    4797.68  114.1508  22.4358   1.3501     -93.5291
   2597    4271  3080.68    4918.59  114.1742  22.4322   1.5476     -91.8406
   2597    4393  3098.19    5039.61  114.1976  22.4285   1.7463     -90.5325
   2597    4515  3115.71    5160.73  114.2210  22.4249   1.9459     -89.4896
   2597    4637  3133.24    5281.97  114.2445  22.4213   2.1462     -88.6386
   2597    4759  3150.80    5403.33  114.2679  22.4176   2.3469     -87.9309
   2597    4881  3168.37    5524.83  114.2914  22.4140   2.5482     -87.3329
   2597    5003  3185.97    5646.48  114.3150  22.4103   2.7499     -86.8207
   2597    5125  3203.58    5768.29  114.3385  22.4067   2.9519     -86.3768
   2597    5247  3221.23    5890.27  114.3621  22.4030   3.1543     -85.9883
   2597    5369  3238.90    6012.42  114.3857  22.3993   3.3571     -85.6451
   2597    5491  3256.59    6134.76  114.4094  22.3956   3.5602     -85.3397
   2597    5613  3274.32    6257.29  114.4331  22.3919   3.7636     -85.0659
   2597    5735  3292.07    6380.03  114.4568  22.3882   3.9673     -84.8190
   2597    5857  3309.86    6502.99  114.4805  22.3845   4.1714     -84.5950
   2597    6000  3330.75    6647.41  114.5085  22.3801   4.4111     -84.3574
   2715       1  2582.49    649.67  113.3469  22.5363   5.5750     102.2412
   2715     123  2600.35    773.19  113.3709  22.5327   5.3702     102.3695
   2715     245  2618.19    896.48  113.3948  22.5291   5.1658     102.5070
   2715     367  2635.99    1019.52  113.4186  22.5255   4.9617     102.6548
   2715     489  2653.75    1142.35  113.4425  22.5220   4.7578     102.8143
   2715     611  2671.49    1264.97  113.4662  22.5184   4.5543     102.9871
   2715     733  2689.20    1387.38  113.4900  22.5149   4.3510     103.1748
   2715     855  2706.88    1509.60  113.5136  22.5113   4.1480     103.3798
   2715     977  2724.53    1631.64  113.5373  22.5077   3.9453     103.6047
   2715    1099  2742.16    1753.51  113.5609  22.5042   3.7429     103.8527
   2715    1221  2759.76    1875.22  113.5845  22.5006   3.5407     104.1276
   2715    1343  2777.35    1996.78  113.6080  22.4971   3.3388     104.4345
   2715    1465  2794.91    2118.20  113.6316  22.4935   3.1371     104.7793
   2715    1587  2812.46    2239.48  113.6551  22.4900   2.9357     105.1700
   2715    1709  2829.98    2360.65  113.6785  22.4864   2.7347     105.6164
   2715    1831  2847.49    2481.70  113.7020  22.4829   2.5339     106.1318
   2715    1953  2864.99    2602.65  113.7254  22.4793   2.3335     106.7339
   2715    2075  2882.47    2723.51  113.7488  22.4757   2.1335     107.4468
   2715    2197  2899.94    2844.28  113.7722  22.4722   1.9339     108.3048
   2715    2319  2917.40    2964.99  113.7956  22.4686   1.7350     109.3573
   2715    2441  2934.86    3085.64  113.8189  22.4651   1.5369     110.6789
   2715    2563  2952.30    3206.23  113.8423  22.4615   1.3398     112.3872
   2715    2685  2969.74    3326.78  113.8656  22.4580   1.1444     114.6779
   2715    2807  2987.17    3447.30  113.8890  22.4544   0.9516     117.8996
   2715    2929  3004.61    3567.80  113.9123  22.4508   0.7633     122.7279
   2715    3051  3022.03    3688.29  113.9356  22.4473   0.5839     130.6063
   2715    3173  3039.46    3808.77  113.9589  22.4437   0.4247     144.8603
   2715    3295  3056.89    3929.26  113.9823  22.4401   0.3178     171.7485
   2715    3417  3074.33    4049.77  114.0056  22.4365   0.3207     -151.4511
   2715    3539  3091.77    4170.31  114.0289  22.4329   0.4311     -125.2375
   2715    3661  3109.21    4290.89  114.0522  22.4294   0.5918     -111.3814
   2715    3783  3126.66    4411.51  114.0756  22.4258   0.7720     -103.6886
   2715    3905  3144.12    4532.20  114.0989  22.4222   0.9608     -98.9538
   2715    4027  3161.58    4652.94  114.1223  22.4186   1.1541     -95.7842
   2715    4149  3179.06    4773.77  114.1457  22.4150   1.3501     -93.5252
   2715    4271  3196.56    4894.69  114.1691  22.4113   1.5476     -91.8375
   2715    4393  3214.06    5015.70  114.1925  22.4077   1.7463     -90.5299
   2715    4515  3231.58    5136.82  114.2159  22.4041   1.9459     -89.4874
   2715    4637  3249.12    5258.06  114.2393  22.4005   2.1462     -88.6367
   2715    4759  3266.68    5379.42  114.2628  22.3968   2.3469     -87.9293
   2715    4881  3284.26    5500.92  114.2863  22.3932   2.5482     -87.3315
   2715    5003  3301.86    5622.57  114.3098  22.3895   2.7499     -86.8196
   2715    5125  3319.48    5744.38  114.3334  22.3858   2.9519     -86.3759
   2715    5247  3337.13    5866.35  114.3570  22.3822   3.1543     -85.9875
   2715    5369  3354.80    5988.50  114.3806  22.3785   3.3571     -85.6445
   2715    5491  3372.50    6110.84  114.4042  22.3748   3.5602     -85.3392
   2715    5613  3390.23    6233.37  114.4279  22.3711   3.7636     -85.0656
   2715    5735  3407.98    6356.11  114.4516  22.3674   3.9674     -84.8188
   2715    5857  3425.77    6479.07  114.4754  22.3637   4.1714     -84.5949
   2715    6000  3446.67    6623.48  114.5033  22.3593   4.4111     -84.3574
   2833       1  2698.25    625.80  113.3420  22.5154   5.5749     102.2388
   2833     123  2716.12    749.32  113.3659  22.5119   5.3702     102.3670
   2833     245  2733.95    872.60  113.3898  22.5083   5.1658     102.5045
   2833     367  2751.75    995.65  113.4136  22.5047   4.9616     102.6523
   2833     489  2769.52    1118.48  113.4375  22.5012   4.7578     102.8117
   2833     611  2787.26    1241.09  113.4612  22.4976   4.5543     102.9844
   2833     733  2804.98    1363.50  113.4849  22.4940   4.3510     103.1720
   2833     855  2822.66    1485.73  113.5086  22.4905   4.1480     103.3770
   2833     977  2840.32    1607.77  113.5323  22.4869   3.9453     103.6017
   2833    1099  2857.95    1729.63  113.5559  22.4833   3.7428     103.8496
   2833    1221  2875.56    1851.34  113.5795  22.4798   3.5407     104.1245
   2833    1343  2893.14    1972.90  113.6030  22.4762   3.3387     104.4312
   2833    1465  2910.71    2094.31  113.6265  22.4727   3.1371     104.7759
   2833    1587  2928.26    2215.60  113.6500  22.4691   2.9357     105.1664
   2833    1709  2945.79    2336.76  113.6735  22.4656   2.7346     105.6126
   2833    1831  2963.30    2457.81  113.6969  22.4620   2.5339     106.1278
   2833    1953  2980.80    2578.76  113.7204  22.4585   2.3334     106.7296
   2833    2075  2998.29    2699.62  113.7438  22.4549   2.1334     107.4424
   2833    2197  3015.76    2820.39  113.7672  22.4514   1.9339     108.3000
   2833    2319  3033.22    2941.10  113.7905  22.4478   1.7350     109.3521
   2833    2441  3050.68    3061.74  113.8139  22.4443   1.5368     110.6732
   2833    2563  3068.13    3182.34  113.8372  22.4407   1.3398     112.3809
   2833    2685  3085.57    3302.89  113.8606  22.4371   1.1444     114.6709
   2833    2807  3103.01    3423.40  113.8839  22.4336   0.9516     117.8916
   2833    2929  3120.44    3543.90  113.9072  22.4300   0.7633     122.7186
   2833    3051  3137.87    3664.39  113.9305  22.4264   0.5838     130.5955
   2833    3173  3155.31    3784.87  113.9539  22.4229   0.4246     144.8491
   2833    3295  3172.74    3905.36  113.9772  22.4193   0.3177     171.7437
   2833    3417  3190.18    4025.87  114.0005  22.4157   0.3206     -151.4420
   2833    3539  3207.62    4146.41  114.0238  22.4121   0.4311     -125.2253
   2833    3661  3225.06    4266.98  114.0472  22.4085   0.5918     -111.3715
   2833    3783  3242.52    4387.61  114.0705  22.4050   0.7720     -103.6810
   2833    3905  3259.98    4508.29  114.0938  22.4014   0.9608     -98.9478
   2833    4027  3277.45    4629.04  114.1172  22.3978   1.1541     -95.7795
   2833    4149  3294.93    4749.86  114.1406  22.3941   1.3500     -93.5213
   2833    4271  3312.43    4870.78  114.1639  22.3905   1.5476     -91.8343
   2833    4393  3329.94    4991.79  114.1874  22.3869   1.7463     -90.5272
   2833    4515  3347.46    5112.91  114.2108  22.3833   1.9459     -89.4851
   2833    4637  3365.01    5234.14  114.2342  22.3796   2.1462     -88.6349
   2833    4759  3382.57    5355.50  114.2577  22.3760   2.3469     -87.9277
   2833    4881  3400.15    5477.01  114.2812  22.3724   2.5482     -87.3302
   2833    5003  3417.75    5598.65  114.3047  22.3687   2.7499     -86.8184
   2833    5125  3435.37    5720.46  114.3282  22.3650   2.9519     -86.3750
   2833    5247  3453.02    5842.43  114.3518  22.3614   3.1543     -85.9868
   2833    5369  3470.70    5964.58  114.3754  22.3577   3.3571     -85.6439
   2833    5491  3488.40    6086.91  114.3991  22.3540   3.5602     -85.3388
   2833    5613  3506.13    6209.45  114.4228  22.3503   3.7636     -85.0652
   2833    5735  3523.89    6332.19  114.4465  22.3466   3.9674     -84.8185
   2833    5857  3541.69    6455.14  114.4702  22.3429   4.1715     -84.5947
   2833    6000  3562.58    6599.55  114.4981  22.3385   4.4111     -84.3573
   2951       1  2814.00    601.93  113.3370  22.4946   5.5749     102.2364
   2951     123  2831.88    725.45  113.3609  22.4910   5.3702     102.3646
   2951     245  2849.72    848.73  113.3848  22.4875   5.1657     102.5020
   2951     367  2867.52    971.77  113.4086  22.4839   4.9616     102.6497
   2951     489  2885.30    1094.60  113.4324  22.4803   4.7578     102.8091
   2951     611  2903.04    1217.21  113.4562  22.4768   4.5542     102.9816
   2951     733  2920.75    1339.62  113.4799  22.4732   4.3510     103.1693
   2951     855  2938.44    1461.84  113.5036  22.4696   4.1480     103.3741
   2951     977  2956.10    1583.88  113.5273  22.4661   3.9453     103.5988
   2951    1099  2973.73    1705.75  113.5509  22.4625   3.7428     103.8465
   2951    1221  2991.35    1827.46  113.5744  22.4590   3.5406     104.1213
   2951    1343  3008.94    1949.01  113.5980  22.4554   3.3387     104.4279
   2951    1465  3026.51    2070.43  113.6215  22.4519   3.1370     104.7724
   2951    1587  3044.06    2191.71  113.6450  22.4483   2.9357     105.1627
   2951    1709  3061.59    2312.87  113.6685  22.4448   2.7346     105.6088
   2951    1831  3079.11    2433.92  113.6919  22.4412   2.5338     106.1238
   2951    1953  3096.61    2554.87  113.7153  22.4377   2.3334     106.7254
   2951    2075  3114.10    2675.73  113.7387  22.4341   2.1334     107.4379
   2951    2197  3131.58    2796.50  113.7621  22.4305   1.9339     108.2952
   2951    2319  3149.04    2917.20  113.7855  22.4270   1.7349     109.3469
   2951    2441  3166.50    3037.85  113.8088  22.4234   1.5368     110.6676
   2951    2563  3183.95    3158.44  113.8322  22.4199   1.3398     112.3747
   2951    2685  3201.40    3278.99  113.8555  22.4163   1.1443     114.6638
   2951    2807  3218.84    3399.51  113.8788  22.4128   0.9515     117.8836
   2951    2929  3236.28    3520.00  113.9021  22.4092   0.7632     122.7093
   2951    3051  3253.71    3640.49  113.9255  22.4056   0.5837     130.5848
   2951    3173  3271.15    3760.97  113.9488  22.4021   0.4245     144.8379
   2951    3295  3288.59    3881.46  113.9721  22.3985   0.3176     171.7389
   2951    3417  3306.02    4001.97  113.9954  22.3949   0.3205     -151.4328
   2951    3539  3323.47    4122.50  114.0187  22.3913   0.4310     -125.2132
   2951    3661  3340.92    4243.08  114.0421  22.3877   0.5917     -111.3616
   2951    3783  3358.37    4363.70  114.0654  22.3841   0.7719     -103.6733
   2951    3905  3375.84    4484.38  114.0887  22.3805   0.9608     -98.9419
   2951    4027  3393.31    4605.12  114.1121  22.3769   1.1541     -95.7747
   2951    4149  3410.80    4725.95  114.1355  22.3733   1.3500     -93.5175
   2951    4271  3428.30    4846.86  114.1588  22.3697   1.5476     -91.8311
   2951    4393  3445.81    4967.87  114.1822  22.3661   1.7463     -90.5245
   2951    4515  3463.34    5088.99  114.2057  22.3625   1.9459     -89.4829
   2951    4637  3480.89    5210.22  114.2291  22.3588   2.1462     -88.6330
   2951    4759  3498.45    5331.59  114.2526  22.3552   2.3470     -87.9262
   2951    4881  3516.03    5453.08  114.2760  22.3515   2.5482     -87.3289
   2951    5003  3533.64    5574.73  114.2996  22.3479   2.7499     -86.8173
   2951    5125  3551.27    5696.53  114.3231  22.3442   2.9519     -86.3740
   2951    5247  3568.92    5818.51  114.3467  22.3406   3.1543     -85.9860
   2951    5369  3586.60    5940.65  114.3703  22.3369   3.3571     -85.6433
   2951    5491  3604.30    6062.99  114.3939  22.3332   3.5602     -85.3383
   2951    5613  3622.04    6185.52  114.4176  22.3295   3.7636     -85.0649
   2951    5735  3639.80    6308.26  114.4413  22.3258   3.9674     -84.8183
   2951    5857  3657.60    6431.21  114.4651  22.3221   4.1715     -84.5945
   2951    6000  3678.50    6575.62  114.4930  22.3177   4.4111     -84.3573
   3069       1  2929.76    578.05  113.3320  22.4738   5.5749     102.2340
   3069     123  2947.64    701.57  113.3559  22.4702   5.3701     102.3622
   3069     245  2965.48    824.85  113.3798  22.4666   5.1657     102.4995
   3069     367  2983.29    947.89  113.4036  22.4631   4.9616     102.6471
   3069     489  3001.06    1070.72  113.4274  22.4595   4.7578     102.8064
   3069     611  3018.81    1193.33  113.4512  22.4559   4.5542     102.9789
   3069     733  3036.53    1315.74  113.4749  22.4524   4.3509     103.1665
   3069     855  3054.22    1437.96  113.4986  22.4488   4.1480     103.3712
   3069     977  3071.88    1560.00  113.5222  22.4453   3.9452     103.5958
   3069    1099  3089.52    1681.86  113.5458  22.4417   3.7428     103.8435
   3069    1221  3107.13    1803.57  113.5694  22.4381   3.5406     104.1181
   3069    1343  3124.73    1925.12  113.5930  22.4346   3.3387     104.4246
   3069    1465  3142.30    2046.53  113.6165  22.4310   3.1370     104.7690
   3069    1587  3159.86    2167.82  113.6400  22.4275   2.9356     105.1591
   3069    1709  3177.39    2288.98  113.6634  22.4239   2.7346     105.6050
   3069    1831  3194.91    2410.02  113.6869  22.4204   2.5338     106.1198
   3069    1953  3212.42    2530.97  113.7103  22.4168   2.3334     106.7212
   3069    2075  3229.91    2651.83  113.7337  22.4133   2.1334     107.4334
   3069    2197  3247.39    2772.60  113.7570  22.4097   1.9338     108.2904
   3069    2319  3264.86    2893.30  113.7804  22.4062   1.7349     109.3417
   3069    2441  3282.32    3013.95  113.8038  22.4026   1.5367     110.6619
   3069    2563  3299.78    3134.54  113.8271  22.3991   1.3397     112.3684
   3069    2685  3317.23    3255.08  113.8504  22.3955   1.1443     114.6568
   3069    2807  3334.67    3375.60  113.8738  22.3919   0.9515     117.8755
   3069    2929  3352.11    3496.09  113.8971  22.3884   0.7631     122.7000
   3069    3051  3369.55    3616.58  113.9204  22.3848   0.5837     130.5740
   3069    3173  3386.99    3737.06  113.9437  22.3812   0.4244     144.8267
   3069    3295  3404.43    3857.55  113.9670  22.3777   0.3175     171.7341
   3069    3417  3421.87    3978.06  113.9903  22.3741   0.3203     -151.4236
   3069    3539  3439.32    4098.59  114.0136  22.3705   0.4309     -125.2010
   3069    3661  3456.77    4219.16  114.0370  22.3669   0.5917     -111.3517
   3069    3783  3474.23    4339.78  114.0603  22.3633   0.7719     -103.6657
   3069    3905  3491.70    4460.46  114.0836  22.3597   0.9608     -98.9359
   3069    4027  3509.18    4581.21  114.1070  22.3561   1.1541     -95.7699
   3069    4149  3526.67    4702.03  114.1303  22.3525   1.3500     -93.5136
   3069    4271  3544.17    4822.94  114.1537  22.3489   1.5476     -91.8279
   3069    4393  3561.68    4943.95  114.1771  22.3453   1.7463     -90.5219
   3069    4515  3579.22    5065.07  114.2005  22.3417   1.9459     -89.4807
   3069    4637  3596.76    5186.30  114.2240  22.3380   2.1462     -88.6311
   3069    4759  3614.33    5307.66  114.2474  22.3344   2.3470     -87.9246
   3069    4881  3631.92    5429.16  114.2709  22.3307   2.5482     -87.3276
   3069    5003  3649.53    5550.81  114.2944  22.3271   2.7499     -86.8162
   3069    5125  3667.16    5672.61  114.3180  22.3234   2.9519     -86.3731
   3069    5247  3684.81    5794.58  114.3415  22.3198   3.1544     -85.9852
   3069    5369  3702.50    5916.72  114.3651  22.3161   3.3571     -85.6427
   3069    5491  3720.21    6039.06  114.3888  22.3124   3.5602     -85.3378
   3069    5613  3737.94    6161.59  114.4125  22.3087   3.7636     -85.0645
   3069    5735  3755.71    6284.32  114.4362  22.3050   3.9674     -84.8180
   3069    5857  3773.51    6407.28  114.4599  22.3013   4.1715     -84.5944
   3069    6000  3794.41    6551.69  114.4878  22.2969   4.4111     -84.3572
   3187       1  3045.51    554.17  113.3270  22.4529   5.5749     102.2317
   3187     123  3063.39    677.69  113.3509  22.4494   5.3701     102.3597
   3187     245  3081.24    800.96  113.3748  22.4458   5.1657     102.4970
   3187     367  3099.05    924.01  113.3986  22.4422   4.9616     102.6446
   3187     489  3116.83    1046.83  113.4224  22.4387   4.7577     102.8038
   3187     611  3134.58    1169.44  113.4462  22.4351   4.5542     102.9762
   3187     733  3152.30    1291.85  113.4699  22.4315   4.3509     103.1637
   3187     855  3170.00    1414.07  113.4936  22.4280   4.1479     103.3683
   3187     977  3187.66    1536.11  113.5172  22.4244   3.9452     103.5928
   3187    1099  3205.30    1657.97  113.5408  22.4209   3.7428     103.8404
   3187    1221  3222.92    1779.68  113.5644  22.4173   3.5406     104.1149
   3187    1343  3240.52    1901.23  113.5879  22.4138   3.3386     104.4213
   3187    1465  3258.10    2022.64  113.6114  22.4102   3.1370     104.7656
   3187    1587  3275.65    2143.92  113.6349  22.4067   2.9356     105.1555
   3187    1709  3293.19    2265.08  113.6584  22.4031   2.7345     105.6012
   3187    1831  3310.72    2386.13  113.6818  22.3996   2.5338     106.1158
   3187    1953  3328.22    2507.07  113.7052  22.3960   2.3333     106.7170
   3187    2075  3345.72    2627.93  113.7286  22.3925   2.1333     107.4289
   3187    2197  3363.20    2748.70  113.7520  22.3889   1.9338     108.2855
   3187    2319  3380.68    2869.40  113.7754  22.3853   1.7348     109.3365
   3187    2441  3398.14    2990.04  113.7987  22.3818   1.5367     110.6562
   3187    2563  3415.60    3110.63  113.8220  22.3782   1.3397     112.3621
   3187    2685  3433.05    3231.18  113.8454  22.3747   1.1442     114.6497
   3187    2807  3450.50    3351.69  113.8687  22.3711   0.9514     117.8675
   3187    2929  3467.94    3472.19  113.8920  22.3676   0.7631     122.6907
   3187    3051  3485.39    3592.67  113.9153  22.3640   0.5836     130.5632
   3187    3173  3502.83    3713.15  113.9386  22.3604   0.4243     144.8154
   3187    3295  3520.27    3833.64  113.9619  22.3568   0.3173     171.7293
   3187    3417  3537.72    3954.14  113.9852  22.3533   0.3202     -151.4144
   3187    3539  3555.17    4074.68  114.0086  22.3497   0.4309     -125.1888
   3187    3661  3572.62    4195.25  114.0319  22.3461   0.5916     -111.3418
   3187    3783  3590.09    4315.87  114.0552  22.3425   0.7719     -103.6581
   3187    3905  3607.56    4436.54  114.0785  22.3389   0.9608     -98.9299
   3187    4027  3625.04    4557.29  114.1019  22.3353   1.1541     -95.7652
   3187    4149  3642.53    4678.11  114.1252  22.3317   1.3500     -93.5097
   3187    4271  3660.03    4799.02  114.1486  22.3281   1.5476     -91.8247
   3187    4393  3677.55    4920.03  114.1720  22.3245   1.7463     -90.5192
   3187    4515  3695.09    5041.14  114.1954  22.3208   1.9459     -89.4784
   3187    4637  3712.64    5162.38  114.2189  22.3172   2.1462     -88.6292
   3187    4759  3730.21    5283.73  114.2423  22.3136   2.3470     -87.9230
   3187    4881  3747.80    5405.23  114.2658  22.3099   2.5482     -87.3262
   3187    5003  3765.41    5526.88  114.2893  22.3063   2.7499     -86.8151
   3187    5125  3783.05    5648.68  114.3128  22.3026   2.9519     -86.3722
   3187    5247  3800.71    5770.64  114.3364  22.2989   3.1544     -85.9845
   3187    5369  3818.39    5892.79  114.3600  22.2953   3.3571     -85.6421
   3187    5491  3836.11    6015.12  114.3836  22.2916   3.5602     -85.3373
   3187    5613  3853.85    6137.65  114.4073  22.2879   3.7636     -85.0641
   3187    5735  3871.62    6260.39  114.4310  22.2842   3.9674     -84.8177
   3187    5857  3889.42    6383.34  114.4548  22.2805   4.1715     -84.5942
   3187    6000  3910.33    6527.75  114.4827  22.2761   4.4111     -84.3572
   3305       1  3161.27    530.28  113.3220  22.4321   5.5748     102.2293
   3305     123  3179.15    653.80  113.3459  22.4285   5.3701     102.3573
   3305     245  3197.00    777.07  113.3698  22.4250   5.1657     102.4945
   3305     367  3214.82    900.12  113.3936  22.4214   4.9615     102.6420
   3305     489  3232.60    1022.94  113.4174  22.4178   4.7577     102.8012
   3305     611  3250.35    1145.55  113.4412  22.4143   4.5541     102.9735
   3305     733  3268.08    1267.96  113.4649  22.4107   4.3509     103.1609
   3305     855  3285.77    1390.17  113.4886  22.4072   4.1479     103.3655
   3305     977  3303.44    1512.21  113.5122  22.4036   3.9452     103.5899
   3305    1099  3321.09    1634.07  113.5358  22.4000   3.7427     103.8373
   3305    1221  3338.71    1755.78  113.5594  22.3965   3.5405     104.1117
   3305    1343  3356.31    1877.33  113.5829  22.3929   3.3386     104.4179
   3305    1465  3373.89    1998.74  113.6064  22.3894   3.1370     104.7621
   3305    1587  3391.45    2120.02  113.6299  22.3858   2.9356     105.1519
   3305    1709  3408.99    2241.18  113.6533  22.3823   2.7345     105.5974
   3305    1831  3426.52    2362.22  113.6768  22.3787   2.5337     106.1118
   3305    1953  3444.03    2483.17  113.7002  22.3752   2.3333     106.7127
   3305    2075  3461.53    2604.02  113.7236  22.3716   2.1333     107.4243
   3305    2197  3479.02    2724.79  113.7469  22.3681   1.9337     108.2807
   3305    2319  3496.49    2845.49  113.7703  22.3645   1.7348     109.3312
   3305    2441  3513.96    2966.13  113.7937  22.3610   1.5367     110.6505
   3305    2563  3531.42    3086.72  113.8170  22.3574   1.3396     112.3558
   3305    2685  3548.88    3207.27  113.8403  22.3539   1.1442     114.6426
   3305    2807  3566.33    3327.78  113.8636  22.3503   0.9513     117.8594
   3305    2929  3583.77    3448.27  113.8869  22.3467   0.7630     122.6814
   3305    3051  3601.22    3568.75  113.9102  22.3432   0.5835     130.5524
   3305    3173  3618.66    3689.23  113.9335  22.3396   0.4242     144.8042
   3305    3295  3636.11    3809.72  113.9568  22.3360   0.3172     171.7245
   3305    3417  3653.56    3930.22  113.9802  22.3324   0.3201     -151.4052
   3305    3539  3671.01    4050.76  114.0035  22.3289   0.4308     -125.1766
   3305    3661  3688.47    4171.33  114.0268  22.3253   0.5916     -111.3320
   3305    3783  3705.94    4291.94  114.0501  22.3217   0.7718     -103.6504
   3305    3905  3723.41    4412.62  114.0734  22.3181   0.9607     -98.9239
   3305    4027  3740.90    4533.36  114.0968  22.3145   1.1541     -95.7604
   3305    4149  3758.39    4654.19  114.1201  22.3109   1.3500     -93.5058
   3305    4271  3775.90    4775.09  114.1435  22.3073   1.5476     -91.8215
   3305    4393  3793.42    4896.10  114.1669  22.3037   1.7463     -90.5165
   3305    4515  3810.96    5017.21  114.1903  22.3000   1.9459     -89.4762
   3305    4637  3828.52    5138.44  114.2137  22.2964   2.1462     -88.6273
   3305    4759  3846.09    5259.80  114.2372  22.2928   2.3470     -87.9214
   3305    4881  3863.68    5381.30  114.2607  22.2891   2.5482     -87.3249
   3305    5003  3881.30    5502.94  114.2842  22.2855   2.7499     -86.8140
   3305    5125  3898.94    5624.74  114.3077  22.2818   2.9520     -86.3713
   3305    5247  3916.60    5746.71  114.3313  22.2781   3.1544     -85.9837
   3305    5369  3934.29    5868.85  114.3549  22.2745   3.3571     -85.6415
   3305    5491  3952.00    5991.18  114.3785  22.2708   3.5602     -85.3369
   3305    5613  3969.75    6113.71  114.4022  22.2671   3.7636     -85.0638
   3305    5735  3987.52    6236.44  114.4259  22.2634   3.9674     -84.8175
   3305    5857  4005.33    6359.40  114.4496  22.2596   4.1715     -84.5941
   3305    6000  4026.24    6503.80  114.4775  22.2553   4.4111     -84.3571
   3423       1  3277.02    506.39  113.3170  22.4113   5.5748     102.2269
   3423     123  3294.91    629.91  113.3409  22.4077   5.3701     102.3548
   3423     245  3312.76    753.18  113.3648  22.4041   5.1656     102.4920
   3423     367  3330.58    876.22  113.3887  22.4006   4.9615     102.6395
   3423     489  3348.36    999.04  113.4124  22.3970   4.7577     102.7986
   3423     611  3366.12    1121.65  113.4362  22.3934   4.5541     102.9708
   3423     733  3383.85    1244.06  113.4599  22.3899   4.3509     103.1581
   3423     855  3401.55    1366.28  113.4836  22.3863   4.1479     103.3626
   3423     977  3419.22    1488.31  113.5072  22.3828   3.9451     103.5869
   3423    1099  3436.87    1610.17  113.5308  22.3792   3.7427     103.8342
   3423    1221  3454.49    1731.88  113.5543  22.3757   3.5405     104.1085
   3423    1343  3472.10    1853.43  113.5779  22.3721   3.3386     104.4146
   3423    1465  3489.68    1974.83  113.6014  22.3686   3.1369     104.7586
   3423    1587  3507.24    2096.11  113.6249  22.3650   2.9355     105.1483
   3423    1709  3524.79    2217.27  113.6483  22.3615   2.7345     105.5937
   3423    1831  3542.32    2338.31  113.6717  22.3579   2.5337     106.1078
   3423    1953  3559.83    2459.26  113.6951  22.3544   2.3333     106.7085
   3423    2075  3577.34    2580.11  113.7185  22.3508   2.1332     107.4198
   3423    2197  3594.83    2700.88  113.7419  22.3473   1.9337     108.2759
   3423    2319  3612.31    2821.58  113.7653  22.3437   1.7348     109.3260
   3423    2441  3629.78    2942.22  113.7886  22.3402   1.5366     110.6448
   3423    2563  3647.24    3062.80  113.8119  22.3366   1.3396     112.3495
   3423    2685  3664.70    3183.35  113.8352  22.3330   1.1441     114.6356
   3423    2807  3682.15    3303.86  113.8586  22.3295   0.9513     117.8514
   3423    2929  3699.60    3424.35  113.8819  22.3259   0.7629     122.6721
   3423    3051  3717.05    3544.83  113.9052  22.3223   0.5834     130.5416
   3423    3173  3734.50    3665.31  113.9285  22.3188   0.4241     144.7929
   3423    3295  3751.95    3785.80  113.9518  22.3152   0.3171     171.7197
   3423    3417  3769.40    3906.30  113.9751  22.3116   0.3200     -151.3959
   3423    3539  3786.86    4026.83  113.9984  22.3080   0.4307     -125.1644
   3423    3661  3804.32    4147.40  114.0217  22.3045   0.5915     -111.3220
   3423    3783  3821.79    4268.02  114.0450  22.3009   0.7718     -103.6428
   3423    3905  3839.27    4388.69  114.0683  22.2973   0.9607     -98.9180
   3423    4027  3856.75    4509.44  114.0917  22.2937   1.1541     -95.7556
   3423    4149  3874.25    4630.25  114.1150  22.2901   1.3500     -93.5019
   3423    4271  3891.77    4751.16  114.1384  22.2865   1.5476     -91.8183
   3423    4393  3909.29    4872.17  114.1618  22.2828   1.7463     -90.5139
   3423    4515  3926.83    4993.28  114.1852  22.2792   1.9459     -89.4739
   3423    4637  3944.39    5114.51  114.2086  22.2756   2.1462     -88.6254
   3423    4759  3961.97    5235.87  114.2321  22.2720   2.3470     -87.9198
   3423    4881  3979.56    5357.36  114.2555  22.2683   2.5482     -87.3236
   3423    5003  3997.18    5479.00  114.2790  22.2647   2.7499     -86.8129
   3423    5125  4014.82    5600.80  114.3026  22.2610   2.9520     -86.3703
   3423    5247  4032.49    5722.77  114.3261  22.2573   3.1544     -85.9830
   3423    5369  4050.18    5844.91  114.3497  22.2536   3.3571     -85.6409
   3423    5491  4067.90    5967.24  114.3734  22.2500   3.5602     -85.3364
   3423    5613  4085.65    6089.76  114.3970  22.2463   3.7637     -85.0634
   3423    5735  4103.42    6212.50  114.4207  22.2426   3.9674     -84.8172
   3423    5857  4121.23    6335.45  114.4445  22.2388   4.1715     -84.5939
   3423    6000  4142.15    6479.85  114.4723  22.2345   4.4112     -84.3571
   3541       1  3392.77    482.50  113.3120  22.3905   5.5748     102.2245
   3541     123  3410.66    606.01  113.3359  22.3869   5.3700     102.3524
   3541     245  3428.52    729.28  113.3598  22.3833   5.1656     102.4895
   3541     367  3446.34    852.33  113.3837  22.3797   4.9615     102.6369
   3541     489  3464.13    975.14  113.4074  22.3762   4.7576     102.7959
   3541     611  3481.89    1097.75  113.4312  22.3726   4.5541     102.9681
   3541     733  3499.62    1220.16  113.4549  22.3691   4.3508     103.1553
   3541     855  3517.32    1342.37  113.4785  22.3655   4.1478     103.3597
   3541     977  3535.00    1464.41  113.5022  22.3619   3.9451     103.5839
   3541    1099  3552.65    1586.27  113.5258  22.3584   3.7427     103.8312
   3541    1221  3570.28    1707.97  113.5493  22.3548   3.5405     104.1054
   3541    1343  3587.88    1829.52  113.5729  22.3513   3.3385     104.4113
   3541    1465  3605.47    1950.93  113.5964  22.3477   3.1369     104.7552
   3541    1587  3623.04    2072.20  113.6198  22.3442   2.9355     105.1447
   3541    1709  3640.59    2193.36  113.6433  22.3406   2.7344     105.5899
   3541    1831  3658.12    2314.40  113.6667  22.3371   2.5336     106.1039
   3541    1953  3675.64    2435.35  113.6901  22.3335   2.3332     106.7043
   3541    2075  3693.14    2556.20  113.7135  22.3300   2.1332     107.4153
   3541    2197  3710.64    2676.97  113.7369  22.3264   1.9337     108.2711
   3541    2319  3728.12    2797.66  113.7602  22.3229   1.7347     109.3208
   3541    2441  3745.59    2918.30  113.7835  22.3193   1.5366     110.6391
   3541    2563  3763.06    3038.89  113.8069  22.3158   1.3395     112.3432
   3541    2685  3780.52    3159.43  113.8302  22.3122   1.1441     114.6285
   3541    2807  3797.98    3279.94  113.8535  22.3087   0.9512     117.8433
   3541    2929  3815.43    3400.43  113.8768  22.3051   0.7629     122.6628
   3541    3051  3832.88    3520.91  113.9001  22.3015   0.5833     130.5308
   3541    3173  3850.34    3641.39  113.9234  22.2980   0.4240     144.7816
   3541    3295  3867.79    3761.87  113.9467  22.2944   0.3170     171.7149
   3541    3417  3885.24    3882.37  113.9700  22.2908   0.3199     -151.3867
   3541    3539  3902.70    4002.90  113.9933  22.2872   0.4306     -125.1522
   3541    3661  3920.17    4123.47  114.0166  22.2836   0.5915     -111.3121
   3541    3783  3937.64    4244.09  114.0399  22.2801   0.7718     -103.6351
   3541    3905  3955.12    4364.76  114.0632  22.2765   0.9607     -98.9120
   3541    4027  3972.61    4485.50  114.0866  22.2729   1.1540     -95.7508
   3541    4149  3990.11    4606.32  114.1099  22.2693   1.3500     -93.4980
   3541    4271  4007.63    4727.23  114.1333  22.2656   1.5476     -91.8150
   3541    4393  4025.16    4848.23  114.1567  22.2620   1.7463     -90.5112
   3541    4515  4042.70    4969.34  114.1801  22.2584   1.9459     -89.4717
   3541    4637  4060.26    5090.57  114.2035  22.2548   2.1462     -88.6236
   3541    4759  4077.84    5211.93  114.2269  22.2511   2.3470     -87.9182
   3541    4881  4095.44    5333.42  114.2504  22.2475   2.5482     -87.3222
   3541    5003  4113.07    5455.06  114.2739  22.2438   2.7499     -86.8117
   3541    5125  4130.71    5576.86  114.2974  22.2402   2.9520     -86.3694
   3541    5247  4148.38    5698.82  114.3210  22.2365   3.1544     -85.9822
   3541    5369  4166.07    5820.96  114.3446  22.2328   3.3571     -85.6402
   3541    5491  4183.80    5943.29  114.3682  22.2292   3.5602     -85.3359
   3541    5613  4201.55    6065.82  114.3919  22.2255   3.7637     -85.0631
   3541    5735  4219.33    6188.55  114.4156  22.2218   3.9674     -84.8170
   3541    5857  4237.14    6311.50  114.4393  22.2180   4.1715     -84.5938
   3541    6000  4258.06    6455.90  114.4672  22.2137   4.4112     -84.3570
   3659       1  3508.52    458.60  113.3070  22.3696   5.5748     102.2221
   3659     123  3526.42    582.11  113.3310  22.3661   5.3700     102.3500
   3659     245  3544.27    705.38  113.3548  22.3625   5.1656     102.4870
   3659     367  3562.10    828.42  113.3787  22.3589   4.9614     102.6343
   3659     489  3579.89    951.24  113.4024  22.3553   4.7576     102.7933
   3659     611  3597.66    1073.85  113.4262  22.3518   4.5541     102.9654
   3659     733  3615.39    1196.25  113.4499  22.3482   4.3508     103.1525
   3659     855  3633.10    1318.47  113.4735  22.3447   4.1478     103.3569
   3659     977  3650.77    1440.50  113.4972  22.3411   3.9451     103.5810
   3659    1099  3668.43    1562.36  113.5208  22.3376   3.7426     103.8281
   3659    1221  3686.06    1684.06  113.5443  22.3340   3.5404     104.1022
   3659    1343  3703.67    1805.61  113.5678  22.3305   3.3385     104.4080
   3659    1465  3721.26    1927.01  113.5913  22.3269   3.1369     104.7517
   3659    1587  3738.83    2048.29  113.6148  22.3234   2.9355     105.1411
   3659    1709  3756.38    2169.44  113.6382  22.3198   2.7344     105.5861
   3659    1831  3773.92    2290.49  113.6617  22.3163   2.5336     106.0999
   3659    1953  3791.44    2411.43  113.6851  22.3127   2.3332     106.7001
   3659    2075  3808.95    2532.28  113.7084  22.3092   2.1332     107.4109
   3659    2197  3826.45    2653.05  113.7318  22.3056   1.9336     108.2662
   3659    2319  3843.93    2773.74  113.7552  22.3021   1.7347     109.3156
   3659    2441  3861.41    2894.38  113.7785  22.2985   1.5365     110.6334
   3659    2563  3878.88    3014.96  113.8018  22.2950   1.3395     112.3369
   3659    2685  3896.34    3135.51  113.8251  22.2914   1.1440     114.6215
   3659    2807  3913.80    3256.02  113.8484  22.2878   0.9512     117.8353
   3659    2929  3931.26    3376.50  113.8717  22.2843   0.7628     122.6534
   3659    3051  3948.72    3496.98  113.8950  22.2807   0.5833     130.5200
   3659    3173  3966.17    3617.46  113.9183  22.2771   0.4239     144.7704
   3659    3295  3983.63    3737.94  113.9416  22.2736   0.3168     171.7101
   3659    3417  4001.08    3858.44  113.9649  22.2700   0.3198     -151.3774
   3659    3539  4018.55    3978.97  113.9882  22.2664   0.4306     -125.1400
   3659    3661  4036.02    4099.54  114.0115  22.2628   0.5914     -111.3022
   3659    3783  4053.49    4220.15  114.0348  22.2592   0.7718     -103.6275
   3659    3905  4070.98    4340.82  114.0581  22.2556   0.9607     -98.9060
   3659    4027  4088.47    4461.56  114.0815  22.2520   1.1540     -95.7460
   3659    4149  4105.97    4582.38  114.1048  22.2484   1.3500     -93.4941
   3659    4271  4123.49    4703.29  114.1282  22.2448   1.5476     -91.8118
   3659    4393  4141.02    4824.29  114.1516  22.2412   1.7463     -90.5085
   3659    4515  4158.57    4945.40  114.1750  22.2376   1.9459     -89.4694
   3659    4637  4176.14    5066.63  114.1984  22.2340   2.1462     -88.6217
   3659    4759  4193.72    5187.98  114.2218  22.2303   2.3470     -87.9166
   3659    4881  4211.32    5309.47  114.2453  22.2267   2.5482     -87.3209
   3659    5003  4228.95    5431.11  114.2688  22.2230   2.7499     -86.8106
   3659    5125  4246.60    5552.91  114.2923  22.2194   2.9520     -86.3685
   3659    5247  4264.27    5674.87  114.3159  22.2157   3.1544     -85.9814
   3659    5369  4281.97    5797.01  114.3395  22.2120   3.3571     -85.6396
   3659    5491  4299.69    5919.34  114.3631  22.2083   3.5602     -85.3354
   3659    5613  4317.44    6041.86  114.3867  22.2046   3.7637     -85.0627
   3659    5735  4335.23    6164.59  114.4104  22.2009   3.9674     -84.8167
   3659    5857  4353.04    6287.54  114.4342  22.1972   4.1715     -84.5936
   3659    6000  4373.97    6431.94  114.4620  22.1929   4.4112     -84.3569
   3777       1  3624.27    434.70  113.3021  22.3488   5.5747     102.2198
   3777     123  3642.17    558.21  113.3260  22.3452   5.3700     102.3476
   3777     245  3660.03    681.48  113.3498  22.3417   5.1655     102.4845
   3777     367  3677.86    804.52  113.3737  22.3381   4.9614     102.6318
   3777     489  3695.66    927.33  113.3974  22.3345   4.7576     102.7907
   3777     611  3713.42    1049.94  113.4212  22.3310   4.5540     102.9627
   3777     733  3731.16    1172.34  113.4449  22.3274   4.3508     103.1498
   3777     855  3748.87    1294.55  113.4685  22.3238   4.1478     103.3540
   3777     977  3766.55    1416.59  113.4922  22.3203   3.9451     103.5780
   3777    1099  3784.21    1538.45  113.5157  22.3167   3.7426     103.8251
   3777    1221  3801.84    1660.14  113.5393  22.3132   3.5404     104.0990
   3777    1343  3819.46    1781.69  113.5628  22.3096   3.3385     104.4047
   3777    1465  3837.05    1903.10  113.5863  22.3061   3.1368     104.7483
   3777    1587  3854.62    2024.37  113.6098  22.3025   2.9354     105.1375
   3777    1709  3872.18    2145.52  113.6332  22.2990   2.7344     105.5823
   3777    1831  3889.72    2266.57  113.6566  22.2954   2.5336     106.0959
   3777    1953  3907.24    2387.51  113.6800  22.2919   2.3332     106.6958
   3777    2075  3924.75    2508.35  113.7034  22.2883   2.1331     107.4064
   3777    2197  3942.25    2629.12  113.7268  22.2848   1.9336     108.2614
   3777    2319  3959.74    2749.82  113.7501  22.2812   1.7346     109.3104
   3777    2441  3977.22    2870.45  113.7734  22.2777   1.5365     110.6277
   3777    2563  3994.70    2991.04  113.7968  22.2741   1.3394     112.3306
   3777    2685  4012.16    3111.58  113.8201  22.2706   1.1440     114.6144
   3777    2807  4029.63    3232.09  113.8434  22.2670   0.9511     117.8272
   3777    2929  4047.09    3352.57  113.8667  22.2635   0.7627     122.6441
   3777    3051  4064.55    3473.05  113.8900  22.2599   0.5832     130.5092
   3777    3173  4082.00    3593.52  113.9132  22.2563   0.4238     144.7591
   3777    3295  4099.46    3714.01  113.9365  22.2528   0.3167     171.7052
   3777    3417  4116.92    3834.51  113.9598  22.2492   0.3197     -151.3681
   3777    3539  4134.39    3955.03  113.9831  22.2456   0.4305     -125.1277
   3777    3661  4151.86    4075.60  114.0064  22.2420   0.5914     -111.2922
   3777    3783  4169.34    4196.21  114.0297  22.2384   0.7717     -103.6198
   3777    3905  4186.83    4316.88  114.0531  22.2348   0.9607     -98.9000
   3777    4027  4204.32    4437.62  114.0764  22.2312   1.1540     -95.7412
   3777    4149  4221.83    4558.44  114.0997  22.2276   1.3500     -93.4902
   3777    4271  4239.35    4679.34  114.1231  22.2240   1.5476     -91.8086
   3777    4393  4256.89    4800.35  114.1465  22.2204   1.7463     -90.5058
   3777    4515  4274.44    4921.45  114.1699  22.2168   1.9459     -89.4672
   3777    4637  4292.01    5042.68  114.1933  22.2132   2.1462     -88.6197
   3777    4759  4309.59    5164.03  114.2167  22.2095   2.3470     -87.9150
   3777    4881  4327.20    5285.52  114.2402  22.2059   2.5482     -87.3195
   3777    5003  4344.83    5407.16  114.2637  22.2022   2.7499     -86.8095
   3777    5125  4362.48    5528.96  114.2872  22.1986   2.9520     -86.3675
   3777    5247  4380.15    5650.92  114.3107  22.1949   3.1544     -85.9806
   3777    5369  4397.86    5773.06  114.3343  22.1912   3.3572     -85.6390
   3777    5491  4415.58    5895.38  114.3579  22.1875   3.5603     -85.3349
   3777    5613  4433.34    6017.91  114.3816  22.1838   3.7637     -85.0623
   3777    5735  4451.13    6140.63  114.4053  22.1801   3.9674     -84.8164
   3777    5857  4468.95    6263.58  114.4290  22.1764   4.1715     -84.5934
   3777    6000  4489.87    6407.98  114.4569  22.1721   4.4112     -84.3569
   3895       1  3740.02    410.79  113.2971  22.3280   5.5747     102.2174
   3895     123  3757.92    534.30  113.3210  22.3244   5.3700     102.3451
   3895     245  3775.79    657.57  113.3449  22.3208   5.1655     102.4820
   3895     367  3793.62    780.61  113.3687  22.3173   4.9614     102.6292
   3895     489  3811.42    903.42  113.3924  22.3137   4.7576     102.7881
   3895     611  3829.19    1026.03  113.4162  22.3101   4.5540     102.9600
   3895     733  3846.93    1148.43  113.4399  22.3066   4.3507     103.1470
   3895     855  3864.64    1270.64  113.4635  22.3030   4.1477     103.3511
   3895     977  3882.32    1392.67  113.4871  22.2995   3.9450     103.5751
   3895    1099  3899.99    1514.53  113.5107  22.2959   3.7426     103.8220
   3895    1221  3917.62    1636.23  113.5343  22.2924   3.5404     104.0958
   3895    1343  3935.24    1757.77  113.5578  22.2888   3.3385     104.4014
   3895    1465  3952.84    1879.18  113.5813  22.2853   3.1368     104.7449
   3895    1587  3970.41    2000.45  113.6047  22.2817   2.9354     105.1339
   3895    1709  3987.97    2121.60  113.6282  22.2782   2.7343     105.5785
   3895    1831  4005.51    2242.64  113.6516  22.2746   2.5335     106.0919
   3895    1953  4023.04    2363.58  113.6750  22.2711   2.3331     106.6916
   3895    2075  4040.56    2484.43  113.6984  22.2675   2.1331     107.4019
   3895    2197  4058.06    2605.20  113.7217  22.2640   1.9335     108.2566
   3895    2319  4075.55    2725.89  113.7451  22.2604   1.7346     109.3051
   3895    2441  4093.04    2846.52  113.7684  22.2569   1.5364     110.6220
   3895    2563  4110.51    2967.10  113.7917  22.2533   1.3394     112.3243
   3895    2685  4127.98    3087.64  113.8150  22.2498   1.1439     114.6073
   3895    2807  4145.45    3208.15  113.8383  22.2462   0.9511     117.8192
   3895    2929  4162.91    3328.64  113.8616  22.2426   0.7627     122.6347
   3895    3051  4180.37    3449.11  113.8849  22.2391   0.5831     130.4984
   3895    3173  4197.84    3569.59  113.9082  22.2355   0.4237     144.7478
   3895    3295  4215.30    3690.07  113.9315  22.2319   0.3166     171.7004
   3895    3417  4232.76    3810.57  113.9547  22.2284   0.3196     -151.3588
   3895    3539  4250.23    3931.09  113.9780  22.2248   0.4304     -125.1155
   3895    3661  4267.71    4051.66  114.0013  22.2212   0.5913     -111.2823
   3895    3783  4285.19    4172.27  114.0246  22.2176   0.7717     -103.6121
   3895    3905  4302.68    4292.94  114.0480  22.2140   0.9606     -98.8939
   3895    4027  4320.18    4413.68  114.0713  22.2104   1.1540     -95.7364
   3895    4149  4337.69    4534.49  114.0946  22.2068   1.3500     -93.4863
   3895    4271  4355.21    4655.40  114.1180  22.2032   1.5476     -91.8054
   3895    4393  4372.75    4776.40  114.1414  22.1996   1.7463     -90.5031
   3895    4515  4390.31    4897.50  114.1647  22.1960   1.9459     -89.4649
   3895    4637  4407.88    5018.73  114.1882  22.1923   2.1462     -88.6178
   3895    4759  4425.47    5140.08  114.2116  22.1887   2.3470     -87.9134
   3895    4881  4443.08    5261.57  114.2351  22.1851   2.5482     -87.3182
   3895    5003  4460.71    5383.21  114.2585  22.1814   2.7499     -86.8083
   3895    5125  4478.36    5505.00  114.2821  22.1778   2.9520     -86.3666
   3895    5247  4496.04    5626.96  114.3056  22.1741   3.1544     -85.9799
   3895    5369  4513.75    5749.10  114.3292  22.1704   3.3572     -85.6384
   3895    5491  4531.48    5871.42  114.3528  22.1667   3.5603     -85.3344
   3895    5613  4549.24    5993.94  114.3764  22.1630   3.7637     -85.0619
   3895    5735  4567.03    6116.67  114.4001  22.1593   3.9675     -84.8162
   3895    5857  4584.85    6239.62  114.4239  22.1556   4.1715     -84.5932
   3895    6000  4605.78    6384.02  114.4517  22.1513   4.4112     -84.3568
   4013       1  3855.77    386.88  113.2921  22.3071   5.5747     102.2150
   4013     123  3873.67    510.39  113.3160  22.3036   5.3699     102.3427
   4013     245  3891.54    633.65  113.3399  22.3000   5.1655     102.4795
   4013     367  3909.37    756.69  113.3637  22.2964   4.9614     102.6267
   4013     489  3927.18    879.50  113.3875  22.2929   4.7575     102.7854
   4013     611  3944.95    1002.11  113.4112  22.2893   4.5540     102.9573
   4013     733  3962.69    1124.51  113.4349  22.2857   4.3507     103.1442
   4013     855  3980.41    1246.72  113.4585  22.2822   4.1477     103.3483
   4013     977  3998.10    1368.75  113.4821  22.2786   3.9450     103.5721
   4013    1099  4015.76    1490.61  113.5057  22.2751   3.7425     103.8189
   4013    1221  4033.40    1612.30  113.5293  22.2715   3.5403     104.0926
   4013    1343  4051.02    1733.85  113.5528  22.2680   3.3384     104.3981
   4013    1465  4068.62    1855.25  113.5763  22.2644   3.1368     104.7414
   4013    1587  4086.20    1976.52  113.5997  22.2609   2.9354     105.1303
   4013    1709  4103.76    2097.67  113.6231  22.2573   2.7343     105.5747
   4013    1831  4121.31    2218.71  113.6466  22.2538   2.5335     106.0879
   4013    1953  4138.84    2339.65  113.6699  22.2502   2.3331     106.6874
   4013    2075  4156.36    2460.50  113.6933  22.2467   2.1331     107.3974
   4013    2197  4173.87    2581.26  113.7167  22.2431   1.9335     108.2517
   4013    2319  4191.36    2701.96  113.7400  22.2396   1.7346     109.2999
   4013    2441  4208.85    2822.59  113.7633  22.2360   1.5364     110.6163
   4013    2563  4226.33    2943.17  113.7866  22.2325   1.3393     112.3180
   4013    2685  4243.80    3063.71  113.8099  22.2289   1.1439     114.6003
   4013    2807  4261.27    3184.21  113.8332  22.2254   0.9510     117.8111
   4013    2929  4278.74    3304.70  113.8565  22.2218   0.7626     122.6254
   4013    3051  4296.20    3425.17  113.8798  22.2183   0.5830     130.4876
   4013    3173  4313.67    3545.65  113.9031  22.2147   0.4236     144.7365
   4013    3295  4331.13    3666.13  113.9264  22.2111   0.3165     171.6956
   4013    3417  4348.60    3786.62  113.9497  22.2075   0.3195     -151.3495
   4013    3539  4366.07    3907.15  113.9730  22.2040   0.4303     -125.1032
   4013    3661  4383.55    4027.71  113.9963  22.2004   0.5913     -111.2723
   4013    3783  4401.04    4148.32  114.0196  22.1968   0.7717     -103.6044
   4013    3905  4418.53    4268.99  114.0429  22.1932   0.9606     -98.8879
   4013    4027  4436.03    4389.73  114.0662  22.1896   1.1540     -95.7316
   4013    4149  4453.55    4510.54  114.0895  22.1860   1.3500     -93.4824
   4013    4271  4471.07    4631.44  114.1129  22.1824   1.5476     -91.8021
   4013    4393  4488.62    4752.44  114.1363  22.1788   1.7463     -90.5004
   4013    4515  4506.17    4873.55  114.1596  22.1752   1.9459     -89.4627
   4013    4637  4523.75    4994.77  114.1830  22.1715   2.1462     -88.6159
   4013    4759  4541.34    5116.12  114.2065  22.1679   2.3470     -87.9118
   4013    4881  4558.95    5237.61  114.2299  22.1643   2.5482     -87.3168
   4013    5003  4576.59    5359.25  114.2534  22.1606   2.7499     -86.8072
   4013    5125  4594.24    5481.04  114.2769  22.1569   2.9520     -86.3656
   4013    5247  4611.93    5603.00  114.3005  22.1533   3.1544     -85.9791
   4013    5369  4629.63    5725.13  114.3241  22.1496   3.3572     -85.6377
   4013    5491  4647.37    5847.46  114.3477  22.1459   3.5603     -85.3339
   4013    5613  4665.13    5969.98  114.3713  22.1422   3.7637     -85.0615
   4013    5735  4682.92    6092.71  114.3950  22.1385   3.9675     -84.8159
   4013    5857  4700.75    6215.65  114.4187  22.1348   4.1716     -84.5931
   4013    6000  4721.68    6360.05  114.4466  22.1304   4.4112     -84.3567
   4131       1  3971.51    362.96  113.2871  22.2863   5.5746     102.2127
   4131     123  3989.42    486.47  113.3110  22.2827   5.3699     102.3403
   4131     245  4007.29    609.74  113.3349  22.2792   5.1655     102.4771
   4131     367  4025.13    732.77  113.3587  22.2756   4.9613     102.6241
   4131     489  4042.94    855.58  113.3825  22.2720   4.7575     102.7828
   4131     611  4060.71    978.19  113.4062  22.2685   4.5540     102.9546
   4131     733  4078.46    1100.59  113.4299  22.2649   4.3507     103.1414
   4131     855  4096.18    1222.80  113.4535  22.2614   4.1477     103.3454
   4131     977  4113.87    1344.82  113.4771  22.2578   3.9450     103.5691
   4131    1099  4131.54    1466.68  113.5007  22.2543   3.7425     103.8159
   4131    1221  4149.18    1588.38  113.5242  22.2507   3.5403     104.0895
   4131    1343  4166.80    1709.92  113.5477  22.2472   3.3384     104.3948
   4131    1465  4184.41    1831.32  113.5712  22.2436   3.1367     104.7380
   4131    1587  4201.99    1952.59  113.5947  22.2401   2.9353     105.1267
   4131    1709  4219.55    2073.74  113.6181  22.2365   2.7343     105.5710
   4131    1831  4237.10    2194.78  113.6415  22.2330   2.5335     106.0839
   4131    1953  4254.64    2315.72  113.6649  22.2294   2.3330     106.6832
   4131    2075  4272.16    2436.56  113.6883  22.2259   2.1330     107.3929
   4131    2197  4289.67    2557.33  113.7116  22.2223   1.9335     108.2469
   4131    2319  4307.17    2678.02  113.7350  22.2188   1.7345     109.2947
   4131    2441  4324.66    2798.65  113.7583  22.2152   1.5364     110.6106
   4131    2563  4342.14    2919.23  113.7816  22.2117   1.3393     112.3117
   4131    2685  4359.62    3039.77  113.8049  22.2081   1.1438     114.5932
   4131    2807  4377.09    3160.27  113.8282  22.2046   0.9509     117.8030
   4131    2929  4394.56    3280.76  113.8515  22.2010   0.7625     122.6161
   4131    3051  4412.03    3401.23  113.8747  22.1974   0.5829     130.4768
   4131    3173  4429.50    3521.70  113.8980  22.1939   0.4235     144.7252
   4131    3295  4446.96    3642.18  113.9213  22.1903   0.3163     171.6907
   4131    3417  4464.44    3762.68  113.9446  22.1867   0.3193     -151.3402
   4131    3539  4481.91    3883.20  113.9679  22.1831   0.4303     -125.0909
   4131    3661  4499.39    4003.76  113.9912  22.1796   0.5913     -111.2623
   4131    3783  4516.88    4124.37  114.0145  22.1760   0.7716     -103.5967
   4131    3905  4534.38    4245.04  114.0378  22.1724   0.9606     -98.8819
   4131    4027  4551.88    4365.78  114.0611  22.1688   1.1540     -95.7268
   4131    4149  4569.40    4486.59  114.0844  22.1652   1.3499     -93.4785
   4131    4271  4586.93    4607.49  114.1078  22.1616   1.5476     -91.7989
   4131    4393  4604.48    4728.49  114.1311  22.1580   1.7463     -90.4977
   4131    4515  4622.04    4849.59  114.1545  22.1543   1.9459     -89.4604
   4131    4637  4639.61    4970.81  114.1779  22.1507   2.1462     -88.6140
   4131    4759  4657.21    5092.16  114.2014  22.1471   2.3470     -87.9102
   4131    4881  4674.83    5213.65  114.2248  22.1434   2.5482     -87.3154
   4131    5003  4692.46    5335.28  114.2483  22.1398   2.7499     -86.8060
   4131    5125  4710.12    5457.08  114.2718  22.1361   2.9520     -86.3647
   4131    5247  4727.81    5579.03  114.2954  22.1325   3.1544     -85.9783
   4131    5369  4745.52    5701.17  114.3189  22.1288   3.3572     -85.6371
   4131    5491  4763.26    5823.49  114.3425  22.1251   3.5603     -85.3334
   4131    5613  4781.02    5946.01  114.3662  22.1214   3.7637     -85.0611
   4131    5735  4798.82    6068.73  114.3899  22.1177   3.9675     -84.8156
   4131    5857  4816.65    6191.68  114.4136  22.1140   4.1716     -84.5929
   4131    6000  4837.59    6336.07  114.4414  22.1096   4.4112     -84.3567
   4249       1  4087.26    339.04  113.2821  22.2655   5.5746     102.2103
   4249     123  4105.17    462.55  113.3060  22.2619   5.3699     102.3379
   4249     245  4123.04    585.81  113.3299  22.2583   5.1654     102.4746
   4249     367  4140.89    708.85  113.3537  22.2548   4.9613     102.6216
   4249     489  4158.70    831.66  113.3775  22.2512   4.7575     102.7802
   4249     611  4176.47    954.26  113.4012  22.2476   4.5539     102.9519
   4249     733  4194.22    1076.66  113.4249  22.2441   4.3507     103.1387
   4249     855  4211.95    1198.87  113.4485  22.2405   4.1477     103.3425
   4249     977  4229.64    1320.89  113.4721  22.2370   3.9449     103.5662
   4249    1099  4247.31    1442.75  113.4957  22.2334   3.7425     103.8128
   4249    1221  4264.96    1564.44  113.5192  22.2299   3.5403     104.0863
   4249    1343  4282.59    1685.99  113.5427  22.2263   3.3384     104.3915
   4249    1465  4300.19    1807.39  113.5662  22.2228   3.1367     104.7345
   4249    1587  4317.78    1928.66  113.5897  22.2192   2.9353     105.1231
   4249    1709  4335.35    2049.81  113.6131  22.2157   2.7342     105.5672
   4249    1831  4352.90    2170.84  113.6365  22.2121   2.5334     106.0799
   4249    1953  4370.44    2291.78  113.6599  22.2086   2.3330     106.6790
   4249    2075  4387.96    2412.62  113.6832  22.2050   2.1330     107.3884
   4249    2197  4405.47    2533.39  113.7066  22.2015   1.9334     108.2421
   4249    2319  4422.97    2654.08  113.7299  22.1979   1.7345     109.2895
   4249    2441  4440.47    2774.71  113.7532  22.1944   1.5363     110.6049
   4249    2563  4457.95    2895.29  113.7765  22.1908   1.3392     112.3054
   4249    2685  4475.43    3015.82  113.7998  22.1873   1.1438     114.5861
   4249    2807  4492.91    3136.33  113.8231  22.1837   0.9509     117.7950
   4249    2929  4510.38    3256.81  113.8464  22.1802   0.7625     122.6067
   4249    3051  4527.85    3377.28  113.8697  22.1766   0.5829     130.4659
   4249    3173  4545.32    3497.75  113.8930  22.1730   0.4234     144.7139
   4249    3295  4562.80    3618.23  113.9162  22.1695   0.3162     171.6859
   4249    3417  4580.27    3738.72  113.9395  22.1659   0.3192     -151.3309
   4249    3539  4597.75    3859.25  113.9628  22.1623   0.4302     -125.0786
   4249    3661  4615.23    3979.81  113.9861  22.1587   0.5912     -111.2524
   4249    3783  4632.72    4100.42  114.0094  22.1552   0.7716     -103.5890
   4249    3905  4650.22    4221.08  114.0327  22.1516   0.9606     -98.8759
   4249    4027  4667.73    4341.82  114.0560  22.1480   1.1540     -95.7220
   4249    4149  4685.25    4462.63  114.0793  22.1444   1.3499     -93.4745
   4249    4271  4702.79    4583.53  114.1027  22.1408   1.5476     -91.7956
   4249    4393  4720.34    4704.52  114.1260  22.1371   1.7463     -90.4950
   4249    4515  4737.90    4825.63  114.1494  22.1335   1.9459     -89.4581
   4249    4637  4755.48    4946.85  114.1728  22.1299   2.1462     -88.6121
   4249    4759  4773.08    5068.20  114.1963  22.1263   2.3470     -87.9086
   4249    4881  4790.70    5189.68  114.2197  22.1226   2.5483     -87.3141
   4249    5003  4808.34    5311.32  114.2432  22.1190   2.7499     -86.8049
   4249    5125  4826.00    5433.11  114.2667  22.1153   2.9520     -86.3637
   4249    5247  4843.69    5555.06  114.2902  22.1117   3.1544     -85.9775
   4249    5369  4861.41    5677.20  114.3138  22.1080   3.3572     -85.6364
   4249    5491  4879.15    5799.52  114.3374  22.1043   3.5603     -85.3329
   4249    5613  4896.92    5922.04  114.3610  22.1006   3.7637     -85.0608
   4249    5735  4914.72    6044.76  114.3847  22.0969   3.9675     -84.8153
   4249    5857  4932.55    6167.70  114.4084  22.0932   4.1716     -84.5927
   4249    6000  4953.49    6312.09  114.4363  22.0888   4.4112     -84.3566
   4367       1  4203.00    315.12  113.2772  22.2446   5.5746     102.2079
   4367     123  4220.92    438.62  113.3011  22.2411   5.3698     102.3354
   4367     245  4238.79    561.89  113.3249  22.2375   5.1654     102.4721
   4367     367  4256.64    684.92  113.3487  22.2339   4.9613     102.6190
   4367     489  4274.45    807.73  113.3725  22.2304   4.7574     102.7776
   4367     611  4292.23    930.33  113.3962  22.2268   4.5539     102.9492
   4367     733  4309.99    1052.73  113.4199  22.2233   4.3506     103.1359
   4367     855  4327.71    1174.94  113.4435  22.2197   4.1476     103.3397
   4367     977  4345.41    1296.96  113.4671  22.2162   3.9449     103.5632
   4367    1099  4363.09    1418.82  113.4907  22.2126   3.7425     103.8097
   4367    1221  4380.74    1540.51  113.5142  22.2091   3.5403     104.0831
   4367    1343  4398.37    1662.05  113.5377  22.2055   3.3383     104.3882
   4367    1465  4415.97    1783.45  113.5612  22.2020   3.1367     104.7311
   4367    1587  4433.56    1904.72  113.5846  22.1984   2.9353     105.1195
   4367    1709  4451.13    2025.87  113.6081  22.1949   2.7342     105.5634
   4367    1831  4468.69    2146.90  113.6315  22.1913   2.5334     106.0759
   4367    1953  4486.23    2267.84  113.6548  22.1878   2.3330     106.6747
   4367    2075  4503.76    2388.68  113.6782  22.1842   2.1329     107.3839
   4367    2197  4521.27    2509.44  113.7015  22.1807   1.9334     108.2373
   4367    2319  4538.78    2630.13  113.7249  22.1771   1.7344     109.2843
   4367    2441  4556.28    2750.76  113.7482  22.1736   1.5363     110.5992
   4367    2563  4573.77    2871.34  113.7715  22.1700   1.3392     112.2991
   4367    2685  4591.25    2991.87  113.7948  22.1665   1.1437     114.5790
   4367    2807  4608.73    3112.38  113.8181  22.1629   0.9508     117.7869
   4367    2929  4626.20    3232.86  113.8413  22.1594   0.7624     122.5974
   4367    3051  4643.68    3353.33  113.8646  22.1558   0.5828     130.4551
   4367    3173  4661.15    3473.80  113.8879  22.1522   0.4233     144.7025
   4367    3295  4678.63    3594.27  113.9112  22.1487   0.3161     171.6810
   4367    3417  4696.10    3714.77  113.9344  22.1451   0.3191     -151.3215
   4367    3539  4713.59    3835.29  113.9577  22.1415   0.4301     -125.0663
   4367    3661  4731.07    3955.85  113.9810  22.1379   0.5912     -111.2424
   4367    3783  4748.57    4076.46  114.0043  22.1343   0.7716     -103.5813
   4367    3905  4766.07    4197.12  114.0276  22.1308   0.9606     -98.8698
   4367    4027  4783.58    4317.85  114.0509  22.1272   1.1540     -95.7171
   4367    4149  4801.11    4438.67  114.0742  22.1236   1.3499     -93.4706
   4367    4271  4818.64    4559.56  114.0976  22.1199   1.5475     -91.7924
   4367    4393  4836.20    4680.56  114.1209  22.1163   1.7463     -90.4923
   4367    4515  4853.76    4801.66  114.1443  22.1127   1.9459     -89.4558
   4367    4637  4871.35    4922.88  114.1677  22.1091   2.1462     -88.6102
   4367    4759  4888.95    5044.23  114.1911  22.1055   2.3470     -87.9069
   4367    4881  4906.57    5165.71  114.2146  22.1018   2.5483     -87.3127
   4367    5003  4924.21    5287.34  114.2381  22.0982   2.7499     -86.8038
   4367    5125  4941.88    5409.13  114.2616  22.0945   2.9520     -86.3627
   4367    5247  4959.57    5531.09  114.2851  22.0908   3.1544     -85.9767
   4367    5369  4977.29    5653.22  114.3087  22.0872   3.3572     -85.6358
   4367    5491  4995.03    5775.54  114.3323  22.0835   3.5603     -85.3323
   4367    5613  5012.81    5898.06  114.3559  22.0798   3.7637     -85.0604
   4367    5735  5030.61    6020.78  114.3796  22.0761   3.9675     -84.8150
   4367    5857  5048.44    6143.72  114.4033  22.0724   4.1716     -84.5925
   4367    6000  5069.39    6288.11  114.4311  22.0680   4.4112     -84.3565
   4485       1  4318.75    291.19  113.2722  22.2238   5.5746     102.2056
   4485     123  4336.66    414.69  113.2961  22.2202   5.3698     102.3330
   4485     245  4354.54    537.96  113.3199  22.2167   5.1654     102.4696
   4485     367  4372.39    660.99  113.3437  22.2131   4.9613     102.6165
   4485     489  4390.21    783.80  113.3675  22.2095   4.7574     102.7749
   4485     611  4407.99    906.40  113.3912  22.2060   4.5539     102.9466
   4485     733  4425.75    1028.79  113.4149  22.2024   4.3506     103.1331
   4485     855  4443.48    1151.00  113.4385  22.1989   4.1476     103.3368
   4485     977  4461.18    1273.02  113.4621  22.1953   3.9449     103.5603
   4485    1099  4478.86    1394.88  113.4857  22.1918   3.7424     103.8067
   4485    1221  4496.51    1516.57  113.5092  22.1882   3.5402     104.0799
   4485    1343  4514.14    1638.11  113.5327  22.1847   3.3383     104.3849
   4485    1465  4531.75    1759.51  113.5562  22.1811   3.1366     104.7276
   4485    1587  4549.35    1880.78  113.5796  22.1776   2.9352     105.1159
   4485    1709  4566.92    2001.92  113.6030  22.1740   2.7342     105.5596
   4485    1831  4584.48    2122.96  113.6264  22.1705   2.5334     106.0720
   4485    1953  4602.03    2243.89  113.6498  22.1669   2.3329     106.6705
   4485    2075  4619.56    2364.73  113.6732  22.1634   2.1329     107.3794
   4485    2197  4637.08    2485.49  113.6965  22.1599   1.9334     108.2324
   4485    2319  4654.58    2606.18  113.7198  22.1563   1.7344     109.2790
   4485    2441  4672.08    2726.81  113.7431  22.1528   1.5362     110.5935
   4485    2563  4689.58    2847.39  113.7664  22.1492   1.3391     112.2928
   4485    2685  4707.06    2967.92  113.7897  22.1456   1.1437     114.5720
   4485    2807  4724.54    3088.42  113.8130  22.1421   0.9508     117.7788
   4485    2929  4742.02    3208.90  113.8363  22.1385   0.7623     122.5880
   4485    3051  4759.50    3329.37  113.8596  22.1350   0.5827     130.4442
   4485    3173  4776.98    3449.84  113.8828  22.1314   0.4232     144.6912
   4485    3295  4794.46    3570.31  113.9061  22.1278   0.3160     171.6762
   4485    3417  4811.94    3690.81  113.9294  22.1243   0.3190     -151.3122
   4485    3539  4829.42    3811.33  113.9526  22.1207   0.4300     -125.0539
   4485    3661  4846.91    3931.89  113.9759  22.1171   0.5911     -111.2324
   4485    3783  4864.41    4052.49  113.9992  22.1135   0.7715     -103.5736
   4485    3905  4881.92    4173.16  114.0225  22.1099   0.9605     -98.8638
   4485    4027  4899.43    4293.89  114.0458  22.1063   1.1539     -95.7123
   4485    4149  4916.96    4414.70  114.0691  22.1027   1.3499     -93.4667
   4485    4271  4934.50    4535.59  114.0925  22.0991   1.5475     -91.7891
   4485    4393  4952.05    4656.59  114.1158  22.0955   1.7463     -90.4896
   4485    4515  4969.62    4777.69  114.1392  22.0919   1.9459     -89.4535
   4485    4637  4987.21    4898.91  114.1626  22.0883   2.1462     -88.6083
   4485    4759  5004.82    5020.26  114.1860  22.0846   2.3470     -87.9053
   4485    4881  5022.44    5141.74  114.2095  22.0810   2.5483     -87.3113
   4485    5003  5040.09    5263.37  114.2329  22.0774   2.7499     -86.8026
   4485    5125  5057.76    5385.16  114.2564  22.0737   2.9520     -86.3618
   4485    5247  5075.45    5507.11  114.2800  22.0700   3.1544     -85.9759
   4485    5369  5093.17    5629.24  114.3035  22.0664   3.3572     -85.6351
   4485    5491  5110.92    5751.56  114.3271  22.0627   3.5603     -85.3318
   4485    5613  5128.70    5874.08  114.3508  22.0590   3.7637     -85.0600
   4485    5735  5146.50    5996.80  114.3744  22.0553   3.9675     -84.8148
   4485    5857  5164.34    6119.74  114.3981  22.0516   4.1716     -84.5923
   4485    6000  5185.29    6264.13  114.4260  22.0472   4.4112     -84.3564
   4603       1  4434.49    267.25  113.2672  22.2030   5.5745     102.2032
   4603     123  4452.41    390.76  113.2911  22.1994   5.3698     102.3306
   4603     245  4470.29    514.02  113.3149  22.1958   5.1654     102.4671
   4603     367  4488.14    637.05  113.3387  22.1923   4.9612     102.6139
   4603     489  4505.96    759.86  113.3625  22.1887   4.7574     102.7723
   4603     611  4523.75    882.46  113.3862  22.1852   4.5538     102.9439
   4603     733  4541.51    1004.85  113.4099  22.1816   4.3506     103.1303
   4603     855  4559.24    1127.06  113.4335  22.1780   4.1476     103.3339
   4603     977  4576.95    1249.08  113.4571  22.1745   3.9448     103.5573
   4603    1099  4594.63    1370.93  113.4807  22.1709   3.7424     103.8036
   4603    1221  4612.29    1492.62  113.5042  22.1674   3.5402     104.0768
   4603    1343  4629.92    1614.16  113.5277  22.1638   3.3383     104.3816
   4603    1465  4647.54    1735.56  113.5512  22.1603   3.1366     104.7242
   4603    1587  4665.13    1856.83  113.5746  22.1568   2.9352     105.1123
   4603    1709  4682.71    1977.97  113.5980  22.1532   2.7341     105.5558
   4603    1831  4700.27    2099.01  113.6214  22.1497   2.5333     106.0680
   4603    1953  4717.82    2219.94  113.6448  22.1461   2.3329     106.6663
   4603    2075  4735.35    2340.78  113.6681  22.1426   2.1329     107.3749
   4603    2197  4752.88    2461.54  113.6915  22.1390   1.9333     108.2276
   4603    2319  4770.39    2582.23  113.7148  22.1355   1.7344     109.2738
   4603    2441  4787.89    2702.85  113.7381  22.1319   1.5362     110.5877
   4603    2563  4805.39    2823.43  113.7614  22.1284   1.3391     112.2864
   4603    2685  4822.88    2943.96  113.7847  22.1248   1.1436     114.5649
   4603    2807  4840.36    3064.46  113.8080  22.1213   0.9507     117.7708
   4603    2929  4857.84    3184.94  113.8312  22.1177   0.7623     122.5786
   4603    3051  4875.32    3305.41  113.8545  22.1142   0.5826     130.4334
   4603    3173  4892.80    3425.88  113.8778  22.1106   0.4231     144.6799
   4603    3295  4910.28    3546.35  113.9010  22.1070   0.3158     171.6713
   4603    3417  4927.77    3666.84  113.9243  22.1034   0.3189     -151.3028
   4603    3539  4945.26    3787.36  113.9476  22.0999   0.4300     -125.0416
   4603    3661  4962.75    3907.92  113.9708  22.0963   0.5911     -111.2224
   4603    3783  4980.25    4028.52  113.9941  22.0927   0.7715     -103.5659
   4603    3905  4997.76    4149.19  114.0174  22.0891   0.9605     -98.8577
   4603    4027  5015.28    4269.92  114.0407  22.0855   1.1539     -95.7074
   4603    4149  5032.81    4390.73  114.0641  22.0819   1.3499     -93.4627
   4603    4271  5050.35    4511.62  114.0874  22.0783   1.5475     -91.7859
   4603    4393  5067.91    4632.61  114.1107  22.0747   1.7463     -90.4869
   4603    4515  5085.48    4753.72  114.1341  22.0711   1.9459     -89.4513
   4603    4637  5103.07    4874.93  114.1575  22.0675   2.1462     -88.6063
   4603    4759  5120.68    4996.28  114.1809  22.0638   2.3470     -87.9037
   4603    4881  5138.31    5117.76  114.2044  22.0602   2.5483     -87.3100
   4603    5003  5155.96    5239.39  114.2278  22.0565   2.7500     -86.8014
   4603    5125  5173.63    5361.17  114.2513  22.0529   2.9520     -86.3608
   4603    5247  5191.33    5483.13  114.2748  22.0492   3.1544     -85.9751
   4603    5369  5209.05    5605.26  114.2984  22.0456   3.3572     -85.6345
   4603    5491  5226.80    5727.57  114.3220  22.0419   3.5603     -85.3313
   4603    5613  5244.58    5850.09  114.3456  22.0382   3.7637     -85.0596
   4603    5735  5262.39    5972.81  114.3693  22.0345   3.9675     -84.8145
   4603    5857  5280.23    6095.75  114.3930  22.0308   4.1716     -84.5921
   4603    6000  5301.19    6240.14  114.4208  22.0264   4.4113     -84.3563
   4721       1  4550.23    243.32  113.2622  22.1821   5.5745     102.2008
   4721     123  4568.15    366.82  113.2861  22.1786   5.3698     102.3282
   4721     245  4586.04    490.08  113.3100  22.1750   5.1653     102.4646
   4721     367  4603.90    613.11  113.3337  22.1714   4.9612     102.6114
   4721     489  4621.72    735.92  113.3575  22.1679   4.7574     102.7697
   4721     611  4639.51    858.52  113.3812  22.1643   4.5538     102.9412
   4721     733  4657.27    980.91  113.4049  22.1608   4.3505     103.1276
   4721     855  4675.01    1103.11  113.4285  22.1572   4.1475     103.3311
   4721     977  4692.72    1225.14  113.4521  22.1537   3.9448     103.5544
   4721    1099  4710.40    1346.99  113.4757  22.1501   3.7424     103.8006
   4721    1221  4728.06    1468.68  113.4992  22.1466   3.5402     104.0736
   4721    1343  4745.70    1590.21  113.5227  22.1430   3.3382     104.3783
   4721    1465  4763.32    1711.61  113.5461  22.1395   3.1366     104.7207
   4721    1587  4780.91    1832.88  113.5696  22.1359   2.9352     105.1087
   4721    1709  4798.50    1954.02  113.5930  22.1324   2.7341     105.5520
   4721    1831  4816.06    2075.05  113.6164  22.1288   2.5333     106.0640
   4721    1953  4833.61    2195.98  113.6397  22.1253   2.3329     106.6621
   4721    2075  4851.15    2316.82  113.6631  22.1218   2.1328     107.3703
   4721    2197  4868.67    2437.58  113.6864  22.1182   1.9333     108.2228
   4721    2319  4886.19    2558.27  113.7097  22.1147   1.7343     109.2686
   4721    2441  4903.69    2678.89  113.7330  22.1111   1.5361     110.5820
   4721    2563  4921.19    2799.47  113.7563  22.1076   1.3390     112.2801
   4721    2685  4938.69    2920.00  113.7796  22.1040   1.1436     114.5578
   4721    2807  4956.17    3040.50  113.8029  22.1004   0.9506     117.7627
   4721    2929  4973.66    3160.98  113.8262  22.0969   0.7622     122.5693
   4721    3051  4991.14    3281.45  113.8494  22.0933   0.5825     130.4225
   4721    3173  5008.63    3401.91  113.8727  22.0898   0.4230     144.6685
   4721    3295  5026.11    3522.38  113.8960  22.0862   0.3157     171.6665
   4721    3417  5043.60    3642.87  113.9192  22.0826   0.3188     -151.2934
   4721    3539  5061.09    3763.39  113.9425  22.0791   0.4299     -125.0292
   4721    3661  5078.59    3883.95  113.9658  22.0755   0.5910     -111.2123
   4721    3783  5096.09    4004.55  113.9890  22.0719   0.7715     -103.5581
   4721    3905  5113.60    4125.21  114.0123  22.0683   0.9605     -98.8517
   4721    4027  5131.12    4245.94  114.0356  22.0647   1.1539     -95.7026
   4721    4149  5148.66    4366.75  114.0590  22.0611   1.3499     -93.4588
   4721    4271  5166.20    4487.64  114.0823  22.0575   1.5475     -91.7826
   4721    4393  5183.76    4608.64  114.1056  22.0539   1.7463     -90.4841
   4721    4515  5201.34    4729.74  114.1290  22.0503   1.9459     -89.4490
   4721    4637  5218.93    4850.95  114.1524  22.0466   2.1462     -88.6044
   4721    4759  5236.55    4972.30  114.1758  22.0430   2.3470     -87.9020
   4721    4881  5254.18    5093.78  114.1992  22.0394   2.5483     -87.3086
   4721    5003  5271.83    5215.40  114.2227  22.0357   2.7500     -86.8003
   4721    5125  5289.51    5337.19  114.2462  22.0321   2.9520     -86.3598
   4721    5247  5307.21    5459.14  114.2697  22.0284   3.1545     -85.9743
   4721    5369  5324.93    5581.27  114.2933  22.0247   3.3572     -85.6338
   4721    5491  5342.69    5703.59  114.3169  22.0211   3.5603     -85.3308
   4721    5613  5360.47    5826.10  114.3405  22.0174   3.7638     -85.0592
   4721    5735  5378.28    5948.82  114.3642  22.0137   3.9675     -84.8142
   4721    5857  5396.13    6071.75  114.3879  22.0100   4.1716     -84.5919
   4721    6000  5417.08    6216.14  114.4157  22.0056   4.4113     -84.3562
   4839       1  4665.97    219.38  113.2572  22.1613   5.5745     102.1985
   4839     123  4683.90    342.88  113.2811  22.1577   5.3697     102.3257
   4839     245  4701.79    466.14  113.3050  22.1542   5.1653     102.4622
   4839     367  4719.65    589.17  113.3288  22.1506   4.9612     102.6088
   4839     489  4737.47    711.97  113.3525  22.1471   4.7573     102.7671
   4839     611  4755.27    834.57  113.3762  22.1435   4.5538     102.9385
   4839     733  4773.03    956.96  113.3999  22.1399   4.3505     103.1248
   4839     855  4790.77    1079.17  113.4235  22.1364   4.1475     103.3282
   4839     977  4808.48    1201.19  113.4471  22.1328   3.9448     103.5514
   4839    1099  4826.17    1323.04  113.4706  22.1293   3.7423     103.7975
   4839    1221  4843.83    1444.72  113.4942  22.1257   3.5401     104.0704
   4839    1343  4861.47    1566.26  113.5177  22.1222   3.3382     104.3750
   4839    1465  4879.09    1687.66  113.5411  22.1186   3.1365     104.7173
   4839    1587  4896.70    1808.92  113.5646  22.1151   2.9351     105.1051
   4839    1709  4914.28    1930.06  113.5880  22.1116   2.7341     105.5483
   4839    1831  4931.85    2051.10  113.6113  22.1080   2.5333     106.0600
   4839    1953  4949.40    2172.03  113.6347  22.1045   2.3328     106.6578
   4839    2075  4966.94    2292.86  113.6581  22.1009   2.1328     107.3658
   4839    2197  4984.47    2413.62  113.6814  22.0974   1.9332     108.2179
   4839    2319  5001.99    2534.31  113.7047  22.0938   1.7343     109.2634
   4839    2441  5019.50    2654.93  113.7280  22.0903   1.5361     110.5763
   4839    2563  5037.00    2775.50  113.7513  22.0867   1.3390     112.2738
   4839    2685  5054.50    2896.03  113.7746  22.0832   1.1435     114.5507
   4839    2807  5071.99    3016.53  113.7978  22.0796   0.9506     117.7546
   4839    2929  5089.48    3137.01  113.8211  22.0761   0.7621     122.5599
   4839    3051  5106.96    3257.48  113.8444  22.0725   0.5824     130.4117
   4839    3173  5124.45    3377.94  113.8676  22.0689   0.4229     144.6571
   4839    3295  5141.94    3498.41  113.8909  22.0654   0.3156     171.6616
   4839    3417  5159.43    3618.90  113.9142  22.0618   0.3187     -151.2840
   4839    3539  5176.92    3739.42  113.9374  22.0582   0.4298     -125.0169
   4839    3661  5194.42    3859.97  113.9607  22.0547   0.5910     -111.2023
   4839    3783  5211.93    3980.58  113.9840  22.0511   0.7714     -103.5504
   4839    3905  5229.44    4101.24  114.0073  22.0475   0.9605     -98.8456
   4839    4027  5246.97    4221.97  114.0306  22.0439   1.1539     -95.6977
   4839    4149  5264.51    4342.77  114.0539  22.0403   1.3499     -93.4548
   4839    4271  5282.05    4463.66  114.0772  22.0367   1.5475     -91.7793
   4839    4393  5299.62    4584.65  114.1005  22.0331   1.7463     -90.4814
   4839    4515  5317.20    4705.75  114.1239  22.0295   1.9459     -89.4467
   4839    4637  5334.79    4826.97  114.1473  22.0258   2.1462     -88.6025
   4839    4759  5352.41    4948.31  114.1707  22.0222   2.3470     -87.9004
   4839    4881  5370.04    5069.79  114.1941  22.0186   2.5483     -87.3072
   4839    5003  5387.70    5191.42  114.2176  22.0149   2.7500     -86.7991
   4839    5125  5405.38    5313.20  114.2411  22.0113   2.9520     -86.3589
   4839    5247  5423.08    5435.15  114.2646  22.0076   3.1545     -85.9735
   4839    5369  5440.81    5557.28  114.2882  22.0039   3.3572     -85.6332
   4839    5491  5458.57    5679.59  114.3117  22.0003   3.5603     -85.3303
   4839    5613  5476.36    5802.10  114.3354  21.9966   3.7638     -85.0588
   4839    5735  5494.17    5924.82  114.3590  21.9929   3.9675     -84.8139
   4839    5857  5512.02    6047.76  114.3827  21.9892   4.1716     -84.5917
   4839    6000  5532.98    6192.14  114.4106  21.9848   4.4113     -84.3561
   4957       1  4781.71    195.43  113.2523  22.1405   5.5745     102.1961
   4957     123  4799.64    318.93  113.2762  22.1369   5.3697     102.3233
   4957     245  4817.53    442.19  113.3000  22.1333   5.1653     102.4597
   4957     367  4835.39    565.22  113.3238  22.1298   4.9611     102.6063
   4957     489  4853.22    688.02  113.3475  22.1262   4.7573     102.7645
   4957     611  4871.02    810.62  113.3712  22.1227   4.5538     102.9358
   4957     733  4888.79    933.01  113.3949  22.1191   4.3505     103.1220
   4957     855  4906.53    1055.21  113.4185  22.1156   4.1475     103.3254
   4957     977  4924.25    1177.23  113.4421  22.1120   3.9448     103.5484
   4957    1099  4941.94    1299.08  113.4656  22.1085   3.7423     103.7944
   4957    1221  4959.60    1420.77  113.4892  22.1049   3.5401     104.0672
   4957    1343  4977.25    1542.30  113.5126  22.1014   3.3382     104.3717
   4957    1465  4994.87    1663.70  113.5361  22.0978   3.1365     104.7139
   4957    1587  5012.48    1784.96  113.5595  22.0943   2.9351     105.1015
   4957    1709  5030.06    1906.10  113.5829  22.0907   2.7340     105.5445
   4957    1831  5047.64    2027.13  113.6063  22.0872   2.5332     106.0560
   4957    1953  5065.19    2148.06  113.6297  22.0836   2.3328     106.6536
   4957    2075  5082.74    2268.90  113.6530  22.0801   2.1328     107.3613
   4957    2197  5100.27    2389.66  113.6764  22.0766   1.9332     108.2131
   4957    2319  5117.79    2510.34  113.6997  22.0730   1.7342     109.2581
   4957    2441  5135.30    2630.96  113.7230  22.0695   1.5360     110.5706
   4957    2563  5152.81    2751.53  113.7462  22.0659   1.3390     112.2675
   4957    2685  5170.31    2872.06  113.7695  22.0624   1.1435     114.5436
   4957    2807  5187.80    2992.56  113.7928  22.0588   0.9505     117.7465
   4957    2929  5205.29    3113.04  113.8161  22.0552   0.7621     122.5505
   4957    3051  5222.78    3233.50  113.8393  22.0517   0.5824     130.4008
   4957    3173  5240.27    3353.96  113.8626  22.0481   0.4228     144.6458
   4957    3295  5257.76    3474.44  113.8858  22.0446   0.3155     171.6567
   4957    3417  5275.25    3594.92  113.9091  22.0410   0.3186     -151.2746
   4957    3539  5292.75    3715.44  113.9323  22.0374   0.4298     -125.0045
   4957    3661  5310.25    3835.99  113.9556  22.0338   0.5909     -111.1923
   4957    3783  5327.77    3956.60  113.9789  22.0303   0.7714     -103.5427
   4957    3905  5345.28    4077.26  114.0022  22.0267   0.9604     -98.8395
   4957    4027  5362.81    4197.98  114.0255  22.0231   1.1539     -95.6929
   4957    4149  5380.35    4318.79  114.0488  22.0195   1.3499     -93.4508
   4957    4271  5397.90    4439.68  114.0721  22.0159   1.5475     -91.7761
   4957    4393  5415.47    4560.67  114.0954  22.0123   1.7463     -90.4787
   4957    4515  5433.05    4681.76  114.1188  22.0086   1.9459     -89.4444
   4957    4637  5450.65    4802.98  114.1422  22.0050   2.1462     -88.6005
   4957    4759  5468.27    4924.32  114.1656  22.0014   2.3470     -87.8988
   4957    4881  5485.91    5045.80  114.1890  21.9978   2.5483     -87.3058
   4957    5003  5503.57    5167.42  114.2125  21.9941   2.7500     -86.7979
   4957    5125  5521.25    5289.21  114.2360  21.9905   2.9520     -86.3579
   4957    5247  5538.96    5411.16  114.2595  21.9868   3.1545     -85.9727
   4957    5369  5556.69    5533.28  114.2830  21.9831   3.3572     -85.6325
   4957    5491  5574.45    5655.60  114.3066  21.9794   3.5603     -85.3297
   4957    5613  5592.24    5778.11  114.3302  21.9758   3.7638     -85.0584
   4957    5735  5610.06    5900.82  114.3539  21.9721   3.9675     -84.8136
   4957    5857  5627.91    6023.76  114.3776  21.9683   4.1716     -84.5915
   4957    6000  5648.88    6168.14  114.4054  21.9640   4.4113     -84.3560
   5075       1  4897.45    171.48  113.2473  22.1196   5.5744     102.1938
   5075     123  4915.38    294.98  113.2712  22.1161   5.3697     102.3209
   5075     245  4933.28    418.24  113.2950  22.1125   5.1652     102.4572
   5075     367  4951.14    541.27  113.3188  22.1089   4.9611     102.6037
   5075     489  4968.97    664.07  113.3425  22.1054   4.7573     102.7619
   5075     611  4986.77    786.66  113.3662  22.1018   4.5537     102.9331
   5075     733  5004.55    909.06  113.3899  22.0983   4.3505     103.1193
   5075     855  5022.29    1031.26  113.4135  22.0947   4.1475     103.3225
   5075     977  5040.01    1153.27  113.4371  22.0912   3.9447     103.5455
   5075    1099  5057.70    1275.12  113.4606  22.0876   3.7423     103.7914
   5075    1221  5075.37    1396.81  113.4842  22.0841   3.5401     104.0641
   5075    1343  5093.02    1518.34  113.5076  22.0805   3.3381     104.3684
   5075    1465  5110.65    1639.74  113.5311  22.0770   3.1365     104.7104
   5075    1587  5128.26    1761.00  113.5545  22.0735   2.9351     105.0979
   5075    1709  5145.85    1882.14  113.5779  22.0699   2.7340     105.5407
   5075    1831  5163.42    2003.17  113.6013  22.0664   2.5332     106.0520
   5075    1953  5180.98    2124.10  113.6247  22.0628   2.3328     106.6494
   5075    2075  5198.53    2244.93  113.6480  22.0593   2.1327     107.3568
   5075    2197  5216.06    2365.69  113.6713  22.0557   1.9332     108.2083
   5075    2319  5233.59    2486.37  113.6946  22.0522   1.7342     109.2529
   5075    2441  5251.10    2606.99  113.7179  22.0486   1.5360     110.5649
   5075    2563  5268.61    2727.56  113.7412  22.0451   1.3389     112.2612
   5075    2685  5286.11    2848.09  113.7645  22.0415   1.1434     114.5366
   5075    2807  5303.61    2968.59  113.7877  22.0380   0.9505     117.7384
   5075    2929  5321.10    3089.06  113.8110  22.0344   0.7620     122.5411
   5075    3051  5338.60    3209.53  113.8343  22.0309   0.5823     130.3899
   5075    3173  5356.09    3329.99  113.8575  22.0273   0.4227     144.6344
   5075    3295  5373.58    3450.46  113.8808  22.0237   0.3153     171.6519
   5075    3417  5391.08    3570.94  113.9040  22.0202   0.3184     -151.2651
   5075    3539  5408.58    3691.46  113.9273  22.0166   0.4297     -124.9921
   5075    3661  5426.09    3812.01  113.9505  22.0130   0.5909     -111.1822
   5075    3783  5443.60    3932.61  113.9738  22.0094   0.7714     -103.5349
   5075    3905  5461.12    4053.27  113.9971  22.0059   0.9604     -98.8335
   5075    4027  5478.65    4174.00  114.0204  22.0023   1.1539     -95.6880
   5075    4149  5496.20    4294.80  114.0437  21.9987   1.3499     -93.4469
   5075    4271  5513.75    4415.69  114.0670  21.9951   1.5475     -91.7728
   5075    4393  5531.32    4536.68  114.0904  21.9914   1.7463     -90.4759
   5075    4515  5548.91    4657.77  114.1137  21.9878   1.9459     -89.4421
   5075    4637  5566.51    4778.99  114.1371  21.9842   2.1462     -88.5986
   5075    4759  5584.13    4900.33  114.1605  21.9806   2.3470     -87.8971
   5075    4881  5601.77    5021.80  114.1839  21.9769   2.5483     -87.3044
   5075    5003  5619.44    5143.43  114.2074  21.9733   2.7500     -86.7968
   5075    5125  5637.12    5265.21  114.2309  21.9696   2.9520     -86.3569
   5075    5247  5654.83    5387.16  114.2544  21.9660   3.1545     -85.9719
   5075    5369  5672.57    5509.28  114.2779  21.9623   3.3572     -85.6318
   5075    5491  5690.33    5631.59  114.3015  21.9586   3.5603     -85.3292
   5075    5613  5708.12    5754.10  114.3251  21.9549   3.7638     -85.0579
   5075    5735  5725.95    5876.82  114.3488  21.9512   3.9675     -84.8133
   5075    5857  5743.80    5999.75  114.3725  21.9475   4.1716     -84.5913
   5075    6000  5764.77    6144.13  114.4003  21.9432   4.4113     -84.3559
   5193       1  5013.18    147.53  113.2423  22.0988   5.5744     102.1914
   5193     123  5031.12    271.03  113.2662  22.0952   5.3697     102.3185
   5193     245  5049.02    394.28  113.2900  22.0917   5.1652     102.4547
   5193     367  5066.89    517.31  113.3138  22.0881   4.9611     102.6012
   5193     489  5084.72    640.11  113.3375  22.0846   4.7572     102.7593
   5193     611  5102.53    762.70  113.3612  22.0810   4.5537     102.9304
   5193     733  5120.30    885.09  113.3849  22.0775   4.3504     103.1165
   5193     855  5138.05    1007.29  113.4085  22.0739   4.1474     103.3197
   5193     977  5155.77    1129.31  113.4321  22.0704   3.9447     103.5425
   5193    1099  5173.47    1251.16  113.4556  22.0668   3.7422     103.7883
   5193    1221  5191.14    1372.84  113.4791  22.0633   3.5400     104.0609
   5193    1343  5208.79    1494.38  113.5026  22.0597   3.3381     104.3651
   5193    1465  5226.42    1615.77  113.5261  22.0562   3.1364     104.7070
   5193    1587  5244.03    1737.03  113.5495  22.0526   2.9351     105.0943
   5193    1709  5261.63    1858.17  113.5729  22.0491   2.7340     105.5369
   5193    1831  5279.21    1979.20  113.5963  22.0455   2.5332     106.0480
   5193    1953  5296.77    2100.12  113.6196  22.0420   2.3327     106.6452
   5193    2075  5314.32    2220.96  113.6430  22.0385   2.1327     107.3523
   5193    2197  5331.86    2341.71  113.6663  22.0349   1.9331     108.2035
   5193    2319  5349.38    2462.40  113.6896  22.0314   1.7341     109.2477
   5193    2441  5366.90    2583.02  113.7129  22.0278   1.5360     110.5592
   5193    2563  5384.41    2703.58  113.7362  22.0243   1.3389     112.2549
   5193    2685  5401.92    2824.11  113.7594  22.0207   1.1434     114.5295
   5193    2807  5419.42    2944.61  113.7827  22.0172   0.9504     117.7303
   5193    2929  5436.92    3065.08  113.8059  22.0136   0.7619     122.5317
   5193    3051  5454.41    3185.54  113.8292  22.0100   0.5822     130.3790
   5193    3173  5471.91    3306.00  113.8524  22.0065   0.4226     144.6230
   5193    3295  5489.41    3426.47  113.8757  22.0029   0.3152     171.6470
   5193    3417  5506.91    3546.96  113.8989  21.9994   0.3183     -151.2557
   5193    3539  5524.41    3667.47  113.9222  21.9958   0.4296     -124.9797
   5193    3661  5541.92    3788.02  113.9455  21.9922   0.5908     -111.1722
   5193    3783  5559.44    3908.62  113.9687  21.9886   0.7714     -103.5271
   5193    3905  5576.96    4029.28  113.9920  21.9850   0.9604     -98.8274
   5193    4027  5594.50    4150.00  114.0153  21.9814   1.1539     -95.6832
   5193    4149  5612.04    4270.81  114.0386  21.9778   1.3499     -93.4429
   5193    4271  5629.60    4391.70  114.0619  21.9742   1.5475     -91.7695
   5193    4393  5647.17    4512.68  114.0853  21.9706   1.7463     -90.4732
   5193    4515  5664.76    4633.78  114.1086  21.9670   1.9459     -89.4398
   5193    4637  5682.37    4754.99  114.1320  21.9634   2.1462     -88.5966
   5193    4759  5699.99    4876.33  114.1554  21.9598   2.3470     -87.8955
   5193    4881  5717.64    4997.80  114.1788  21.9561   2.5483     -87.3030
   5193    5003  5735.30    5119.43  114.2023  21.9525   2.7500     -86.7956
   5193    5125  5752.99    5241.21  114.2257  21.9488   2.9521     -86.3559
   5193    5247  5770.71    5363.15  114.2492  21.9452   3.1545     -85.9711
   5193    5369  5788.44    5485.28  114.2728  21.9415   3.3572     -85.6312
   5193    5491  5806.21    5607.59  114.2964  21.9378   3.5604     -85.3287
   5193    5613  5824.01    5730.10  114.3200  21.9341   3.7638     -85.0575
   5193    5735  5841.83    5852.81  114.3436  21.9304   3.9676     -84.8130
   5193    5857  5859.69    5975.74  114.3673  21.9267   4.1717     -84.5911
   5193    6000  5880.66    6120.12  114.3951  21.9224   4.4113     -84.3558
   5311       1  5128.92    123.57  113.2374  22.0780   5.5744     102.1890
   5311     123  5146.86    247.07  113.2612  22.0744   5.3696     102.3161
   5311     245  5164.76    370.32  113.2851  22.0708   5.1652     102.4522
   5311     367  5182.63    493.35  113.3088  22.0673   4.9611     102.5987
   5311     489  5200.47    616.15  113.3326  22.0637   4.7572     102.7566
   5311     611  5218.28    738.74  113.3563  22.0602   4.5537     102.9277
   5311     733  5236.06    861.13  113.3799  22.0566   4.3504     103.1137
   5311     855  5253.81    983.33  113.4035  22.0531   4.1474     103.3168
   5311     977  5271.53    1105.34  113.4271  22.0495   3.9447     103.5396
   5311    1099  5289.23    1227.19  113.4506  22.0460   3.7422     103.7853
   5311    1221  5306.91    1348.87  113.4741  22.0424   3.5400     104.0577
   5311    1343  5324.56    1470.41  113.4976  22.0389   3.3381     104.3618
   5311    1465  5342.20    1591.80  113.5211  22.0353   3.1364     104.7035
   5311    1587  5359.81    1713.06  113.5445  22.0318   2.9350     105.0907
   5311    1709  5377.41    1834.20  113.5679  22.0283   2.7339     105.5331
   5311    1831  5394.99    1955.22  113.5913  22.0247   2.5331     106.0441
   5311    1953  5412.56    2076.15  113.6146  22.0212   2.3327     106.6409
   5311    2075  5430.11    2196.98  113.6379  22.0176   2.1326     107.3478
   5311    2197  5447.65    2317.73  113.6613  22.0141   1.9331     108.1986
   5311    2319  5465.18    2438.42  113.6846  22.0105   1.7341     109.2425
   5311    2441  5482.70    2559.04  113.7078  22.0070   1.5359     110.5535
   5311    2563  5500.22    2679.60  113.7311  22.0034   1.3388     112.2486
   5311    2685  5517.72    2800.13  113.7544  21.9999   1.1433     114.5224
   5311    2807  5535.23    2920.62  113.7776  21.9963   0.9504     117.7222
   5311    2929  5552.73    3041.10  113.8009  21.9928   0.7619     122.5223
   5311    3051  5570.23    3161.56  113.8241  21.9892   0.5821     130.3681
   5311    3173  5587.73    3282.02  113.8474  21.9857   0.4225     144.6116
   5311    3295  5605.23    3402.48  113.8706  21.9821   0.3151     171.6421
   5311    3417  5622.73    3522.97  113.8939  21.9785   0.3182     -151.2462
   5311    3539  5640.24    3643.48  113.9171  21.9750   0.4295     -124.9673
   5311    3661  5657.75    3764.03  113.9404  21.9714   0.5908     -111.1621
   5311    3783  5675.27    3884.63  113.9637  21.9678   0.7713     -103.5194
   5311    3905  5692.80    4005.29  113.9869  21.9642   0.9604     -98.8213
   5311    4027  5710.34    4126.01  114.0102  21.9606   1.1538     -95.6783
   5311    4149  5727.88    4246.81  114.0335  21.9570   1.3499     -93.4389
   5311    4271  5745.45    4367.70  114.0568  21.9534   1.5475     -91.7662
   5311    4393  5763.02    4488.68  114.0802  21.9498   1.7463     -90.4704
   5311    4515  5780.61    4609.78  114.1035  21.9462   1.9459     -89.4375
   5311    4637  5798.22    4730.99  114.1269  21.9426   2.1462     -88.5947
   5311    4759  5815.85    4852.33  114.1503  21.9389   2.3470     -87.8938
   5311    4881  5833.50    4973.80  114.1737  21.9353   2.5483     -87.3016
   5311    5003  5851.17    5095.42  114.1972  21.9317   2.7500     -86.7944
   5311    5125  5868.86    5217.20  114.2206  21.9280   2.9521     -86.3549
   5311    5247  5886.58    5339.15  114.2441  21.9244   3.1545     -85.9702
   5311    5369  5904.32    5461.27  114.2677  21.9207   3.3573     -85.6305
   5311    5491  5922.09    5583.58  114.2912  21.9170   3.5604     -85.3281
   5311    5613  5939.89    5706.08  114.3149  21.9133   3.7638     -85.0571
   5311    5735  5957.71    5828.80  114.3385  21.9096   3.9676     -84.8127
   5311    5857  5975.57    5951.73  114.3622  21.9059   4.1717     -84.5909
   5311    6000  5996.55    6096.11  114.3900  21.9016   4.4113     -84.3557
   5429       1  5244.65    99.61  113.2324  22.0571   5.5744     102.1867
   5429     123  5262.60    223.11  113.2563  22.0536   5.3696     102.3137
   5429     245  5280.50    346.36  113.2801  22.0500   5.1652     102.4498
   5429     367  5298.38    469.38  113.3038  22.0465   4.9610     102.5961
   5429     489  5316.22    592.18  113.3276  22.0429   4.7572     102.7540
   5429     611  5334.03    714.77  113.3513  22.0393   4.5536     102.9250
   5429     733  5351.81    837.16  113.3749  22.0358   4.3504     103.1110
   5429     855  5369.57    959.36  113.3985  22.0322   4.1474     103.3140
   5429     977  5387.29    1081.37  113.4221  22.0287   3.9446     103.5366
   5429    1099  5405.00    1203.22  113.4456  22.0251   3.7422     103.7822
   5429    1221  5422.68    1324.90  113.4691  22.0216   3.5400     104.0546
   5429    1343  5440.33    1446.43  113.4926  22.0181   3.3380     104.3585
   5429    1465  5457.97    1567.82  113.5161  22.0145   3.1364     104.7001
   5429    1587  5475.59    1689.08  113.5395  22.0110   2.9350     105.0871
   5429    1709  5493.19    1810.22  113.5629  22.0074   2.7339     105.5294
   5429    1831  5510.77    1931.24  113.5862  22.0039   2.5331     106.0401
   5429    1953  5528.34    2052.17  113.6096  22.0003   2.3327     106.6367
   5429    2075  5545.90    2173.00  113.6329  21.9968   2.1326     107.3434
   5429    2197  5563.44    2293.75  113.6562  21.9933   1.9330     108.1938
   5429    2319  5580.98    2414.43  113.6795  21.9897   1.7341     109.2372
   5429    2441  5598.50    2535.05  113.7028  21.9862   1.5359     110.5478
   5429    2563  5616.02    2655.62  113.7261  21.9826   1.3388     112.2422
   5429    2685  5633.53    2776.14  113.7493  21.9791   1.1433     114.5153
   5429    2807  5651.04    2896.64  113.7726  21.9755   0.9503     117.7141
   5429    2929  5668.54    3017.11  113.7958  21.9720   0.7618     122.5130
   5429    3051  5686.04    3137.57  113.8191  21.9684   0.5820     130.3572
   5429    3173  5703.55    3258.03  113.8423  21.9648   0.4224     144.6002
   5429    3295  5721.05    3378.49  113.8656  21.9613   0.3150     171.6372
   5429    3417  5738.55    3498.98  113.8888  21.9577   0.3181     -151.2367
   5429    3539  5756.06    3619.49  113.9121  21.9541   0.4295     -124.9548
   5429    3661  5773.58    3740.04  113.9353  21.9506   0.5907     -111.1520
   5429    3783  5791.10    3860.63  113.9586  21.9470   0.7713     -103.5116
   5429    3905  5808.63    3981.29  113.9819  21.9434   0.9604     -98.8152
   5429    4027  5826.18    4102.01  114.0051  21.9398   1.1538     -95.6734
   5429    4149  5843.73    4222.81  114.0284  21.9362   1.3498     -93.4350
   5429    4271  5861.29    4343.70  114.0517  21.9326   1.5475     -91.7629
   5429    4393  5878.87    4464.68  114.0751  21.9290   1.7463     -90.4677
   5429    4515  5896.47    4585.77  114.0984  21.9254   1.9459     -89.4351
   5429    4637  5914.08    4706.98  114.1218  21.9218   2.1462     -88.5927
   5429    4759  5931.71    4828.32  114.1452  21.9181   2.3470     -87.8921
   5429    4881  5949.36    4949.79  114.1686  21.9145   2.5483     -87.3002
   5429    5003  5967.03    5071.41  114.1920  21.9109   2.7500     -86.7932
   5429    5125  5984.73    5193.19  114.2155  21.9072   2.9521     -86.3539
   5429    5247  6002.45    5315.14  114.2390  21.9035   3.1545     -85.9694
   5429    5369  6020.19    5437.26  114.2626  21.8999   3.3573     -85.6298
   5429    5491  6037.97    5559.56  114.2861  21.8962   3.5604     -85.3276
   5429    5613  6055.77    5682.07  114.3097  21.8925   3.7638     -85.0567
   5429    5735  6073.60    5804.78  114.3334  21.8888   3.9676     -84.8123
   5429    5857  6091.46    5927.71  114.3571  21.8851   4.1717     -84.5907
   5429    6000  6112.44    6072.09  114.3849  21.8808   4.4113     -84.3556
   5547       1  5360.39    75.64  113.2274  22.0363   5.5743     102.1843
   5547     123  5378.33    199.14  113.2513  22.0327   5.3696     102.3113
   5547     245  5396.24    322.39  113.2751  22.0292   5.1651     102.4473
   5547     367  5414.12    445.41  113.2989  22.0256   4.9610     102.5936
   5547     489  5431.97    568.21  113.3226  22.0221   4.7572     102.7514
   5547     611  5449.78    690.80  113.3463  22.0185   4.5536     102.9224
   5547     733  5467.56    813.19  113.3699  22.0150   4.3503     103.1082
   5547     855  5485.32    935.39  113.3935  22.0114   4.1473     103.3111
   5547     977  5503.05    1057.40  113.4171  22.0079   3.9446     103.5337
   5547    1099  5520.76    1179.24  113.4406  22.0043   3.7421     103.7792
   5547    1221  5538.44    1300.92  113.4641  22.0008   3.5399     104.0514
   5547    1343  5556.10    1422.45  113.4876  21.9972   3.3380     104.3552
   5547    1465  5573.74    1543.84  113.5110  21.9937   3.1363     104.6967
   5547    1587  5591.36    1665.10  113.5345  21.9901   2.9350     105.0835
   5547    1709  5608.97    1786.24  113.5578  21.9866   2.7339     105.5256
   5547    1831  5626.55    1907.26  113.5812  21.9831   2.5331     106.0361
   5547    1953  5644.13    2028.18  113.6046  21.9795   2.3326     106.6325
   5547    2075  5661.69    2149.02  113.6279  21.9760   2.1326     107.3389
   5547    2197  5679.23    2269.77  113.6512  21.9724   1.9330     108.1890
   5547    2319  5696.77    2390.45  113.6745  21.9689   1.7340     109.2320
   5547    2441  5714.30    2511.06  113.6978  21.9653   1.5358     110.5421
   5547    2563  5731.82    2631.63  113.7210  21.9618   1.3387     112.2359
   5547    2685  5749.33    2752.15  113.7443  21.9582   1.1432     114.5082
   5547    2807  5766.84    2872.64  113.7675  21.9547   0.9502     117.7060
   5547    2929  5784.35    2993.11  113.7908  21.9511   0.7617     122.5036
   5547    3051  5801.86    3113.57  113.8140  21.9476   0.5820     130.3463
   5547    3173  5819.36    3234.03  113.8373  21.9440   0.4223     144.5887
   5547    3295  5836.87    3354.49  113.8605  21.9405   0.3148     171.6323
   5547    3417  5854.38    3474.98  113.8838  21.9369   0.3180     -151.2272
   5547    3539  5871.89    3595.49  113.9070  21.9333   0.4294     -124.9424
   5547    3661  5889.41    3716.04  113.9302  21.9297   0.5907     -111.1419
   5547    3783  5906.93    3836.63  113.9535  21.9262   0.7713     -103.5038
   5547    3905  5924.47    3957.29  113.9768  21.9226   0.9603     -98.8091
   5547    4027  5942.01    4078.01  114.0001  21.9190   1.1538     -95.6685
   5547    4149  5959.57    4198.80  114.0233  21.9154   1.3498     -93.4310
   5547    4271  5977.14    4319.69  114.0467  21.9118   1.5475     -91.7596
   5547    4393  5994.72    4440.67  114.0700  21.9082   1.7463     -90.4649
   5547    4515  6012.32    4561.77  114.0933  21.9046   1.9459     -89.4328
   5547    4637  6029.93    4682.97  114.1167  21.9009   2.1462     -88.5907
   5547    4759  6047.57    4804.31  114.1401  21.8973   2.3470     -87.8905
   5547    4881  6065.22    4925.78  114.1635  21.8937   2.5483     -87.2988
   5547    5003  6082.90    5047.40  114.1869  21.8900   2.7500     -86.7920
   5547    5125  6100.59    5169.18  114.2104  21.8864   2.9521     -86.3529
   5547    5247  6118.32    5291.12  114.2339  21.8827   3.1545     -85.9686
   5547    5369  6136.07    5413.24  114.2574  21.8791   3.3573     -85.6291
   5547    5491  6153.84    5535.55  114.2810  21.8754   3.5604     -85.3270
   5547    5613  6171.65    5658.05  114.3046  21.8717   3.7638     -85.0563
   5547    5735  6189.48    5780.76  114.3282  21.8680   3.9676     -84.8120
   5547    5857  6207.35    5903.69  114.3519  21.8643   4.1717     -84.5905
   5547    6000  6228.33    6048.07  114.3797  21.8599   4.4113     -84.3555
   5665       1  5476.12    51.67  113.2225  22.0155   5.5743     102.1820
   5665     123  5494.07    175.17  113.2463  22.0119   5.3695     102.3088
   5665     245  5511.98    298.42  113.2701  22.0084   5.1651     102.4448
   5665     367  5529.86    421.44  113.2939  22.0048   4.9610     102.5911
   5665     489  5547.71    544.24  113.3176  22.0012   4.7571     102.7488
   5665     611  5565.53    666.83  113.3413  21.9977   4.5536     102.9197
   5665     733  5583.32    789.21  113.3649  21.9941   4.3503     103.1054
   5665     855  5601.08    911.41  113.3885  21.9906   4.1473     103.3082
   5665     977  5618.81    1033.42  113.4121  21.9870   3.9446     103.5307
   5665    1099  5636.52    1155.26  113.4356  21.9835   3.7421     103.7761
   5665    1221  5654.21    1276.94  113.4591  21.9799   3.5399     104.0482
   5665    1343  5671.87    1398.47  113.4826  21.9764   3.3380     104.3519
   5665    1465  5689.51    1519.86  113.5060  21.9729   3.1363     104.6932
   5665    1587  5707.14    1641.12  113.5294  21.9693   2.9349     105.0799
   5665    1709  5724.74    1762.25  113.5528  21.9658   2.7338     105.5218
   5665    1831  5742.33    1883.27  113.5762  21.9622   2.5330     106.0321
   5665    1953  5759.91    2004.20  113.5995  21.9587   2.3326     106.6283
   5665    2075  5777.47    2125.03  113.6229  21.9552   2.1325     107.3343
   5665    2197  5795.02    2245.78  113.6462  21.9516   1.9330     108.1841
   5665    2319  5812.56    2366.45  113.6695  21.9481   1.7340     109.2268
   5665    2441  5830.09    2487.07  113.6927  21.9445   1.5358     110.5363
   5665    2563  5847.62    2607.63  113.7160  21.9410   1.3387     112.2296
   5665    2685  5865.14    2728.16  113.7392  21.9374   1.1431     114.5011
   5665    2807  5882.65    2848.65  113.7625  21.9339   0.9502     117.6979
   5665    2929  5900.16    2969.12  113.7857  21.9303   0.7617     122.4942
   5665    3051  5917.67    3089.57  113.8090  21.9268   0.5819     130.3354
   5665    3173  5935.18    3210.03  113.8322  21.9232   0.4222     144.5773
   5665    3295  5952.69    3330.49  113.8554  21.9196   0.3147     171.6274
   5665    3417  5970.20    3450.98  113.8787  21.9161   0.3179     -151.2177
   5665    3539  5987.71    3571.48  113.9019  21.9125   0.4293     -124.9299
   5665    3661  6005.24    3692.03  113.9252  21.9089   0.5906     -111.1318
   5665    3783  6022.76    3812.63  113.9484  21.9053   0.7712     -103.4960
   5665    3905  6040.30    3933.28  113.9717  21.9018   0.9603     -98.8030
   5665    4027  6057.85    4054.00  113.9950  21.8982   1.1538     -95.6636
   5665    4149  6075.41    4174.80  114.0183  21.8946   1.3498     -93.4270
   5665    4271  6092.98    4295.68  114.0416  21.8910   1.5475     -91.7563
   5665    4393  6110.56    4416.66  114.0649  21.8874   1.7463     -90.4622
   5665    4515  6128.17    4537.75  114.0882  21.8838   1.9459     -89.4305
   5665    4637  6145.78    4658.96  114.1116  21.8801   2.1462     -88.5888
   5665    4759  6163.42    4780.29  114.1350  21.8765   2.3470     -87.8888
   5665    4881  6181.08    4901.76  114.1584  21.8729   2.5483     -87.2974
   5665    5003  6198.76    5023.38  114.1818  21.8692   2.7500     -86.7909
   5665    5125  6216.46    5145.16  114.2053  21.8656   2.9521     -86.3519
   5665    5247  6234.18    5267.10  114.2288  21.8619   3.1545     -85.9677
   5665    5369  6251.94    5389.22  114.2523  21.8583   3.3573     -85.6285
   5665    5491  6269.71    5511.52  114.2759  21.8546   3.5604     -85.3265
   5665    5613  6287.52    5634.03  114.2995  21.8509   3.7638     -85.0558
   5665    5735  6305.36    5756.74  114.3231  21.8472   3.9676     -84.8117
   5665    5857  6323.23    5879.66  114.3468  21.8435   4.1717     -84.5903
   5665    6000  6344.22    6024.04  114.3746  21.8391   4.4113     -84.3554
   5820       1  5628.14    20.18  113.2159  21.9881   5.5743     102.1789
   5820     123  5646.09    143.67  113.2398  21.9846   5.3695     102.3057
   5820     245  5664.01    266.92  113.2636  21.9810   5.1651     102.4416
   5820     367  5681.90    389.94  113.2874  21.9774   4.9609     102.5877
   5820     489  5699.75    512.74  113.3111  21.9739   4.7571     102.7454
   5820     611  5717.57    635.33  113.3347  21.9703   4.5535     102.9161
   5820     733  5735.36    757.71  113.3584  21.9668   4.3503     103.1018
   5820     855  5753.13    879.90  113.3820  21.9632   4.1473     103.3045
   5820     977  5770.86    1001.92  113.4055  21.9597   3.9445     103.5269
   5820    1099  5788.58    1123.76  113.4291  21.9561   3.7421     103.7721
   5820    1221  5806.27    1245.44  113.4526  21.9526   3.5399     104.0441
   5820    1343  5823.94    1366.96  113.4760  21.9490   3.3379     104.3476
   5820    1465  5841.58    1488.35  113.4995  21.9455   3.1363     104.6887
   5820    1587  5859.21    1609.60  113.5229  21.9420   2.9349     105.0752
   5820    1709  5876.82    1730.74  113.5462  21.9384   2.7338     105.5169
   5820    1831  5894.42    1851.76  113.5696  21.9349   2.5330     106.0269
   5820    1953  5912.00    1972.68  113.5929  21.9313   2.3325     106.6227
   5820    2075  5929.56    2093.51  113.6163  21.9278   2.1325     107.3284
   5820    2197  5947.12    2214.26  113.6396  21.9243   1.9329     108.1778
   5820    2319  5964.66    2334.93  113.6628  21.9207   1.7339     109.2199
   5820    2441  5982.20    2455.55  113.6861  21.9172   1.5357     110.5288
   5820    2563  5999.72    2576.11  113.7094  21.9136   1.3386     112.2213
   5820    2685  6017.25    2696.63  113.7326  21.9101   1.1431     114.4918
   5820    2807  6034.76    2817.12  113.7559  21.9065   0.9501     117.6873
   5820    2929  6052.28    2937.59  113.7791  21.9030   0.7616     122.4818
   5820    3051  6069.79    3058.05  113.8023  21.8994   0.5818     130.3211
   5820    3173  6087.30    3178.50  113.8256  21.8959   0.4220     144.5623
   5820    3295  6104.82    3298.96  113.8488  21.8923   0.3145     171.6210
   5820    3417  6122.33    3419.44  113.8720  21.8887   0.3177     -151.2052
   5820    3539  6139.85    3539.95  113.8953  21.8852   0.4292     -124.9135
   5820    3661  6157.38    3660.50  113.9185  21.8816   0.5906     -111.1185
   5820    3783  6174.91    3781.09  113.9418  21.8780   0.7712     -103.4857
   5820    3905  6192.45    3901.74  113.9650  21.8744   0.9603     -98.7950
   5820    4027  6210.00    4022.46  113.9883  21.8708   1.1538     -95.6572
   5820    4149  6227.57    4143.25  114.0116  21.8672   1.3498     -93.4217
   5820    4271  6245.14    4264.14  114.0349  21.8636   1.5475     -91.7520
   5820    4393  6262.73    4385.12  114.0582  21.8600   1.7463     -90.4585
   5820    4515  6280.34    4506.21  114.0815  21.8564   1.9459     -89.4274
   5820    4637  6297.96    4627.41  114.1049  21.8528   2.1462     -88.5862
   5820    4759  6315.60    4748.74  114.1283  21.8492   2.3470     -87.8866
   5820    4881  6333.26    4870.21  114.1517  21.8455   2.5483     -87.2955
   5820    5003  6350.95    4991.83  114.1751  21.8419   2.7500     -86.7893
   5820    5125  6368.65    5113.60  114.1986  21.8382   2.9521     -86.3506
   5820    5247  6386.38    5235.54  114.2221  21.8346   3.1545     -85.9667
   5820    5369  6404.14    5357.66  114.2456  21.8309   3.3573     -85.6276
   5820    5491  6421.92    5479.96  114.2692  21.8272   3.5604     -85.3258
   5820    5613  6439.73    5602.47  114.2928  21.8236   3.7638     -85.0553
   5820    5735  6457.57    5725.17  114.3164  21.8199   3.9676     -84.8113
   5820    5857  6475.45    5848.10  114.3401  21.8162   4.1717     -84.5900
   5820    6000  6496.44    5992.47  114.3679  21.8118   4.4114     -84.3553
