 #The Line and  Sample are according to LEVEL1 and LEVEL2 image 

 L1Line L1Sample  L2Line   L2Sample  Lon       Lat      Zenith    Azimuth
      1       1  -80.24    1199.90  113.4472  23.0156   5.5755     102.3015
      1     123  -62.40    1323.42  113.4713  23.0120   5.3707     102.4305
      1     245  -44.60    1446.70  113.4953  23.0085   5.1663     102.5689
      1     367  -26.82    1569.75  113.5192  23.0049   4.9622     102.7176
      1     489  -9.08    1692.58  113.5431  23.0013   4.7584     102.8780
      1     611   8.63    1815.20  113.5669  22.9977   4.5548     103.0517
      1     733  26.31    1937.61  113.5907  22.9941   4.3516     103.2405
      1     855  43.96    2059.83  113.6145  22.9905   4.1486     103.4466
      1     977  61.59    2181.88  113.6382  22.9870   3.9459     103.6727
      1    1099  79.19    2303.75  113.6619  22.9834   3.7434     103.9220
      1    1221  96.77    2425.46  113.6856  22.9798   3.5413     104.1984
      1    1343  114.33    2547.01  113.7092  22.9762   3.3393     104.5068
      1    1465  131.87    2668.43  113.7328  22.9727   3.1377     104.8533
      1    1587  149.39    2789.72  113.7564  22.9691   2.9363     105.2459
      1    1709  166.89    2910.88  113.7799  22.9655   2.7353     105.6944
      1    1831  184.38    3031.94  113.8035  22.9620   2.5345     106.2123
      1    1953  201.85    3152.89  113.8270  22.9584   2.3341     106.8171
      1    2075  219.30    3273.75  113.8504  22.9548   2.1341     107.5333
      1    2197  236.75    3394.53  113.8739  22.9512   1.9346     108.3951
      1    2319  254.18    3515.23  113.8974  22.9477   1.7357     109.4520
      1    2441  271.61    3635.88  113.9208  22.9441   1.5376     110.7790
      1    2563  289.03    3756.47  113.9442  22.9405   1.3406     112.4940
      1    2685  306.44    3877.03  113.9676  22.9369   1.1453     114.7929
      1    2807  323.85    3997.55  113.9910  22.9334   0.9526     118.0249
      1    2929  341.26    4118.05  114.0144  22.9298   0.7644     122.8657
      1    3051  358.66    4238.54  114.0378  22.9262   0.5851     130.7560
      1    3173  376.07    4359.02  114.0612  22.9226   0.4261     145.0039
      1    3295  393.47    4479.52  114.0846  22.9190   0.3194     171.7967
      1    3417  410.88    4600.03  114.1080  22.9154   0.3219     -151.5681
      1    3539  428.29    4720.57  114.1314  22.9118   0.4318     -125.3709
      1    3661  445.71    4841.15  114.1549  22.9082   0.5921     -111.4766
      1    3783  463.14    4961.78  114.1783  22.9046   0.7721     -103.7517
      1    3905  480.57    5082.46  114.2017  22.9010   0.9608     -98.9944
      1    4027  498.01    5203.21  114.2251  22.8973   1.1541     -95.8090
      1    4149  515.47    5324.04  114.2486  22.8937   1.3499     -93.5384
      1    4271  532.93    5444.96  114.2720  22.8901   1.5474     -91.8418
      1    4393  550.42    5565.97  114.2955  22.8864   1.7461     -90.5274
      1    4515  567.91    5687.10  114.3190  22.8828   1.9456     -89.4794
      1    4637  585.43    5808.33  114.3426  22.8791   2.1459     -88.6242
      1    4759  602.96    5929.70  114.3661  22.8755   2.3466     -87.9130
      1    4881  620.51    6051.21  114.3897  22.8718   2.5479     -87.3120
      1    5003  638.09    6172.86  114.4133  22.8681   2.7495     -86.7972
      1    5125  655.68    6294.67  114.4369  22.8644   2.9516     -86.3511
      1    5247  673.30    6416.64  114.4605  22.8608   3.1540     -85.9606
      1    5369  690.95    6538.79  114.4842  22.8571   3.3567     -85.6157
      1    5491  708.62    6661.13  114.5080  22.8533   3.5598     -85.3087
      1    5613  726.33    6783.67  114.5317  22.8496   3.7632     -85.0335
      1    5735  744.06    6906.42  114.5555  22.8459   3.9669     -84.7852
      1    5857  761.82    7029.38  114.5794  22.8422   4.1710     -84.5600
      1    6000  782.69    7173.79  114.6074  22.8378   4.4107     -84.3211
    119       1  35.52    1176.08  113.4422  22.9948   5.5754     102.2993
    119     123  53.36    1299.60  113.4663  22.9912   5.3707     102.4283
    119     245  71.17    1422.88  113.4902  22.9876   5.1663     102.5666
    119     367  88.95    1545.93  113.5142  22.9840   4.9622     102.7153
    119     489  106.69    1668.76  113.5380  22.9805   4.7583     102.8756
    119     611  124.41    1791.37  113.5619  22.9769   4.5548     103.0493
    119     733  142.09    1913.79  113.5857  22.9733   4.3515     103.2380
    119     855  159.75    2036.01  113.6094  22.9697   4.1486     103.4441
    119     977  177.38    2158.05  113.6332  22.9661   3.9458     103.6701
    119    1099  194.99    2279.92  113.6569  22.9626   3.7434     103.9192
    119    1221  212.57    2401.63  113.6805  22.9590   3.5412     104.1955
    119    1343  230.13    2523.18  113.7041  22.9554   3.3393     104.5039
    119    1465  247.67    2644.60  113.7277  22.9519   3.1377     104.8503
    119    1587  265.19    2765.88  113.7513  22.9483   2.9363     105.2427
    119    1709  282.70    2887.05  113.7749  22.9447   2.7352     105.6911
    119    1831  300.19    3008.10  113.7984  22.9411   2.5345     106.2088
    119    1953  317.66    3129.05  113.8219  22.9376   2.3341     106.8135
    119    2075  335.12    3249.91  113.8454  22.9340   2.1341     107.5295
    119    2197  352.57    3370.69  113.8688  22.9304   1.9346     108.3910
    119    2319  370.01    3491.39  113.8923  22.9269   1.7357     109.4476
    119    2441  387.44    3612.04  113.9157  22.9233   1.5376     110.7743
    119    2563  404.86    3732.63  113.9391  22.9197   1.3406     112.4887
    119    2685  422.28    3853.18  113.9625  22.9161   1.1452     114.7870
    119    2807  439.69    3973.70  113.9859  22.9125   0.9525     118.0183
    119    2929  457.10    4094.20  114.0093  22.9090   0.7643     122.8581
    119    3051  474.51    4214.69  114.0327  22.9054   0.5850     130.7474
    119    3173  491.91    4335.17  114.0561  22.9018   0.4260     144.9951
    119    3295  509.32    4455.67  114.0795  22.8982   0.3193     171.7933
    119    3417  526.73    4576.18  114.1029  22.8946   0.3218     -151.5606
    119    3539  544.15    4696.72  114.1263  22.8910   0.4318     -125.3613
    119    3661  561.57    4817.29  114.1497  22.8874   0.5921     -111.4690
    119    3783  579.00    4937.92  114.1731  22.8838   0.7721     -103.7459
    119    3905  596.44    5058.60  114.1966  22.8802   0.9608     -98.9900
    119    4027  613.88    5179.35  114.2200  22.8765   1.1540     -95.8055
    119    4149  631.34    5300.18  114.2434  22.8729   1.3499     -93.5356
    119    4271  648.81    5421.10  114.2669  22.8693   1.5474     -91.8396
    119    4393  666.30    5542.11  114.2904  22.8656   1.7461     -90.5256
    119    4515  683.80    5663.23  114.3139  22.8620   1.9456     -89.4779
    119    4637  701.31    5784.47  114.3374  22.8583   2.1459     -88.6230
    119    4759  718.85    5905.84  114.3609  22.8547   2.3466     -87.9121
    119    4881  736.40    6027.34  114.3845  22.8510   2.5479     -87.3113
    119    5003  753.98    6148.99  114.4081  22.8473   2.7495     -86.7967
    119    5125  771.58    6270.80  114.4317  22.8436   2.9516     -86.3507
    119    5247  789.21    6392.77  114.4554  22.8400   3.1540     -85.9603
    119    5369  806.86    6514.92  114.4791  22.8363   3.3567     -85.6156
    119    5491  824.53    6637.26  114.5028  22.8325   3.5598     -85.3086
    119    5613  842.24    6759.80  114.5265  22.8288   3.7632     -85.0335
    119    5735  859.98    6882.54  114.5503  22.8251   3.9670     -84.7854
    119    5857  877.74    7005.50  114.5742  22.8214   4.1710     -84.5602
    119    6000  898.61    7149.91  114.6022  22.8170   4.4107     -84.3214
    237       1  151.28    1152.26  113.4372  22.9740   5.5754     102.2972
    237     123  169.13    1275.78  113.4612  22.9704   5.3707     102.4261
    237     245  186.94    1399.06  113.4852  22.9668   5.1663     102.5644
    237     367  204.72    1522.10  113.5091  22.9632   4.9621     102.7130
    237     489  222.47    1644.93  113.5330  22.9596   4.7583     102.8733
    237     611  240.19    1767.54  113.5568  22.9561   4.5548     103.0468
    237     733  257.87    1889.96  113.5806  22.9525   4.3515     103.2355
    237     855  275.53    2012.18  113.6044  22.9489   4.1485     103.4415
    237     977  293.17    2134.22  113.6281  22.9453   3.9458     103.6674
    237    1099  310.78    2256.08  113.6518  22.9418   3.7434     103.9165
    237    1221  328.37    2377.79  113.6755  22.9382   3.5412     104.1927
    237    1343  345.93    2499.35  113.6991  22.9346   3.3393     104.5010
    237    1465  363.47    2620.76  113.7227  22.9310   3.1376     104.8473
    237    1587  381.00    2742.05  113.7462  22.9275   2.9363     105.2396
    237    1709  398.51    2863.21  113.7698  22.9239   2.7352     105.6878
    237    1831  416.00    2984.26  113.7933  22.9203   2.5345     106.2054
    237    1953  433.48    3105.21  113.8168  22.9168   2.3341     106.8099
    237    2075  450.94    3226.07  113.8403  22.9132   2.1341     107.5256
    237    2197  468.39    3346.84  113.8637  22.9096   1.9346     108.3868
    237    2319  485.84    3467.55  113.8872  22.9060   1.7357     109.4432
    237    2441  503.27    3588.19  113.9106  22.9025   1.5376     110.7695
    237    2563  520.69    3708.78  113.9340  22.8989   1.3406     112.4835
    237    2685  538.11    3829.33  113.9574  22.8953   1.1452     114.7812
    237    2807  555.53    3949.85  113.9808  22.8917   0.9525     118.0117
    237    2929  572.94    4070.35  114.0042  22.8881   0.7642     122.8506
    237    3051  590.35    4190.84  114.0276  22.8846   0.5850     130.7388
    237    3173  607.76    4311.32  114.0510  22.8810   0.4260     144.9863
    237    3295  625.18    4431.81  114.0744  22.8774   0.3192     171.7898
    237    3417  642.59    4552.32  114.0978  22.8738   0.3217     -151.5531
    237    3539  660.01    4672.86  114.1212  22.8702   0.4317     -125.3517
    237    3661  677.43    4793.44  114.1446  22.8666   0.5921     -111.4613
    237    3783  694.87    4914.06  114.1680  22.8630   0.7721     -103.7401
    237    3905  712.31    5034.74  114.1914  22.8593   0.9608     -98.9855
    237    4027  729.76    5155.49  114.2149  22.8557   1.1540     -95.8020
    237    4149  747.22    5276.32  114.2383  22.8521   1.3499     -93.5329
    237    4271  764.69    5397.23  114.2618  22.8485   1.5474     -91.8374
    237    4393  782.18    5518.24  114.2852  22.8448   1.7461     -90.5238
    237    4515  799.68    5639.36  114.3087  22.8412   1.9457     -89.4765
    237    4637  817.20    5760.60  114.3322  22.8375   2.1459     -88.6219
    237    4759  834.74    5881.97  114.3558  22.8339   2.3466     -87.9111
    237    4881  852.30    6003.47  114.3793  22.8302   2.5479     -87.3106
    237    5003  869.88    6125.12  114.4029  22.8265   2.7495     -86.7961
    237    5125  887.48    6246.92  114.4266  22.8228   2.9516     -86.3503
    237    5247  905.11    6368.89  114.4502  22.8191   3.1540     -85.9601
    237    5369  922.77    6491.04  114.4739  22.8154   3.3567     -85.6154
    237    5491  940.45    6613.38  114.4976  22.8117   3.5598     -85.3086
    237    5613  958.16    6735.92  114.5214  22.8080   3.7632     -85.0336
    237    5735  975.89    6858.66  114.5451  22.8043   3.9670     -84.7855
    237    5857  993.67    6981.62  114.5690  22.8006   4.1710     -84.5605
    237    6000  1014.54    7126.03  114.5970  22.7962   4.4107     -84.3218
    355       1  267.04    1128.43  113.4322  22.9532   5.5754     102.2950
    355     123  284.89    1251.95  113.4562  22.9496   5.3707     102.4239
    355     245  302.71    1375.23  113.4802  22.9460   5.1662     102.5621
    355     367  320.49    1498.27  113.5041  22.9424   4.9621     102.7107
    355     489  338.24    1621.10  113.5280  22.9388   4.7583     102.8709
    355     611  355.96    1743.71  113.5518  22.9352   4.5547     103.0444
    355     733  373.66    1866.12  113.5756  22.9317   4.3515     103.2330
    355     855  391.32    1988.34  113.5994  22.9281   4.1485     103.4389
    355     977  408.96    2110.38  113.6231  22.9245   3.9458     103.6648
    355    1099  426.57    2232.25  113.6468  22.9209   3.7433     103.9138
    355    1221  444.16    2353.95  113.6704  22.9174   3.5412     104.1899
    355    1343  461.73    2475.51  113.6940  22.9138   3.3393     104.4980
    355    1465  479.28    2596.92  113.7176  22.9102   3.1376     104.8443
    355    1587  496.81    2718.20  113.7412  22.9066   2.9363     105.2364
    355    1709  514.32    2839.36  113.7647  22.9031   2.7352     105.6846
    355    1831  531.81    2960.41  113.7882  22.8995   2.5344     106.2019
    355    1953  549.29    3081.36  113.8117  22.8959   2.3340     106.8062
    355    2075  566.76    3202.22  113.8352  22.8924   2.1340     107.5218
    355    2197  584.22    3322.99  113.8587  22.8888   1.9345     108.3827
    355    2319  601.66    3443.70  113.8821  22.8852   1.7356     109.4388
    355    2441  619.10    3564.34  113.9055  22.8817   1.5375     110.7647
    355    2563  636.53    3684.93  113.9289  22.8781   1.3405     112.4782
    355    2685  653.95    3805.48  113.9523  22.8745   1.1452     114.7754
    355    2807  671.37    3926.00  113.9757  22.8709   0.9524     118.0051
    355    2929  688.78    4046.50  113.9991  22.8673   0.7642     122.8430
    355    3051  706.20    4166.98  114.0225  22.8637   0.5849     130.7302
    355    3173  723.61    4287.46  114.0459  22.8602   0.4259     144.9775
    355    3295  741.03    4407.95  114.0693  22.8566   0.3191     171.7864
    355    3417  758.45    4528.46  114.0927  22.8530   0.3216     -151.5455
    355    3539  775.87    4649.00  114.1161  22.8494   0.4317     -125.3420
    355    3661  793.30    4769.57  114.1395  22.8458   0.5920     -111.4536
    355    3783  810.73    4890.20  114.1629  22.8422   0.7721     -103.7342
    355    3905  828.17    5010.88  114.1863  22.8385   0.9608     -98.9810
    355    4027  845.63    5131.62  114.2097  22.8349   1.1540     -95.7985
    355    4149  863.09    5252.45  114.2332  22.8313   1.3499     -93.5301
    355    4271  880.57    5373.36  114.2566  22.8277   1.5474     -91.8352
    355    4393  898.06    5494.37  114.2801  22.8240   1.7461     -90.5220
    355    4515  915.57    5615.49  114.3036  22.8204   1.9457     -89.4750
    355    4637  933.09    5736.73  114.3271  22.8167   2.1459     -88.6207
    355    4759  950.63    5858.09  114.3506  22.8131   2.3466     -87.9102
    355    4881  968.20    5979.59  114.3742  22.8094   2.5479     -87.3098
    355    5003  985.78    6101.24  114.3978  22.8057   2.7495     -86.7956
    355    5125  1003.39    6223.04  114.4214  22.8020   2.9516     -86.3499
    355    5247  1021.02    6345.02  114.4450  22.7983   3.1540     -85.9598
    355    5369  1038.67    6467.16  114.4687  22.7946   3.3567     -85.6153
    355    5491  1056.36    6589.50  114.4924  22.7909   3.5598     -85.3086
    355    5613  1074.07    6712.03  114.5162  22.7872   3.7632     -85.0337
    355    5735  1091.81    6834.77  114.5400  22.7835   3.9670     -84.7857
    355    5857  1109.59    6957.73  114.5638  22.7798   4.1711     -84.5607
    355    6000  1130.46    7102.14  114.5918  22.7754   4.4107     -84.3221
    473       1  382.80    1104.60  113.4272  22.9323   5.5754     102.2929
    473     123  400.66    1228.12  113.4512  22.9288   5.3706     102.4217
    473     245  418.48    1351.40  113.4751  22.9252   5.1662     102.5599
    473     367  436.26    1474.44  113.4991  22.9216   4.9621     102.7084
    473     489  454.02    1597.26  113.5229  22.9180   4.7583     102.8686
    473     611  471.74    1719.87  113.5468  22.9144   4.5547     103.0420
    473     733  489.44    1842.28  113.5706  22.9108   4.3515     103.2306
    473     855  507.10    1964.50  113.5943  22.9073   4.1485     103.4364
    473     977  524.75    2086.54  113.6180  22.9037   3.9458     103.6622
    473    1099  542.36    2208.41  113.6417  22.9001   3.7433     103.9111
    473    1221  559.96    2330.11  113.6654  22.8965   3.5411     104.1871
    473    1343  577.53    2451.66  113.6890  22.8930   3.3392     104.4951
    473    1465  595.08    2573.08  113.7126  22.8894   3.1376     104.8413
    473    1587  612.61    2694.36  113.7361  22.8858   2.9362     105.2333
    473    1709  630.12    2815.52  113.7596  22.8823   2.7352     105.6813
    473    1831  647.62    2936.56  113.7832  22.8787   2.5344     106.1985
    473    1953  665.11    3057.51  113.8066  22.8751   2.3340     106.8026
    473    2075  682.58    3178.37  113.8301  22.8716   2.1340     107.5179
    473    2197  700.04    3299.14  113.8536  22.8680   1.9345     108.3786
    473    2319  717.49    3419.84  113.8770  22.8644   1.7356     109.4344
    473    2441  734.93    3540.49  113.9004  22.8608   1.5375     110.7599
    473    2563  752.36    3661.07  113.9238  22.8573   1.3405     112.4729
    473    2685  769.78    3781.62  113.9472  22.8537   1.1451     114.7695
    473    2807  787.21    3902.14  113.9706  22.8501   0.9524     117.9985
    473    2929  804.63    4022.64  113.9940  22.8465   0.7641     122.8354
    473    3051  822.04    4143.12  114.0174  22.8429   0.5848     130.7215
    473    3173  839.46    4263.60  114.0408  22.8393   0.4258     144.9687
    473    3295  856.88    4384.09  114.0642  22.8358   0.3190     171.7829
    473    3417  874.30    4504.60  114.0876  22.8322   0.3216     -151.5380
    473    3539  891.73    4625.13  114.1110  22.8286   0.4316     -125.3324
    473    3661  909.16    4745.71  114.1343  22.8250   0.5920     -111.4459
    473    3783  926.59    4866.33  114.1577  22.8213   0.7720     -103.7284
    473    3905  944.04    4987.01  114.1812  22.8177   0.9608     -98.9765
    473    4027  961.50    5107.75  114.2046  22.8141   1.1540     -95.7950
    473    4149  978.96    5228.58  114.2280  22.8105   1.3499     -93.5273
    473    4271  996.45    5349.49  114.2515  22.8069   1.5474     -91.8329
    473    4393  1013.94    5470.50  114.2749  22.8032   1.7461     -90.5202
    473    4515  1031.45    5591.62  114.2984  22.7996   1.9457     -89.4736
    473    4637  1048.98    5712.85  114.3219  22.7959   2.1459     -88.6195
    473    4759  1066.52    5834.21  114.3455  22.7923   2.3466     -87.9093
    473    4881  1084.09    5955.71  114.3690  22.7886   2.5479     -87.3091
    473    5003  1101.68    6077.36  114.3926  22.7849   2.7495     -86.7950
    473    5125  1119.29    6199.16  114.4162  22.7812   2.9516     -86.3495
    473    5247  1136.92    6321.13  114.4399  22.7775   3.1540     -85.9596
    473    5369  1154.58    6443.28  114.4635  22.7738   3.3567     -85.6151
    473    5491  1172.27    6565.61  114.4872  22.7701   3.5598     -85.3086
    473    5613  1189.98    6688.15  114.5110  22.7664   3.7632     -85.0337
    473    5735  1207.73    6810.88  114.5348  22.7627   3.9670     -84.7858
    473    5857  1225.51    6933.84  114.5586  22.7590   4.1711     -84.5610
    473    6000  1246.39    7078.25  114.5866  22.7546   4.4107     -84.3224
    591       1  498.56    1080.77  113.4222  22.9115   5.5753     102.2907
    591     123  516.42    1204.28  113.4462  22.9079   5.3706     102.4195
    591     245  534.24    1327.56  113.4701  22.9043   5.1662     102.5576
    591     367  552.03    1450.60  113.4940  22.9008   4.9621     102.7061
    591     489  569.79    1573.42  113.5179  22.8972   4.7582     102.8662
    591     611  587.52    1696.03  113.5417  22.8936   4.5547     103.0396
    591     733  605.22    1818.44  113.5655  22.8900   4.3514     103.2281
    591     855  622.89    1940.66  113.5893  22.8864   4.1485     103.4338
    591     977  640.53    2062.69  113.6130  22.8829   3.9457     103.6595
    591    1099  658.15    2184.56  113.6367  22.8793   3.7433     103.9084
    591    1221  675.75    2306.26  113.6603  22.8757   3.5411     104.1843
    591    1343  693.32    2427.81  113.6839  22.8722   3.3392     104.4922
    591    1465  710.88    2549.23  113.7075  22.8686   3.1376     104.8382
    591    1587  728.41    2670.51  113.7310  22.8650   2.9362     105.2301
    591    1709  745.93    2791.66  113.7546  22.8614   2.7351     105.6780
    591    1831  763.43    2912.71  113.7781  22.8579   2.5344     106.1950
    591    1953  780.92    3033.66  113.8016  22.8543   2.3340     106.7990
    591    2075  798.39    3154.51  113.8250  22.8507   2.1340     107.5141
    591    2197  815.86    3275.28  113.8485  22.8472   1.9345     108.3745
    591    2319  833.31    3395.99  113.8719  22.8436   1.7355     109.4300
    591    2441  850.75    3516.63  113.8953  22.8400   1.5374     110.7551
    591    2563  868.19    3637.21  113.9188  22.8364   1.3404     112.4677
    591    2685  885.62    3757.76  113.9421  22.8329   1.1451     114.7637
    591    2807  903.04    3878.28  113.9655  22.8293   0.9523     117.9919
    591    2929  920.47    3998.77  113.9889  22.8257   0.7641     122.8279
    591    3051  937.89    4119.25  114.0123  22.8221   0.5847     130.7129
    591    3173  955.31    4239.73  114.0357  22.8185   0.4257     144.9599
    591    3295  972.73    4360.22  114.0591  22.8149   0.3189     171.7795
    591    3417  990.15    4480.73  114.0824  22.8113   0.3215     -151.5304
    591    3539  1007.58    4601.26  114.1058  22.8077   0.4316     -125.3227
    591    3661  1025.02    4721.83  114.1292  22.8041   0.5920     -111.4382
    591    3783  1042.46    4842.45  114.1526  22.8005   0.7720     -103.7226
    591    3905  1059.91    4963.13  114.1760  22.7969   0.9608     -98.9721
    591    4027  1077.37    5083.88  114.1994  22.7933   1.1540     -95.7915
    591    4149  1094.84    5204.70  114.2229  22.7897   1.3499     -93.5245
    591    4271  1112.32    5325.61  114.2463  22.7860   1.5474     -91.8307
    591    4393  1129.82    5446.62  114.2698  22.7824   1.7461     -90.5184
    591    4515  1147.33    5567.74  114.2933  22.7788   1.9457     -89.4721
    591    4637  1164.86    5688.97  114.3168  22.7751   2.1459     -88.6184
    591    4759  1182.41    5810.33  114.3403  22.7715   2.3467     -87.9084
    591    4881  1199.98    5931.83  114.3639  22.7678   2.5479     -87.3084
    591    5003  1217.57    6053.47  114.3874  22.7641   2.7496     -86.7945
    591    5125  1235.18    6175.27  114.4111  22.7604   2.9516     -86.3491
    591    5247  1252.82    6297.24  114.4347  22.7567   3.1540     -85.9593
    591    5369  1270.49    6419.39  114.4584  22.7530   3.3567     -85.6150
    591    5491  1288.18    6541.72  114.4821  22.7493   3.5598     -85.3085
    591    5613  1305.90    6664.25  114.5058  22.7456   3.7632     -85.0338
    591    5735  1323.64    6786.99  114.5296  22.7419   3.9670     -84.7860
    591    5857  1341.43    6909.95  114.5534  22.7382   4.1711     -84.5612
    591    6000  1362.31    7054.35  114.5814  22.7338   4.4107     -84.3227
    709       1  614.32    1056.93  113.4171  22.8907   5.5753     102.2886
    709     123  632.18    1180.44  113.4411  22.8871   5.3706     102.4174
    709     245  650.01    1303.71  113.4651  22.8835   5.1662     102.5554
    709     367  667.80    1426.76  113.4890  22.8799   4.9620     102.7038
    709     489  685.56    1549.58  113.5129  22.8763   4.7582     102.8639
    709     611  703.29    1672.19  113.5367  22.8728   4.5547     103.0372
    709     733  721.00    1794.59  113.5605  22.8692   4.3514     103.2256
    709     855  738.67    1916.81  113.5842  22.8656   4.1484     103.4313
    709     977  756.32    2038.84  113.6079  22.8620   3.9457     103.6569
    709    1099  773.94    2160.71  113.6316  22.8585   3.7433     103.9057
    709    1221  791.54    2282.41  113.6552  22.8549   3.5411     104.1815
    709    1343  809.12    2403.96  113.6789  22.8513   3.3392     104.4893
    709    1465  826.68    2525.37  113.7024  22.8478   3.1375     104.8352
    709    1587  844.21    2646.65  113.7260  22.8442   2.9362     105.2270
    709    1709  861.74    2767.81  113.7495  22.8406   2.7351     105.6747
    709    1831  879.24    2888.85  113.7730  22.8371   2.5343     106.1916
    709    1953  896.73    3009.80  113.7965  22.8335   2.3339     106.7953
    709    2075  914.21    3130.65  113.8200  22.8299   2.1339     107.5102
    709    2197  931.67    3251.42  113.8434  22.8264   1.9344     108.3704
    709    2319  949.13    3372.12  113.8668  22.8228   1.7355     109.4255
    709    2441  966.58    3492.76  113.8903  22.8192   1.5374     110.7503
    709    2563  984.02    3613.35  113.9137  22.8156   1.3404     112.4624
    709    2685  1001.45    3733.90  113.9371  22.8121   1.1450     114.7578
    709    2807  1018.88    3854.41  113.9604  22.8085   0.9523     117.9853
    709    2929  1036.30    3974.90  113.9838  22.8049   0.7640     122.8203
    709    3051  1053.73    4095.38  114.0072  22.8013   0.5847     130.7042
    709    3173  1071.15    4215.86  114.0306  22.7977   0.4256     144.9510
    709    3295  1088.58    4336.35  114.0540  22.7941   0.3188     171.7760
    709    3417  1106.00    4456.85  114.0773  22.7905   0.3214     -151.5228
    709    3539  1123.44    4577.39  114.1007  22.7869   0.4315     -125.3130
    709    3661  1140.87    4697.96  114.1241  22.7833   0.5919     -111.4305
    709    3783  1158.32    4818.58  114.1475  22.7797   0.7720     -103.7167
    709    3905  1175.77    4939.25  114.1709  22.7761   0.9608     -98.9676
    709    4027  1193.23    5060.00  114.1943  22.7725   1.1540     -95.7880
    709    4149  1210.71    5180.82  114.2177  22.7689   1.3499     -93.5217
    709    4271  1228.20    5301.73  114.2412  22.7652   1.5474     -91.8285
    709    4393  1245.70    5422.74  114.2646  22.7616   1.7461     -90.5166
    709    4515  1263.21    5543.85  114.2881  22.7580   1.9457     -89.4706
    709    4637  1280.75    5665.08  114.3116  22.7543   2.1459     -88.6172
    709    4759  1298.30    5786.44  114.3352  22.7506   2.3467     -87.9074
    709    4881  1315.87    5907.94  114.3587  22.7470   2.5479     -87.3077
    709    5003  1333.47    6029.58  114.3823  22.7433   2.7496     -86.7939
    709    5125  1351.08    6151.38  114.4059  22.7396   2.9516     -86.3487
    709    5247  1368.72    6273.35  114.4295  22.7359   3.1540     -85.9590
    709    5369  1386.39    6395.50  114.4532  22.7322   3.3568     -85.6149
    709    5491  1404.08    6517.83  114.4769  22.7285   3.5598     -85.3085
    709    5613  1421.81    6640.36  114.5006  22.7248   3.7633     -85.0339
    709    5735  1439.56    6763.09  114.5244  22.7211   3.9670     -84.7861
    709    5857  1457.34    6886.05  114.5482  22.7174   4.1711     -84.5614
    709    6000  1478.23    7030.45  114.5762  22.7130   4.4107     -84.3230
    827       1  730.08    1033.08  113.4121  22.8699   5.5753     102.2864
    827     123  747.94    1156.59  113.4361  22.8663   5.3706     102.4152
    827     245  765.77    1279.87  113.4601  22.8627   5.1661     102.5531
    827     367  783.57    1402.91  113.4840  22.8591   4.9620     102.7015
    827     489  801.33    1525.73  113.5078  22.8555   4.7582     102.8615
    827     611  819.07    1648.34  113.5317  22.8519   4.5546     103.0348
    827     733  836.77    1770.74  113.5554  22.8484   4.3514     103.2231
    827     855  854.45    1892.96  113.5792  22.8448   4.1484     103.4287
    827     977  872.10    2014.99  113.6029  22.8412   3.9457     103.6543
    827    1099  889.73    2136.85  113.6266  22.8376   3.7432     103.9030
    827    1221  907.33    2258.55  113.6502  22.8341   3.5411     104.1787
    827    1343  924.91    2380.10  113.6738  22.8305   3.3391     104.4864
    827    1465  942.47    2501.51  113.6974  22.8269   3.1375     104.8322
    827    1587  960.02    2622.79  113.7209  22.8234   2.9361     105.2238
    827    1709  977.54    2743.95  113.7444  22.8198   2.7351     105.6714
    827    1831  995.05    2864.99  113.7679  22.8162   2.5343     106.1881
    827    1953  1012.54    2985.93  113.7914  22.8127   2.3339     106.7917
    827    2075  1030.02    3106.79  113.8149  22.8091   2.1339     107.5064
    827    2197  1047.49    3227.56  113.8383  22.8055   1.9344     108.3663
    827    2319  1064.95    3348.26  113.8618  22.8020   1.7355     109.4211
    827    2441  1082.40    3468.89  113.8852  22.7984   1.5374     110.7455
    827    2563  1099.84    3589.48  113.9086  22.7948   1.3404     112.4572
    827    2685  1117.28    3710.02  113.9320  22.7912   1.1450     114.7520
    827    2807  1134.71    3830.54  113.9553  22.7877   0.9522     117.9787
    827    2929  1152.14    3951.03  113.9787  22.7841   0.7640     122.8127
    827    3051  1169.57    4071.51  114.0021  22.7805   0.5846     130.6956
    827    3173  1187.00    4191.99  114.0255  22.7769   0.4255     144.9422
    827    3295  1204.42    4312.47  114.0488  22.7733   0.3187     171.7725
    827    3417  1221.85    4432.98  114.0722  22.7697   0.3213     -151.5152
    827    3539  1239.29    4553.51  114.0956  22.7661   0.4314     -125.3034
    827    3661  1256.73    4674.08  114.1190  22.7625   0.5919     -111.4228
    827    3783  1274.18    4794.70  114.1424  22.7589   0.7720     -103.7109
    827    3905  1291.63    4915.37  114.1658  22.7553   0.9607     -98.9631
    827    4027  1309.10    5036.11  114.1892  22.7517   1.1540     -95.7845
    827    4149  1326.58    5156.93  114.2126  22.7481   1.3499     -93.5189
    827    4271  1344.07    5277.84  114.2360  22.7444   1.5474     -91.8262
    827    4393  1361.57    5398.85  114.2595  22.7408   1.7461     -90.5148
    827    4515  1379.09    5519.96  114.2830  22.7371   1.9457     -89.4692
    827    4637  1396.63    5641.19  114.3065  22.7335   2.1459     -88.6160
    827    4759  1414.19    5762.55  114.3300  22.7298   2.3467     -87.9065
    827    4881  1431.76    5884.05  114.3535  22.7262   2.5479     -87.3069
    827    5003  1449.36    6005.69  114.3771  22.7225   2.7496     -86.7934
    827    5125  1466.98    6127.49  114.4007  22.7188   2.9516     -86.3483
    827    5247  1484.62    6249.45  114.4244  22.7151   3.1540     -85.9588
    827    5369  1502.29    6371.60  114.4480  22.7114   3.3568     -85.6147
    827    5491  1519.99    6493.93  114.4717  22.7077   3.5599     -85.3084
    827    5613  1537.72    6616.46  114.4955  22.7040   3.7633     -85.0339
    827    5735  1555.47    6739.19  114.5192  22.7003   3.9670     -84.7863
    827    5857  1573.26    6862.14  114.5430  22.6966   4.1711     -84.5616
    827    6000  1594.15    7006.55  114.5710  22.6922   4.4107     -84.3233
    945       1  845.83    1009.23  113.4071  22.8490   5.5753     102.2843
    945     123  863.70    1132.75  113.4311  22.8455   5.3705     102.4130
    945     245  881.54    1256.02  113.4551  22.8419   5.1661     102.5509
    945     367  899.34    1379.06  113.4790  22.8383   4.9620     102.6992
    945     489  917.10    1501.87  113.5028  22.8347   4.7581     102.8591
    945     611  934.84    1624.48  113.5266  22.8311   4.5546     103.0323
    945     733  952.55    1746.89  113.5504  22.8275   4.3514     103.2206
    945     855  970.23    1869.10  113.5741  22.8240   4.1484     103.4262
    945     977  987.89    1991.13  113.5978  22.8204   3.9457     103.6517
    945    1099  1005.52    2112.99  113.6215  22.8168   3.7432     103.9003
    945    1221  1023.12    2234.69  113.6451  22.8133   3.5410     104.1759
    945    1343  1040.71    2356.24  113.6687  22.8097   3.3391     104.4835
    945    1465  1058.27    2477.65  113.6923  22.8061   3.1375     104.8292
    945    1587  1075.82    2598.93  113.7159  22.8026   2.9361     105.2207
    945    1709  1093.34    2720.08  113.7394  22.7990   2.7350     105.6681
    945    1831  1110.86    2841.12  113.7629  22.7954   2.5343     106.1847
    945    1953  1128.35    2962.07  113.7864  22.7919   2.3339     106.7880
    945    2075  1145.84    3082.92  113.8098  22.7883   2.1339     107.5025
    945    2197  1163.31    3203.69  113.8332  22.7847   1.9343     108.3622
    945    2319  1180.77    3324.39  113.8567  22.7811   1.7354     109.4167
    945    2441  1198.22    3445.02  113.8801  22.7776   1.5373     110.7407
    945    2563  1215.67    3565.61  113.9035  22.7740   1.3403     112.4519
    945    2685  1233.11    3686.15  113.9269  22.7704   1.1449     114.7461
    945    2807  1250.54    3806.66  113.9502  22.7668   0.9522     117.9721
    945    2929  1267.98    3927.15  113.9736  22.7633   0.7639     122.8051
    945    3051  1285.41    4047.63  113.9970  22.7597   0.5845     130.6869
    945    3173  1302.84    4168.11  114.0204  22.7561   0.4254     144.9334
    945    3295  1320.27    4288.59  114.0437  22.7525   0.3186     171.7691
    945    3417  1337.70    4409.09  114.0671  22.7489   0.3212     -151.5076
    945    3539  1355.14    4529.62  114.0905  22.7453   0.4314     -125.2936
    945    3661  1372.59    4650.19  114.1139  22.7417   0.5919     -111.4150
    945    3783  1390.04    4770.81  114.1372  22.7381   0.7720     -103.7050
    945    3905  1407.50    4891.48  114.1606  22.7345   0.9607     -98.9586
    945    4027  1424.97    5012.23  114.1841  22.7309   1.1540     -95.7810
    945    4149  1442.45    5133.05  114.2075  22.7273   1.3499     -93.5161
    945    4271  1459.94    5253.95  114.2309  22.7236   1.5474     -91.8240
    945    4393  1477.45    5374.96  114.2544  22.7200   1.7461     -90.5130
    945    4515  1494.97    5496.07  114.2778  22.7163   1.9457     -89.4677
    945    4637  1512.51    5617.30  114.3013  22.7127   2.1459     -88.6148
    945    4759  1530.07    5738.66  114.3248  22.7090   2.3467     -87.9055
    945    4881  1547.65    5860.15  114.3484  22.7054   2.5479     -87.3062
    945    5003  1565.25    5981.79  114.3720  22.7017   2.7496     -86.7928
    945    5125  1582.87    6103.59  114.3956  22.6980   2.9516     -86.3479
    945    5247  1600.52    6225.55  114.4192  22.6943   3.1540     -85.9585
    945    5369  1618.19    6347.70  114.4428  22.6906   3.3568     -85.6146
    945    5491  1635.89    6470.03  114.4665  22.6869   3.5599     -85.3084
    945    5613  1653.62    6592.55  114.4903  22.6832   3.7633     -85.0340
    945    5735  1671.38    6715.29  114.5140  22.6795   3.9670     -84.7864
    945    5857  1689.17    6838.24  114.5379  22.6758   4.1711     -84.5619
    945    6000  1710.07    6982.64  114.5658  22.6714   4.4107     -84.3237
   1063       1  961.59    985.38  113.4021  22.8282   5.5752     102.2821
   1063     123  979.46    1108.89  113.4261  22.8246   5.3705     102.4108
   1063     245  997.30    1232.16  113.4500  22.8210   5.1661     102.5486
   1063     367  1015.10    1355.20  113.4739  22.8175   4.9620     102.6969
   1063     489  1032.87    1478.02  113.4978  22.8139   4.7581     102.8568
   1063     611  1050.61    1600.62  113.5216  22.8103   4.5546     103.0299
   1063     733  1068.33    1723.03  113.5454  22.8067   4.3513     103.2182
   1063     855  1086.01    1845.24  113.5691  22.8031   4.1483     103.4236
   1063     977  1103.67    1967.27  113.5928  22.7996   3.9456     103.6490
   1063    1099  1121.30    2089.13  113.6165  22.7960   3.7432     103.8975
   1063    1221  1138.91    2210.83  113.6401  22.7924   3.5410     104.1731
   1063    1343  1156.50    2332.38  113.6637  22.7889   3.3391     104.4806
   1063    1465  1174.07    2453.78  113.6873  22.7853   3.1374     104.8262
   1063    1587  1191.61    2575.06  113.7108  22.7817   2.9361     105.2176
   1063    1709  1209.15    2696.21  113.7343  22.7782   2.7350     105.6648
   1063    1831  1226.66    2817.25  113.7578  22.7746   2.5342     106.1812
   1063    1953  1244.16    2938.19  113.7813  22.7710   2.3338     106.7844
   1063    2075  1261.65    3059.04  113.8047  22.7675   2.1338     107.4986
   1063    2197  1279.12    3179.81  113.8282  22.7639   1.9343     108.3581
   1063    2319  1296.59    3300.51  113.8516  22.7603   1.7354     109.4123
   1063    2441  1314.05    3421.14  113.8750  22.7568   1.5373     110.7359
   1063    2563  1331.49    3541.73  113.8984  22.7532   1.3403     112.4466
   1063    2685  1348.94    3662.27  113.9218  22.7496   1.1449     114.7402
   1063    2807  1366.38    3782.78  113.9452  22.7460   0.9521     117.9654
   1063    2929  1383.81    3903.27  113.9685  22.7425   0.7638     122.7976
   1063    3051  1401.25    4023.75  113.9919  22.7389   0.5845     130.6783
   1063    3173  1418.68    4144.22  114.0153  22.7353   0.4254     144.9245
   1063    3295  1436.11    4264.71  114.0386  22.7317   0.3185     171.7656
   1063    3417  1453.55    4385.21  114.0620  22.7281   0.3211     -151.5000
   1063    3539  1470.99    4505.74  114.0854  22.7245   0.4313     -125.2839
   1063    3661  1488.44    4626.30  114.1087  22.7209   0.5918     -111.4073
   1063    3783  1505.90    4746.92  114.1321  22.7173   0.7719     -103.6991
   1063    3905  1523.36    4867.59  114.1555  22.7137   0.9607     -98.9541
   1063    4027  1540.83    4988.33  114.1789  22.7101   1.1540     -95.7774
   1063    4149  1558.31    5109.15  114.2023  22.7064   1.3499     -93.5133
   1063    4271  1575.81    5230.06  114.2258  22.7028   1.5474     -91.8217
   1063    4393  1593.32    5351.06  114.2492  22.6992   1.7461     -90.5111
   1063    4515  1610.85    5472.17  114.2727  22.6955   1.9457     -89.4662
   1063    4637  1628.39    5593.40  114.2962  22.6919   2.1459     -88.6137
   1063    4759  1645.95    5714.75  114.3197  22.6882   2.3467     -87.9046
   1063    4881  1663.54    5836.25  114.3432  22.6846   2.5479     -87.3054
   1063    5003  1681.14    5957.89  114.3668  22.6809   2.7496     -86.7922
   1063    5125  1698.77    6079.68  114.3904  22.6772   2.9516     -86.3475
   1063    5247  1716.42    6201.65  114.4140  22.6735   3.1540     -85.9582
   1063    5369  1734.09    6323.79  114.4377  22.6698   3.3568     -85.6144
   1063    5491  1751.80    6446.12  114.4614  22.6661   3.5599     -85.3084
   1063    5613  1769.53    6568.64  114.4851  22.6624   3.7633     -85.0340
   1063    5735  1787.29    6691.38  114.5089  22.6587   3.9670     -84.7866
   1063    5857  1805.09    6814.32  114.5327  22.6550   4.1711     -84.5621
   1063    6000  1825.99    6958.73  114.5606  22.6506   4.4108     -84.3240
   1181       1  1077.34    961.52  113.3971  22.8074   5.5752     102.2800
   1181     123  1095.22    1085.03  113.4211  22.8038   5.3705     102.4086
   1181     245  1113.06    1208.30  113.4450  22.8002   5.1660     102.5464
   1181     367  1130.87    1331.34  113.4689  22.7966   4.9619     102.6946
   1181     489  1148.64    1454.15  113.4928  22.7931   4.7581     102.8544
   1181     611  1166.39    1576.76  113.5166  22.7895   4.5546     103.0275
   1181     733  1184.10    1699.16  113.5403  22.7859   4.3513     103.2157
   1181     855  1201.79    1821.37  113.5641  22.7823   4.1483     103.4211
   1181     977  1219.45    1943.40  113.5878  22.7788   3.9456     103.6464
   1181    1099  1237.09    2065.26  113.6114  22.7752   3.7432     103.8948
   1181    1221  1254.70    2186.96  113.6350  22.7716   3.5410     104.1703
   1181    1343  1272.29    2308.51  113.6586  22.7681   3.3391     104.4777
   1181    1465  1289.86    2429.91  113.6822  22.7645   3.1374     104.8232
   1181    1587  1307.41    2551.18  113.7057  22.7609   2.9360     105.2144
   1181    1709  1324.95    2672.34  113.7293  22.7574   2.7350     105.6616
   1181    1831  1342.46    2793.38  113.7527  22.7538   2.5342     106.1778
   1181    1953  1359.97    2914.32  113.7762  22.7502   2.3338     106.7808
   1181    2075  1377.46    3035.17  113.7997  22.7467   2.1338     107.4948
   1181    2197  1394.94    3155.93  113.8231  22.7431   1.9343     108.3540
   1181    2319  1412.41    3276.63  113.8465  22.7395   1.7354     109.4079
   1181    2441  1429.87    3397.26  113.8699  22.7359   1.5372     110.7311
   1181    2563  1447.32    3517.85  113.8933  22.7324   1.3402     112.4414
   1181    2685  1464.76    3638.39  113.9167  22.7288   1.1448     114.7344
   1181    2807  1482.21    3758.90  113.9401  22.7252   0.9521     117.9588
   1181    2929  1499.65    3879.38  113.9634  22.7216   0.7638     122.7900
   1181    3051  1517.08    3999.86  113.9868  22.7181   0.5844     130.6696
   1181    3173  1534.52    4120.33  114.0102  22.7145   0.4253     144.9157
   1181    3295  1551.96    4240.82  114.0335  22.7109   0.3184     171.7621
   1181    3417  1569.40    4361.32  114.0569  22.7073   0.3210     -151.4924
   1181    3539  1586.84    4481.84  114.0802  22.7037   0.4313     -125.2742
   1181    3661  1604.29    4602.41  114.1036  22.7001   0.5918     -111.3995
   1181    3783  1621.75    4723.02  114.1270  22.6965   0.7719     -103.6932
   1181    3905  1639.22    4843.70  114.1504  22.6929   0.9607     -98.9495
   1181    4027  1656.69    4964.44  114.1738  22.6893   1.1540     -95.7739
   1181    4149  1674.18    5085.25  114.1972  22.6856   1.3499     -93.5105
   1181    4271  1691.68    5206.16  114.2206  22.6820   1.5474     -91.8194
   1181    4393  1709.19    5327.16  114.2441  22.6784   1.7461     -90.5093
   1181    4515  1726.72    5448.27  114.2676  22.6747   1.9457     -89.4648
   1181    4637  1744.27    5569.50  114.2910  22.6711   2.1459     -88.6125
   1181    4759  1761.84    5690.85  114.3145  22.6674   2.3467     -87.9037
   1181    4881  1779.42    5812.34  114.3381  22.6638   2.5479     -87.3047
   1181    5003  1797.03    5933.98  114.3616  22.6601   2.7496     -86.7917
   1181    5125  1814.66    6055.78  114.3852  22.6564   2.9516     -86.3471
   1181    5247  1832.31    6177.74  114.4089  22.6527   3.1540     -85.9579
   1181    5369  1849.99    6299.88  114.4325  22.6490   3.3568     -85.6142
   1181    5491  1867.70    6422.21  114.4562  22.6453   3.5599     -85.3083
   1181    5613  1885.44    6544.73  114.4799  22.6416   3.7633     -85.0341
   1181    5735  1903.20    6667.46  114.5037  22.6379   3.9671     -84.7867
   1181    5857  1921.00    6790.41  114.5275  22.6342   4.1711     -84.5623
   1181    6000  1941.90    6934.81  114.5554  22.6298   4.4108     -84.3243
   1299       1  1193.10    937.66  113.3921  22.7866   5.5752     102.2778
   1299     123  1210.98    1061.17  113.4161  22.7830   5.3705     102.4064
   1299     245  1228.82    1184.44  113.4400  22.7794   5.1660     102.5442
   1299     367  1246.63    1307.47  113.4639  22.7758   4.9619     102.6923
   1299     489  1264.41    1430.29  113.4877  22.7722   4.7581     102.8521
   1299     611  1282.16    1552.89  113.5115  22.7687   4.5545     103.0251
   1299     733  1299.87    1675.29  113.5353  22.7651   4.3513     103.2132
   1299     855  1317.56    1797.50  113.5590  22.7615   4.1483     103.4185
   1299     977  1335.23    1919.53  113.5827  22.7579   3.9456     103.6438
   1299    1099  1352.87    2041.39  113.6064  22.7544   3.7431     103.8921
   1299    1221  1370.49    2163.09  113.6300  22.7508   3.5409     104.1675
   1299    1343  1388.08    2284.63  113.6536  22.7472   3.3390     104.4748
   1299    1465  1405.65    2406.03  113.6772  22.7437   3.1374     104.8201
   1299    1587  1423.21    2527.31  113.7007  22.7401   2.9360     105.2113
   1299    1709  1440.75    2648.46  113.7242  22.7365   2.7349     105.6583
   1299    1831  1458.27    2769.50  113.7477  22.7330   2.5342     106.1743
   1299    1953  1475.78    2890.44  113.7711  22.7294   2.3338     106.7771
   1299    2075  1493.27    3011.28  113.7946  22.7258   2.1338     107.4909
   1299    2197  1510.75    3132.05  113.8180  22.7223   1.9342     108.3499
   1299    2319  1528.22    3252.75  113.8414  22.7187   1.7353     109.4034
   1299    2441  1545.69    3373.38  113.8648  22.7151   1.5372     110.7263
   1299    2563  1563.14    3493.96  113.8882  22.7116   1.3402     112.4361
   1299    2685  1580.59    3614.50  113.9116  22.7080   1.1448     114.7285
   1299    2807  1598.04    3735.01  113.9350  22.7044   0.9520     117.9522
   1299    2929  1615.48    3855.49  113.9583  22.7008   0.7637     122.7824
   1299    3051  1632.92    3975.97  113.9817  22.6972   0.5843     130.6609
   1299    3173  1650.36    4096.44  114.0051  22.6937   0.4252     144.9068
   1299    3295  1667.80    4216.92  114.0284  22.6901   0.3183     171.7587
   1299    3417  1685.24    4337.42  114.0518  22.6865   0.3210     -151.4848
   1299    3539  1702.69    4457.95  114.0751  22.6829   0.4312     -125.2645
   1299    3661  1720.15    4578.51  114.0985  22.6793   0.5918     -111.3918
   1299    3783  1737.61    4699.13  114.1219  22.6757   0.7719     -103.6874
   1299    3905  1755.08    4819.80  114.1453  22.6721   0.9607     -98.9450
   1299    4027  1772.56    4940.54  114.1687  22.6684   1.1540     -95.7703
   1299    4149  1790.05    5061.35  114.1921  22.6648   1.3499     -93.5077
   1299    4271  1807.55    5182.25  114.2155  22.6612   1.5474     -91.8172
   1299    4393  1825.07    5303.26  114.2389  22.6576   1.7461     -90.5075
   1299    4515  1842.60    5424.36  114.2624  22.6539   1.9457     -89.4633
   1299    4637  1860.15    5545.59  114.2859  22.6503   2.1459     -88.6113
   1299    4759  1877.72    5666.94  114.3094  22.6466   2.3467     -87.9027
   1299    4881  1895.31    5788.43  114.3329  22.6430   2.5479     -87.3040
   1299    5003  1912.92    5910.07  114.3565  22.6393   2.7496     -86.7911
   1299    5125  1930.55    6031.86  114.3801  22.6356   2.9516     -86.3467
   1299    5247  1948.21    6153.83  114.4037  22.6319   3.1541     -85.9577
   1299    5369  1965.89    6275.96  114.4273  22.6282   3.3568     -85.6141
   1299    5491  1983.60    6398.29  114.4510  22.6245   3.5599     -85.3082
   1299    5613  2001.34    6520.81  114.4748  22.6208   3.7633     -85.0341
   1299    5735  2019.11    6643.54  114.4985  22.6171   3.9671     -84.7868
   1299    5857  2036.91    6766.49  114.5223  22.6134   4.1711     -84.5625
   1299    6000  2057.82    6910.89  114.5503  22.6090   4.4108     -84.3246
   1417       1  1308.85    913.79  113.3871  22.7657   5.5752     102.2757
   1417     123  1326.73    1037.30  113.4110  22.7622   5.3704     102.4042
   1417     245  1344.58    1160.57  113.4350  22.7586   5.1660     102.5419
   1417     367  1362.39    1283.60  113.4589  22.7550   4.9619     102.6900
   1417     489  1380.17    1406.42  113.4827  22.7514   4.7580     102.8497
   1417     611  1397.92    1529.02  113.5065  22.7478   4.5545     103.0227
   1417     733  1415.65    1651.42  113.5303  22.7443   4.3512     103.2107
   1417     855  1433.34    1773.63  113.5540  22.7407   4.1483     103.4160
   1417     977  1451.01    1895.66  113.5777  22.7371   3.9455     103.6412
   1417    1099  1468.65    2017.51  113.6013  22.7335   3.7431     103.8894
   1417    1221  1486.27    2139.21  113.6250  22.7300   3.5409     104.1647
   1417    1343  1503.87    2260.75  113.6485  22.7264   3.3390     104.4719
   1417    1465  1521.45    2382.15  113.6721  22.7228   3.1374     104.8171
   1417    1587  1539.00    2503.43  113.6956  22.7193   2.9360     105.2081
   1417    1709  1556.55    2624.58  113.7191  22.7157   2.7349     105.6550
   1417    1831  1574.07    2745.61  113.7426  22.7121   2.5341     106.1709
   1417    1953  1591.58    2866.55  113.7661  22.7086   2.3337     106.7735
   1417    2075  1609.08    2987.40  113.7895  22.7050   2.1337     107.4871
   1417    2197  1626.56    3108.16  113.8129  22.7015   1.9342     108.3457
   1417    2319  1644.04    3228.86  113.8364  22.6979   1.7353     109.3990
   1417    2441  1661.50    3349.49  113.8598  22.6943   1.5372     110.7215
   1417    2563  1678.96    3470.07  113.8831  22.6907   1.3401     112.4308
   1417    2685  1696.42    3590.61  113.9065  22.6872   1.1448     114.7227
   1417    2807  1713.86    3711.11  113.9299  22.6836   0.9520     117.9456
   1417    2929  1731.31    3831.60  113.9532  22.6800   0.7637     122.7748
   1417    3051  1748.75    3952.07  113.9766  22.6764   0.5843     130.6522
   1417    3173  1766.20    4072.54  113.9999  22.6728   0.4251     144.8979
   1417    3295  1783.64    4193.02  114.0233  22.6693   0.3182     171.7552
   1417    3417  1801.09    4313.52  114.0467  22.6657   0.3209     -151.4771
   1417    3539  1818.54    4434.05  114.0700  22.6621   0.4312     -125.2547
   1417    3661  1836.00    4554.61  114.0934  22.6585   0.5917     -111.3840
   1417    3783  1853.46    4675.22  114.1168  22.6549   0.7719     -103.6815
   1417    3905  1870.93    4795.89  114.1401  22.6513   0.9607     -98.9405
   1417    4027  1888.42    4916.63  114.1635  22.6476   1.1540     -95.7668
   1417    4149  1905.91    5037.44  114.1869  22.6440   1.3499     -93.5049
   1417    4271  1923.42    5158.35  114.2104  22.6404   1.5474     -91.8149
   1417    4393  1940.94    5279.35  114.2338  22.6368   1.7461     -90.5056
   1417    4515  1958.47    5400.45  114.2573  22.6331   1.9457     -89.4618
   1417    4637  1976.03    5521.68  114.2807  22.6295   2.1459     -88.6101
   1417    4759  1993.60    5643.03  114.3043  22.6258   2.3467     -87.9017
   1417    4881  2011.19    5764.52  114.3278  22.6222   2.5479     -87.3032
   1417    5003  2028.80    5886.15  114.3513  22.6185   2.7496     -86.7905
   1417    5125  2046.44    6007.95  114.3749  22.6148   2.9517     -86.3463
   1417    5247  2064.10    6129.91  114.3985  22.6111   3.1541     -85.9574
   1417    5369  2081.79    6252.04  114.4222  22.6074   3.3568     -85.6139
   1417    5491  2099.50    6374.37  114.4459  22.6037   3.5599     -85.3082
   1417    5613  2117.24    6496.89  114.4696  22.6000   3.7633     -85.0342
   1417    5735  2135.02    6619.62  114.4933  22.5963   3.9671     -84.7870
   1417    5857  2152.82    6742.56  114.5171  22.5926   4.1712     -84.5627
   1417    6000  2173.73    6886.96  114.5451  22.5882   4.4108     -84.3249
   1535       1  1424.60    889.92  113.3821  22.7449   5.5751     102.2736
   1535     123  1442.49    1013.43  113.4060  22.7413   5.3704     102.4020
   1535     245  1460.34    1136.70  113.4300  22.7377   5.1660     102.5397
   1535     367  1478.15    1259.73  113.4539  22.7342   4.9618     102.6877
   1535     489  1495.94    1382.54  113.4777  22.7306   4.7580     102.8474
   1535     611  1513.69    1505.14  113.5015  22.7270   4.5545     103.0203
   1535     733  1531.42    1627.54  113.5252  22.7234   4.3512     103.2082
   1535     855  1549.11    1749.75  113.5490  22.7199   4.1482     103.4134
   1535     977  1566.79    1871.78  113.5726  22.7163   3.9455     103.6385
   1535    1099  1584.43    1993.63  113.5963  22.7127   3.7431     103.8867
   1535    1221  1602.06    2115.33  113.6199  22.7092   3.5409     104.1619
   1535    1343  1619.66    2236.87  113.6435  22.7056   3.3390     104.4690
   1535    1465  1637.24    2358.27  113.6670  22.7020   3.1373     104.8141
   1535    1587  1654.80    2479.54  113.6906  22.6985   2.9360     105.2050
   1535    1709  1672.34    2600.69  113.7141  22.6949   2.7349     105.6517
   1535    1831  1689.87    2721.73  113.7376  22.6913   2.5341     106.1674
   1535    1953  1707.38    2842.66  113.7610  22.6878   2.3337     106.7699
   1535    2075  1724.88    2963.51  113.7845  22.6842   2.1337     107.4832
   1535    2197  1742.37    3084.27  113.8079  22.6806   1.9342     108.3416
   1535    2319  1759.85    3204.96  113.8313  22.6771   1.7353     109.3946
   1535    2441  1777.32    3325.59  113.8547  22.6735   1.5371     110.7167
   1535    2563  1794.78    3446.17  113.8781  22.6699   1.3401     112.4256
   1535    2685  1812.24    3566.71  113.9014  22.6664   1.1447     114.7168
   1535    2807  1829.69    3687.22  113.9248  22.6628   0.9519     117.9389
   1535    2929  1847.14    3807.70  113.9481  22.6592   0.7636     122.7672
   1535    3051  1864.59    3928.17  113.9715  22.6556   0.5842     130.6435
   1535    3173  1882.03    4048.64  113.9948  22.6520   0.4250     144.8891
   1535    3295  1899.48    4169.12  114.0182  22.6484   0.3181     171.7517
   1535    3417  1916.93    4289.62  114.0416  22.6449   0.3208     -151.4694
   1535    3539  1934.39    4410.14  114.0649  22.6413   0.4311     -125.2450
   1535    3661  1951.85    4530.71  114.0883  22.6377   0.5917     -111.3762
   1535    3783  1969.31    4651.32  114.1116  22.6341   0.7719     -103.6756
   1535    3905  1986.79    4771.98  114.1350  22.6304   0.9607     -98.9359
   1535    4027  2004.28    4892.72  114.1584  22.6268   1.1540     -95.7632
   1535    4149  2021.77    5013.53  114.1818  22.6232   1.3498     -93.5020
   1535    4271  2039.28    5134.43  114.2052  22.6196   1.5474     -91.8126
   1535    4393  2056.81    5255.43  114.2287  22.6159   1.7461     -90.5038
   1535    4515  2074.35    5376.54  114.2521  22.6123   1.9457     -89.4603
   1535    4637  2091.90    5497.76  114.2756  22.6087   2.1459     -88.6089
   1535    4759  2109.48    5619.11  114.2991  22.6050   2.3467     -87.9008
   1535    4881  2127.07    5740.60  114.3226  22.6013   2.5480     -87.3024
   1535    5003  2144.69    5862.23  114.3462  22.5977   2.7496     -86.7900
   1535    5125  2162.33    5984.03  114.3698  22.5940   2.9517     -86.3458
   1535    5247  2179.99    6105.99  114.3934  22.5903   3.1541     -85.9571
   1535    5369  2197.68    6228.12  114.4170  22.5866   3.3568     -85.6137
   1535    5491  2215.40    6350.44  114.4407  22.5829   3.5599     -85.3081
   1535    5613  2233.15    6472.96  114.4644  22.5792   3.7633     -85.0342
   1535    5735  2250.92    6595.69  114.4882  22.5755   3.9671     -84.7871
   1535    5857  2268.73    6718.64  114.5120  22.5718   4.1712     -84.5629
   1535    6000  2289.64    6863.03  114.5399  22.5674   4.4108     -84.3251
   1653       1  1540.35    866.05  113.3770  22.7241   5.5751     102.2714
   1653     123  1558.24    989.55  113.4010  22.7205   5.3704     102.3998
   1653     245  1576.09    1112.82  113.4250  22.7169   5.1659     102.5374
   1653     367  1593.91    1235.85  113.4488  22.7133   4.9618     102.6854
   1653     489  1611.70    1358.66  113.4727  22.7098   4.7580     102.8450
   1653     611  1629.46    1481.26  113.4965  22.7062   4.5545     103.0179
   1653     733  1647.19    1603.66  113.5202  22.7026   4.3512     103.2058
   1653     855  1664.89    1725.87  113.5439  22.6990   4.1482     103.4109
   1653     977  1682.56    1847.89  113.5676  22.6955   3.9455     103.6359
   1653    1099  1700.21    1969.75  113.5913  22.6919   3.7430     103.8840
   1653    1221  1717.84    2091.44  113.6149  22.6883   3.5409     104.1591
   1653    1343  1735.44    2212.98  113.6384  22.6848   3.3389     104.4661
   1653    1465  1753.03    2334.38  113.6620  22.6812   3.1373     104.8111
   1653    1587  1770.59    2455.65  113.6855  22.6776   2.9359     105.2018
   1653    1709  1788.14    2576.80  113.7090  22.6741   2.7348     105.6484
   1653    1831  1805.67    2697.83  113.7325  22.6705   2.5341     106.1640
   1653    1953  1823.19    2818.77  113.7559  22.6669   2.3337     106.7662
   1653    2075  1840.69    2939.61  113.7794  22.6634   2.1337     107.4794
   1653    2197  1858.18    3060.38  113.8028  22.6598   1.9341     108.3375
   1653    2319  1875.66    3181.07  113.8262  22.6562   1.7352     109.3902
   1653    2441  1893.14    3301.70  113.8496  22.6527   1.5371     110.7119
   1653    2563  1910.60    3422.27  113.8730  22.6491   1.3401     112.4203
   1653    2685  1928.06    3542.81  113.8963  22.6455   1.1447     114.7109
   1653    2807  1945.52    3663.31  113.9197  22.6420   0.9519     117.9323
   1653    2929  1962.97    3783.80  113.9431  22.6384   0.7636     122.7595
   1653    3051  1980.42    3904.27  113.9664  22.6348   0.5841     130.6348
   1653    3173  1997.87    4024.74  113.9897  22.6312   0.4249     144.8802
   1653    3295  2015.32    4145.22  114.0131  22.6276   0.3180     171.7482
   1653    3417  2032.77    4265.71  114.0364  22.6240   0.3207     -151.4618
   1653    3539  2050.23    4386.23  114.0598  22.6204   0.4311     -125.2352
   1653    3661  2067.70    4506.80  114.0832  22.6168   0.5917     -111.3684
   1653    3783  2085.17    4627.40  114.1065  22.6132   0.7718     -103.6697
   1653    3905  2102.64    4748.07  114.1299  22.6096   0.9607     -98.9314
   1653    4027  2120.13    4868.81  114.1533  22.6060   1.1539     -95.7597
   1653    4149  2137.63    4989.62  114.1767  22.6024   1.3498     -93.4992
   1653    4271  2155.15    5110.52  114.2001  22.5988   1.5474     -91.8104
   1653    4393  2172.67    5231.52  114.2235  22.5951   1.7461     -90.5020
   1653    4515  2190.22    5352.62  114.2470  22.5915   1.9457     -89.4588
   1653    4637  2207.78    5473.84  114.2705  22.5879   2.1459     -88.6077
   1653    4759  2225.36    5595.19  114.2940  22.5842   2.3467     -87.8998
   1653    4881  2242.95    5716.68  114.3175  22.5805   2.5480     -87.3017
   1653    5003  2260.57    5838.31  114.3410  22.5769   2.7496     -86.7894
   1653    5125  2278.22    5960.10  114.3646  22.5732   2.9517     -86.3454
   1653    5247  2295.88    6082.06  114.3882  22.5695   3.1541     -85.9568
   1653    5369  2313.58    6204.19  114.4119  22.5658   3.3568     -85.6136
   1653    5491  2331.30    6326.52  114.4355  22.5621   3.5599     -85.3081
   1653    5613  2349.05    6449.03  114.4592  22.5584   3.7633     -85.0342
   1653    5735  2366.83    6571.76  114.4830  22.5547   3.9671     -84.7872
   1653    5857  2384.64    6694.70  114.5068  22.5510   4.1712     -84.5631
   1653    6000  2405.55    6839.10  114.5347  22.5466   4.4108     -84.3254
   1771       1  1656.10    842.17  113.3720  22.7033   5.5751     102.2693
   1771     123  1673.99    965.67  113.3960  22.6997   5.3703     102.3976
   1771     245  1691.85    1088.94  113.4199  22.6961   5.1659     102.5352
   1771     367  1709.67    1211.97  113.4438  22.6925   4.9618     102.6831
   1771     489  1727.46    1334.78  113.4676  22.6889   4.7580     102.8427
   1771     611  1745.22    1457.38  113.4914  22.6854   4.5544     103.0155
   1771     733  1762.96    1579.77  113.5152  22.6818   4.3512     103.2033
   1771     855  1780.66    1701.98  113.5389  22.6782   4.1482     103.4083
   1771     977  1798.34    1824.00  113.5626  22.6746   3.9455     103.6333
   1771    1099  1815.99    1945.86  113.5862  22.6711   3.7430     103.8813
   1771    1221  1833.62    2067.55  113.6098  22.6675   3.5408     104.1563
   1771    1343  1851.23    2189.09  113.6334  22.6639   3.3389     104.4632
   1771    1465  1868.82    2310.49  113.6569  22.6604   3.1373     104.8081
   1771    1587  1886.38    2431.76  113.6805  22.6568   2.9359     105.1987
   1771    1709  1903.93    2552.90  113.7040  22.6533   2.7348     105.6451
   1771    1831  1921.47    2673.94  113.7274  22.6497   2.5341     106.1605
   1771    1953  1938.99    2794.87  113.7509  22.6461   2.3336     106.7626
   1771    2075  1956.50    2915.71  113.7743  22.6426   2.1336     107.4755
   1771    2197  1973.99    3036.48  113.7977  22.6390   1.9341     108.3334
   1771    2319  1991.48    3157.16  113.8211  22.6354   1.7352     109.3857
   1771    2441  2008.95    3277.79  113.8445  22.6319   1.5370     110.7071
   1771    2563  2026.42    3398.37  113.8679  22.6283   1.3400     112.4150
   1771    2685  2043.88    3518.90  113.8913  22.6247   1.1446     114.7051
   1771    2807  2061.34    3639.41  113.9146  22.6211   0.9518     117.9257
   1771    2929  2078.80    3759.89  113.9380  22.6176   0.7635     122.7519
   1771    3051  2096.25    3880.36  113.9613  22.6140   0.5841     130.6261
   1771    3173  2113.70    4000.83  113.9846  22.6104   0.4249     144.8713
   1771    3295  2131.16    4121.30  114.0080  22.6068   0.3179     171.7448
   1771    3417  2148.61    4241.80  114.0313  22.6032   0.3206     -151.4541
   1771    3539  2166.08    4362.32  114.0547  22.5996   0.4310     -125.2254
   1771    3661  2183.54    4482.88  114.0780  22.5960   0.5916     -111.3606
   1771    3783  2201.02    4603.49  114.1014  22.5924   0.7718     -103.6637
   1771    3905  2218.50    4724.15  114.1248  22.5888   0.9606     -98.9269
   1771    4027  2235.99    4844.89  114.1482  22.5852   1.1539     -95.7561
   1771    4149  2253.49    4965.70  114.1716  22.5816   1.3498     -93.4964
   1771    4271  2271.01    5086.60  114.1950  22.5780   1.5474     -91.8081
   1771    4393  2288.54    5207.59  114.2184  22.5743   1.7461     -90.5001
   1771    4515  2306.09    5328.70  114.2419  22.5707   1.9457     -89.4573
   1771    4637  2323.65    5449.92  114.2653  22.5670   2.1459     -88.6065
   1771    4759  2341.23    5571.26  114.2888  22.5634   2.3467     -87.8989
   1771    4881  2358.83    5692.75  114.3123  22.5597   2.5480     -87.3009
   1771    5003  2376.46    5814.38  114.3359  22.5561   2.7496     -86.7888
   1771    5125  2394.10    5936.17  114.3595  22.5524   2.9517     -86.3450
   1771    5247  2411.77    6058.13  114.3831  22.5487   3.1541     -85.9565
   1771    5369  2429.47    6180.26  114.4067  22.5450   3.3568     -85.6134
   1771    5491  2447.19    6302.58  114.4304  22.5413   3.5599     -85.3080
   1771    5613  2464.95    6425.10  114.4541  22.5376   3.7634     -85.0343
   1771    5735  2482.73    6547.82  114.4778  22.5339   3.9671     -84.7873
   1771    5857  2500.54    6670.77  114.5016  22.5302   4.1712     -84.5633
   1771    6000  2521.46    6815.16  114.5295  22.5258   4.4108     -84.3257
   1889       1  1771.85    818.28  113.3670  22.6824   5.5751     102.2671
   1889     123  1789.74    941.79  113.3910  22.6789   5.3703     102.3954
   1889     245  1807.60    1065.05  113.4149  22.6753   5.1659     102.5330
   1889     367  1825.43    1188.08  113.4388  22.6717   4.9618     102.6808
   1889     489  1843.23    1310.89  113.4626  22.6681   4.7579     102.8403
   1889     611  1860.99    1433.49  113.4864  22.6645   4.5544     103.0131
   1889     733  1878.72    1555.88  113.5102  22.6610   4.3511     103.2008
   1889     855  1896.43    1678.09  113.5339  22.6574   4.1482     103.4058
   1889     977  1914.11    1800.11  113.5575  22.6538   3.9454     103.6307
   1889    1099  1931.77    1921.96  113.5812  22.6503   3.7430     103.8786
   1889    1221  1949.40    2043.65  113.6048  22.6467   3.5408     104.1535
   1889    1343  1967.01    2165.19  113.6284  22.6431   3.3389     104.4603
   1889    1465  1984.60    2286.59  113.6519  22.6396   3.1372     104.8051
   1889    1587  2002.17    2407.86  113.6754  22.6360   2.9359     105.1956
   1889    1709  2019.73    2529.00  113.6989  22.6324   2.7348     105.6419
   1889    1831  2037.27    2650.04  113.7224  22.6289   2.5340     106.1571
   1889    1953  2054.79    2770.97  113.7458  22.6253   2.3336     106.7590
   1889    2075  2072.30    2891.81  113.7693  22.6217   2.1336     107.4717
   1889    2197  2089.80    3012.57  113.7927  22.6182   1.9341     108.3293
   1889    2319  2107.29    3133.26  113.8161  22.6146   1.7351     109.3813
   1889    2441  2124.77    3253.89  113.8394  22.6110   1.5370     110.7023
   1889    2563  2142.24    3374.46  113.8628  22.6075   1.3400     112.4097
   1889    2685  2159.70    3495.00  113.8862  22.6039   1.1446     114.6992
   1889    2807  2177.16    3615.50  113.9095  22.6003   0.9518     117.9190
   1889    2929  2194.62    3735.98  113.9329  22.5968   0.7634     122.7443
   1889    3051  2212.08    3856.45  113.9562  22.5932   0.5840     130.6174
   1889    3173  2229.54    3976.91  113.9796  22.5896   0.4248     144.8624
   1889    3295  2246.99    4097.39  114.0029  22.5860   0.3178     171.7413
   1889    3417  2264.45    4217.88  114.0262  22.5824   0.3205     -151.4464
   1889    3539  2281.92    4338.40  114.0496  22.5788   0.4309     -125.2156
   1889    3661  2299.39    4458.96  114.0729  22.5752   0.5916     -111.3528
   1889    3783  2316.87    4579.57  114.0963  22.5716   0.7718     -103.6578
   1889    3905  2334.35    4700.23  114.1197  22.5680   0.9606     -98.9223
   1889    4027  2351.85    4820.97  114.1430  22.5644   1.1539     -95.7526
   1889    4149  2369.35    4941.78  114.1664  22.5608   1.3498     -93.4935
   1889    4271  2386.87    5062.67  114.1898  22.5572   1.5474     -91.8058
   1889    4393  2404.41    5183.67  114.2133  22.5535   1.7461     -90.4983
   1889    4515  2421.96    5304.77  114.2367  22.5499   1.9457     -89.4558
   1889    4637  2439.52    5425.99  114.2602  22.5462   2.1459     -88.6052
   1889    4759  2457.11    5547.33  114.2837  22.5426   2.3467     -87.8979
   1889    4881  2474.71    5668.82  114.3072  22.5389   2.5480     -87.3002
   1889    5003  2492.34    5790.45  114.3307  22.5353   2.7496     -86.7882
   1889    5125  2509.99    5912.24  114.3543  22.5316   2.9517     -86.3446
   1889    5247  2527.66    6034.19  114.3779  22.5279   3.1541     -85.9562
   1889    5369  2545.36    6156.33  114.4015  22.5242   3.3569     -85.6132
   1889    5491  2563.09    6278.65  114.4252  22.5205   3.5599     -85.3079
   1889    5613  2580.84    6401.16  114.4489  22.5168   3.7634     -85.0343
   1889    5735  2598.63    6523.88  114.4726  22.5131   3.9671     -84.7874
   1889    5857  2616.45    6646.82  114.4964  22.5094   4.1712     -84.5635
   1889    6000  2637.37    6791.22  114.5244  22.5050   4.4108     -84.3260
   2007       1  1887.60    794.40  113.3620  22.6616   5.5750     102.2650
   2007     123  1905.49    917.90  113.3860  22.6580   5.3703     102.3933
   2007     245  1923.36    1041.16  113.4099  22.6544   5.1659     102.5307
   2007     367  1941.19    1164.19  113.4338  22.6509   4.9617     102.6785
   2007     489  1958.99    1287.00  113.4576  22.6473   4.7579     102.8380
   2007     611  1976.75    1409.59  113.4814  22.6437   4.5544     103.0107
   2007     733  1994.49    1531.99  113.5051  22.6401   4.3511     103.1983
   2007     855  2012.20    1654.19  113.5288  22.6366   4.1481     103.4033
   2007     977  2029.89    1776.21  113.5525  22.6330   3.9454     103.6280
   2007    1099  2047.55    1898.06  113.5761  22.6294   3.7430     103.8759
   2007    1221  2065.18    2019.75  113.5997  22.6259   3.5408     104.1507
   2007    1343  2082.80    2141.29  113.6233  22.6223   3.3389     104.4574
   2007    1465  2100.39    2262.69  113.6469  22.6187   3.1372     104.8020
   2007    1587  2117.96    2383.95  113.6704  22.6152   2.9358     105.1924
   2007    1709  2135.52    2505.10  113.6939  22.6116   2.7348     105.6386
   2007    1831  2153.06    2626.13  113.7173  22.6081   2.5340     106.1536
   2007    1953  2170.59    2747.06  113.7408  22.6045   2.3336     106.7553
   2007    2075  2188.10    2867.90  113.7642  22.6009   2.1336     107.4678
   2007    2197  2205.60    2988.66  113.7876  22.5974   1.9340     108.3252
   2007    2319  2223.10    3109.35  113.8110  22.5938   1.7351     109.3769
   2007    2441  2240.58    3229.98  113.8344  22.5902   1.5370     110.6975
   2007    2563  2258.05    3350.55  113.8577  22.5867   1.3399     112.4045
   2007    2685  2275.52    3471.08  113.8811  22.5831   1.1445     114.6933
   2007    2807  2292.99    3591.58  113.9044  22.5795   0.9517     117.9124
   2007    2929  2310.45    3712.06  113.9278  22.5759   0.7634     122.7367
   2007    3051  2327.91    3832.53  113.9511  22.5724   0.5839     130.6087
   2007    3173  2345.37    3953.00  113.9745  22.5688   0.4247     144.8535
   2007    3295  2362.83    4073.47  113.9978  22.5652   0.3177     171.7378
   2007    3417  2380.29    4193.96  114.0211  22.5616   0.3204     -151.4387
   2007    3539  2397.76    4314.48  114.0445  22.5580   0.4309     -125.2058
   2007    3661  2415.23    4435.04  114.0678  22.5544   0.5916     -111.3450
   2007    3783  2432.71    4555.64  114.0912  22.5508   0.7718     -103.6519
   2007    3905  2450.20    4676.31  114.1145  22.5472   0.9606     -98.9177
   2007    4027  2467.70    4797.04  114.1379  22.5436   1.1539     -95.7490
   2007    4149  2485.21    4917.85  114.1613  22.5400   1.3498     -93.4907
   2007    4271  2502.73    5038.74  114.1847  22.5363   1.5474     -91.8035
   2007    4393  2520.27    5159.74  114.2081  22.5327   1.7461     -90.4964
   2007    4515  2537.82    5280.84  114.2316  22.5291   1.9457     -89.4543
   2007    4637  2555.39    5402.06  114.2550  22.5254   2.1459     -88.6040
   2007    4759  2572.98    5523.40  114.2785  22.5218   2.3467     -87.8969
   2007    4881  2590.59    5644.88  114.3020  22.5181   2.5480     -87.2994
   2007    5003  2608.22    5766.51  114.3256  22.5145   2.7496     -86.7876
   2007    5125  2625.87    5888.30  114.3491  22.5108   2.9517     -86.3441
   2007    5247  2643.55    6010.25  114.3727  22.5071   3.1541     -85.9559
   2007    5369  2661.25    6132.38  114.3964  22.5034   3.3569     -85.6131
   2007    5491  2678.98    6254.70  114.4200  22.4997   3.5600     -85.3079
   2007    5613  2696.74    6377.22  114.4437  22.4960   3.7634     -85.0343
   2007    5735  2714.53    6499.94  114.4675  22.4923   3.9671     -84.7876
   2007    5857  2732.35    6622.88  114.4913  22.4885   4.1712     -84.5637
   2007    6000  2753.28    6767.27  114.5192  22.4842   4.4109     -84.3263
   2125       1  2003.34    770.50  113.3570  22.6408   5.5750     102.2629
   2125     123  2021.24    894.00  113.3810  22.6372   5.3703     102.3911
   2125     245  2039.11    1017.26  113.4049  22.6336   5.1658     102.5285
   2125     367  2056.94    1140.29  113.4288  22.6300   4.9617     102.6763
   2125     489  2074.74    1263.10  113.4526  22.6265   4.7579     102.8357
   2125     611  2092.52    1385.69  113.4764  22.6229   4.5543     103.0082
   2125     733  2110.26    1508.09  113.5001  22.6193   4.3511     103.1959
   2125     855  2127.97    1630.29  113.5238  22.6157   4.1481     103.4007
   2125     977  2145.66    1752.31  113.5475  22.6122   3.9454     103.6254
   2125    1099  2163.32    1874.16  113.5711  22.6086   3.7429     103.8732
   2125    1221  2180.96    1995.85  113.5947  22.6050   3.5407     104.1479
   2125    1343  2198.58    2117.39  113.6183  22.6015   3.3388     104.4545
   2125    1465  2216.18    2238.78  113.6418  22.5979   3.1372     104.7990
   2125    1587  2233.75    2360.05  113.6653  22.5944   2.9358     105.1893
   2125    1709  2251.31    2481.19  113.6888  22.5908   2.7347     105.6353
   2125    1831  2268.86    2602.22  113.7123  22.5872   2.5340     106.1502
   2125    1953  2286.39    2723.15  113.7357  22.5837   2.3335     106.7517
   2125    2075  2303.90    2843.99  113.7591  22.5801   2.1335     107.4640
   2125    2197  2321.41    2964.75  113.7825  22.5765   1.9340     108.3211
   2125    2319  2338.90    3085.43  113.8059  22.5730   1.7351     109.3725
   2125    2441  2356.39    3206.06  113.8293  22.5694   1.5369     110.6927
   2125    2563  2373.87    3326.63  113.8527  22.5658   1.3399     112.3992
   2125    2685  2391.34    3447.16  113.8760  22.5623   1.1445     114.6874
   2125    2807  2408.81    3567.66  113.8993  22.5587   0.9517     117.9057
   2125    2929  2426.27    3688.14  113.9227  22.5551   0.7633     122.7291
   2125    3051  2443.74    3808.61  113.9460  22.5515   0.5839     130.6000
   2125    3173  2461.20    3929.07  113.9694  22.5480   0.4246     144.8446
   2125    3295  2478.66    4049.55  113.9927  22.5444   0.3176     171.7343
   2125    3417  2496.13    4170.04  114.0160  22.5408   0.3203     -151.4310
   2125    3539  2513.60    4290.55  114.0394  22.5372   0.4308     -125.1960
   2125    3661  2531.08    4411.11  114.0627  22.5336   0.5915     -111.3372
   2125    3783  2548.56    4531.72  114.0861  22.5300   0.7717     -103.6460
   2125    3905  2566.05    4652.38  114.1094  22.5264   0.9606     -98.9132
   2125    4027  2583.55    4773.11  114.1328  22.5228   1.1539     -95.7454
   2125    4149  2601.07    4893.91  114.1562  22.5192   1.3498     -93.4878
   2125    4271  2618.59    5014.81  114.1796  22.5155   1.5474     -91.8012
   2125    4393  2636.13    5135.80  114.2030  22.5119   1.7461     -90.4945
   2125    4515  2653.69    5256.90  114.2265  22.5083   1.9457     -89.4528
   2125    4637  2671.26    5378.12  114.2499  22.5046   2.1459     -88.6028
   2125    4759  2688.85    5499.46  114.2734  22.5010   2.3467     -87.8959
   2125    4881  2706.47    5620.94  114.2969  22.4973   2.5480     -87.2986
   2125    5003  2724.10    5742.57  114.3204  22.4937   2.7497     -86.7870
   2125    5125  2741.75    5864.36  114.3440  22.4900   2.9517     -86.3437
   2125    5247  2759.44    5986.31  114.3676  22.4863   3.1541     -85.9556
   2125    5369  2777.14    6108.44  114.3912  22.4826   3.3569     -85.6129
   2125    5491  2794.87    6230.76  114.4149  22.4789   3.5600     -85.3078
   2125    5613  2812.64    6353.27  114.4386  22.4752   3.7634     -85.0343
   2125    5735  2830.43    6475.99  114.4623  22.4715   3.9671     -84.7877
   2125    5857  2848.25    6598.93  114.4861  22.4677   4.1712     -84.5639
   2125    6000  2869.19    6743.32  114.5140  22.4634   4.4109     -84.3266
   2243       1  2119.09    746.61  113.3520  22.6200   5.5750     102.2607
   2243     123  2136.99    870.11  113.3760  22.6164   5.3702     102.3889
   2243     245  2154.86    993.36  113.3999  22.6128   5.1658     102.5263
   2243     367  2172.70    1116.39  113.4238  22.6092   4.9617     102.6740
   2243     489  2190.51    1239.20  113.4476  22.6056   4.7579     102.8333
   2243     611  2208.28    1361.79  113.4713  22.6021   4.5543     103.0059
   2243     733  2226.02    1484.18  113.4951  22.5985   4.3511     103.1934
   2243     855  2243.74    1606.38  113.5188  22.5949   4.1481     103.3982
   2243     977  2261.43    1728.40  113.5424  22.5914   3.9454     103.6228
   2243    1099  2279.10    1850.25  113.5661  22.5878   3.7429     103.8705
   2243    1221  2296.74    1971.94  113.5897  22.5842   3.5407     104.1451
   2243    1343  2314.36    2093.48  113.6132  22.5807   3.3388     104.4516
   2243    1465  2331.96    2214.87  113.6368  22.5771   3.1371     104.7960
   2243    1587  2349.54    2336.13  113.6603  22.5735   2.9358     105.1862
   2243    1709  2367.11    2457.28  113.6837  22.5700   2.7347     105.6320
   2243    1831  2384.66    2578.31  113.7072  22.5664   2.5339     106.1468
   2243    1953  2402.19    2699.24  113.7306  22.5629   2.3335     106.7481
   2243    2075  2419.71    2820.07  113.7541  22.5593   2.1335     107.4601
   2243    2197  2437.22    2940.83  113.7775  22.5557   1.9340     108.3170
   2243    2319  2454.71    3061.52  113.8008  22.5522   1.7350     109.3681
   2243    2441  2472.20    3182.14  113.8242  22.5486   1.5369     110.6879
   2243    2563  2489.68    3302.71  113.8476  22.5450   1.3399     112.3939
   2243    2685  2507.16    3423.24  113.8709  22.5415   1.1444     114.6816
   2243    2807  2524.63    3543.74  113.8943  22.5379   0.9516     117.8991
   2243    2929  2542.10    3664.22  113.9176  22.5343   0.7633     122.7215
   2243    3051  2559.57    3784.68  113.9409  22.5307   0.5838     130.5913
   2243    3173  2577.03    3905.15  113.9643  22.5272   0.4245     144.8357
   2243    3295  2594.50    4025.62  113.9876  22.5236   0.3175     171.7308
   2243    3417  2611.97    4146.11  114.0109  22.5200   0.3203     -151.4233
   2243    3539  2629.44    4266.62  114.0343  22.5164   0.4308     -125.1861
   2243    3661  2646.92    4387.18  114.0576  22.5128   0.5915     -111.3293
   2243    3783  2664.41    4507.78  114.0810  22.5092   0.7717     -103.6400
   2243    3905  2681.90    4628.44  114.1043  22.5056   0.9606     -98.9086
   2243    4027  2699.41    4749.17  114.1277  22.5020   1.1539     -95.7418
   2243    4149  2716.93    4869.98  114.1511  22.4984   1.3498     -93.4849
   2243    4271  2734.46    4990.87  114.1745  22.4947   1.5474     -91.7989
   2243    4393  2752.00    5111.86  114.1979  22.4911   1.7461     -90.4927
   2243    4515  2769.56    5232.96  114.2213  22.4875   1.9457     -89.4513
   2243    4637  2787.13    5354.18  114.2448  22.4838   2.1460     -88.6016
   2243    4759  2804.73    5475.52  114.2683  22.4802   2.3467     -87.8949
   2243    4881  2822.34    5597.00  114.2918  22.4765   2.5480     -87.2978
   2243    5003  2839.98    5718.63  114.3153  22.4728   2.7497     -86.7864
   2243    5125  2857.64    5840.41  114.3388  22.4692   2.9517     -86.3432
   2243    5247  2875.32    5962.36  114.3624  22.4655   3.1541     -85.9553
   2243    5369  2893.03    6084.49  114.3861  22.4618   3.3569     -85.6127
   2243    5491  2910.77    6206.81  114.4097  22.4581   3.5600     -85.3077
   2243    5613  2928.53    6329.32  114.4334  22.4544   3.7634     -85.0343
   2243    5735  2946.33    6452.04  114.4571  22.4507   3.9672     -84.7878
   2243    5857  2964.16    6574.97  114.4809  22.4469   4.1712     -84.5641
   2243    6000  2985.09    6719.36  114.5088  22.4426   4.4109     -84.3268
   2361       1  2234.83    722.70  113.3470  22.5991   5.5750     102.2586
   2361     123  2252.74    846.20  113.3710  22.5955   5.3702     102.3867
   2361     245  2270.61    969.46  113.3949  22.5920   5.1658     102.5240
   2361     367  2288.45    1092.49  113.4187  22.5884   4.9617     102.6717
   2361     489  2306.26    1215.29  113.4426  22.5848   4.7578     102.8310
   2361     611  2324.04    1337.88  113.4663  22.5812   4.5543     103.0034
   2361     733  2341.79    1460.28  113.4901  22.5777   4.3510     103.1909
   2361     855  2359.51    1582.48  113.5138  22.5741   4.1480     103.3956
   2361     977  2377.20    1704.49  113.5374  22.5705   3.9453     103.6202
   2361    1099  2394.87    1826.34  113.5610  22.5670   3.7429     103.8678
   2361    1221  2412.52    1948.03  113.5846  22.5634   3.5407     104.1423
   2361    1343  2430.14    2069.56  113.6082  22.5598   3.3388     104.4487
   2361    1465  2447.75    2190.96  113.6317  22.5563   3.1371     104.7930
   2361    1587  2465.33    2312.22  113.6552  22.5527   2.9357     105.1830
   2361    1709  2482.90    2433.36  113.6787  22.5492   2.7347     105.6287
   2361    1831  2500.45    2554.39  113.7021  22.5456   2.5339     106.1433
   2361    1953  2517.98    2675.32  113.7256  22.5420   2.3335     106.7444
   2361    2075  2535.51    2796.15  113.7490  22.5385   2.1335     107.4563
   2361    2197  2553.02    2916.91  113.7724  22.5349   1.9339     108.3128
   2361    2319  2570.52    3037.59  113.7958  22.5313   1.7350     109.3636
   2361    2441  2588.01    3158.21  113.8191  22.5278   1.5369     110.6831
   2361    2563  2605.50    3278.79  113.8425  22.5242   1.3398     112.3886
   2361    2685  2622.98    3399.31  113.8658  22.5206   1.1444     114.6757
   2361    2807  2640.45    3519.81  113.8892  22.5171   0.9516     117.8924
   2361    2929  2657.92    3640.29  113.9125  22.5135   0.7632     122.7138
   2361    3051  2675.39    3760.75  113.9358  22.5099   0.5837     130.5826
   2361    3173  2692.86    3881.21  113.9592  22.5063   0.4244     144.8267
   2361    3295  2710.33    4001.68  113.9825  22.5028   0.3174     171.7273
   2361    3417  2727.80    4122.17  114.0058  22.4992   0.3202     -151.4155
   2361    3539  2745.28    4242.69  114.0292  22.4956   0.4307     -125.1763
   2361    3661  2762.76    4363.24  114.0525  22.4920   0.5915     -111.3215
   2361    3783  2780.25    4483.84  114.0758  22.4884   0.7717     -103.6341
   2361    3905  2797.75    4604.50  114.0992  22.4848   0.9606     -98.9040
   2361    4027  2815.26    4725.23  114.1226  22.4812   1.1539     -95.7382
   2361    4149  2832.78    4846.04  114.1459  22.4775   1.3498     -93.4821
   2361    4271  2850.31    4966.93  114.1693  22.4739   1.5474     -91.7966
   2361    4393  2867.86    5087.92  114.1928  22.4703   1.7461     -90.4908
   2361    4515  2885.42    5209.02  114.2162  22.4667   1.9457     -89.4498
   2361    4637  2903.00    5330.23  114.2396  22.4630   2.1460     -88.6004
   2361    4759  2920.60    5451.57  114.2631  22.4594   2.3467     -87.8940
   2361    4881  2938.22    5573.05  114.2866  22.4557   2.5480     -87.2971
   2361    5003  2955.86    5694.68  114.3101  22.4520   2.7497     -86.7858
   2361    5125  2973.52    5816.46  114.3337  22.4484   2.9517     -86.3428
   2361    5247  2991.21    5938.41  114.3573  22.4447   3.1541     -85.9550
   2361    5369  3008.92    6060.54  114.3809  22.4410   3.3569     -85.6125
   2361    5491  3026.66    6182.85  114.4046  22.4373   3.5600     -85.3076
   2361    5613  3044.43    6305.36  114.4282  22.4336   3.7634     -85.0344
   2361    5735  3062.23    6428.08  114.4520  22.4299   3.9672     -84.7879
   2361    5857  3080.06    6551.02  114.4757  22.4261   4.1712     -84.5643
   2361    6000  3101.00    6695.40  114.5037  22.4218   4.4109     -84.3271
   2479       1  2350.57    698.80  113.3420  22.5783   5.5749     102.2565
   2479     123  2368.49    822.30  113.3660  22.5747   5.3702     102.3845
   2479     245  2386.36    945.55  113.3899  22.5711   5.1658     102.5218
   2479     367  2404.21    1068.58  113.4137  22.5676   4.9616     102.6694
   2479     489  2422.02    1191.38  113.4375  22.5640   4.7578     102.8286
   2479     611  2439.80    1313.97  113.4613  22.5604   4.5543     103.0010
   2479     733  2457.55    1436.36  113.4850  22.5568   4.3510     103.1885
   2479     855  2475.27    1558.56  113.5087  22.5533   4.1480     103.3931
   2479     977  2492.97    1680.58  113.5324  22.5497   3.9453     103.6176
   2479    1099  2510.64    1802.43  113.5560  22.5461   3.7428     103.8651
   2479    1221  2528.29    1924.11  113.5796  22.5426   3.5407     104.1395
   2479    1343  2545.92    2045.64  113.6031  22.5390   3.3387     104.4458
   2479    1465  2563.53    2167.04  113.6267  22.5355   3.1371     104.7900
   2479    1587  2581.12    2288.30  113.6502  22.5319   2.9357     105.1799
   2479    1709  2598.69    2409.44  113.6736  22.5283   2.7346     105.6254
   2479    1831  2616.24    2530.47  113.6971  22.5248   2.5339     106.1399
   2479    1953  2633.78    2651.39  113.7205  22.5212   2.3334     106.7408
   2479    2075  2651.31    2772.23  113.7439  22.5177   2.1334     107.4524
   2479    2197  2668.82    2892.98  113.7673  22.5141   1.9339     108.3087
   2479    2319  2686.32    3013.66  113.7907  22.5105   1.7350     109.3592
   2479    2441  2703.82    3134.29  113.8141  22.5070   1.5368     110.6783
   2479    2563  2721.31    3254.86  113.8374  22.5034   1.3398     112.3834
   2479    2685  2738.79    3375.38  113.8608  22.4998   1.1443     114.6698
   2479    2807  2756.27    3495.88  113.8841  22.4963   0.9515     117.8858
   2479    2929  2773.74    3616.35  113.9074  22.4927   0.7632     122.7062
   2479    3051  2791.21    3736.82  113.9308  22.4891   0.5837     130.5738
   2479    3173  2808.69    3857.28  113.9541  22.4855   0.4244     144.8178
   2479    3295  2826.16    3977.75  113.9774  22.4819   0.3173     171.7238
   2479    3417  2843.64    4098.23  114.0007  22.4784   0.3201     -151.4078
   2479    3539  2861.12    4218.75  114.0241  22.4748   0.4307     -125.1664
   2479    3661  2878.60    4339.30  114.0474  22.4712   0.5914     -111.3136
   2479    3783  2896.10    4459.90  114.0707  22.4676   0.7717     -103.6281
   2479    3905  2913.60    4580.56  114.0941  22.4640   0.9606     -98.8994
   2479    4027  2931.11    4701.29  114.1174  22.4603   1.1539     -95.7346
   2479    4149  2948.63    4822.09  114.1408  22.4567   1.3498     -93.4792
   2479    4271  2966.17    4942.98  114.1642  22.4531   1.5474     -91.7943
   2479    4393  2983.72    5063.97  114.1876  22.4495   1.7461     -90.4889
   2479    4515  3001.28    5185.07  114.2111  22.4458   1.9457     -89.4482
   2479    4637  3018.87    5306.28  114.2345  22.4422   2.1460     -88.5991
   2479    4759  3036.47    5427.62  114.2580  22.4386   2.3468     -87.8930
   2479    4881  3054.09    5549.10  114.2815  22.4349   2.5480     -87.2963
   2479    5003  3071.73    5670.72  114.3050  22.4312   2.7497     -86.7852
   2479    5125  3089.40    5792.50  114.3286  22.4276   2.9517     -86.3423
   2479    5247  3107.09    5914.45  114.3521  22.4239   3.1541     -85.9547
   2479    5369  3124.80    6036.58  114.3758  22.4202   3.3569     -85.6123
   2479    5491  3142.55    6158.89  114.3994  22.4165   3.5600     -85.3075
   2479    5613  3160.32    6281.40  114.4231  22.4128   3.7634     -85.0344
   2479    5735  3178.12    6404.12  114.4468  22.4091   3.9672     -84.7880
   2479    5857  3195.95    6527.05  114.4706  22.4053   4.1713     -84.5645
   2479    6000  3216.90    6671.44  114.4985  22.4010   4.4109     -84.3274
   2597       1  2466.32    674.89  113.3370  22.5575   5.5749     102.2543
   2597     123  2484.23    798.39  113.3610  22.5539   5.3702     102.3824
   2597     245  2502.11    921.64  113.3849  22.5503   5.1657     102.5196
   2597     367  2519.96    1044.67  113.4087  22.5467   4.9616     102.6671
   2597     489  2537.77    1167.47  113.4325  22.5432   4.7578     102.8263
   2597     611  2555.56    1290.06  113.4563  22.5396   4.5542     102.9986
   2597     733  2573.31    1412.45  113.4800  22.5360   4.3510     103.1860
   2597     855  2591.04    1534.65  113.5037  22.5325   4.1480     103.3906
   2597     977  2608.74    1656.66  113.5274  22.5289   3.9453     103.6149
   2597    1099  2626.41    1778.51  113.5510  22.5253   3.7428     103.8624
   2597    1221  2644.07    1900.19  113.5746  22.5218   3.5406     104.1367
   2597    1343  2661.70    2021.72  113.5981  22.5182   3.3387     104.4429
   2597    1465  2679.31    2143.11  113.6216  22.5146   3.1371     104.7870
   2597    1587  2696.90    2264.37  113.6451  22.5111   2.9357     105.1767
   2597    1709  2714.47    2385.51  113.6686  22.5075   2.7346     105.6222
   2597    1831  2732.03    2506.54  113.6920  22.5040   2.5338     106.1364
   2597    1953  2749.57    2627.47  113.7155  22.5004   2.3334     106.7372
   2597    2075  2767.10    2748.30  113.7389  22.4968   2.1334     107.4485
   2597    2197  2784.62    2869.05  113.7623  22.4933   1.9339     108.3046
   2597    2319  2802.13    2989.73  113.7856  22.4897   1.7349     109.3548
   2597    2441  2819.63    3110.35  113.8090  22.4861   1.5368     110.6735
   2597    2563  2837.12    3230.92  113.8323  22.4826   1.3397     112.3781
   2597    2685  2854.60    3351.45  113.8557  22.4790   1.1443     114.6639
   2597    2807  2872.08    3471.94  113.8790  22.4754   0.9515     117.8791
   2597    2929  2889.56    3592.42  113.9023  22.4719   0.7631     122.6985
   2597    3051  2907.04    3712.88  113.9257  22.4683   0.5836     130.5651
   2597    3173  2924.51    3833.34  113.9490  22.4647   0.4243     144.8088
   2597    3295  2941.99    3953.81  113.9723  22.4611   0.3172     171.7203
   2597    3417  2959.47    4074.29  113.9956  22.4575   0.3200     -151.4000
   2597    3539  2976.95    4194.81  114.0190  22.4539   0.4306     -125.1566
   2597    3661  2994.44    4315.36  114.0423  22.4504   0.5914     -111.3058
   2597    3783  3011.94    4435.96  114.0656  22.4468   0.7717     -103.6221
   2597    3905  3029.44    4556.62  114.0890  22.4431   0.9605     -98.8949
   2597    4027  3046.96    4677.34  114.1123  22.4395   1.1539     -95.7310
   2597    4149  3064.49    4798.14  114.1357  22.4359   1.3498     -93.4763
   2597    4271  3082.02    4919.03  114.1591  22.4323   1.5474     -91.7920
   2597    4393  3099.58    5040.02  114.1825  22.4287   1.7461     -90.4871
   2597    4515  3117.15    5161.11  114.2059  22.4250   1.9457     -89.4467
   2597    4637  3134.73    5282.33  114.2294  22.4214   2.1460     -88.5979
   2597    4759  3152.34    5403.67  114.2528  22.4177   2.3468     -87.8920
   2597    4881  3169.96    5525.14  114.2763  22.4141   2.5480     -87.2955
   2597    5003  3187.61    5646.77  114.2999  22.4104   2.7497     -86.7846
   2597    5125  3205.28    5768.55  114.3234  22.4068   2.9517     -86.3419
   2597    5247  3222.97    5890.49  114.3470  22.4031   3.1542     -85.9543
   2597    5369  3240.69    6012.62  114.3706  22.3994   3.3569     -85.6121
   2597    5491  3258.43    6134.93  114.3942  22.3957   3.5600     -85.3075
   2597    5613  3276.21    6257.44  114.4179  22.3920   3.7634     -85.0344
   2597    5735  3294.01    6380.15  114.4416  22.3883   3.9672     -84.7881
   2597    5857  3311.85    6503.09  114.4654  22.3845   4.1713     -84.5647
   2597    6000  3332.80    6647.47  114.4933  22.3802   4.4109     -84.3277
   2715       1  2582.06    650.98  113.3320  22.5367   5.5749     102.2522
   2715     123  2599.97    774.47  113.3560  22.5331   5.3701     102.3802
   2715     245  2617.86    897.73  113.3799  22.5295   5.1657     102.5173
   2715     367  2635.71    1020.75  113.4037  22.5259   4.9616     102.6648
   2715     489  2653.53    1143.55  113.4275  22.5223   4.7578     102.8239
   2715     611  2671.31    1266.14  113.4513  22.5188   4.5542     102.9962
   2715     733  2689.07    1388.53  113.4750  22.5152   4.3509     103.1835
   2715     855  2706.80    1510.72  113.4987  22.5116   4.1480     103.3880
   2715     977  2724.51    1632.74  113.5223  22.5081   3.9452     103.6123
   2715    1099  2742.18    1754.58  113.5459  22.5045   3.7428     103.8597
   2715    1221  2759.84    1876.26  113.5695  22.5009   3.5406     104.1339
   2715    1343  2777.47    1997.80  113.5931  22.4974   3.3387     104.4400
   2715    1465  2795.09    2119.19  113.6166  22.4938   3.1370     104.7840
   2715    1587  2812.68    2240.44  113.6401  22.4903   2.9357     105.1736
   2715    1709  2830.26    2361.58  113.6635  22.4867   2.7346     105.6189
   2715    1831  2847.82    2482.61  113.6870  22.4831   2.5338     106.1330
   2715    1953  2865.37    2603.53  113.7104  22.4796   2.3334     106.7335
   2715    2075  2882.90    2724.37  113.7338  22.4760   2.1334     107.4447
   2715    2197  2900.42    2845.12  113.7572  22.4725   1.9338     108.3005
   2715    2319  2917.93    2965.80  113.7806  22.4689   1.7349     109.3503
   2715    2441  2935.43    3086.42  113.8039  22.4653   1.5367     110.6687
   2715    2563  2952.93    3206.98  113.8273  22.4618   1.3397     112.3728
   2715    2685  2970.41    3327.51  113.8506  22.4582   1.1443     114.6580
   2715    2807  2987.90    3448.00  113.8739  22.4546   0.9514     117.8725
   2715    2929  3005.38    3568.48  113.8973  22.4510   0.7630     122.6909
   2715    3051  3022.86    3688.94  113.9206  22.4475   0.5835     130.5563
   2715    3173  3040.34    3809.40  113.9439  22.4439   0.4242     144.7999
   2715    3295  3057.82    3929.86  113.9672  22.4403   0.3171     171.7168
   2715    3417  3075.30    4050.35  113.9905  22.4367   0.3199     -151.3922
   2715    3539  3092.79    4170.86  114.0139  22.4331   0.4306     -125.1467
   2715    3661  3110.28    4291.41  114.0372  22.4295   0.5914     -111.2979
   2715    3783  3127.78    4412.01  114.0605  22.4259   0.7716     -103.6162
   2715    3905  3145.29    4532.66  114.0839  22.4223   0.9605     -98.8903
   2715    4027  3162.81    4653.39  114.1072  22.4187   1.1539     -95.7274
   2715    4149  3180.34    4774.19  114.1306  22.4151   1.3498     -93.4735
   2715    4271  3197.88    4895.08  114.1540  22.4115   1.5474     -91.7896
   2715    4393  3215.43    5016.06  114.1774  22.4079   1.7461     -90.4852
   2715    4515  3233.01    5137.16  114.2008  22.4042   1.9457     -89.4452
   2715    4637  3250.60    5258.37  114.2242  22.4006   2.1460     -88.5967
   2715    4759  3268.20    5379.71  114.2477  22.3969   2.3468     -87.8910
   2715    4881  3285.83    5501.18  114.2712  22.3933   2.5480     -87.2947
   2715    5003  3303.48    5622.80  114.2947  22.3896   2.7497     -86.7840
   2715    5125  3321.15    5744.58  114.3183  22.3859   2.9518     -86.3414
   2715    5247  3338.85    5866.53  114.3418  22.3823   3.1542     -85.9540
   2715    5369  3356.57    5988.65  114.3654  22.3786   3.3569     -85.6119
   2715    5491  3374.32    6110.96  114.3891  22.3749   3.5600     -85.3074
   2715    5613  3392.10    6233.47  114.4128  22.3712   3.7634     -85.0344
   2715    5735  3409.91    6356.18  114.4365  22.3675   3.9672     -84.7882
   2715    5857  3427.75    6479.11  114.4602  22.3637   4.1713     -84.5648
   2715    6000  3448.70    6623.50  114.4881  22.3594   4.4109     -84.3279
   2833       1  2697.80    627.06  113.3270  22.5158   5.5749     102.2501
   2833     123  2715.72    750.55  113.3510  22.5122   5.3701     102.3780
   2833     245  2733.60    873.81  113.3749  22.5087   5.1657     102.5151
   2833     367  2751.46    996.83  113.3987  22.5051   4.9616     102.6625
   2833     489  2769.28    1119.63  113.4225  22.5015   4.7577     102.8216
   2833     611  2787.07    1242.22  113.4463  22.4979   4.5542     102.9938
   2833     733  2804.83    1364.60  113.4700  22.4944   4.3509     103.1811
   2833     855  2822.56    1486.80  113.4937  22.4908   4.1479     103.3855
   2833     977  2840.27    1608.81  113.5173  22.4872   3.9452     103.6097
   2833    1099  2857.95    1730.65  113.5409  22.4837   3.7428     103.8570
   2833    1221  2875.61    1852.34  113.5645  22.4801   3.5406     104.1311
   2833    1343  2893.25    1973.87  113.5880  22.4766   3.3387     104.4371
   2833    1465  2910.87    2095.25  113.6115  22.4730   3.1370     104.7810
   2833    1587  2928.46    2216.51  113.6350  22.4694   2.9356     105.1705
   2833    1709  2946.04    2337.65  113.6585  22.4659   2.7345     105.6156
   2833    1831  2963.61    2458.67  113.6819  22.4623   2.5338     106.1295
   2833    1953  2981.16    2579.60  113.7054  22.4588   2.3333     106.7299
   2833    2075  2998.69    2700.43  113.7288  22.4552   2.1333     107.4408
   2833    2197  3016.22    2821.18  113.7521  22.4516   1.9338     108.2964
   2833    2319  3033.73    2941.86  113.7755  22.4481   1.7348     109.3459
   2833    2441  3051.24    3062.48  113.7989  22.4445   1.5367     110.6638
   2833    2563  3068.73    3183.04  113.8222  22.4409   1.3396     112.3675
   2833    2685  3086.23    3303.57  113.8455  22.4374   1.1442     114.6521
   2833    2807  3103.71    3424.06  113.8689  22.4338   0.9514     117.8658
   2833    2929  3121.20    3544.53  113.8922  22.4302   0.7630     122.6832
   2833    3051  3138.68    3664.99  113.9155  22.4267   0.5835     130.5476
   2833    3173  3156.16    3785.45  113.9388  22.4231   0.4241     144.7909
   2833    3295  3173.64    3905.91  113.9621  22.4195   0.3170     171.7133
   2833    3417  3191.13    4026.40  113.9854  22.4159   0.3198     -151.3844
   2833    3539  3208.62    4146.91  114.0088  22.4123   0.4305     -125.1368
   2833    3661  3226.12    4267.46  114.0321  22.4087   0.5913     -111.2900
   2833    3783  3243.62    4388.05  114.0554  22.4051   0.7716     -103.6102
   2833    3905  3261.13    4508.71  114.0788  22.4015   0.9605     -98.8857
   2833    4027  3278.65    4629.43  114.1021  22.3979   1.1539     -95.7238
   2833    4149  3296.18    4750.23  114.1255  22.3943   1.3498     -93.4706
   2833    4271  3313.73    4871.12  114.1489  22.3907   1.5474     -91.7873
   2833    4393  3331.29    4992.10  114.1723  22.3871   1.7461     -90.4833
   2833    4515  3348.86    5113.20  114.1957  22.3834   1.9457     -89.4437
   2833    4637  3366.46    5234.41  114.2191  22.3798   2.1460     -88.5954
   2833    4759  3384.07    5355.74  114.2426  22.3761   2.3468     -87.8900
   2833    4881  3401.70    5477.22  114.2661  22.3725   2.5480     -87.2939
   2833    5003  3419.35    5598.84  114.2896  22.3688   2.7497     -86.7834
   2833    5125  3437.03    5720.62  114.3131  22.3651   2.9518     -86.3410
   2833    5247  3454.73    5842.56  114.3367  22.3615   3.1542     -85.9537
   2833    5369  3472.45    5964.68  114.3603  22.3578   3.3569     -85.6117
   2833    5491  3490.20    6086.99  114.3839  22.3541   3.5600     -85.3073
   2833    5613  3507.99    6209.50  114.4076  22.3504   3.7635     -85.0344
   2833    5735  3525.80    6332.21  114.4313  22.3467   3.9672     -84.7883
   2833    5857  3543.64    6455.14  114.4551  22.3429   4.1713     -84.5650
   2833    6000  3564.60    6599.52  114.4830  22.3386   4.4109     -84.3282
   2951       1  2813.53    603.14  113.3220  22.4950   5.5748     102.2479
   2951     123  2831.46    726.63  113.3460  22.4914   5.3701     102.3758
   2951     245  2849.35    849.88  113.3698  22.4878   5.1657     102.5129
   2951     367  2867.21    972.90  113.3937  22.4843   4.9615     102.6603
   2951     489  2885.03    1095.70  113.4175  22.4807   4.7577     102.8193
   2951     611  2902.82    1218.29  113.4412  22.4771   4.5542     102.9914
   2951     733  2920.59    1340.67  113.4650  22.4735   4.3509     103.1786
   2951     855  2938.32    1462.87  113.4886  22.4700   4.1479     103.3829
   2951     977  2956.03    1584.88  113.5123  22.4664   3.9452     103.6071
   2951    1099  2973.72    1706.72  113.5359  22.4629   3.7427     103.8543
   2951    1221  2991.38    1828.40  113.5595  22.4593   3.5405     104.1283
   2951    1343  3009.02    1949.93  113.5830  22.4557   3.3386     104.4342
   2951    1465  3026.64    2071.32  113.6065  22.4522   3.1370     104.7780
   2951    1587  3044.24    2192.57  113.6300  22.4486   2.9356     105.1673
   2951    1709  3061.83    2313.71  113.6535  22.4451   2.7345     105.6123
   2951    1831  3079.39    2434.73  113.6769  22.4415   2.5337     106.1261
   2951    1953  3096.95    2555.66  113.7003  22.4379   2.3333     106.7262
   2951    2075  3114.49    2676.49  113.7237  22.4344   2.1333     107.4370
   2951    2197  3132.01    2797.24  113.7471  22.4308   1.9338     108.2922
   2951    2319  3149.53    2917.91  113.7704  22.4273   1.7348     109.3415
   2951    2441  3167.04    3038.53  113.7938  22.4237   1.5367     110.6590
   2951    2563  3184.54    3159.10  113.8171  22.4201   1.3396     112.3622
   2951    2685  3202.03    3279.62  113.8405  22.4166   1.1442     114.6462
   2951    2807  3219.52    3400.11  113.8638  22.4130   0.9513     117.8591
   2951    2929  3237.01    3520.58  113.8871  22.4094   0.7629     122.6756
   2951    3051  3254.50    3641.04  113.9104  22.4058   0.5834     130.5388
   2951    3173  3271.98    3761.50  113.9337  22.4023   0.4240     144.7819
   2951    3295  3289.47    3881.96  113.9570  22.3987   0.3169     171.7098
   2951    3417  3306.96    4002.44  113.9803  22.3951   0.3197     -151.3767
   2951    3539  3324.45    4122.95  114.0037  22.3915   0.4304     -125.1269
   2951    3661  3341.95    4243.50  114.0270  22.3879   0.5913     -111.2821
   2951    3783  3359.46    4364.10  114.0503  22.3843   0.7716     -103.6042
   2951    3905  3376.97    4484.75  114.0736  22.3807   0.9605     -98.8811
   2951    4027  3394.50    4605.47  114.0970  22.3771   1.1539     -95.7202
   2951    4149  3412.03    4726.27  114.1204  22.3735   1.3498     -93.4677
   2951    4271  3429.58    4847.16  114.1437  22.3699   1.5474     -91.7850
   2951    4393  3447.14    4968.14  114.1671  22.3662   1.7461     -90.4814
   2951    4515  3464.72    5089.23  114.1905  22.3626   1.9457     -89.4421
   2951    4637  3482.32    5210.44  114.2140  22.3590   2.1460     -88.5942
   2951    4759  3499.93    5331.77  114.2374  22.3553   2.3468     -87.8890
   2951    4881  3517.57    5453.25  114.2609  22.3517   2.5480     -87.2931
   2951    5003  3535.22    5574.87  114.2844  22.3480   2.7497     -86.7828
   2951    5125  3552.90    5696.64  114.3080  22.3443   2.9518     -86.3405
   2951    5247  3570.60    5818.59  114.3315  22.3407   3.1542     -85.9534
   2951    5369  3588.33    5940.71  114.3551  22.3370   3.3569     -85.6115
   2951    5491  3606.09    6063.02  114.3788  22.3333   3.5600     -85.3072
   2951    5613  3623.87    6185.52  114.4025  22.3296   3.7635     -85.0344
   2951    5735  3641.69    6308.23  114.4262  22.3259   3.9672     -84.7884
   2951    5857  3659.53    6431.16  114.4499  22.3221   4.1713     -84.5652
   2951    6000  3680.49    6575.54  114.4778  22.3178   4.4110     -84.3285
   3069       1  2929.27    579.21  113.3170  22.4742   5.5748     102.2458
   3069     123  2947.20    702.70  113.3410  22.4706   5.3701     102.3736
   3069     245  2965.09    825.95  113.3648  22.4670   5.1656     102.5107
   3069     367  2982.95    948.97  113.3887  22.4634   4.9615     102.6580
   3069     489  3000.78    1071.77  113.4125  22.4599   4.7577     102.8169
   3069     611  3018.58    1194.35  113.4362  22.4563   4.5541     102.9890
   3069     733  3036.34    1316.74  113.4599  22.4527   4.3509     103.1761
   3069     855  3054.08    1438.93  113.4836  22.4492   4.1479     103.3804
   3069     977  3071.80    1560.94  113.5072  22.4456   3.9452     103.6045
   3069    1099  3089.49    1682.78  113.5309  22.4420   3.7427     103.8516
   3069    1221  3107.15    1804.46  113.5544  22.4385   3.5405     104.1256
   3069    1343  3124.80    1925.99  113.5780  22.4349   3.3386     104.4313
   3069    1465  3142.42    2047.38  113.6015  22.4313   3.1369     104.7749
   3069    1587  3160.02    2168.63  113.6249  22.4278   2.9356     105.1642
   3069    1709  3177.61    2289.77  113.6484  22.4242   2.7345     105.6090
   3069    1831  3195.18    2410.79  113.6718  22.4207   2.5337     106.1226
   3069    1953  3212.74    2531.71  113.6953  22.4171   2.3333     106.7226
   3069    2075  3230.28    2652.54  113.7186  22.4136   2.1333     107.4331
   3069    2197  3247.81    2773.29  113.7420  22.4100   1.9337     108.2881
   3069    2319  3265.33    2893.97  113.7654  22.4064   1.7348     109.3370
   3069    2441  3282.84    3014.58  113.7887  22.4029   1.5366     110.6542
   3069    2563  3300.34    3135.15  113.8121  22.3993   1.3396     112.3569
   3069    2685  3317.84    3255.67  113.8354  22.3957   1.1441     114.6403
   3069    2807  3335.34    3376.16  113.8587  22.3922   0.9513     117.8525
   3069    2929  3352.83    3496.63  113.8820  22.3886   0.7629     122.6679
   3069    3051  3370.32    3617.08  113.9053  22.3850   0.5833     130.5301
   3069    3173  3387.80    3737.54  113.9286  22.3814   0.4239     144.7730
   3069    3295  3405.29    3858.00  113.9519  22.3779   0.3168     171.7062
   3069    3417  3422.79    3978.48  113.9752  22.3743   0.3196     -151.3688
   3069    3539  3440.28    4098.99  113.9986  22.3707   0.4304     -125.1170
   3069    3661  3457.78    4219.54  114.0219  22.3671   0.5913     -111.2743
   3069    3783  3475.29    4340.13  114.0452  22.3635   0.7716     -103.5982
   3069    3905  3492.81    4460.79  114.0685  22.3599   0.9605     -98.8764
   3069    4027  3510.34    4581.51  114.0919  22.3563   1.1539     -95.7166
   3069    4149  3527.88    4702.30  114.1152  22.3527   1.3498     -93.4648
   3069    4271  3545.43    4823.19  114.1386  22.3491   1.5474     -91.7827
   3069    4393  3563.00    4944.17  114.1620  22.3454   1.7461     -90.4795
   3069    4515  3580.58    5065.26  114.1854  22.3418   1.9457     -89.4406
   3069    4637  3598.18    5186.47  114.2089  22.3382   2.1460     -88.5929
   3069    4759  3615.79    5307.80  114.2323  22.3345   2.3468     -87.8880
   3069    4881  3633.43    5429.27  114.2558  22.3309   2.5480     -87.2923
   3069    5003  3651.09    5550.89  114.2793  22.3272   2.7497     -86.7821
   3069    5125  3668.77    5672.67  114.3028  22.3235   2.9518     -86.3400
   3069    5247  3686.48    5794.61  114.3264  22.3199   3.1542     -85.9531
   3069    5369  3704.21    5916.73  114.3500  22.3162   3.3570     -85.6113
   3069    5491  3721.97    6039.04  114.3736  22.3125   3.5600     -85.3071
   3069    5613  3739.76    6161.54  114.3973  22.3088   3.7635     -85.0344
   3069    5735  3757.58    6284.25  114.4210  22.3051   3.9672     -84.7885
   3069    5857  3775.43    6407.18  114.4448  22.3013   4.1713     -84.5654
   3069    6000  3796.39    6551.55  114.4726  22.2970   4.4110     -84.3287
   3187       1  3045.01    555.28  113.3120  22.4533   5.5748     102.2437
   3187     123  3062.94    678.77  113.3360  22.4498   5.3700     102.3715
   3187     245  3080.83    802.02  113.3598  22.4462   5.1656     102.5084
   3187     367  3098.70    925.04  113.3837  22.4426   4.9615     102.6557
   3187     489  3116.53    1047.83  113.4075  22.4390   4.7576     102.8146
   3187     611  3134.33    1170.42  113.4312  22.4355   4.5541     102.9866
   3187     733  3152.10    1292.80  113.4549  22.4319   4.3508     103.1737
   3187     855  3169.84    1414.99  113.4786  22.4283   4.1479     103.3779
   3187     977  3187.56    1537.01  113.5022  22.4248   3.9451     103.6019
   3187    1099  3205.25    1658.84  113.5258  22.4212   3.7427     103.8489
   3187    1221  3222.92    1780.52  113.5494  22.4176   3.5405     104.1228
   3187    1343  3240.57    1902.05  113.5729  22.4141   3.3386     104.4284
   3187    1465  3258.19    2023.43  113.5964  22.4105   3.1369     104.7719
   3187    1587  3275.80    2144.69  113.6199  22.4070   2.9355     105.1610
   3187    1709  3293.39    2265.82  113.6434  22.4034   2.7344     105.6057
   3187    1831  3310.96    2386.84  113.6668  22.3999   2.5337     106.1192
   3187    1953  3328.52    2507.76  113.6902  22.3963   2.3332     106.7190
   3187    2075  3346.07    2628.59  113.7136  22.3927   2.1332     107.4292
   3187    2197  3363.60    2749.34  113.7370  22.3892   1.9337     108.2840
   3187    2319  3381.13    2870.01  113.7603  22.3856   1.7347     109.3326
   3187    2441  3398.64    2990.63  113.7837  22.3821   1.5366     110.6494
   3187    2563  3416.15    3111.19  113.8070  22.3785   1.3395     112.3516
   3187    2685  3433.65    3231.71  113.8303  22.3749   1.1441     114.6345
   3187    2807  3451.15    3352.20  113.8536  22.3714   0.9512     117.8458
   3187    2929  3468.64    3472.67  113.8769  22.3678   0.7628     122.6603
   3187    3051  3486.13    3593.12  113.9002  22.3642   0.5832     130.5213
   3187    3173  3503.62    3713.58  113.9235  22.3606   0.4238     144.7640
   3187    3295  3521.12    3834.04  113.9469  22.3571   0.3167     171.7027
   3187    3417  3538.61    3954.52  113.9702  22.3535   0.3195     -151.3610
   3187    3539  3556.11    4075.03  113.9935  22.3499   0.4303     -125.1071
   3187    3661  3573.62    4195.57  114.0168  22.3463   0.5912     -111.2663
   3187    3783  3591.13    4316.17  114.0401  22.3427   0.7716     -103.5922
   3187    3905  3608.65    4436.82  114.0634  22.3391   0.9605     -98.8718
   3187    4027  3626.18    4557.54  114.0868  22.3355   1.1538     -95.7129
   3187    4149  3643.72    4678.33  114.1101  22.3319   1.3498     -93.4619
   3187    4271  3661.28    4799.22  114.1335  22.3282   1.5474     -91.7803
   3187    4393  3678.85    4920.20  114.1569  22.3246   1.7461     -90.4776
   3187    4515  3696.43    5041.29  114.1803  22.3210   1.9457     -89.4391
   3187    4637  3714.03    5162.49  114.2037  22.3174   2.1460     -88.5917
   3187    4759  3731.66    5283.83  114.2272  22.3137   2.3468     -87.8870
   3187    4881  3749.30    5405.30  114.2507  22.3101   2.5481     -87.2915
   3187    5003  3766.96    5526.91  114.2742  22.3064   2.7497     -86.7815
   3187    5125  3784.64    5648.69  114.2977  22.3027   2.9518     -86.3396
   3187    5247  3802.35    5770.63  114.3213  22.2990   3.1542     -85.9527
   3187    5369  3820.09    5892.75  114.3448  22.2954   3.3570     -85.6111
   3187    5491  3837.85    6015.05  114.3685  22.2917   3.5601     -85.3070
   3187    5613  3855.64    6137.56  114.3921  22.2880   3.7635     -85.0344
   3187    5735  3873.46    6260.26  114.4158  22.2842   3.9672     -84.7886
   3187    5857  3891.32    6383.19  114.4396  22.2805   4.1713     -84.5655
   3187    6000  3912.28    6527.57  114.4675  22.2761   4.4110     -84.3290
   3305       1  3160.74    531.34  113.3070  22.4325   5.5748     102.2415
   3305     123  3178.68    654.83  113.3310  22.4289   5.3700     102.3693
   3305     245  3196.58    778.08  113.3548  22.4254   5.1656     102.5062
   3305     367  3214.44    901.10  113.3787  22.4218   4.9615     102.6534
   3305     489  3232.28    1023.89  113.4025  22.4182   4.7576     102.8122
   3305     611  3250.08    1146.48  113.4262  22.4146   4.5541     102.9842
   3305     733  3267.85    1268.86  113.4499  22.4111   4.3508     103.1712
   3305     855  3285.60    1391.05  113.4736  22.4075   4.1478     103.3753
   3305     977  3303.32    1513.06  113.4972  22.4039   3.9451     103.5992
   3305    1099  3321.02    1634.90  113.5208  22.4004   3.7427     103.8461
   3305    1221  3338.69    1756.58  113.5444  22.3968   3.5405     104.1200
   3305    1343  3356.34    1878.10  113.5679  22.3933   3.3385     104.4255
   3305    1465  3373.97    1999.49  113.5914  22.3897   3.1369     104.7689
   3305    1587  3391.58    2120.74  113.6149  22.3861   2.9355     105.1579
   3305    1709  3409.17    2241.87  113.6383  22.3826   2.7344     105.6024
   3305    1831  3426.75    2362.89  113.6617  22.3790   2.5336     106.1157
   3305    1953  3444.31    2483.81  113.6851  22.3755   2.3332     106.7153
   3305    2075  3461.86    2604.64  113.7085  22.3719   2.1332     107.4254
   3305    2197  3479.40    2725.38  113.7319  22.3684   1.9336     108.2799
   3305    2319  3496.92    2846.06  113.7553  22.3648   1.7347     109.3282
   3305    2441  3514.44    2966.67  113.7786  22.3612   1.5365     110.6446
   3305    2563  3531.95    3087.23  113.8019  22.3577   1.3395     112.3463
   3305    2685  3549.46    3207.75  113.8252  22.3541   1.1440     114.6286
   3305    2807  3566.95    3328.24  113.8486  22.3505   0.9512     117.8391
   3305    2929  3584.45    3448.71  113.8719  22.3470   0.7628     122.6526
   3305    3051  3601.95    3569.16  113.8952  22.3434   0.5832     130.5125
   3305    3173  3619.44    3689.61  113.9185  22.3398   0.4238     144.7550
   3305    3295  3636.94    3810.07  113.9418  22.3362   0.3166     171.6992
   3305    3417  3654.44    3930.55  113.9651  22.3327   0.3195     -151.3532
   3305    3539  3671.94    4051.06  113.9884  22.3291   0.4303     -125.0971
   3305    3661  3689.45    4171.60  114.0117  22.3255   0.5912     -111.2584
   3305    3783  3706.96    4292.20  114.0350  22.3219   0.7715     -103.5862
   3305    3905  3724.49    4412.85  114.0583  22.3183   0.9605     -98.8672
   3305    4027  3742.02    4533.56  114.0817  22.3147   1.1538     -95.7093
   3305    4149  3759.57    4654.36  114.1050  22.3111   1.3498     -93.4590
   3305    4271  3777.13    4775.24  114.1284  22.3074   1.5474     -91.7780
   3305    4393  3794.70    4896.22  114.1518  22.3038   1.7461     -90.4757
   3305    4515  3812.29    5017.31  114.1752  22.3002   1.9457     -89.4375
   3305    4637  3829.89    5138.51  114.1986  22.2965   2.1460     -88.5904
   3305    4759  3847.52    5259.85  114.2221  22.2929   2.3468     -87.8860
   3305    4881  3865.16    5381.31  114.2455  22.2892   2.5481     -87.2907
   3305    5003  3882.82    5502.93  114.2690  22.2856   2.7497     -86.7809
   3305    5125  3900.51    5624.70  114.2926  22.2819   2.9518     -86.3391
   3305    5247  3918.22    5746.64  114.3161  22.2782   3.1542     -85.9524
   3305    5369  3935.96    5868.76  114.3397  22.2746   3.3570     -85.6109
   3305    5491  3953.73    5991.06  114.3633  22.2709   3.5601     -85.3069
   3305    5613  3971.52    6113.57  114.3870  22.2672   3.7635     -85.0344
   3305    5735  3989.35    6236.27  114.4107  22.2634   3.9673     -84.7886
   3305    5857  4007.20    6359.20  114.4344  22.2597   4.1713     -84.5657
   3305    6000  4028.18    6503.57  114.4623  22.2553   4.4110     -84.3292
   3423       1  3276.47    507.40  113.3020  22.4117   5.5747     102.2394
   3423     123  3294.41    630.89  113.3260  22.4081   5.3700     102.3671
   3423     245  3312.32    754.14  113.3498  22.4045   5.1656     102.5040
   3423     367  3330.19    877.16  113.3737  22.4010   4.9614     102.6511
   3423     489  3348.02    999.95  113.3975  22.3974   4.7576     102.8099
   3423     611  3365.83    1122.53  113.4212  22.3938   4.5541     102.9818
   3423     733  3383.61    1244.91  113.4449  22.3902   4.3508     103.1687
   3423     855  3401.36    1367.10  113.4686  22.3867   4.1478     103.3728
   3423     977  3419.08    1489.11  113.4922  22.3831   3.9451     103.5966
   3423    1099  3436.78    1610.95  113.5158  22.3796   3.7426     103.8434
   3423    1221  3454.45    1732.63  113.5393  22.3760   3.5404     104.1172
   3423    1343  3472.11    1854.15  113.5629  22.3724   3.3385     104.4226
   3423    1465  3489.74    1975.53  113.5864  22.3689   3.1369     104.7659
   3423    1587  3507.35    2096.78  113.6098  22.3653   2.9355     105.1547
   3423    1709  3524.95    2217.92  113.6333  22.3618   2.7344     105.5992
   3423    1831  3542.53    2338.93  113.6567  22.3582   2.5336     106.1123
   3423    1953  3560.09    2459.85  113.6801  22.3547   2.3332     106.7117
   3423    2075  3577.65    2580.68  113.7035  22.3511   2.1332     107.4215
   3423    2197  3595.19    2701.42  113.7268  22.3475   1.9336     108.2758
   3423    2319  3612.72    2822.10  113.7502  22.3440   1.7347     109.3237
   3423    2441  3630.24    2942.71  113.7735  22.3404   1.5365     110.6398
   3423    2563  3647.75    3063.27  113.7969  22.3369   1.3394     112.3410
   3423    2685  3665.26    3183.79  113.8202  22.3333   1.1440     114.6226
   3423    2807  3682.76    3304.27  113.8435  22.3297   0.9511     117.8324
   3423    2929  3700.26    3424.74  113.8668  22.3262   0.7627     122.6449
   3423    3051  3717.76    3545.19  113.8901  22.3226   0.5831     130.5037
   3423    3173  3735.26    3665.64  113.9134  22.3190   0.4237     144.7460
   3423    3295  3752.76    3786.10  113.9367  22.3154   0.3165     171.6957
   3423    3417  3770.26    3906.58  113.9600  22.3118   0.3194     -151.3454
   3423    3539  3787.77    4027.09  113.9833  22.3083   0.4302     -125.0872
   3423    3661  3805.28    4147.63  114.0066  22.3047   0.5912     -111.2505
   3423    3783  3822.80    4268.22  114.0299  22.3011   0.7715     -103.5802
   3423    3905  3840.32    4388.87  114.0532  22.2975   0.9605     -98.8626
   3423    4027  3857.86    4509.59  114.0766  22.2939   1.1538     -95.7057
   3423    4149  3875.41    4630.38  114.0999  22.2902   1.3498     -93.4561
   3423    4271  3892.97    4751.26  114.1233  22.2866   1.5474     -91.7757
   3423    4393  3910.55    4872.24  114.1467  22.2830   1.7461     -90.4738
   3423    4515  3928.14    4993.33  114.1701  22.2794   1.9457     -89.4360
   3423    4637  3945.75    5114.53  114.1935  22.2757   2.1460     -88.5892
   3423    4759  3963.37    5235.86  114.2169  22.2721   2.3468     -87.8850
   3423    4881  3981.02    5357.33  114.2404  22.2684   2.5481     -87.2899
   3423    5003  3998.69    5478.94  114.2639  22.2648   2.7497     -86.7803
   3423    5125  4016.38    5600.72  114.2874  22.2611   2.9518     -86.3386
   3423    5247  4034.10    5722.65  114.3110  22.2574   3.1542     -85.9521
   3423    5369  4051.84    5844.77  114.3346  22.2538   3.3570     -85.6107
   3423    5491  4069.61    5967.07  114.3582  22.2501   3.5601     -85.3068
   3423    5613  4087.40    6089.57  114.3818  22.2464   3.7635     -85.0344
   3423    5735  4105.23    6212.28  114.4055  22.2426   3.9673     -84.7887
   3423    5857  4123.09    6335.20  114.4293  22.2389   4.1714     -84.5659
   3423    6000  4144.07    6479.57  114.4571  22.2345   4.4110     -84.3295
   3541       1  3392.21    483.46  113.2970  22.3909   5.5747     102.2373
   3541     123  3410.15    606.95  113.3210  22.3873   5.3700     102.3649
   3541     245  3428.05    730.20  113.3448  22.3837   5.1655     102.5017
   3541     367  3445.93    853.21  113.3687  22.3801   4.9614     102.6488
   3541     489  3463.77    976.00  113.3924  22.3766   4.7576     102.8076
   3541     611  3481.58    1098.58  113.4162  22.3730   4.5540     102.9794
   3541     733  3499.36    1220.96  113.4399  22.3694   4.3508     103.1662
   3541     855  3517.11    1343.15  113.4635  22.3659   4.1478     103.3702
   3541     977  3534.84    1465.16  113.4872  22.3623   3.9450     103.5940
   3541    1099  3552.54    1587.00  113.5107  22.3587   3.7426     103.8407
   3541    1221  3570.22    1708.67  113.5343  22.3552   3.5404     104.1144
   3541    1343  3587.88    1830.19  113.5578  22.3516   3.3385     104.4197
   3541    1465  3605.51    1951.58  113.5813  22.3481   3.1368     104.7629
   3541    1587  3623.13    2072.83  113.6048  22.3445   2.9354     105.1516
   3541    1709  3640.73    2193.96  113.6282  22.3409   2.7344     105.5959
   3541    1831  3658.31    2314.97  113.6517  22.3374   2.5336     106.1088
   3541    1953  3675.88    2435.89  113.6751  22.3338   2.3332     106.7080
   3541    2075  3693.43    2556.72  113.6984  22.3303   2.1331     107.4177
   3541    2197  3710.98    2677.46  113.7218  22.3267   1.9336     108.2716
   3541    2319  3728.51    2798.13  113.7451  22.3232   1.7346     109.3193
   3541    2441  3746.03    2918.74  113.7685  22.3196   1.5365     110.6349
   3541    2563  3763.55    3039.30  113.7918  22.3160   1.3394     112.3357
   3541    2685  3781.06    3159.82  113.8151  22.3125   1.1439     114.6167
   3541    2807  3798.57    3280.31  113.8384  22.3089   0.9511     117.8258
   3541    2929  3816.07    3400.77  113.8617  22.3053   0.7626     122.6372
   3541    3051  3833.57    3521.22  113.8850  22.3018   0.5830     130.4949
   3541    3173  3851.07    3641.67  113.9083  22.2982   0.4236     144.7370
   3541    3295  3868.58    3762.13  113.9316  22.2946   0.3164     171.6921
   3541    3417  3886.08    3882.61  113.9549  22.2910   0.3193     -151.3375
   3541    3539  3903.59    4003.11  113.9782  22.2874   0.4302     -125.0772
   3541    3661  3921.11    4123.65  114.0015  22.2838   0.5911     -111.2426
   3541    3783  3938.63    4244.24  114.0248  22.2803   0.7715     -103.5742
   3541    3905  3956.16    4364.89  114.0481  22.2767   0.9604     -98.8579
   3541    4027  3973.70    4485.61  114.0715  22.2730   1.1538     -95.7020
   3541    4149  3991.25    4606.40  114.0948  22.2694   1.3498     -93.4532
   3541    4271  4008.82    4727.28  114.1182  22.2658   1.5474     -91.7733
   3541    4393  4026.39    4848.26  114.1415  22.2622   1.7461     -90.4719
   3541    4515  4043.99    4969.34  114.1649  22.2586   1.9457     -89.4344
   3541    4637  4061.60    5090.54  114.1884  22.2549   2.1460     -88.5879
   3541    4759  4079.23    5211.87  114.2118  22.2513   2.3468     -87.8839
   3541    4881  4096.88    5333.34  114.2353  22.2476   2.5481     -87.2891
   3541    5003  4114.55    5454.95  114.2588  22.2440   2.7498     -86.7796
   3541    5125  4132.25    5576.72  114.2823  22.2403   2.9518     -86.3382
   3541    5247  4149.97    5698.66  114.3058  22.2366   3.1542     -85.9517
   3541    5369  4167.71    5820.78  114.3294  22.2329   3.3570     -85.6105
   3541    5491  4185.48    5943.08  114.3530  22.2293   3.5601     -85.3067
   3541    5613  4203.28    6065.58  114.3767  22.2255   3.7635     -85.0344
   3541    5735  4221.12    6188.28  114.4004  22.2218   3.9673     -84.7888
   3541    5857  4238.98    6311.20  114.4241  22.2181   4.1714     -84.5660
   3541    6000  4259.96    6455.57  114.4520  22.2137   4.4110     -84.3297
   3659       1  3507.94    459.51  113.2921  22.3700   5.5747     102.2352
   3659     123  3525.88    583.00  113.3160  22.3665   5.3699     102.3627
   3659     245  3543.79    706.25  113.3398  22.3629   5.1655     102.4995
   3659     367  3561.67    829.26  113.3637  22.3593   4.9614     102.6466
   3659     489  3579.51    952.05  113.3874  22.3557   4.7575     102.8052
   3659     611  3597.33    1074.63  113.4112  22.3522   4.5540     102.9770
   3659     733  3615.11    1197.01  113.4349  22.3486   4.3507     103.1638
   3659     855  3632.87    1319.20  113.4585  22.3450   4.1477     103.3677
   3659     977  3650.60    1441.20  113.4821  22.3415   3.9450     103.5914
   3659    1099  3668.30    1563.04  113.5057  22.3379   3.7426     103.8380
   3659    1221  3685.98    1684.71  113.5293  22.3344   3.5404     104.1116
   3659    1343  3703.64    1806.23  113.5528  22.3308   3.3384     104.4168
   3659    1465  3721.28    1927.62  113.5763  22.3272   3.1368     104.7599
   3659    1587  3738.90    2048.86  113.5998  22.3237   2.9354     105.1485
   3659    1709  3756.50    2169.99  113.6232  22.3201   2.7343     105.5926
   3659    1831  3774.09    2291.01  113.6466  22.3166   2.5335     106.1054
   3659    1953  3791.66    2411.93  113.6700  22.3130   2.3331     106.7044
   3659    2075  3809.22    2532.75  113.6934  22.3095   2.1331     107.4138
   3659    2197  3826.77    2653.49  113.7167  22.3059   1.9335     108.2675
   3659    2319  3844.30    2774.16  113.7401  22.3023   1.7346     109.3148
   3659    2441  3861.83    2894.77  113.7634  22.2988   1.5364     110.6301
   3659    2563  3879.35    3015.33  113.7867  22.2952   1.3394     112.3304
   3659    2685  3896.86    3135.85  113.8100  22.2917   1.1439     114.6108
   3659    2807  3914.37    3256.33  113.8333  22.2881   0.9510     117.8191
   3659    2929  3931.88    3376.79  113.8566  22.2845   0.7626     122.6296
   3659    3051  3949.39    3497.25  113.8799  22.2809   0.5830     130.4861
   3659    3173  3966.89    3617.69  113.9032  22.2774   0.4235     144.7279
   3659    3295  3984.40    3738.15  113.9265  22.2738   0.3163     171.6886
   3659    3417  4001.90    3858.63  113.9498  22.2702   0.3192     -151.3296
   3659    3539  4019.42    3979.13  113.9731  22.2666   0.4301     -125.0673
   3659    3661  4036.93    4099.67  113.9964  22.2630   0.5911     -111.2346
   3659    3783  4054.46    4220.26  114.0197  22.2594   0.7715     -103.5681
   3659    3905  4071.99    4340.91  114.0430  22.2558   0.9604     -98.8533
   3659    4027  4089.54    4461.62  114.0663  22.2522   1.1538     -95.6984
   3659    4149  4107.09    4582.41  114.0897  22.2486   1.3498     -93.4503
   3659    4271  4124.66    4703.29  114.1130  22.2450   1.5474     -91.7710
   3659    4393  4142.24    4824.27  114.1364  22.2414   1.7462     -90.4700
   3659    4515  4159.84    4945.35  114.1598  22.2378   1.9458     -89.4329
   3659    4637  4177.45    5066.55  114.1832  22.2341   2.1460     -88.5866
   3659    4759  4195.09    5187.88  114.2067  22.2305   2.3468     -87.8829
   3659    4881  4212.74    5309.34  114.2301  22.2268   2.5481     -87.2883
   3659    5003  4230.42    5430.96  114.2536  22.2232   2.7498     -86.7790
   3659    5125  4248.11    5552.73  114.2771  22.2195   2.9518     -86.3377
   3659    5247  4265.83    5674.66  114.3007  22.2158   3.1542     -85.9514
   3659    5369  4283.58    5796.78  114.3243  22.2121   3.3570     -85.6102
   3659    5491  4301.36    5919.08  114.3479  22.2084   3.5601     -85.3066
   3659    5613  4319.16    6041.57  114.3715  22.2047   3.7635     -85.0344
   3659    5735  4337.00    6164.28  114.3952  22.2010   3.9673     -84.7889
   3659    5857  4354.86    6287.20  114.4190  22.1973   4.1714     -84.5662
   3659    6000  4375.85    6431.57  114.4468  22.1929   4.4110     -84.3300
   3777       1  3623.67    435.56  113.2871  22.3492   5.5747     102.2330
   3777     123  3641.62    559.05  113.3110  22.3456   5.3699     102.3606
   3777     245  3659.53    682.29  113.3348  22.3420   5.1655     102.4973
   3777     367  3677.41    805.30  113.3587  22.3385   4.9613     102.6443
   3777     489  3695.26    928.10  113.3824  22.3349   4.7575     102.8029
   3777     611  3713.07    1050.67  113.4062  22.3313   4.5540     102.9746
   3777     733  3730.86    1173.05  113.4299  22.3278   4.3507     103.1613
   3777     855  3748.62    1295.24  113.4535  22.3242   4.1477     103.3652
   3777     977  3766.35    1417.24  113.4771  22.3206   3.9450     103.5888
   3777    1099  3784.06    1539.08  113.5007  22.3171   3.7425     103.8353
   3777    1221  3801.74    1660.75  113.5243  22.3135   3.5403     104.1088
   3777    1343  3819.41    1782.27  113.5478  22.3100   3.3384     104.4139
   3777    1465  3837.05    1903.65  113.5713  22.3064   3.1368     104.7569
   3777    1587  3854.67    2024.90  113.5947  22.3029   2.9354     105.1453
   3777    1709  3872.28    2146.03  113.6182  22.2993   2.7343     105.5893
   3777    1831  3889.87    2267.04  113.6416  22.2957   2.5335     106.1019
   3777    1953  3907.44    2387.96  113.6650  22.2922   2.3331     106.7008
   3777    2075  3925.00    2508.78  113.6883  22.2886   2.1331     107.4099
   3777    2197  3942.55    2629.52  113.7117  22.2851   1.9335     108.2634
   3777    2319  3960.09    2750.19  113.7350  22.2815   1.7346     109.3104
   3777    2441  3977.62    2870.80  113.7584  22.2780   1.5364     110.6253
   3777    2563  3995.15    2991.36  113.7817  22.2744   1.3393     112.3251
   3777    2685  4012.67    3111.87  113.8050  22.2708   1.1438     114.6049
   3777    2807  4030.18    3232.35  113.8283  22.2673   0.9510     117.8124
   3777    2929  4047.69    3352.82  113.8516  22.2637   0.7625     122.6219
   3777    3051  4065.20    3473.27  113.8748  22.2601   0.5829     130.4773
   3777    3173  4082.70    3593.71  113.8981  22.2566   0.4234     144.7189
   3777    3295  4100.21    3714.17  113.9214  22.2530   0.3162     171.6851
   3777    3417  4117.72    3834.64  113.9447  22.2494   0.3191     -151.3218
   3777    3539  4135.24    3955.15  113.9680  22.2458   0.4300     -125.0573
   3777    3661  4152.76    4075.69  113.9913  22.2422   0.5911     -111.2267
   3777    3783  4170.29    4196.27  114.0146  22.2386   0.7714     -103.5621
   3777    3905  4187.83    4316.92  114.0379  22.2350   0.9604     -98.8487
   3777    4027  4205.37    4437.63  114.0612  22.2314   1.1538     -95.6947
   3777    4149  4222.93    4558.42  114.0846  22.2278   1.3498     -93.4474
   3777    4271  4240.50    4679.30  114.1079  22.2242   1.5474     -91.7686
   3777    4393  4258.09    4800.27  114.1313  22.2206   1.7462     -90.4681
   3777    4515  4275.69    4921.36  114.1547  22.2169   1.9458     -89.4313
   3777    4637  4293.30    5042.56  114.1781  22.2133   2.1460     -88.5854
   3777    4759  4310.94    5163.88  114.2015  22.2097   2.3468     -87.8819
   3777    4881  4328.60    5285.35  114.2250  22.2060   2.5481     -87.2875
   3777    5003  4346.28    5406.96  114.2485  22.2024   2.7498     -86.7784
   3777    5125  4363.98    5528.73  114.2720  22.1987   2.9518     -86.3372
   3777    5247  4381.70    5650.66  114.2956  22.1950   3.1542     -85.9511
   3777    5369  4399.45    5772.77  114.3191  22.1913   3.3570     -85.6100
   3777    5491  4417.23    5895.07  114.3427  22.1876   3.5601     -85.3065
   3777    5613  4435.04    6017.57  114.3664  22.1839   3.7635     -85.0344
   3777    5735  4452.88    6140.27  114.3901  22.1802   3.9673     -84.7890
   3777    5857  4470.75    6263.19  114.4138  22.1765   4.1714     -84.5664
   3777    6000  4491.73    6407.56  114.4417  22.1721   4.4110     -84.3302
   3895       1  3739.40    411.61  113.2821  22.3284   5.5746     102.2309
   3895     123  3757.35    535.09  113.3060  22.3248   5.3699     102.3584
   3895     245  3775.26    658.33  113.3298  22.3212   5.1655     102.4951
   3895     367  3793.15    781.35  113.3537  22.3176   4.9613     102.6420
   3895     489  3811.00    904.13  113.3774  22.3141   4.7575     102.8005
   3895     611  3828.82    1026.71  113.4012  22.3105   4.5539     102.9722
   3895     733  3846.61    1149.09  113.4248  22.3069   4.3507     103.1588
   3895     855  3864.37    1271.27  113.4485  22.3034   4.1477     103.3626
   3895     977  3882.11    1393.28  113.4721  22.2998   3.9450     103.5862
   3895    1099  3899.82    1515.11  113.4957  22.2963   3.7425     103.8326
   3895    1221  3917.51    1636.78  113.5192  22.2927   3.5403     104.1060
   3895    1343  3935.17    1758.30  113.5427  22.2891   3.3384     104.4110
   3895    1465  3952.82    1879.68  113.5662  22.2856   3.1367     104.7539
   3895    1587  3970.44    2000.93  113.5897  22.2820   2.9354     105.1422
   3895    1709  3988.05    2122.05  113.6131  22.2785   2.7343     105.5860
   3895    1831  4005.65    2243.07  113.6365  22.2749   2.5335     106.0985
   3895    1953  4023.22    2363.98  113.6599  22.2714   2.3331     106.6971
   3895    2075  4040.79    2484.80  113.6833  22.2678   2.1330     107.4061
   3895    2197  4058.34    2605.54  113.7066  22.2643   1.9335     108.2593
   3895    2319  4075.88    2726.21  113.7300  22.2607   1.7345     109.3060
   3895    2441  4093.42    2846.82  113.7533  22.2571   1.5364     110.6205
   3895    2563  4110.94    2967.38  113.7766  22.2536   1.3393     112.3198
   3895    2685  4128.46    3087.89  113.7999  22.2500   1.1438     114.5990
   3895    2807  4145.98    3208.37  113.8232  22.2465   0.9509     117.8057
   3895    2929  4163.49    3328.83  113.8465  22.2429   0.7625     122.6142
   3895    3051  4181.00    3449.28  113.8698  22.2393   0.5828     130.4685
   3895    3173  4198.52    3569.73  113.8931  22.2357   0.4233     144.7099
   3895    3295  4216.03    3690.18  113.9163  22.2322   0.3161     171.6815
   3895    3417  4233.54    3810.66  113.9396  22.2286   0.3190     -151.3139
   3895    3539  4251.06    3931.16  113.9629  22.2250   0.4300     -125.0473
   3895    3661  4268.58    4051.70  113.9862  22.2214   0.5910     -111.2187
   3895    3783  4286.12    4172.28  114.0095  22.2178   0.7714     -103.5561
   3895    3905  4303.66    4292.93  114.0328  22.2142   0.9604     -98.8440
   3895    4027  4321.21    4413.64  114.0561  22.2106   1.1538     -95.6911
   3895    4149  4338.77    4534.43  114.0795  22.2070   1.3498     -93.4445
   3895    4271  4356.34    4655.30  114.1028  22.2034   1.5474     -91.7662
   3895    4393  4373.93    4776.28  114.1262  22.1998   1.7462     -90.4662
   3895    4515  4391.53    4897.36  114.1496  22.1961   1.9458     -89.4297
   3895    4637  4409.15    5018.56  114.1730  22.1925   2.1460     -88.5841
   3895    4759  4426.79    5139.88  114.1964  22.1889   2.3468     -87.8809
   3895    4881  4444.45    5261.34  114.2199  22.1852   2.5481     -87.2867
   3895    5003  4462.14    5382.95  114.2434  22.1815   2.7498     -86.7777
   3895    5125  4479.84    5504.72  114.2669  22.1779   2.9518     -86.3367
   3895    5247  4497.57    5626.66  114.2904  22.1742   3.1543     -85.9507
   3895    5369  4515.32    5748.77  114.3140  22.1705   3.3570     -85.6098
   3895    5491  4533.10    5871.06  114.3376  22.1668   3.5601     -85.3064
   3895    5613  4550.91    5993.56  114.3612  22.1631   3.7635     -85.0344
   3895    5735  4568.76    6116.26  114.3849  22.1594   3.9673     -84.7890
   3895    5857  4586.63    6239.18  114.4086  22.1557   4.1714     -84.5665
   3895    6000  4607.62    6383.54  114.4365  22.1513   4.4110     -84.3305
   4013       1  3855.12    387.65  113.2771  22.3076   5.5746     102.2288
   4013     123  3873.08    511.13  113.3010  22.3040   5.3699     102.3562
   4013     245  3891.00    634.37  113.3249  22.3004   5.1654     102.4928
   4013     367  3908.88    757.38  113.3487  22.2968   4.9613     102.6397
   4013     489  3926.74    880.17  113.3724  22.2933   4.7575     102.7982
   4013     611  3944.56    1002.75  113.3962  22.2897   4.5539     102.9698
   4013     733  3962.35    1125.12  113.4198  22.2861   4.3507     103.1564
   4013     855  3980.12    1247.31  113.4435  22.2826   4.1477     103.3601
   4013     977  3997.86    1369.31  113.4671  22.2790   3.9449     103.5835
   4013    1099  4015.58    1491.14  113.4907  22.2754   3.7425     103.8299
   4013    1221  4033.27    1612.81  113.5142  22.2719   3.5403     104.1032
   4013    1343  4050.94    1734.33  113.5377  22.2683   3.3384     104.4081
   4013    1465  4068.58    1855.71  113.5612  22.2648   3.1367     104.7508
   4013    1587  4086.21    1976.95  113.5846  22.2612   2.9353     105.1390
   4013    1709  4103.83    2098.08  113.6081  22.2577   2.7342     105.5827
   4013    1831  4121.42    2219.09  113.6315  22.2541   2.5335     106.0950
   4013    1953  4139.00    2340.00  113.6549  22.2506   2.3330     106.6935
   4013    2075  4156.57    2460.82  113.6782  22.2470   2.1330     107.4022
   4013    2197  4174.13    2581.56  113.7016  22.2434   1.9334     108.2551
   4013    2319  4191.67    2702.23  113.7249  22.2399   1.7345     109.3015
   4013    2441  4209.21    2822.84  113.7482  22.2363   1.5363     110.6156
   4013    2563  4226.74    2943.39  113.7715  22.2328   1.3392     112.3145
   4013    2685  4244.26    3063.90  113.7948  22.2292   1.1438     114.5931
   4013    2807  4261.78    3184.39  113.8181  22.2256   0.9508     117.7990
   4013    2929  4279.30    3304.84  113.8414  22.2221   0.7624     122.6065
   4013    3051  4296.81    3425.29  113.8647  22.2185   0.5828     130.4597
   4013    3173  4314.33    3545.74  113.8880  22.2149   0.4232     144.7008
   4013    3295  4331.84    3666.19  113.9113  22.2113   0.3160     171.6780
   4013    3417  4349.36    3786.66  113.9345  22.2078   0.3189     -151.3060
   4013    3539  4366.88    3907.16  113.9578  22.2042   0.4299     -125.0373
   4013    3661  4384.41    4027.70  113.9811  22.2006   0.5910     -111.2108
   4013    3783  4401.94    4148.29  114.0044  22.1970   0.7714     -103.5500
   4013    3905  4419.49    4268.93  114.0277  22.1934   0.9604     -98.8393
   4013    4027  4437.04    4389.64  114.0510  22.1898   1.1538     -95.6874
   4013    4149  4454.60    4510.43  114.0744  22.1862   1.3498     -93.4416
   4013    4271  4472.18    4631.30  114.0977  22.1826   1.5474     -91.7639
   4013    4393  4489.77    4752.27  114.1211  22.1790   1.7462     -90.4643
   4013    4515  4507.38    4873.35  114.1445  22.1753   1.9458     -89.4282
   4013    4637  4525.00    4994.55  114.1679  22.1717   2.1460     -88.5828
   4013    4759  4542.65    5115.88  114.1913  22.1680   2.3468     -87.8799
   4013    4881  4560.31    5237.34  114.2148  22.1644   2.5481     -87.2859
   4013    5003  4577.99    5358.95  114.2382  22.1607   2.7498     -86.7771
   4013    5125  4595.70    5480.71  114.2617  22.1571   2.9518     -86.3362
   4013    5247  4613.43    5602.65  114.2853  22.1534   3.1543     -85.9504
   4013    5369  4631.19    5724.75  114.3088  22.1497   3.3570     -85.6096
   4013    5491  4648.98    5847.05  114.3325  22.1460   3.5601     -85.3062
   4013    5613  4666.79    5969.54  114.3561  22.1423   3.7636     -85.0344
   4013    5735  4684.63    6092.25  114.3798  22.1386   3.9673     -84.7891
   4013    5857  4702.51    6215.16  114.4035  22.1349   4.1714     -84.5667
   4013    6000  4723.50    6359.53  114.4314  22.1305   4.4111     -84.3307
   4131       1  3970.85    363.68  113.2721  22.2867   5.5746     102.2266
   4131     123  3988.81    487.16  113.2960  22.2831   5.3698     102.3540
   4131     245  4006.73    610.41  113.3199  22.2796   5.1654     102.4906
   4131     367  4024.62    733.41  113.3437  22.2760   4.9613     102.6374
   4131     489  4042.48    856.20  113.3674  22.2724   4.7574     102.7959
   4131     611  4060.30    978.78  113.3911  22.2689   4.5539     102.9674
   4131     733  4078.10    1101.15  113.4148  22.2653   4.3506     103.1539
   4131     855  4095.87    1223.33  113.4385  22.2617   4.1476     103.3575
   4131     977  4113.61    1345.34  113.4621  22.2582   3.9449     103.5809
   4131    1099  4131.33    1467.17  113.4856  22.2546   3.7425     103.8272
   4131    1221  4149.03    1588.84  113.5092  22.2511   3.5403     104.1004
   4131    1343  4166.70    1710.35  113.5327  22.2475   3.3383     104.4052
   4131    1465  4184.35    1831.73  113.5562  22.2439   3.1367     104.7478
   4131    1587  4201.98    1952.97  113.5796  22.2404   2.9353     105.1359
   4131    1709  4219.60    2074.10  113.6030  22.2368   2.7342     105.5794
   4131    1831  4237.20    2195.11  113.6264  22.2333   2.5334     106.0916
   4131    1953  4254.78    2316.02  113.6498  22.2297   2.3330     106.6898
   4131    2075  4272.35    2436.84  113.6732  22.2262   2.1330     107.3983
   4131    2197  4289.91    2557.58  113.6965  22.2226   1.9334     108.2510
   4131    2319  4307.46    2678.25  113.7199  22.2191   1.7344     109.2971
   4131    2441  4325.00    2798.85  113.7432  22.2155   1.5363     110.6108
   4131    2563  4342.53    2919.40  113.7665  22.2119   1.3392     112.3092
   4131    2685  4360.06    3039.92  113.7898  22.2084   1.1437     114.5872
   4131    2807  4377.58    3160.40  113.8131  22.2048   0.9508     117.7923
   4131    2929  4395.10    3280.85  113.8363  22.2013   0.7624     122.5988
   4131    3051  4412.62    3401.30  113.8596  22.1977   0.5827     130.4509
   4131    3173  4430.14    3521.74  113.8829  22.1941   0.4232     144.6918
   4131    3295  4447.65    3642.20  113.9062  22.1905   0.3159     171.6744
   4131    3417  4465.17    3762.67  113.9295  22.1870   0.3188     -151.2981
   4131    3539  4482.70    3883.17  113.9527  22.1834   0.4299     -125.0273
   4131    3661  4500.23    4003.70  113.9760  22.1798   0.5909     -111.2028
   4131    3783  4517.77    4124.29  113.9993  22.1762   0.7714     -103.5440
   4131    3905  4535.31    4244.93  114.0226  22.1726   0.9604     -98.8347
   4131    4027  4552.87    4365.64  114.0459  22.1690   1.1538     -95.6838
   4131    4149  4570.44    4486.42  114.0693  22.1654   1.3498     -93.4386
   4131    4271  4588.02    4607.30  114.0926  22.1618   1.5474     -91.7615
   4131    4393  4605.61    4728.27  114.1160  22.1581   1.7462     -90.4623
   4131    4515  4623.22    4849.35  114.1394  22.1545   1.9458     -89.4266
   4131    4637  4640.85    4970.54  114.1628  22.1509   2.1460     -88.5816
   4131    4759  4658.50    5091.87  114.1862  22.1472   2.3468     -87.8788
   4131    4881  4676.16    5213.33  114.2096  22.1436   2.5481     -87.2850
   4131    5003  4693.85    5334.94  114.2331  22.1399   2.7498     -86.7765
   4131    5125  4711.56    5456.70  114.2566  22.1363   2.9519     -86.3358
   4131    5247  4729.30    5578.63  114.2801  22.1326   3.1543     -85.9500
   4131    5369  4747.06    5700.74  114.3037  22.1289   3.3570     -85.6093
   4131    5491  4764.85    5823.04  114.3273  22.1252   3.5601     -85.3061
   4131    5613  4782.66    5945.53  114.3509  22.1215   3.7636     -85.0343
   4131    5735  4800.51    6068.23  114.3746  22.1178   3.9673     -84.7892
   4131    5857  4818.39    6191.14  114.3983  22.1141   4.1714     -84.5668
   4131    6000  4839.39    6335.51  114.4262  22.1097   4.4111     -84.3310
   4249       1  4086.58    339.71  113.2671  22.2659   5.5746     102.2245
   4249     123  4104.54    463.20  113.2910  22.2623   5.3698     102.3519
   4249     245  4122.46    586.43  113.3149  22.2587   5.1654     102.4884
   4249     367  4140.36    709.44  113.3387  22.2552   4.9612     102.6352
   4249     489  4158.22    832.23  113.3624  22.2516   4.7574     102.7935
   4249     611  4176.05    954.80  113.3861  22.2480   4.5539     102.9650
   4249     733  4193.85    1077.18  113.4098  22.2445   4.3506     103.1515
   4249     855  4211.62    1199.36  113.4335  22.2409   4.1476     103.3550
   4249     977  4229.36    1321.36  113.4571  22.2373   3.9449     103.5783
   4249    1099  4247.09    1443.19  113.4806  22.2338   3.7424     103.8245
   4249    1221  4264.78    1564.86  113.5042  22.2302   3.5402     104.0976
   4249    1343  4282.46    1686.37  113.5277  22.2267   3.3383     104.4023
   4249    1465  4300.11    1807.75  113.5511  22.2231   3.1366     104.7448
   4249    1587  4317.75    1928.99  113.5746  22.2196   2.9353     105.1328
   4249    1709  4335.37    2050.11  113.5980  22.2160   2.7342     105.5762
   4249    1831  4352.97    2171.12  113.6214  22.2125   2.5334     106.0881
   4249    1953  4370.56    2292.03  113.6448  22.2089   2.3330     106.6862
   4249    2075  4388.13    2412.85  113.6681  22.2054   2.1329     107.3945
   4249    2197  4405.69    2533.59  113.6915  22.2018   1.9334     108.2469
   4249    2319  4423.25    2654.26  113.7148  22.1982   1.7344     109.2926
   4249    2441  4440.79    2774.86  113.7381  22.1947   1.5362     110.6060
   4249    2563  4458.33    2895.41  113.7614  22.1911   1.3391     112.3039
   4249    2685  4475.86    3015.92  113.7847  22.1876   1.1437     114.5813
   4249    2807  4493.38    3136.40  113.8080  22.1840   0.9507     117.7856
   4249    2929  4510.90    3256.86  113.8313  22.1804   0.7623     122.5911
   4249    3051  4528.42    3377.30  113.8546  22.1769   0.5826     130.4421
   4249    3173  4545.94    3497.75  113.8778  22.1733   0.4231     144.6827
   4249    3295  4563.47    3618.20  113.9011  22.1697   0.3158     171.6709
   4249    3417  4580.99    3738.67  113.9244  22.1661   0.3188     -151.2902
   4249    3539  4598.52    3859.16  113.9476  22.1626   0.4298     -125.0172
   4249    3661  4616.05    3979.70  113.9709  22.1590   0.5909     -111.1948
   4249    3783  4633.59    4100.28  113.9942  22.1554   0.7714     -103.5379
   4249    3905  4651.14    4220.92  114.0175  22.1518   0.9604     -98.8300
   4249    4027  4668.70    4341.63  114.0408  22.1482   1.1538     -95.6801
   4249    4149  4686.27    4462.42  114.0642  22.1446   1.3498     -93.4357
   4249    4271  4703.86    4583.29  114.0875  22.1409   1.5474     -91.7592
   4249    4393  4721.45    4704.26  114.1109  22.1373   1.7462     -90.4604
   4249    4515  4739.07    4825.34  114.1342  22.1337   1.9458     -89.4250
   4249    4637  4756.70    4946.53  114.1576  22.1301   2.1460     -88.5803
   4249    4759  4774.35    5067.85  114.1811  22.1264   2.3468     -87.8778
   4249    4881  4792.02    5189.31  114.2045  22.1228   2.5481     -87.2842
   4249    5003  4809.71    5310.92  114.2280  22.1191   2.7498     -86.7758
   4249    5125  4827.42    5432.68  114.2515  22.1155   2.9519     -86.3353
   4249    5247  4845.16    5554.61  114.2750  22.1118   3.1543     -85.9497
   4249    5369  4862.92    5676.72  114.2986  22.1081   3.3570     -85.6091
   4249    5491  4880.71    5799.01  114.3222  22.1044   3.5601     -85.3060
   4249    5613  4898.53    5921.51  114.3458  22.1007   3.7636     -85.0343
   4249    5735  4916.38    6044.20  114.3695  22.0970   3.9673     -84.7893
   4249    5857  4934.27    6167.12  114.3932  22.0933   4.1714     -84.5670
   4249    6000  4955.27    6311.48  114.4210  22.0889   4.4111     -84.3312
   4367       1  4202.30    315.74  113.2621  22.2451   5.5745     102.2224
   4367     123  4220.27    439.22  113.2860  22.2415   5.3698     102.3497
   4367     245  4238.20    562.46  113.3099  22.2379   5.1653     102.4862
   4367     367  4256.09    685.47  113.3337  22.2343   4.9612     102.6329
   4367     489  4273.95    808.25  113.3574  22.2308   4.7574     102.7912
   4367     611  4291.79    930.82  113.3811  22.2272   4.5538     102.9626
   4367     733  4309.59    1053.20  113.4048  22.2236   4.3506     103.1490
   4367     855  4327.37    1175.38  113.4284  22.2201   4.1476     103.3525
   4367     977  4345.11    1297.38  113.4520  22.2165   3.9449     103.5757
   4367    1099  4362.84    1419.21  113.4756  22.2130   3.7424     103.8218
   4367    1221  4380.54    1540.87  113.4991  22.2094   3.5402     104.0948
   4367    1343  4398.22    1662.39  113.5226  22.2059   3.3383     104.3994
   4367    1465  4415.88    1783.76  113.5461  22.2023   3.1366     104.7418
   4367    1587  4433.52    1905.00  113.5696  22.1987   2.9352     105.1296
   4367    1709  4451.14    2026.13  113.5930  22.1952   2.7341     105.5729
   4367    1831  4468.74    2147.14  113.6164  22.1916   2.5334     106.0847
   4367    1953  4486.33    2268.04  113.6397  22.1881   2.3329     106.6825
   4367    2075  4503.91    2388.86  113.6631  22.1845   2.1329     107.3906
   4367    2197  4521.48    2509.60  113.6864  22.1810   1.9333     108.2427
   4367    2319  4539.03    2630.26  113.7098  22.1774   1.7344     109.2882
   4367    2441  4556.58    2750.86  113.7331  22.1739   1.5362     110.6011
   4367    2563  4574.12    2871.42  113.7564  22.1703   1.3391     112.2986
   4367    2685  4591.65    2991.92  113.7797  22.1667   1.1436     114.5753
   4367    2807  4609.18    3112.40  113.8029  22.1632   0.9507     117.7789
   4367    2929  4626.70    3232.86  113.8262  22.1596   0.7622     122.5834
   4367    3051  4644.23    3353.30  113.8495  22.1560   0.5826     130.4332
   4367    3173  4661.75    3473.74  113.8727  22.1525   0.4230     144.6736
   4367    3295  4679.28    3594.19  113.8960  22.1489   0.3157     171.6673
   4367    3417  4696.80    3714.66  113.9193  22.1453   0.3187     -151.2822
   4367    3539  4714.33    3835.16  113.9426  22.1417   0.4298     -125.0072
   4367    3661  4731.87    3955.69  113.9658  22.1382   0.5909     -111.1868
   4367    3783  4749.42    4076.27  113.9891  22.1346   0.7713     -103.5318
   4367    3905  4766.97    4196.91  114.0124  22.1310   0.9604     -98.8253
   4367    4027  4784.53    4317.62  114.0357  22.1274   1.1538     -95.6764
   4367    4149  4802.10    4438.40  114.0591  22.1238   1.3498     -93.4328
   4367    4271  4819.69    4559.28  114.0824  22.1201   1.5474     -91.7568
   4367    4393  4837.29    4680.25  114.1058  22.1165   1.7462     -90.4585
   4367    4515  4854.91    4801.32  114.1291  22.1129   1.9458     -89.4235
   4367    4637  4872.54    4922.52  114.1525  22.1093   2.1460     -88.5790
   4367    4759  4890.19    5043.84  114.1759  22.1056   2.3468     -87.8767
   4367    4881  4907.87    5165.29  114.1994  22.1020   2.5481     -87.2834
   4367    5003  4925.56    5286.90  114.2228  22.0983   2.7498     -86.7752
   4367    5125  4943.28    5408.66  114.2463  22.0947   2.9519     -86.3348
   4367    5247  4961.02    5530.59  114.2699  22.0910   3.1543     -85.9493
   4367    5369  4978.79    5652.70  114.2934  22.0873   3.3571     -85.6089
   4367    5491  4996.58    5774.99  114.3170  22.0836   3.5602     -85.3059
   4367    5613  5014.40    5897.48  114.3407  22.0799   3.7636     -85.0343
   4367    5735  5032.26    6020.18  114.3643  22.0762   3.9674     -84.7893
   4367    5857  5050.14    6143.09  114.3880  22.0725   4.1714     -84.5671
   4367    6000  5071.15    6287.45  114.4159  22.0681   4.4111     -84.3314
   4485       1  4318.02    291.77  113.2571  22.2242   5.5745     102.2203
   4485     123  4335.99    415.25  113.2810  22.2207   5.3698     102.3475
   4485     245  4353.92    538.48  113.3049  22.2171   5.1653     102.4839
   4485     367  4371.82    661.49  113.3287  22.2135   4.9612     102.6306
   4485     489  4389.69    784.27  113.3524  22.2099   4.7574     102.7889
   4485     611  4407.52    906.84  113.3761  22.2064   4.5538     102.9602
   4485     733  4425.33    1029.22  113.3998  22.2028   4.3505     103.1465
   4485     855  4443.11    1151.40  113.4234  22.1993   4.1476     103.3499
   4485     977  4460.86    1273.39  113.4470  22.1957   3.9448     103.5731
   4485    1099  4478.59    1395.22  113.4706  22.1921   3.7424     103.8191
   4485    1221  4496.29    1516.89  113.4941  22.1886   3.5402     104.0920
   4485    1343  4513.97    1638.40  113.5176  22.1850   3.3382     104.3965
   4485    1465  4531.64    1759.77  113.5411  22.1815   3.1366     104.7388
   4485    1587  4549.28    1881.01  113.5645  22.1779   2.9352     105.1265
   4485    1709  4566.90    2002.14  113.5879  22.1744   2.7341     105.5696
   4485    1831  4584.51    2123.14  113.6113  22.1708   2.5333     106.0812
   4485    1953  4602.10    2244.05  113.6347  22.1673   2.3329     106.6789
   4485    2075  4619.69    2364.87  113.6581  22.1637   2.1329     107.3867
   4485    2197  4637.25    2485.60  113.6814  22.1602   1.9333     108.2386
   4485    2319  4654.81    2606.27  113.7047  22.1566   1.7343     109.2837
   4485    2441  4672.36    2726.87  113.7280  22.1530   1.5362     110.5963
   4485    2563  4689.90    2847.42  113.7513  22.1495   1.3391     112.2933
   4485    2685  4707.44    2967.93  113.7746  22.1459   1.1436     114.5694
   4485    2807  4724.97    3088.40  113.7979  22.1424   0.9506     117.7722
   4485    2929  4742.50    3208.86  113.8211  22.1388   0.7622     122.5757
   4485    3051  4760.03    3329.30  113.8444  22.1352   0.5825     130.4244
   4485    3173  4777.55    3449.74  113.8677  22.1317   0.4229     144.6646
   4485    3295  4795.08    3570.19  113.8909  22.1281   0.3156     171.6638
   4485    3417  4812.61    3690.66  113.9142  22.1245   0.3186     -151.2743
   4485    3539  4830.15    3811.15  113.9375  22.1209   0.4297     -124.9972
   4485    3661  4847.69    3931.68  113.9608  22.1173   0.5908     -111.1788
   4485    3783  4865.23    4052.26  113.9840  22.1137   0.7713     -103.5258
   4485    3905  4882.79    4172.90  114.0073  22.1101   0.9603     -98.8207
   4485    4027  4900.35    4293.61  114.0306  22.1065   1.1538     -95.6727
   4485    4149  4917.93    4414.39  114.0540  22.1029   1.3498     -93.4298
   4485    4271  4935.52    4535.26  114.0773  22.0993   1.5474     -91.7544
   4485    4393  4953.12    4656.23  114.1006  22.0957   1.7462     -90.4566
   4485    4515  4970.74    4777.31  114.1240  22.0921   1.9458     -89.4219
   4485    4637  4988.38    4898.50  114.1474  22.0884   2.1460     -88.5777
   4485    4759  5006.04    5019.82  114.1708  22.0848   2.3469     -87.8757
   4485    4881  5023.71    5141.27  114.1943  22.0812   2.5481     -87.2826
   4485    5003  5041.41    5262.88  114.2177  22.0775   2.7498     -86.7745
   4485    5125  5059.13    5384.64  114.2412  22.0738   2.9519     -86.3343
   4485    5247  5076.87    5506.57  114.2647  22.0702   3.1543     -85.9490
   4485    5369  5094.64    5628.67  114.2883  22.0665   3.3571     -85.6087
   4485    5491  5112.44    5750.96  114.3119  22.0628   3.5602     -85.3058
   4485    5613  5130.27    5873.45  114.3355  22.0591   3.7636     -85.0343
   4485    5735  5148.12    5996.15  114.3592  22.0554   3.9674     -84.7894
   4485    5857  5166.01    6119.06  114.3829  22.0517   4.1715     -84.5673
   4485    6000  5187.02    6263.42  114.4107  22.0473   4.4111     -84.3317
   4603       1  4433.74    267.79  113.2522  22.2034   5.5745     102.2181
   4603     123  4451.71    391.26  113.2760  22.1998   5.3697     102.3453
   4603     245  4469.65    514.50  113.2999  22.1963   5.1653     102.4817
   4603     367  4487.55    637.50  113.3237  22.1927   4.9612     102.6283
   4603     489  4505.42    760.29  113.3474  22.1891   4.7573     102.7865
   4603     611  4523.26    882.86  113.3711  22.1856   4.5538     102.9578
   4603     733  4541.07    1005.23  113.3948  22.1820   4.3505     103.1440
   4603     855  4558.85    1127.41  113.4184  22.1784   4.1475     103.3474
   4603     977  4576.61    1249.40  113.4420  22.1749   3.9448     103.5705
   4603    1099  4594.34    1371.23  113.4656  22.1713   3.7423     103.8164
   4603    1221  4612.05    1492.89  113.4891  22.1678   3.5401     104.0892
   4603    1343  4629.73    1614.41  113.5126  22.1642   3.3382     104.3936
   4603    1465  4647.40    1735.78  113.5361  22.1607   3.1366     104.7358
   4603    1587  4665.04    1857.02  113.5595  22.1571   2.9352     105.1233
   4603    1709  4682.67    1978.14  113.5829  22.1535   2.7341     105.5663
   4603    1831  4700.28    2099.15  113.6063  22.1500   2.5333     106.0777
   4603    1953  4717.88    2220.05  113.6297  22.1464   2.3329     106.6752
   4603    2075  4735.46    2340.87  113.6530  22.1429   2.1328     107.3829
   4603    2197  4753.03    2461.60  113.6763  22.1393   1.9333     108.2345
   4603    2319  4770.60    2582.26  113.6997  22.1358   1.7343     109.2793
   4603    2441  4788.15    2702.86  113.7230  22.1322   1.5361     110.5915
   4603    2563  4805.69    2823.41  113.7463  22.1287   1.3390     112.2879
   4603    2685  4823.23    2943.92  113.7695  22.1251   1.1435     114.5635
   4603    2807  4840.77    3064.39  113.7928  22.1215   0.9506     117.7654
   4603    2929  4858.30    3184.85  113.8161  22.1180   0.7621     122.5679
   4603    3051  4875.83    3305.29  113.8393  22.1144   0.5824     130.4155
   4603    3173  4893.36    3425.73  113.8626  22.1108   0.4228     144.6555
   4603    3295  4910.89    3546.18  113.8859  22.1073   0.3154     171.6602
   4603    3417  4928.42    3666.64  113.9091  22.1037   0.3185     -151.2663
   4603    3539  4945.96    3787.14  113.9324  22.1001   0.4296     -124.9871
   4603    3661  4963.50    3907.67  113.9557  22.0965   0.5908     -111.1708
   4603    3783  4981.05    4028.25  113.9789  22.0929   0.7713     -103.5197
   4603    3905  4998.61    4148.89  114.0022  22.0893   0.9603     -98.8160
   4603    4027  5016.18    4269.59  114.0255  22.0857   1.1538     -95.6691
   4603    4149  5033.76    4390.37  114.0489  22.0821   1.3498     -93.4269
   4603    4271  5051.35    4511.24  114.0722  22.0785   1.5474     -91.7520
   4603    4393  5068.96    4632.21  114.0955  22.0749   1.7462     -90.4546
   4603    4515  5086.58    4753.28  114.1189  22.0713   1.9458     -89.4203
   4603    4637  5104.22    4874.47  114.1423  22.0676   2.1460     -88.5764
   4603    4759  5121.88    4995.79  114.1657  22.0640   2.3469     -87.8747
   4603    4881  5139.56    5117.25  114.1891  22.0604   2.5481     -87.2817
   4603    5003  5157.26    5238.85  114.2126  22.0567   2.7498     -86.7739
   4603    5125  5174.98    5360.61  114.2361  22.0530   2.9519     -86.3338
   4603    5247  5192.73    5482.54  114.2596  22.0494   3.1543     -85.9486
   4603    5369  5210.51    5604.64  114.2832  22.0457   3.3571     -85.6084
   4603    5491  5228.31    5726.93  114.3068  22.0420   3.5602     -85.3056
   4603    5613  5246.14    5849.42  114.3304  22.0383   3.7636     -85.0342
   4603    5735  5264.00    5972.11  114.3540  22.0346   3.9674     -84.7895
   4603    5857  5281.89    6095.02  114.3777  22.0309   4.1715     -84.5674
   4603    6000  5302.90    6239.38  114.4056  22.0265   4.4111     -84.3319
   4721       1  4549.47    243.80  113.2472  22.1826   5.5745     102.2160
   4721     123  4567.44    367.28  113.2711  22.1790   5.3697     102.3432
   4721     245  4585.38    490.51  113.2949  22.1754   5.1653     102.4795
   4721     367  4603.28    613.52  113.3187  22.1719   4.9611     102.6260
   4721     489  4621.16    736.30  113.3424  22.1683   4.7573     102.7842
   4721     611  4639.00    858.87  113.3661  22.1647   4.5538     102.9554
   4721     733  4656.81    981.24  113.3898  22.1612   4.3505     103.1416
   4721     855  4674.60    1103.41  113.4134  22.1576   4.1475     103.3449
   4721     977  4692.36    1225.41  113.4370  22.1540   3.9448     103.5678
   4721    1099  4710.09    1347.23  113.4606  22.1505   3.7423     103.8137
   4721    1221  4727.80    1468.90  113.4841  22.1469   3.5401     104.0864
   4721    1343  4745.49    1590.41  113.5076  22.1434   3.3382     104.3907
   4721    1465  4763.16    1711.78  113.5310  22.1398   3.1365     104.7328
   4721    1587  4780.80    1833.02  113.5545  22.1363   2.9351     105.1202
   4721    1709  4798.44    1954.14  113.5779  22.1327   2.7340     105.5630
   4721    1831  4816.05    2075.15  113.6013  22.1292   2.5333     106.0743
   4721    1953  4833.65    2196.05  113.6246  22.1256   2.3328     106.6716
   4721    2075  4851.24    2316.86  113.6480  22.1221   2.1328     107.3790
   4721    2197  4868.81    2437.60  113.6713  22.1185   1.9332     108.2303
   4721    2319  4886.38    2558.26  113.6946  22.1150   1.7343     109.2748
   4721    2441  4903.93    2678.86  113.7179  22.1114   1.5361     110.5866
   4721    2563  4921.48    2799.40  113.7412  22.1078   1.3390     112.2826
   4721    2685  4939.02    2919.91  113.7645  22.1043   1.1435     114.5576
   4721    2807  4956.56    3040.38  113.7877  22.1007   0.9505     117.7587
   4721    2929  4974.10    3160.84  113.8110  22.0972   0.7621     122.5602
   4721    3051  4991.63    3281.28  113.8343  22.0936   0.5824     130.4067
   4721    3173  5009.16    3401.72  113.8575  22.0900   0.4227     144.6464
   4721    3295  5026.70    3522.16  113.8808  22.0865   0.3153     171.6566
   4721    3417  5044.23    3642.63  113.9040  22.0829   0.3184     -151.2584
   4721    3539  5061.77    3763.12  113.9273  22.0793   0.4296     -124.9770
   4721    3661  5079.32    3883.65  113.9506  22.0757   0.5908     -111.1628
   4721    3783  5096.87    4004.23  113.9739  22.0721   0.7713     -103.5136
   4721    3905  5114.44    4124.86  113.9971  22.0685   0.9603     -98.8113
   4721    4027  5132.01    4245.57  114.0204  22.0649   1.1537     -95.6654
   4721    4149  5149.59    4366.35  114.0438  22.0613   1.3497     -93.4239
   4721    4271  5167.19    4487.22  114.0671  22.0577   1.5474     -91.7496
   4721    4393  5184.80    4608.18  114.0904  22.0541   1.7462     -90.4527
   4721    4515  5202.42    4729.25  114.1138  22.0505   1.9458     -89.4187
   4721    4637  5220.07    4850.44  114.1372  22.0468   2.1461     -88.5751
   4721    4759  5237.73    4971.76  114.1606  22.0432   2.3469     -87.8736
   4721    4881  5255.41    5093.22  114.1840  22.0395   2.5481     -87.2809
   4721    5003  5273.11    5214.82  114.2075  22.0359   2.7498     -86.7732
   4721    5125  5290.84    5336.58  114.2310  22.0322   2.9519     -86.3333
   4721    5247  5308.59    5458.50  114.2545  22.0286   3.1543     -85.9482
   4721    5369  5326.37    5580.60  114.2780  22.0249   3.3571     -85.6082
   4721    5491  5344.17    5702.89  114.3016  22.0212   3.5602     -85.3055
   4721    5613  5362.00    5825.38  114.3252  22.0175   3.7636     -85.0342
   4721    5735  5379.87    5948.07  114.3489  22.0138   3.9674     -84.7895
   4721    5857  5397.76    6070.98  114.3726  22.0101   4.1715     -84.5676
   4721    6000  5418.78    6215.34  114.4004  22.0057   4.4111     -84.3321
   4839       1  4665.19    219.81  113.2422  22.1618   5.5744     102.2139
   4839     123  4683.16    343.29  113.2661  22.1582   5.3697     102.3410
   4839     245  4701.10    466.52  113.2899  22.1546   5.1652     102.4773
   4839     367  4719.01    589.52  113.3137  22.1510   4.9611     102.6238
   4839     489  4736.89    712.30  113.3374  22.1475   4.7573     102.7818
   4839     611  4754.74    834.87  113.3611  22.1439   4.5537     102.9530
   4839     733  4772.55    957.24  113.3848  22.1403   4.3505     103.1391
   4839     855  4790.34    1079.42  113.4084  22.1368   4.1475     103.3423
   4839     977  4808.10    1201.41  113.4320  22.1332   3.9447     103.5652
   4839    1099  4825.84    1323.24  113.4555  22.1297   3.7423     103.8110
   4839    1221  4843.55    1444.90  113.4791  22.1261   3.5401     104.0836
   4839    1343  4861.24    1566.41  113.5026  22.1226   3.3382     104.3878
   4839    1465  4878.91    1687.78  113.5260  22.1190   3.1365     104.7297
   4839    1587  4896.57    1809.02  113.5494  22.1155   2.9351     105.1170
   4839    1709  4914.20    1930.13  113.5728  22.1119   2.7340     105.5597
   4839    1831  4931.82    2051.14  113.5962  22.1084   2.5332     106.0708
   4839    1953  4949.42    2172.04  113.6196  22.1048   2.3328     106.6679
   4839    2075  4967.01    2292.86  113.6429  22.1012   2.1328     107.3751
   4839    2197  4984.59    2413.59  113.6663  22.0977   1.9332     108.2262
   4839    2319  5002.16    2534.25  113.6896  22.0941   1.7342     109.2704
   4839    2441  5019.72    2654.84  113.7129  22.0906   1.5360     110.5818
   4839    2563  5037.27    2775.39  113.7361  22.0870   1.3389     112.2773
   4839    2685  5054.81    2895.90  113.7594  22.0835   1.1434     114.5516
   4839    2807  5072.35    3016.37  113.7827  22.0799   0.9505     117.7520
   4839    2929  5089.89    3136.82  113.8059  22.0763   0.7620     122.5525
   4839    3051  5107.43    3257.26  113.8292  22.0728   0.5823     130.3978
   4839    3173  5124.96    3377.70  113.8525  22.0692   0.4226     144.6373
   4839    3295  5142.50    3498.14  113.8757  22.0656   0.3152     171.6531
   4839    3417  5160.04    3618.61  113.8990  22.0621   0.3183     -151.2504
   4839    3539  5177.58    3739.10  113.9222  22.0585   0.4295     -124.9669
   4839    3661  5195.13    3859.63  113.9455  22.0549   0.5907     -111.1548
   4839    3783  5212.69    3980.20  113.9688  22.0513   0.7713     -103.5075
   4839    3905  5230.26    4100.84  113.9921  22.0477   0.9603     -98.8066
   4839    4027  5247.83    4221.54  114.0154  22.0441   1.1537     -95.6617
   4839    4149  5265.42    4342.32  114.0387  22.0405   1.3497     -93.4210
   4839    4271  5283.02    4463.19  114.0620  22.0369   1.5474     -91.7473
   4839    4393  5300.63    4584.15  114.0853  22.0333   1.7462     -90.4507
   4839    4515  5318.26    4705.22  114.1087  22.0296   1.9458     -89.4171
   4839    4637  5335.91    4826.41  114.1321  22.0260   2.1461     -88.5738
   4839    4759  5353.57    4947.73  114.1555  22.0224   2.3469     -87.8726
   4839    4881  5371.26    5069.18  114.1789  22.0187   2.5481     -87.2800
   4839    5003  5388.96    5190.78  114.2024  22.0151   2.7498     -86.7725
   4839    5125  5406.69    5312.54  114.2258  22.0114   2.9519     -86.3328
   4839    5247  5424.44    5434.46  114.2494  22.0078   3.1543     -85.9479
   4839    5369  5442.22    5556.56  114.2729  22.0041   3.3571     -85.6079
   4839    5491  5460.03    5678.85  114.2965  22.0004   3.5602     -85.3054
   4839    5613  5477.87    5801.34  114.3201  21.9967   3.7636     -85.0342
   4839    5735  5495.73    5924.03  114.3438  21.9930   3.9674     -84.7896
   4839    5857  5513.63    6046.94  114.3675  21.9893   4.1715     -84.5677
   4839    6000  5534.65    6191.29  114.3953  21.9849   4.4111     -84.3324
   4957       1  4780.90    195.82  113.2372  22.1409   5.5744     102.2118
   4957     123  4798.89    319.29  113.2611  22.1373   5.3697     102.3388
   4957     245  4816.83    442.52  113.2849  22.1338   5.1652     102.4750
   4957     367  4834.74    565.53  113.3087  22.1302   4.9611     102.6215
   4957     489  4852.62    688.31  113.3324  22.1266   4.7573     102.7795
   4957     611  4870.47    810.87  113.3561  22.1231   4.5537     102.9506
   4957     733  4888.29    933.24  113.3798  22.1195   4.3504     103.1367
   4957     855  4906.08    1055.42  113.4034  22.1160   4.1474     103.3398
   4957     977  4923.85    1177.41  113.4270  22.1124   3.9447     103.5626
   4957    1099  4941.59    1299.23  113.4505  22.1088   3.7423     103.8083
   4957    1221  4959.30    1420.89  113.4741  22.1053   3.5401     104.0808
   4957    1343  4977.00    1542.40  113.4975  22.1017   3.3381     104.3849
   4957    1465  4994.67    1663.77  113.5210  22.0982   3.1365     104.7267
   4957    1587  5012.33    1785.01  113.5444  22.0946   2.9351     105.1139
   4957    1709  5029.96    1906.12  113.5678  22.0911   2.7340     105.5564
   4957    1831  5047.59    2027.13  113.5912  22.0875   2.5332     106.0674
   4957    1953  5065.19    2148.03  113.6146  22.0840   2.3328     106.6643
   4957    2075  5082.78    2268.84  113.6379  22.0804   2.1327     107.3712
   4957    2197  5100.37    2389.57  113.6612  22.0769   1.9332     108.2221
   4957    2319  5117.94    2510.23  113.6845  22.0733   1.7342     109.2659
   4957    2441  5135.50    2630.83  113.7078  22.0698   1.5360     110.5770
   4957    2563  5153.05    2751.37  113.7311  22.0662   1.3389     112.2720
   4957    2685  5170.60    2871.88  113.7544  22.0627   1.1434     114.5457
   4957    2807  5188.15    2992.35  113.7776  22.0591   0.9504     117.7453
   4957    2929  5205.69    3112.80  113.8009  22.0555   0.7620     122.5448
   4957    3051  5223.23    3233.24  113.8241  22.0520   0.5822     130.3889
   4957    3173  5240.77    3353.67  113.8474  22.0484   0.4226     144.6282
   4957    3295  5258.31    3474.12  113.8706  22.0448   0.3151     171.6495
   4957    3417  5275.85    3594.58  113.8939  22.0412   0.3182     -151.2424
   4957    3539  5293.40    3715.07  113.9172  22.0377   0.4295     -124.9568
   4957    3661  5310.95    3835.60  113.9404  22.0341   0.5907     -111.1468
   4957    3783  5328.51    3956.18  113.9637  22.0305   0.7712     -103.5014
   4957    3905  5346.08    4076.81  113.9870  22.0269   0.9603     -98.8019
   4957    4027  5363.65    4197.51  114.0103  22.0233   1.1537     -95.6580
   4957    4149  5381.24    4318.29  114.0336  22.0197   1.3497     -93.4180
   4957    4271  5398.85    4439.15  114.0569  22.0161   1.5474     -91.7449
   4957    4393  5416.46    4560.12  114.0802  22.0125   1.7462     -90.4488
   4957    4515  5434.09    4681.19  114.1036  22.0088   1.9458     -89.4155
   4957    4637  5451.74    4802.38  114.1270  22.0052   2.1461     -88.5725
   4957    4759  5469.41    4923.69  114.1504  22.0016   2.3469     -87.8715
   4957    4881  5487.10    5045.14  114.1738  21.9979   2.5482     -87.2792
   4957    5003  5504.81    5166.74  114.1972  21.9943   2.7498     -86.7719
   4957    5125  5522.54    5288.50  114.2207  21.9906   2.9519     -86.3323
   4957    5247  5540.30    5410.42  114.2442  21.9869   3.1543     -85.9475
   4957    5369  5558.08    5532.52  114.2678  21.9833   3.3571     -85.6077
   4957    5491  5575.89    5654.81  114.2914  21.9796   3.5602     -85.3052
   4957    5613  5593.73    5777.29  114.3150  21.9759   3.7636     -85.0341
   4957    5735  5611.60    5899.98  114.3386  21.9722   3.9674     -84.7896
   4957    5857  5629.50    6022.89  114.3623  21.9685   4.1715     -84.5678
   4957    6000  5650.53    6167.24  114.3901  21.9641   4.4112     -84.3326
   5075       1  4896.62    171.82  113.2322  22.1201   5.5744     102.2096
   5075     123  4914.61    295.29  113.2561  22.1165   5.3696     102.3367
   5075     245  4932.56    418.53  113.2799  22.1129   5.1652     102.4728
   5075     367  4950.47    541.53  113.3037  22.1094   4.9611     102.6192
   5075     489  4968.35    664.30  113.3274  22.1058   4.7572     102.7772
   5075     611  4986.20    786.87  113.3511  22.1022   4.5537     102.9482
   5075     733  5004.03    909.24  113.3748  22.0987   4.3504     103.1342
   5075     855  5021.82    1031.41  113.3984  22.0951   4.1474     103.3373
   5075     977  5039.59    1153.40  113.4220  22.0916   3.9447     103.5600
   5075    1099  5057.33    1275.22  113.4455  22.0880   3.7422     103.8056
   5075    1221  5075.05    1396.88  113.4690  22.0845   3.5400     104.0780
   5075    1343  5092.75    1518.39  113.4925  22.0809   3.3381     104.3820
   5075    1465  5110.43    1639.76  113.5160  22.0774   3.1364     104.7237
   5075    1587  5128.09    1761.00  113.5394  22.0738   2.9351     105.1108
   5075    1709  5145.73    1882.11  113.5628  22.0703   2.7340     105.5531
   5075    1831  5163.35    2003.11  113.5862  22.0667   2.5332     106.0639
   5075    1953  5180.96    2124.02  113.6095  22.0632   2.3327     106.6607
   5075    2075  5198.56    2244.83  113.6329  22.0596   2.1327     107.3674
   5075    2197  5216.14    2365.56  113.6562  22.0561   1.9331     108.2179
   5075    2319  5233.72    2486.21  113.6795  22.0525   1.7341     109.2615
   5075    2441  5251.28    2606.81  113.7028  22.0489   1.5360     110.5721
   5075    2563  5268.84    2727.35  113.7260  22.0454   1.3389     112.2667
   5075    2685  5286.39    2847.86  113.7493  22.0418   1.1433     114.5398
   5075    2807  5303.94    2968.33  113.7726  22.0383   0.9504     117.7386
   5075    2929  5321.48    3088.78  113.7958  22.0347   0.7619     122.5370
   5075    3051  5339.02    3209.21  113.8191  22.0311   0.5822     130.3801
   5075    3173  5356.57    3329.65  113.8423  22.0276   0.4225     144.6190
   5075    3295  5374.11    3450.09  113.8656  22.0240   0.3150     171.6459
   5075    3417  5391.66    3570.55  113.8888  22.0204   0.3181     -151.2344
   5075    3539  5409.21    3691.04  113.9121  22.0168   0.4294     -124.9467
   5075    3661  5426.76    3811.57  113.9353  22.0133   0.5907     -111.1387
   5075    3783  5444.32    3932.14  113.9586  22.0097   0.7712     -103.4953
   5075    3905  5461.90    4052.78  113.9819  22.0061   0.9603     -98.7972
   5075    4027  5479.48    4173.48  114.0052  22.0025   1.1537     -95.6543
   5075    4149  5497.07    4294.25  114.0285  21.9989   1.3497     -93.4150
   5075    4271  5514.67    4415.12  114.0518  21.9953   1.5474     -91.7425
   5075    4393  5532.29    4536.08  114.0751  21.9916   1.7462     -90.4468
   5075    4515  5549.93    4657.15  114.0985  21.9880   1.9458     -89.4139
   5075    4637  5567.58    4778.33  114.1218  21.9844   2.1461     -88.5712
   5075    4759  5585.25    4899.65  114.1452  21.9808   2.3469     -87.8705
   5075    4881  5602.94    5021.10  114.1687  21.9771   2.5482     -87.2783
   5075    5003  5620.66    5142.70  114.1921  21.9735   2.7499     -86.7712
   5075    5125  5638.39    5264.45  114.2156  21.9698   2.9519     -86.3318
   5075    5247  5656.15    5386.37  114.2391  21.9661   3.1544     -85.9471
   5075    5369  5673.94    5508.47  114.2626  21.9625   3.3571     -85.6074
   5075    5491  5691.75    5630.76  114.2862  21.9588   3.5602     -85.3051
   5075    5613  5709.59    5753.24  114.3098  21.9551   3.7637     -85.0341
   5075    5735  5727.47    5875.93  114.3335  21.9514   3.9674     -84.7897
   5075    5857  5745.37    5998.83  114.3572  21.9477   4.1715     -84.5680
   5075    6000  5766.40    6143.19  114.3850  21.9433   4.4112     -84.3328
   5193       1  5012.34    147.82  113.2273  22.0993   5.5743     102.2075
   5193     123  5030.33    271.29  113.2511  22.0957   5.3696     102.3345
   5193     245  5048.28    394.52  113.2749  22.0921   5.1652     102.4706
   5193     367  5066.20    517.52  113.2987  22.0885   4.9610     102.6170
   5193     489  5084.08    640.30  113.3225  22.0850   4.7572     102.7749
   5193     611  5101.94    762.86  113.3461  22.0814   4.5536     102.9458
   5193     733  5119.76    885.23  113.3698  22.0779   4.3504     103.1317
   5193     855  5137.56    1007.40  113.3934  22.0743   4.1474     103.3347
   5193     977  5155.33    1129.39  113.4170  22.0707   3.9447     103.5574
   5193    1099  5173.08    1251.21  113.4405  22.0672   3.7422     103.8029
   5193    1221  5190.80    1372.87  113.4640  22.0636   3.5400     104.0752
   5193    1343  5208.50    1494.38  113.4875  22.0601   3.3381     104.3792
   5193    1465  5226.18    1615.75  113.5109  22.0565   3.1364     104.7207
   5193    1587  5243.84    1736.98  113.5344  22.0530   2.9350     105.1076
   5193    1709  5261.49    1858.09  113.5578  22.0494   2.7339     105.5499
   5193    1831  5279.12    1979.10  113.5811  22.0459   2.5331     106.0605
   5193    1953  5296.73    2100.00  113.6045  22.0423   2.3327     106.6570
   5193    2075  5314.33    2220.81  113.6278  22.0388   2.1327     107.3635
   5193    2197  5331.92    2341.53  113.6511  22.0352   1.9331     108.2138
   5193    2319  5349.49    2462.19  113.6744  22.0317   1.7341     109.2570
   5193    2441  5367.06    2582.78  113.6977  22.0281   1.5359     110.5673
   5193    2563  5384.62    2703.33  113.7210  22.0246   1.3388     112.2613
   5193    2685  5402.18    2823.83  113.7443  22.0210   1.1433     114.5338
   5193    2807  5419.73    2944.30  113.7675  22.0175   0.9503     117.7318
   5193    2929  5437.27    3064.75  113.7908  22.0139   0.7618     122.5293
   5193    3051  5454.82    3185.18  113.8140  22.0103   0.5821     130.3712
   5193    3173  5472.36    3305.62  113.8373  22.0068   0.4224     144.6099
   5193    3295  5489.91    3426.06  113.8605  22.0032   0.3149     171.6423
   5193    3417  5507.46    3546.52  113.8837  21.9996   0.3180     -151.2264
   5193    3539  5525.01    3667.01  113.9070  21.9960   0.4294     -124.9366
   5193    3661  5542.57    3787.53  113.9303  21.9924   0.5906     -111.1307
   5193    3783  5560.14    3908.11  113.9535  21.9889   0.7712     -103.4892
   5193    3905  5577.71    4028.74  113.9768  21.9853   0.9603     -98.7925
   5193    4027  5595.30    4149.44  114.0001  21.9817   1.1537     -95.6505
   5193    4149  5612.89    4270.21  114.0234  21.9781   1.3497     -93.4121
   5193    4271  5630.50    4391.08  114.0467  21.9745   1.5474     -91.7401
   5193    4393  5648.12    4512.04  114.0700  21.9708   1.7462     -90.4449
   5193    4515  5665.76    4633.10  114.0934  21.9672   1.9458     -89.4123
   5193    4637  5683.42    4754.29  114.1167  21.9636   2.1461     -88.5699
   5193    4759  5701.09    4875.60  114.1401  21.9599   2.3469     -87.8694
   5193    4881  5718.79    4997.05  114.1636  21.9563   2.5482     -87.2775
   5193    5003  5736.50    5118.65  114.1870  21.9527   2.7499     -86.7705
   5193    5125  5754.24    5240.40  114.2105  21.9490   2.9519     -86.3312
   5193    5247  5772.00    5362.32  114.2340  21.9453   3.1544     -85.9467
   5193    5369  5789.79    5484.42  114.2575  21.9417   3.3571     -85.6072
   5193    5491  5807.61    5606.70  114.2811  21.9380   3.5602     -85.3049
   5193    5613  5825.46    5729.19  114.3047  21.9343   3.7637     -85.0340
   5193    5735  5843.33    5851.87  114.3283  21.9306   3.9674     -84.7897
   5193    5857  5861.24    5974.78  114.3520  21.9269   4.1715     -84.5681
   5193    6000  5882.27    6119.13  114.3798  21.9225   4.4112     -84.3330
   5311       1  5128.06    123.81  113.2223  22.0784   5.5743     102.2054
   5311     123  5146.05    247.28  113.2461  22.0749   5.3696     102.3323
   5311     245  5164.00    370.51  113.2700  22.0713   5.1651     102.4684
   5311     367  5181.92    493.51  113.2937  22.0677   4.9610     102.6147
   5311     489  5199.81    616.29  113.3175  22.0642   4.7572     102.7725
   5311     611  5217.67    738.85  113.3411  22.0606   4.5536     102.9434
   5311     733  5235.50    861.21  113.3648  22.0570   4.3504     103.1293
   5311     855  5253.30    983.39  113.3884  22.0535   4.1474     103.3322
   5311     977  5271.07    1105.38  113.4120  22.0499   3.9446     103.5548
   5311    1099  5288.82    1227.20  113.4355  22.0464   3.7422     103.8002
   5311    1221  5306.55    1348.85  113.4590  22.0428   3.5400     104.0725
   5311    1343  5324.25    1470.36  113.4825  22.0393   3.3380     104.3763
   5311    1465  5341.94    1591.73  113.5059  22.0357   3.1364     104.7177
   5311    1587  5359.60    1712.96  113.5293  22.0322   2.9350     105.1045
   5311    1709  5377.25    1834.07  113.5527  22.0286   2.7339     105.5466
   5311    1831  5394.88    1955.07  113.5761  22.0251   2.5331     106.0570
   5311    1953  5412.50    2075.97  113.5994  22.0215   2.3327     106.6534
   5311    2075  5430.10    2196.78  113.6228  22.0180   2.1326     107.3596
   5311    2197  5447.69    2317.51  113.6461  22.0144   1.9331     108.2097
   5311    2319  5465.27    2438.16  113.6694  22.0109   1.7341     109.2526
   5311    2441  5482.84    2558.76  113.6927  22.0073   1.5359     110.5624
   5311    2563  5500.40    2679.30  113.7159  22.0038   1.3388     112.2560
   5311    2685  5517.96    2799.80  113.7392  22.0002   1.1433     114.5279
   5311    2807  5535.52    2920.27  113.7625  21.9966   0.9503     117.7251
   5311    2929  5553.07    3040.71  113.7857  21.9931   0.7618     122.5215
   5311    3051  5570.61    3161.15  113.8089  21.9895   0.5820     130.3623
   5311    3173  5588.16    3281.58  113.8322  21.9859   0.4223     144.6008
   5311    3295  5605.71    3402.02  113.8554  21.9824   0.3148     171.6388
   5311    3417  5623.26    3522.48  113.8787  21.9788   0.3180     -151.2184
   5311    3539  5640.82    3642.97  113.9019  21.9752   0.4293     -124.9265
   5311    3661  5658.38    3763.49  113.9252  21.9716   0.5906     -111.1226
   5311    3783  5675.95    3884.07  113.9484  21.9680   0.7712     -103.4831
   5311    3905  5693.53    4004.70  113.9717  21.9645   0.9602     -98.7877
   5311    4027  5711.12    4125.39  113.9950  21.9609   1.1537     -95.6468
   5311    4149  5728.72    4246.17  114.0183  21.9572   1.3497     -93.4091
   5311    4271  5746.33    4367.03  114.0416  21.9536   1.5474     -91.7376
   5311    4393  5763.95    4487.99  114.0649  21.9500   1.7462     -90.4429
   5311    4515  5781.59    4609.06  114.0883  21.9464   1.9458     -89.4107
   5311    4637  5799.25    4730.24  114.1116  21.9428   2.1461     -88.5686
   5311    4759  5816.93    4851.55  114.1350  21.9391   2.3469     -87.8683
   5311    4881  5834.63    4973.00  114.1584  21.9355   2.5482     -87.2766
   5311    5003  5852.35    5094.60  114.1819  21.9318   2.7499     -86.7699
   5311    5125  5870.09    5216.35  114.2054  21.9282   2.9519     -86.3307
   5311    5247  5887.86    5338.27  114.2289  21.9245   3.1544     -85.9464
   5311    5369  5905.65    5460.36  114.2524  21.9208   3.3571     -85.6069
   5311    5491  5923.47    5582.65  114.2760  21.9172   3.5602     -85.3048
   5311    5613  5941.32    5705.13  114.2996  21.9135   3.7637     -85.0340
   5311    5735  5959.20    5827.81  114.3232  21.9098   3.9674     -84.7898
   5311    5857  5977.11    5950.72  114.3469  21.9060   4.1715     -84.5682
   5311    6000  5998.14    6095.06  114.3747  21.9017   4.4112     -84.3332
   5429       1  5243.77    99.80  113.2173  22.0576   5.5743     102.2033
   5429     123  5261.77    223.27  113.2412  22.0540   5.3695     102.3302
   5429     245  5279.72    346.50  113.2650  22.0505   5.1651     102.4662
   5429     367  5297.65    469.50  113.2887  22.0469   4.9610     102.6124
   5429     489  5315.54    592.27  113.3125  22.0433   4.7571     102.7702
   5429     611  5333.40    714.84  113.3362  22.0398   4.5536     102.9411
   5429     733  5351.23    837.20  113.3598  22.0362   4.3503     103.1268
   5429     855  5369.04    959.37  113.3834  22.0326   4.1473     103.3297
   5429     977  5386.81    1081.36  113.4070  22.0291   3.9446     103.5522
   5429    1099  5404.57    1203.18  113.4305  22.0255   3.7421     103.7975
   5429    1221  5422.30    1324.83  113.4540  22.0220   3.5399     104.0697
   5429    1343  5440.00    1446.34  113.4775  22.0184   3.3380     104.3734
   5429    1465  5457.69    1567.70  113.5009  22.0149   3.1363     104.7147
   5429    1587  5475.36    1688.94  113.5243  22.0113   2.9350     105.1013
   5429    1709  5493.01    1810.05  113.5477  22.0078   2.7339     105.5433
   5429    1831  5510.64    1931.05  113.5711  22.0042   2.5331     106.0536
   5429    1953  5528.26    2051.95  113.5944  22.0007   2.3326     106.6497
   5429    2075  5545.87    2172.75  113.6177  21.9971   2.1326     107.3558
   5429    2197  5563.46    2293.48  113.6410  21.9936   1.9330     108.2055
   5429    2319  5581.04    2414.13  113.6643  21.9900   1.7340     109.2481
   5429    2441  5598.62    2534.72  113.6876  21.9865   1.5358     110.5576
   5429    2563  5616.19    2655.27  113.7109  21.9829   1.3387     112.2507
   5429    2685  5633.75    2775.76  113.7341  21.9794   1.1432     114.5219
   5429    2807  5651.30    2896.23  113.7574  21.9758   0.9502     117.7184
   5429    2929  5668.86    3016.68  113.7806  21.9723   0.7617     122.5138
   5429    3051  5686.41    3137.11  113.8039  21.9687   0.5819     130.3534
   5429    3173  5703.96    3257.54  113.8271  21.9651   0.4222     144.5916
   5429    3295  5721.51    3377.98  113.8504  21.9616   0.3147     171.6352
   5429    3417  5739.07    3498.44  113.8736  21.9580   0.3179     -151.2103
   5429    3539  5756.63    3618.93  113.8968  21.9544   0.4292     -124.9163
   5429    3661  5774.19    3739.45  113.9201  21.9508   0.5906     -111.1145
   5429    3783  5791.76    3860.02  113.9434  21.9472   0.7711     -103.4769
   5429    3905  5809.35    3980.65  113.9666  21.9436   0.9602     -98.7830
   5429    4027  5826.94    4101.35  113.9899  21.9400   1.1537     -95.6431
   5429    4149  5844.54    4222.12  114.0132  21.9364   1.3497     -93.4061
   5429    4271  5862.15    4342.98  114.0365  21.9328   1.5474     -91.7352
   5429    4393  5879.78    4463.94  114.0598  21.9292   1.7462     -90.4409
   5429    4515  5897.43    4585.00  114.0832  21.9256   1.9458     -89.4091
   5429    4637  5915.09    4706.19  114.1065  21.9220   2.1461     -88.5673
   5429    4759  5932.77    4827.50  114.1299  21.9183   2.3469     -87.8673
   5429    4881  5950.47    4948.94  114.1533  21.9147   2.5482     -87.2758
   5429    5003  5968.19    5070.54  114.1768  21.9110   2.7499     -86.7692
   5429    5125  5985.94    5192.29  114.2002  21.9074   2.9520     -86.3302
   5429    5247  6003.71    5314.21  114.2237  21.9037   3.1544     -85.9460
   5429    5369  6021.50    5436.30  114.2473  21.9000   3.3571     -85.6067
   5429    5491  6039.32    5558.58  114.2708  21.8964   3.5603     -85.3046
   5429    5613  6057.18    5681.06  114.2944  21.8927   3.7637     -85.0340
   5429    5735  6075.06    5803.75  114.3181  21.8890   3.9675     -84.7898
   5429    5857  6092.97    5926.65  114.3417  21.8852   4.1715     -84.5683
   5429    6000  6114.01    6071.00  114.3696  21.8809   4.4112     -84.3334
   5547       1  5359.49    75.79  113.2123  22.0368   5.5743     102.2012
   5547     123  5377.48    199.26  113.2362  22.0332   5.3695     102.3280
   5547     245  5395.44    322.48  113.2600  22.0296   5.1651     102.4639
   5547     367  5413.37    445.48  113.2838  22.0261   4.9610     102.6101
   5547     489  5431.27    568.25  113.3075  22.0225   4.7571     102.7679
   5547     611  5449.13    690.82  113.3312  22.0189   4.5536     102.9387
   5547     733  5466.97    813.18  113.3548  22.0154   4.3503     103.1244
   5547     855  5484.77    935.35  113.3784  22.0118   4.1473     103.3271
   5547     977  5502.55    1057.34  113.4020  22.0083   3.9446     103.5496
   5547    1099  5520.31    1179.15  113.4255  22.0047   3.7421     103.7948
   5547    1221  5538.04    1300.81  113.4490  22.0012   3.5399     104.0669
   5547    1343  5555.75    1422.31  113.4725  21.9976   3.3380     104.3705
   5547    1465  5573.44    1543.68  113.4959  21.9941   3.1363     104.7117
   5547    1587  5591.11    1664.91  113.5193  21.9905   2.9349     105.0982
   5547    1709  5608.77    1786.02  113.5427  21.9870   2.7338     105.5400
   5547    1831  5626.40    1907.02  113.5660  21.9834   2.5330     106.0501
   5547    1953  5644.03    2027.91  113.5894  21.9799   2.3326     106.6461
   5547    2075  5661.63    2148.72  113.6127  21.9763   2.1326     107.3519
   5547    2197  5679.23    2269.44  113.6360  21.9728   1.9330     108.2014
   5547    2319  5696.82    2390.10  113.6593  21.9692   1.7340     109.2437
   5547    2441  5714.40    2510.69  113.6826  21.9657   1.5358     110.5527
   5547    2563  5731.97    2631.23  113.7058  21.9621   1.3387     112.2454
   5547    2685  5749.53    2751.73  113.7291  21.9586   1.1432     114.5160
   5547    2807  5767.09    2872.19  113.7523  21.9550   0.9502     117.7116
   5547    2929  5784.65    2992.64  113.7756  21.9514   0.7617     122.5060
   5547    3051  5802.20    3113.07  113.7988  21.9479   0.5819     130.3445
   5547    3173  5819.76    3233.50  113.8221  21.9443   0.4221     144.5825
   5547    3295  5837.31    3353.94  113.8453  21.9407   0.3146     171.6316
   5547    3417  5854.87    3474.40  113.8685  21.9372   0.3178     -151.2023
   5547    3539  5872.43    3594.88  113.8918  21.9336   0.4292     -124.9062
   5547    3661  5890.00    3715.40  113.9150  21.9300   0.5905     -111.1065
   5547    3783  5907.58    3835.97  113.9383  21.9264   0.7711     -103.4708
   5547    3905  5925.16    3956.60  113.9615  21.9228   0.9602     -98.7783
   5547    4027  5942.75    4077.29  113.9848  21.9192   1.1537     -95.6394
   5547    4149  5960.36    4198.07  114.0081  21.9156   1.3497     -93.4031
   5547    4271  5977.98    4318.93  114.0314  21.9120   1.5474     -91.7328
   5547    4393  5995.61    4439.88  114.0547  21.9084   1.7462     -90.4390
   5547    4515  6013.26    4560.95  114.0781  21.9048   1.9458     -89.4075
   5547    4637  6030.92    4682.13  114.1014  21.9012   2.1461     -88.5660
   5547    4759  6048.60    4803.44  114.1248  21.8975   2.3469     -87.8662
   5547    4881  6066.31    4924.89  114.1482  21.8939   2.5482     -87.2749
   5547    5003  6084.03    5046.48  114.1717  21.8902   2.7499     -86.7685
   5547    5125  6101.78    5168.23  114.1951  21.8866   2.9520     -86.3297
   5547    5247  6119.55    5290.15  114.2186  21.8829   3.1544     -85.9456
   5547    5369  6137.35    5412.24  114.2421  21.8792   3.3572     -85.6064
   5547    5491  6155.18    5534.52  114.2657  21.8755   3.5603     -85.3045
   5547    5613  6173.03    5657.00  114.2893  21.8719   3.7637     -85.0339
   5547    5735  6190.92    5779.68  114.3129  21.8681   3.9675     -84.7898
   5547    5857  6208.83    5902.58  114.3366  21.8644   4.1716     -84.5685
   5547    6000  6229.88    6046.93  114.3644  21.8601   4.4112     -84.3336
   5665       1  5475.20    51.77  113.2073  22.0159   5.5742     102.1991
   5665     123  5493.20    175.24  113.2312  22.0124   5.3695     102.3258
   5665     245  5511.16    298.46  113.2550  22.0088   5.1651     102.4617
   5665     367  5529.09    421.46  113.2788  22.0052   4.9609     102.6079
   5665     489  5546.99    544.23  113.3025  22.0017   4.7571     102.7655
   5665     611  5564.86    666.79  113.3262  21.9981   4.5535     102.9363
   5665     733  5582.70    789.15  113.3498  21.9945   4.3503     103.1219
   5665     855  5600.51    911.32  113.3734  21.9910   4.1473     103.3246
   5665     977  5618.29    1033.31  113.3970  21.9874   3.9446     103.5470
   5665    1099  5636.05    1155.12  113.4205  21.9839   3.7421     103.7922
   5665    1221  5653.79    1276.78  113.4440  21.9803   3.5399     104.0641
   5665    1343  5671.50    1398.28  113.4674  21.9768   3.3380     104.3676
   5665    1465  5689.19    1519.64  113.4909  21.9732   3.1363     104.7087
   5665    1587  5706.87    1640.87  113.5143  21.9697   2.9349     105.0951
   5665    1709  5724.52    1761.98  113.5377  21.9661   2.7338     105.5367
   5665    1831  5742.16    1882.98  113.5610  21.9626   2.5330     106.0467
   5665    1953  5759.79    2003.88  113.5844  21.9590   2.3326     106.6424
   5665    2075  5777.40    2124.68  113.6077  21.9555   2.1325     107.3480
   5665    2197  5795.00    2245.41  113.6310  21.9519   1.9329     108.1973
   5665    2319  5812.59    2366.06  113.6543  21.9484   1.7340     109.2392
   5665    2441  5830.17    2486.65  113.6775  21.9448   1.5358     110.5479
   5665    2563  5847.75    2607.19  113.7008  21.9413   1.3386     112.2400
   5665    2685  5865.31    2727.68  113.7240  21.9377   1.1431     114.5101
   5665    2807  5882.88    2848.15  113.7473  21.9342   0.9501     117.7049
   5665    2929  5900.43    2968.59  113.7705  21.9306   0.7616     122.4983
   5665    3051  5917.99    3089.02  113.7938  21.9271   0.5818     130.3356
   5665    3173  5935.55    3209.45  113.8170  21.9235   0.4220     144.5733
   5665    3295  5953.11    3329.89  113.8402  21.9199   0.3145     171.6280
   5665    3417  5970.67    3450.35  113.8635  21.9163   0.3177     -151.1942
   5665    3539  5988.24    3570.83  113.8867  21.9128   0.4291     -124.8960
   5665    3661  6005.81    3691.35  113.9099  21.9092   0.5905     -111.0984
   5665    3783  6023.39    3811.92  113.9332  21.9056   0.7711     -103.4647
   5665    3905  6040.97    3932.55  113.9564  21.9020   0.9602     -98.7735
   5665    4027  6058.57    4053.24  113.9797  21.8984   1.1537     -95.6357
   5665    4149  6076.18    4174.01  114.0030  21.8948   1.3497     -93.4002
   5665    4271  6093.80    4294.87  114.0263  21.8912   1.5474     -91.7304
   5665    4393  6111.43    4415.83  114.0496  21.8876   1.7462     -90.4370
   5665    4515  6129.08    4536.89  114.0730  21.8840   1.9458     -89.4059
   5665    4637  6146.75    4658.07  114.0963  21.8803   2.1461     -88.5647
   5665    4759  6164.44    4779.38  114.1197  21.8767   2.3469     -87.8651
   5665    4881  6182.15    4900.82  114.1431  21.8731   2.5482     -87.2740
   5665    5003  6199.87    5022.41  114.1665  21.8694   2.7499     -86.7678
   5665    5125  6217.63    5144.16  114.1900  21.8658   2.9520     -86.3292
   5665    5247  6235.40    5266.08  114.2135  21.8621   3.1544     -85.9452
   5665    5369  6253.20    5388.17  114.2370  21.8584   3.3572     -85.6061
   5665    5491  6271.03    5510.45  114.2606  21.8547   3.5603     -85.3043
   5665    5613  6288.89    5632.93  114.2842  21.8510   3.7637     -85.0338
   5665    5735  6306.78    5755.61  114.3078  21.8473   3.9675     -84.7899
   5665    5857  6324.70    5878.51  114.3315  21.8436   4.1716     -84.5686
   5665    6000  6345.74    6022.85  114.3593  21.8393   4.4112     -84.3339
   5820       1  5627.19    20.21  113.2008  21.9886   5.5742     102.1963
   5820     123  5645.20    143.68  113.2247  21.9850   5.3695     102.3230
   5820     245  5663.17    266.91  113.2485  21.9814   5.1650     102.4588
   5820     367  5681.10    389.90  113.2722  21.9779   4.9609     102.6049
   5820     489  5699.00    512.67  113.2959  21.9743   4.7571     102.7625
   5820     611  5716.88    635.23  113.3196  21.9707   4.5535     102.9331
   5820     733  5734.72    757.59  113.3432  21.9672   4.3502     103.1187
   5820     855  5752.53    879.76  113.3668  21.9636   4.1472     103.3213
   5820     977  5770.32    1001.74  113.3904  21.9601   3.9445     103.5435
   5820    1099  5788.08    1123.56  113.4139  21.9565   3.7421     103.7886
   5820    1221  5805.82    1245.21  113.4374  21.9530   3.5399     104.0604
   5820    1343  5823.54    1366.71  113.4609  21.9494   3.3379     104.3638
   5820    1465  5841.24    1488.07  113.4843  21.9459   3.1363     104.7047
   5820    1587  5858.92    1609.30  113.5077  21.9423   2.9349     105.0909
   5820    1709  5876.58    1730.41  113.5311  21.9388   2.7338     105.5324
   5820    1831  5894.22    1851.40  113.5544  21.9352   2.5330     106.0421
   5820    1953  5911.85    1972.30  113.5778  21.9317   2.3325     106.6376
   5820    2075  5929.47    2093.10  113.6011  21.9281   2.1325     107.3429
   5820    2197  5947.07    2213.82  113.6244  21.9246   1.9329     108.1918
   5820    2319  5964.66    2334.47  113.6476  21.9210   1.7339     109.2334
   5820    2441  5982.25    2455.06  113.6709  21.9175   1.5357     110.5415
   5820    2563  5999.83    2575.60  113.6942  21.9139   1.3386     112.2330
   5820    2685  6017.40    2696.10  113.7174  21.9104   1.1431     114.5022
   5820    2807  6034.96    2816.56  113.7407  21.9068   0.9501     117.6960
   5820    2929  6052.53    2937.00  113.7639  21.9033   0.7615     122.4881
   5820    3051  6070.09    3057.43  113.7871  21.8997   0.5817     130.3239
   5820    3173  6087.65    3177.86  113.8103  21.8961   0.4219     144.5613
   5820    3295  6105.21    3298.30  113.8336  21.8926   0.3144     171.6233
   5820    3417  6122.78    3418.75  113.8568  21.8890   0.3176     -151.1836
   5820    3539  6140.35    3539.23  113.8800  21.8854   0.4291     -124.8826
   5820    3661  6157.92    3659.75  113.9033  21.8818   0.5905     -111.0877
   5820    3783  6175.51    3780.32  113.9265  21.8783   0.7711     -103.4566
   5820    3905  6193.10    3900.94  113.9498  21.8747   0.9602     -98.7673
   5820    4027  6210.70    4021.64  113.9730  21.8711   1.1537     -95.6307
   5820    4149  6228.31    4142.40  113.9963  21.8675   1.3497     -93.3962
   5820    4271  6245.94    4263.26  114.0196  21.8639   1.5474     -91.7272
   5820    4393  6263.58    4384.22  114.0429  21.8602   1.7462     -90.4344
   5820    4515  6281.23    4505.28  114.0663  21.8566   1.9458     -89.4038
   5820    4637  6298.90    4626.46  114.0896  21.8530   2.1461     -88.5629
   5820    4759  6316.59    4747.76  114.1130  21.8494   2.3469     -87.8637
   5820    4881  6334.30    4869.21  114.1364  21.8457   2.5482     -87.2729
   5820    5003  6352.04    4990.80  114.1598  21.8421   2.7499     -86.7669
   5820    5125  6369.79    5112.54  114.1833  21.8384   2.9520     -86.3285
   5820    5247  6387.57    5234.46  114.2068  21.8348   3.1544     -85.9447
   5820    5369  6405.38    5356.55  114.2303  21.8311   3.3572     -85.6058
   5820    5491  6423.21    5478.83  114.2538  21.8274   3.5603     -85.3041
   5820    5613  6441.07    5601.30  114.2774  21.8237   3.7637     -85.0338
   5820    5735  6458.96    5723.98  114.3011  21.8200   3.9675     -84.7899
   5820    5857  6476.89    5846.88  114.3247  21.8163   4.1716     -84.5687
   5820    6000  6497.94    5991.22  114.3525  21.8119   4.4112     -84.3341
