 #The Line and  Sample are according to LEVEL1 and LEVEL2 image 

 L1Line L1Sample  L2Line   L2Sample  Lon       Lat      Zenith    Azimuth
      1       1  -80.25    1191.42  113.3957  23.0139   5.5754     102.2227
      1     123  -62.59    1314.98  113.4198  23.0103   5.3707     102.3527
      1     245  -44.96    1438.29  113.4438  23.0068   5.1662     102.4921
      1     367  -27.36    1561.36  113.4677  23.0032   4.9621     102.6419
      1     489  -9.80    1684.22  113.4916  22.9997   4.7583     102.8035
      1     611   7.73    1806.86  113.5155  22.9961   4.5548     102.9786
      1     733  25.23    1929.31  113.5393  22.9926   4.3515     103.1688
      1     855  42.71    2051.56  113.5630  22.9890   4.1486     103.3765
      1     977  60.16    2173.63  113.5868  22.9855   3.9459     103.6043
      1    1099  77.58    2295.53  113.6105  22.9820   3.7434     103.8555
      1    1221  94.99    2417.27  113.6341  22.9784   3.5412     104.1341
      1    1343  112.37    2538.85  113.6578  22.9749   3.3393     104.4449
      1    1465  129.73    2660.30  113.6814  22.9714   3.1377     104.7942
      1    1587  147.07    2781.61  113.7050  22.9678   2.9364     105.1898
      1    1709  164.39    2902.80  113.7285  22.9643   2.7353     105.6419
      1    1831  181.70    3023.88  113.7521  22.9608   2.5346     106.1638
      1    1953  199.00    3144.86  113.7756  22.9572   2.3342     106.7734
      1    2075  216.28    3265.75  113.7991  22.9537   2.1343     107.4952
      1    2197  233.55    3386.56  113.8225  22.9502   1.9348     108.3637
      1    2319  250.81    3507.29  113.8460  22.9466   1.7359     109.4289
      1    2441  268.06    3627.97  113.8695  22.9431   1.5379     110.7661
      1    2563  285.30    3748.59  113.8929  22.9396   1.3410     112.4940
      1    2685  302.54    3869.17  113.9163  22.9360   1.1457     114.8099
      1    2807  319.77    3989.72  113.9397  22.9325   0.9531     118.0647
      1    2929  337.00    4110.25  113.9631  22.9289   0.7651     122.9367
      1    3051  354.23    4230.76  113.9865  22.9254   0.5862     130.8682
      1    3173  371.46    4351.28  114.0099  22.9218   0.4277     145.1518
      1    3295  388.69    4471.80  114.0334  22.9183   0.3216     171.8650
      1    3417  405.92    4592.34  114.0568  22.9147   0.3243     -151.7727
      1    3539  423.16    4712.91  114.0802  22.9112   0.4337     -125.6815
      1    3661  440.40    4833.51  114.1036  22.9076   0.5936     -111.7709
      1    3783  457.65    4954.17  114.1270  22.9040   0.7733     -104.0149
      1    3905  474.91    5074.88  114.1504  22.9004   0.9618     -99.2318
      1    4027  492.17    5195.66  114.1739  22.8969   1.1549     -96.0266
      1    4149  509.45    5316.51  114.1974  22.8933   1.3507     -93.7409
      1    4271  526.74    5437.46  114.2208  22.8897   1.5481     -92.0326
      1    4393  544.05    5558.50  114.2443  22.8861   1.7468     -90.7088
      1    4515  561.37    5679.65  114.2678  22.8825   1.9463     -89.6531
      1    4637  578.70    5800.92  114.2914  22.8788   2.1465     -88.7917
      1    4759  596.06    5922.31  114.3149  22.8752   2.3472     -88.0752
      1    4881  613.43    6043.84  114.3385  22.8716   2.5484     -87.4697
      1    5003  630.83    6165.52  114.3621  22.8680   2.7500     -86.9510
      1    5125  648.25    6287.36  114.3857  22.8643   2.9521     -86.5016
      1    5247  665.69    6409.36  114.4094  22.8607   3.1544     -86.1081
      1    5369  683.16    6531.54  114.4331  22.8570   3.3572     -85.7606
      1    5491  700.65    6653.91  114.4568  22.8533   3.5602     -85.4513
      1    5613  718.18    6776.47  114.4806  22.8496   3.7637     -85.1740
      1    5735  735.73    6899.24  114.5044  22.8460   3.9674     -84.9239
      1    5857  753.31    7022.23  114.5283  22.8423   4.1715     -84.6970
      1    6000  773.97    7166.68  114.5563  22.8379   4.4111     -84.4563
    119       1  35.54    1167.78  113.3908  22.9930   5.5754     102.2204
    119     123  53.21    1291.33  113.4148  22.9895   5.3706     102.3504
    119     245  70.84    1414.64  113.4388  22.9859   5.1662     102.4897
    119     367  88.43    1537.71  113.4627  22.9824   4.9621     102.6394
    119     489  106.00    1660.57  113.4866  22.9788   4.7583     102.8010
    119     611  123.53    1783.21  113.5105  22.9753   4.5547     102.9760
    119     733  141.04    1905.65  113.5343  22.9717   4.3515     103.1661
    119     855  158.52    2027.90  113.5580  22.9682   4.1485     103.3738
    119     977  175.97    2149.97  113.5818  22.9647   3.9458     103.6015
    119    1099  193.40    2271.87  113.6055  22.9611   3.7434     103.8526
    119    1221  210.81    2393.61  113.6291  22.9576   3.5412     104.1311
    119    1343  228.19    2515.19  113.6528  22.9541   3.3393     104.4418
    119    1465  245.56    2636.64  113.6764  22.9505   3.1377     104.7909
    119    1587  262.90    2757.95  113.6999  22.9470   2.9363     105.1864
    119    1709  280.23    2879.14  113.7235  22.9435   2.7353     105.6383
    119    1831  297.54    3000.22  113.7470  22.9399   2.5346     106.1600
    119    1953  314.84    3121.20  113.7705  22.9364   2.3342     106.7694
    119    2075  332.12    3242.08  113.7940  22.9329   2.1342     107.4910
    119    2197  349.40    3362.89  113.8175  22.9294   1.9348     108.3592
    119    2319  366.66    3483.62  113.8410  22.9258   1.7359     109.4240
    119    2441  383.91    3604.30  113.8644  22.9223   1.5378     110.7608
    119    2563  401.16    3724.92  113.8878  22.9187   1.3409     112.4882
    119    2685  418.40    3845.50  113.9113  22.9152   1.1457     114.8034
    119    2807  435.64    3966.05  113.9347  22.9117   0.9531     118.0573
    119    2929  452.87    4086.57  113.9581  22.9081   0.7651     122.9282
    119    3051  470.10    4207.09  113.9815  22.9046   0.5861     130.8584
    119    3173  487.33    4327.60  114.0049  22.9010   0.4276     145.1417
    119    3295  504.57    4448.12  114.0283  22.8975   0.3215     171.8609
    119    3417  521.80    4568.66  114.0517  22.8939   0.3242     -151.7645
    119    3539  539.04    4689.23  114.0751  22.8903   0.4337     -125.6707
    119    3661  556.29    4809.83  114.0985  22.8868   0.5936     -111.7621
    119    3783  573.54    4930.48  114.1219  22.8832   0.7733     -104.0082
    119    3905  590.80    5051.19  114.1454  22.8796   0.9618     -99.2265
    119    4027  608.07    5171.97  114.1688  22.8760   1.1549     -96.0225
    119    4149  625.35    5292.83  114.1922  22.8725   1.3507     -93.7376
    119    4271  642.64    5413.77  114.2157  22.8689   1.5481     -92.0299
    119    4393  659.95    5534.81  114.2392  22.8653   1.7468     -90.7065
    119    4515  677.27    5655.96  114.2627  22.8617   1.9463     -89.6512
    119    4637  694.61    5777.22  114.2862  22.8580   2.1465     -88.7901
    119    4759  711.97    5898.62  114.3098  22.8544   2.3472     -88.0739
    119    4881  729.35    6020.15  114.3334  22.8508   2.5484     -87.4686
    119    5003  746.75    6141.82  114.3570  22.8472   2.7500     -86.9502
    119    5125  764.17    6263.66  114.3806  22.8435   2.9521     -86.5009
    119    5247  781.62    6385.66  114.4043  22.8399   3.1545     -86.1076
    119    5369  799.09    6507.84  114.4280  22.8362   3.3572     -85.7602
    119    5491  816.59    6630.20  114.4517  22.8325   3.5603     -85.4510
    119    5613  834.12    6752.77  114.4755  22.8288   3.7637     -85.1739
    119    5735  851.67    6875.54  114.4993  22.8252   3.9674     -84.9239
    119    5857  869.26    6998.52  114.5231  22.8215   4.1715     -84.6970
    119    6000  889.92    7142.97  114.5511  22.8171   4.4111     -84.4565
    237       1  151.33    1144.13  113.3858  22.9722   5.5754     102.2181
    237     123  169.00    1267.68  113.4098  22.9686   5.3706     102.3480
    237     245  186.63    1390.98  113.4338  22.9651   5.1662     102.4873
    237     367  204.23    1514.06  113.4577  22.9615   4.9621     102.6370
    237     489  221.80    1636.91  113.4816  22.9580   4.7583     102.7985
    237     611  239.34    1759.55  113.5055  22.9545   4.5547     102.9734
    237     733  256.85    1882.00  113.5293  22.9509   4.3515     103.1635
    237     855  274.33    2004.24  113.5530  22.9474   4.1485     103.3710
    237     977  291.79    2126.31  113.5768  22.9438   3.9458     103.5987
    237    1099  309.22    2248.21  113.6005  22.9403   3.7434     103.8497
    237    1221  326.63    2369.94  113.6241  22.9368   3.5412     104.1280
    237    1343  344.02    2491.53  113.6477  22.9332   3.3393     104.4386
    237    1465  361.38    2612.97  113.6713  22.9297   3.1377     104.7877
    237    1587  378.73    2734.28  113.6949  22.9262   2.9363     105.1830
    237    1709  396.06    2855.47  113.7185  22.9227   2.7353     105.6347
    237    1831  413.38    2976.55  113.7420  22.9191   2.5345     106.1563
    237    1953  430.68    3097.53  113.7655  22.9156   2.3342     106.7654
    237    2075  447.97    3218.41  113.7890  22.9121   2.1342     107.4868
    237    2197  465.24    3339.22  113.8125  22.9085   1.9347     108.3546
    237    2319  482.51    3459.95  113.8359  22.9050   1.7359     109.4191
    237    2441  499.77    3580.62  113.8593  22.9015   1.5378     110.7555
    237    2563  517.02    3701.24  113.8828  22.8979   1.3409     112.4823
    237    2685  534.26    3821.82  113.9062  22.8944   1.1456     114.7969
    237    2807  551.50    3942.37  113.9296  22.8908   0.9530     118.0499
    237    2929  568.74    4062.89  113.9530  22.8873   0.7650     122.9197
    237    3051  585.97    4183.41  113.9764  22.8837   0.5860     130.8486
    237    3173  603.21    4303.92  113.9998  22.8802   0.4275     145.1317
    237    3295  620.44    4424.44  114.0232  22.8766   0.3214     171.8567
    237    3417  637.68    4544.97  114.0466  22.8731   0.3241     -151.7562
    237    3539  654.92    4665.54  114.0700  22.8695   0.4336     -125.6598
    237    3661  672.17    4786.14  114.0934  22.8660   0.5935     -111.7533
    237    3783  689.43    4906.79  114.1168  22.8624   0.7733     -104.0014
    237    3905  706.69    5027.50  114.1403  22.8588   0.9618     -99.2213
    237    4027  723.96    5148.28  114.1637  22.8552   1.1549     -96.0183
    237    4149  741.25    5269.13  114.1871  22.8516   1.3507     -93.7342
    237    4271  758.54    5390.08  114.2106  22.8480   1.5481     -92.0271
    237    4393  775.86    5511.11  114.2341  22.8444   1.7468     -90.7042
    237    4515  793.18    5632.26  114.2576  22.8408   1.9463     -89.6494
    237    4637  810.53    5753.53  114.2811  22.8372   2.1465     -88.7886
    237    4759  827.89    5874.92  114.3047  22.8336   2.3472     -88.0726
    237    4881  845.27    5996.45  114.3282  22.8300   2.5484     -87.4676
    237    5003  862.67    6118.12  114.3518  22.8263   2.7501     -86.9494
    237    5125  880.10    6239.96  114.3755  22.8227   2.9521     -86.5002
    237    5247  897.55    6361.96  114.3991  22.8190   3.1545     -86.1071
    237    5369  915.02    6484.13  114.4228  22.8154   3.3572     -85.7599
    237    5491  932.52    6606.50  114.4465  22.8117   3.5603     -85.4508
    237    5613  950.05    6729.06  114.4703  22.8080   3.7637     -85.1737
    237    5735  967.61    6851.83  114.4941  22.8043   3.9674     -84.9238
    237    5857  985.20    6974.81  114.5179  22.8006   4.1715     -84.6971
    237    6000  1005.86    7119.26  114.5459  22.7963   4.4111     -84.4566
    355       1  267.11    1120.47  113.3808  22.9514   5.5753     102.2158
    355     123  284.78    1244.02  113.4048  22.9478   5.3706     102.3457
    355     245  302.42    1367.33  113.4288  22.9443   5.1662     102.4848
    355     367  320.02    1490.40  113.4527  22.9407   4.9620     102.6345
    355     489  337.60    1613.26  113.4766  22.9372   4.7582     102.7960
    355     611  355.14    1735.90  113.5005  22.9336   4.5547     102.9708
    355     733  372.65    1858.34  113.5243  22.9301   4.3514     103.1608
    355     855  390.14    1980.58  113.5480  22.9266   4.1485     103.3683
    355     977  407.60    2102.65  113.5718  22.9230   3.9458     103.5958
    355    1099  425.03    2224.55  113.5954  22.9195   3.7433     103.8468
    355    1221  442.45    2346.28  113.6191  22.9160   3.5412     104.1250
    355    1343  459.84    2467.86  113.6427  22.9124   3.3393     104.4355
    355    1465  477.21    2589.30  113.6663  22.9089   3.1376     104.7844
    355    1587  494.56    2710.61  113.6899  22.9054   2.9363     105.1795
    355    1709  511.89    2831.80  113.7134  22.9018   2.7352     105.6311
    355    1831  529.21    2952.88  113.7370  22.8983   2.5345     106.1525
    355    1953  546.51    3073.86  113.7605  22.8948   2.3341     106.7615
    355    2075  563.81    3194.74  113.7840  22.8912   2.1342     107.4825
    355    2197  581.09    3315.54  113.8074  22.8877   1.9347     108.3501
    355    2319  598.35    3436.28  113.8309  22.8842   1.7358     109.4142
    355    2441  615.62    3556.95  113.8543  22.8806   1.5378     110.7502
    355    2563  632.87    3677.57  113.8777  22.8771   1.3408     112.4765
    355    2685  650.12    3798.14  113.9011  22.8736   1.1456     114.7903
    355    2807  667.36    3918.69  113.9245  22.8700   0.9530     118.0425
    355    2929  684.60    4039.21  113.9479  22.8665   0.7649     122.9111
    355    3051  701.84    4159.72  113.9713  22.8629   0.5859     130.8388
    355    3173  719.07    4280.23  113.9947  22.8594   0.4274     145.1216
    355    3295  736.31    4400.75  114.0181  22.8558   0.3213     171.8525
    355    3417  753.56    4521.29  114.0415  22.8523   0.3240     -151.7480
    355    3539  770.80    4641.85  114.0649  22.8487   0.4335     -125.6489
    355    3661  788.05    4762.45  114.0883  22.8451   0.5935     -111.7444
    355    3783  805.31    4883.10  114.1117  22.8416   0.7732     -103.9946
    355    3905  822.58    5003.81  114.1352  22.8380   0.9618     -99.2160
    355    4027  839.85    5124.59  114.1586  22.8344   1.1549     -96.0141
    355    4149  857.14    5245.44  114.1820  22.8308   1.3507     -93.7308
    355    4271  874.44    5366.38  114.2055  22.8272   1.5481     -92.0244
    355    4393  891.76    5487.42  114.2290  22.8236   1.7468     -90.7020
    355    4515  909.09    5608.56  114.2525  22.8200   1.9463     -89.6475
    355    4637  926.43    5729.83  114.2760  22.8164   2.1465     -88.7870
    355    4759  943.80    5851.22  114.2996  22.8128   2.3472     -88.0714
    355    4881  961.18    5972.74  114.3231  22.8092   2.5484     -87.4666
    355    5003  978.59    6094.42  114.3467  22.8055   2.7501     -86.9485
    355    5125  996.02    6216.25  114.3703  22.8019   2.9521     -86.4996
    355    5247  1013.47    6338.25  114.3940  22.7982   3.1545     -86.1066
    355    5369  1030.95    6460.43  114.4177  22.7946   3.3572     -85.7595
    355    5491  1048.45    6582.79  114.4414  22.7909   3.5603     -85.4505
    355    5613  1065.99    6705.35  114.4652  22.7872   3.7637     -85.1736
    355    5735  1083.55    6828.12  114.4890  22.7835   3.9674     -84.9238
    355    5857  1101.14    6951.10  114.5128  22.7798   4.1715     -84.6971
    355    6000  1121.81    7095.54  114.5408  22.7755   4.4111     -84.4567
    473       1  382.90    1096.81  113.3758  22.9305   5.5753     102.2135
    473     123  400.57    1220.36  113.3999  22.9270   5.3706     102.3433
    473     245  418.21    1343.67  113.4238  22.9234   5.1661     102.4825
    473     367  435.82    1466.74  113.4477  22.9199   4.9620     102.6321
    473     489  453.39    1589.59  113.4716  22.9163   4.7582     102.7934
    473     611  470.94    1712.23  113.4955  22.9128   4.5547     102.9682
    473     733  488.46    1834.67  113.5193  22.9093   4.3514     103.1581
    473     855  505.95    1956.92  113.5430  22.9057   4.1484     103.3655
    473     977  523.41    2078.98  113.5667  22.9022   3.9457     103.5930
    473    1099  540.85    2200.88  113.5904  22.8987   3.7433     103.8438
    473    1221  558.26    2322.61  113.6141  22.8951   3.5411     104.1220
    473    1343  575.66    2444.19  113.6377  22.8916   3.3392     104.4323
    473    1465  593.03    2565.63  113.6613  22.8881   3.1376     104.7811
    473    1587  610.39    2686.94  113.6849  22.8845   2.9362     105.1761
    473    1709  627.72    2808.13  113.7084  22.8810   2.7352     105.6276
    473    1831  645.04    2929.20  113.7319  22.8775   2.5345     106.1487
    473    1953  662.35    3050.18  113.7554  22.8739   2.3341     106.7575
    473    2075  679.65    3171.06  113.7789  22.8704   2.1341     107.4783
    473    2197  696.93    3291.86  113.8024  22.8669   1.9346     108.3456
    473    2319  714.20    3412.59  113.8258  22.8634   1.7358     109.4094
    473    2441  731.47    3533.26  113.8493  22.8598   1.5377     110.7449
    473    2563  748.72    3653.88  113.8727  22.8563   1.3408     112.4706
    473    2685  765.97    3774.46  113.8961  22.8527   1.1455     114.7838
    473    2807  783.22    3895.00  113.9195  22.8492   0.9529     118.0351
    473    2929  800.46    4015.52  113.9429  22.8457   0.7649     122.9026
    473    3051  817.70    4136.03  113.9663  22.8421   0.5859     130.8290
    473    3173  834.94    4256.54  113.9897  22.8386   0.4273     145.1115
    473    3295  852.19    4377.06  114.0131  22.8350   0.3212     171.8484
    473    3417  869.43    4497.59  114.0364  22.8315   0.3239     -151.7397
    473    3539  886.68    4618.16  114.0598  22.8279   0.4335     -125.6379
    473    3661  903.94    4738.76  114.0832  22.8243   0.5934     -111.7356
    473    3783  921.20    4859.41  114.1067  22.8208   0.7732     -103.9878
    473    3905  938.47    4980.11  114.1301  22.8172   0.9618     -99.2107
    473    4027  955.75    5100.89  114.1535  22.8136   1.1549     -96.0099
    473    4149  973.04    5221.74  114.1770  22.8100   1.3507     -93.7274
    473    4271  990.34    5342.68  114.2004  22.8064   1.5481     -92.0216
    473    4393  1007.66    5463.71  114.2239  22.8028   1.7468     -90.6997
    473    4515  1024.99    5584.86  114.2474  22.7992   1.9463     -89.6456
    473    4637  1042.34    5706.12  114.2709  22.7956   2.1465     -88.7855
    473    4759  1059.71    5827.51  114.2944  22.7920   2.3472     -88.0701
    473    4881  1077.10    5949.04  114.3180  22.7884   2.5484     -87.4655
    473    5003  1094.51    6070.71  114.3416  22.7847   2.7501     -86.9477
    473    5125  1111.94    6192.54  114.3652  22.7811   2.9521     -86.4989
    473    5247  1129.39    6314.54  114.3889  22.7774   3.1545     -86.1061
    473    5369  1146.88    6436.71  114.4126  22.7738   3.3572     -85.7591
    473    5491  1164.38    6559.07  114.4363  22.7701   3.5603     -85.4503
    473    5613  1181.92    6681.63  114.4600  22.7664   3.7637     -85.1734
    473    5735  1199.49    6804.40  114.4838  22.7627   3.9674     -84.9237
    473    5857  1217.08    6927.38  114.5077  22.7590   4.1715     -84.6972
    473    6000  1237.75    7071.82  114.5356  22.7547   4.4111     -84.4569
    591       1  498.68    1073.15  113.3709  22.9097   5.5753     102.2112
    591     123  516.36    1196.70  113.3949  22.9061   5.3705     102.3410
    591     245  534.00    1320.00  113.4188  22.9026   5.1661     102.4801
    591     367  551.61    1443.07  113.4428  22.8991   4.9620     102.6296
    591     489  569.19    1565.92  113.4666  22.8955   4.7582     102.7909
    591     611  586.74    1688.56  113.4905  22.8920   4.5546     102.9656
    591     733  604.26    1811.00  113.5143  22.8884   4.3514     103.1555
    591     855  621.75    1933.24  113.5380  22.8849   4.1484     103.3628
    591     977  639.22    2055.31  113.5617  22.8814   3.9457     103.5902
    591    1099  656.66    2177.20  113.5854  22.8778   3.7433     103.8409
    591    1221  674.08    2298.93  113.6091  22.8743   3.5411     104.1189
    591    1343  691.48    2420.51  113.6327  22.8708   3.3392     104.4292
    591    1465  708.85    2541.95  113.6563  22.8672   3.1376     104.7778
    591    1587  726.21    2663.26  113.6799  22.8637   2.9362     105.1727
    591    1709  743.55    2784.45  113.7034  22.8602   2.7352     105.6240
    591    1831  760.88    2905.52  113.7269  22.8567   2.5344     106.1450
    591    1953  778.19    3026.50  113.7504  22.8531   2.3341     106.7535
    591    2075  795.49    3147.38  113.7739  22.8496   2.1341     107.4741
    591    2197  812.77    3268.18  113.7973  22.8461   1.9346     108.3411
    591    2319  830.05    3388.91  113.8208  22.8425   1.7357     109.4045
    591    2441  847.31    3509.58  113.8442  22.8390   1.5377     110.7396
    591    2563  864.57    3630.19  113.8676  22.8355   1.3408     112.4648
    591    2685  881.83    3750.77  113.8910  22.8319   1.1455     114.7773
    591    2807  899.08    3871.31  113.9144  22.8284   0.9528     118.0277
    591    2929  916.32    3991.83  113.9378  22.8248   0.7648     122.8940
    591    3051  933.57    4112.34  113.9612  22.8213   0.5858     130.8192
    591    3173  950.81    4232.85  113.9846  22.8177   0.4272     145.1014
    591    3295  968.06    4353.36  114.0080  22.8142   0.3211     171.8442
    591    3417  985.31    4473.90  114.0314  22.8106   0.3238     -151.7314
    591    3539  1002.56    4594.46  114.0548  22.8071   0.4334     -125.6270
    591    3661  1019.82    4715.06  114.0782  22.8035   0.5934     -111.7267
    591    3783  1037.08    4835.71  114.1016  22.7999   0.7732     -103.9810
    591    3905  1054.35    4956.41  114.1250  22.7964   0.9618     -99.2054
    591    4027  1071.64    5077.18  114.1484  22.7928   1.1549     -96.0057
    591    4149  1088.93    5198.03  114.1719  22.7892   1.3507     -93.7241
    591    4271  1106.24    5318.97  114.1953  22.7856   1.5481     -92.0188
    591    4393  1123.56    5440.01  114.2188  22.7820   1.7468     -90.6974
    591    4515  1140.90    5561.15  114.2423  22.7784   1.9463     -89.6438
    591    4637  1158.25    5682.41  114.2658  22.7748   2.1465     -88.7839
    591    4759  1175.62    5803.80  114.2893  22.7712   2.3472     -88.0688
    591    4881  1193.01    5925.32  114.3129  22.7675   2.5484     -87.4645
    591    5003  1210.42    6047.00  114.3365  22.7639   2.7501     -86.9468
    591    5125  1227.86    6168.83  114.3601  22.7603   2.9521     -86.4982
    591    5247  1245.32    6290.82  114.3837  22.7566   3.1545     -86.1055
    591    5369  1262.80    6413.00  114.4074  22.7530   3.3572     -85.7587
    591    5491  1280.31    6535.36  114.4311  22.7493   3.5603     -85.4500
    591    5613  1297.85    6657.91  114.4549  22.7456   3.7637     -85.1732
    591    5735  1315.42    6780.68  114.4787  22.7419   3.9674     -84.9236
    591    5857  1333.02    6903.66  114.5025  22.7382   4.1715     -84.6972
    591    6000  1353.70    7048.10  114.5305  22.7339   4.4111     -84.4570
    709       1  614.46    1049.48  113.3659  22.8889   5.5752     102.2089
    709     123  632.14    1173.03  113.3899  22.8853   5.3705     102.3386
    709     245  649.79    1296.33  113.4139  22.8818   5.1661     102.4777
    709     367  667.41    1419.40  113.4378  22.8782   4.9620     102.6271
    709     489  684.99    1542.25  113.4617  22.8747   4.7581     102.7884
    709     611  702.54    1664.89  113.4855  22.8711   4.5546     102.9630
    709     733  720.06    1787.32  113.5093  22.8676   4.3514     103.1528
    709     855  737.56    1909.57  113.5330  22.8641   4.1484     103.3601
    709     977  755.03    2031.63  113.5567  22.8605   3.9457     103.5874
    709    1099  772.47    2153.52  113.5804  22.8570   3.7432     103.8380
    709    1221  789.89    2275.25  113.6041  22.8535   3.5411     104.1159
    709    1343  807.30    2396.83  113.6277  22.8499   3.3392     104.4260
    709    1465  824.68    2518.27  113.6513  22.8464   3.1375     104.7746
    709    1587  842.04    2639.58  113.6748  22.8429   2.9362     105.1693
    709    1709  859.38    2760.76  113.6984  22.8394   2.7351     105.6204
    709    1831  876.71    2881.84  113.7219  22.8358   2.5344     106.1412
    709    1953  894.02    3002.81  113.7454  22.8323   2.3340     106.7495
    709    2075  911.32    3123.69  113.7688  22.8288   2.1340     107.4698
    709    2197  928.61    3244.49  113.7923  22.8252   1.9346     108.3366
    709    2319  945.89    3365.22  113.8157  22.8217   1.7357     109.3996
    709    2441  963.16    3485.88  113.8392  22.8182   1.5376     110.7342
    709    2563  980.43    3606.50  113.8626  22.8146   1.3407     112.4589
    709    2685  997.68    3727.07  113.8860  22.8111   1.1454     114.7707
    709    2807  1014.93    3847.61  113.9094  22.8076   0.9528     118.0203
    709    2929  1032.18    3968.13  113.9328  22.8040   0.7647     122.8855
    709    3051  1049.43    4088.64  113.9561  22.8005   0.5857     130.8094
    709    3173  1066.68    4209.15  113.9795  22.7969   0.4271     145.0913
    709    3295  1083.93    4329.66  114.0029  22.7934   0.3210     171.8400
    709    3417  1101.18    4450.19  114.0263  22.7898   0.3237     -151.7231
    709    3539  1118.44    4570.76  114.0497  22.7863   0.4333     -125.6161
    709    3661  1135.70    4691.35  114.0731  22.7827   0.5934     -111.7178
    709    3783  1152.96    4812.00  114.0965  22.7791   0.7732     -103.9742
    709    3905  1170.24    4932.70  114.1199  22.7755   0.9617     -99.2001
    709    4027  1187.53    5053.48  114.1433  22.7720   1.1549     -96.0015
    709    4149  1204.82    5174.32  114.1668  22.7684   1.3506     -93.7207
    709    4271  1222.13    5295.26  114.1902  22.7648   1.5481     -92.0161
    709    4393  1239.46    5416.30  114.2137  22.7612   1.7468     -90.6952
    709    4515  1256.80    5537.44  114.2372  22.7576   1.9463     -89.6419
    709    4637  1274.15    5658.70  114.2607  22.7540   2.1465     -88.7824
    709    4759  1291.53    5780.08  114.2842  22.7504   2.3472     -88.0675
    709    4881  1308.92    5901.61  114.3078  22.7467   2.5484     -87.4634
    709    5003  1326.34    6023.28  114.3314  22.7431   2.7501     -86.9459
    709    5125  1343.78    6145.11  114.3550  22.7395   2.9521     -86.4975
    709    5247  1361.24    6267.10  114.3786  22.7358   3.1545     -86.1050
    709    5369  1378.73    6389.27  114.4023  22.7321   3.3572     -85.7583
    709    5491  1396.24    6511.63  114.4260  22.7285   3.5603     -85.4497
    709    5613  1413.79    6634.19  114.4497  22.7248   3.7637     -85.1731
    709    5735  1431.36    6756.95  114.4735  22.7211   3.9674     -84.9236
    709    5857  1448.96    6879.93  114.4974  22.7174   4.1715     -84.6972
    709    6000  1469.64    7024.37  114.5253  22.7131   4.4112     -84.4571
    827       1  730.24    1025.81  113.3609  22.8680   5.5752     102.2066
    827     123  747.93    1149.35  113.3849  22.8645   5.3705     102.3363
    827     245  765.58    1272.65  113.4089  22.8609   5.1661     102.4753
    827     367  783.20    1395.72  113.4328  22.8574   4.9619     102.6247
    827     489  800.78    1518.57  113.4567  22.8539   4.7581     102.7859
    827     611  818.34    1641.21  113.4805  22.8503   4.5546     102.9604
    827     733  835.86    1763.64  113.5043  22.8468   4.3513     103.1502
    827     855  853.36    1885.89  113.5280  22.8432   4.1484     103.3573
    827     977  870.84    2007.95  113.5517  22.8397   3.9457     103.5845
    827    1099  888.28    2129.84  113.5754  22.8362   3.7432     103.8351
    827    1221  905.71    2251.57  113.5991  22.8326   3.5410     104.1129
    827    1343  923.11    2373.15  113.6227  22.8291   3.3391     104.4229
    827    1465  940.50    2494.58  113.6463  22.8256   3.1375     104.7713
    827    1587  957.86    2615.89  113.6698  22.8221   2.9362     105.1659
    827    1709  975.21    2737.07  113.6933  22.8185   2.7351     105.6168
    827    1831  992.54    2858.15  113.7169  22.8150   2.5344     106.1374
    827    1953  1009.86    2979.12  113.7403  22.8115   2.3340     106.7456
    827    2075  1027.16    3100.00  113.7638  22.8079   2.1340     107.4656
    827    2197  1044.45    3220.79  113.7873  22.8044   1.9345     108.3320
    827    2319  1061.74    3341.52  113.8107  22.8009   1.7357     109.3947
    827    2441  1079.01    3462.19  113.8341  22.7973   1.5376     110.7289
    827    2563  1096.28    3582.80  113.8575  22.7938   1.3407     112.4531
    827    2685  1113.54    3703.37  113.8809  22.7903   1.1454     114.7642
    827    2807  1130.79    3823.91  113.9043  22.7867   0.9527     118.0129
    827    2929  1148.04    3944.43  113.9277  22.7832   0.7647     122.8770
    827    3051  1165.29    4064.94  113.9511  22.7797   0.5856     130.7996
    827    3173  1182.55    4185.44  113.9745  22.7761   0.4270     145.0812
    827    3295  1199.80    4305.96  113.9978  22.7726   0.3208     171.8358
    827    3417  1217.05    4426.49  114.0212  22.7690   0.3236     -151.7148
    827    3539  1234.31    4547.05  114.0446  22.7654   0.4333     -125.6051
    827    3661  1251.58    4667.65  114.0680  22.7619   0.5933     -111.7090
    827    3783  1268.85    4788.29  114.0914  22.7583   0.7731     -103.9673
    827    3905  1286.13    4908.99  114.1148  22.7547   0.9617     -99.1948
    827    4027  1303.42    5029.76  114.1382  22.7511   1.1549     -95.9973
    827    4149  1320.72    5150.61  114.1617  22.7476   1.3506     -93.7173
    827    4271  1338.03    5271.55  114.1851  22.7440   1.5481     -92.0133
    827    4393  1355.36    5392.58  114.2086  22.7404   1.7468     -90.6929
    827    4515  1372.70    5513.72  114.2321  22.7368   1.9463     -89.6400
    827    4637  1390.06    5634.98  114.2556  22.7332   2.1465     -88.7808
    827    4759  1407.44    5756.36  114.2791  22.7295   2.3472     -88.0662
    827    4881  1424.84    5877.89  114.3027  22.7259   2.5484     -87.4623
    827    5003  1442.25    5999.56  114.3262  22.7223   2.7501     -86.9451
    827    5125  1459.70    6121.38  114.3498  22.7186   2.9521     -86.4968
    827    5247  1477.16    6243.38  114.3735  22.7150   3.1545     -86.1045
    827    5369  1494.65    6365.55  114.3972  22.7113   3.3572     -85.7579
    827    5491  1512.17    6487.90  114.4209  22.7077   3.5603     -85.4494
    827    5613  1529.72    6610.46  114.4446  22.7040   3.7637     -85.1729
    827    5735  1547.29    6733.22  114.4684  22.7003   3.9675     -84.9235
    827    5857  1564.90    6856.20  114.4922  22.6966   4.1715     -84.6972
    827    6000  1585.58    7000.64  114.5202  22.6923   4.4112     -84.4572
    945       1  846.02    1002.13  113.3559  22.8472   5.5752     102.2044
    945     123  863.71    1125.68  113.3799  22.8437   5.3705     102.3340
    945     245  881.37    1248.98  113.4039  22.8401   5.1660     102.4729
    945     367  898.99    1372.04  113.4278  22.8366   4.9619     102.6222
    945     489  916.58    1494.89  113.4517  22.8330   4.7581     102.7834
    945     611  934.13    1617.53  113.4755  22.8295   4.5546     102.9578
    945     733  951.66    1739.96  113.4993  22.8259   4.3513     103.1475
    945     855  969.17    1862.20  113.5230  22.8224   4.1483     103.3546
    945     977  986.64    1984.26  113.5467  22.8189   3.9456     103.5817
    945    1099  1004.09    2106.15  113.5704  22.8153   3.7432     103.8322
    945    1221  1021.52    2227.88  113.5940  22.8118   3.5410     104.1099
    945    1343  1038.93    2349.46  113.6177  22.8083   3.3391     104.4198
    945    1465  1056.32    2470.89  113.6412  22.8048   3.1375     104.7680
    945    1587  1073.68    2592.20  113.6648  22.8012   2.9361     105.1625
    945    1709  1091.03    2713.38  113.6883  22.7977   2.7351     105.6133
    945    1831  1108.37    2834.45  113.7118  22.7942   2.5343     106.1337
    945    1953  1125.69    2955.42  113.7353  22.7906   2.3339     106.7416
    945    2075  1143.00    3076.30  113.7588  22.7871   2.1340     107.4614
    945    2197  1160.29    3197.10  113.7822  22.7836   1.9345     108.3275
    945    2319  1177.58    3317.82  113.8056  22.7801   1.7356     109.3899
    945    2441  1194.85    3438.49  113.8291  22.7765   1.5376     110.7236
    945    2563  1212.12    3559.10  113.8525  22.7730   1.3406     112.4472
    945    2685  1229.39    3679.67  113.8759  22.7695   1.1453     114.7577
    945    2807  1246.65    3800.21  113.8993  22.7659   0.9527     118.0055
    945    2929  1263.90    3920.73  113.9226  22.7624   0.7646     122.8684
    945    3051  1281.16    4041.23  113.9460  22.7588   0.5856     130.7898
    945    3173  1298.41    4161.74  113.9694  22.7553   0.4270     145.0711
    945    3295  1315.67    4282.25  113.9928  22.7517   0.3207     171.8317
    945    3417  1332.92    4402.78  114.0162  22.7482   0.3235     -151.7065
    945    3539  1350.19    4523.34  114.0395  22.7446   0.4332     -125.5941
    945    3661  1367.45    4643.93  114.0629  22.7411   0.5933     -111.7001
    945    3783  1384.73    4764.58  114.0863  22.7375   0.7731     -103.9605
    945    3905  1402.01    4885.28  114.1097  22.7339   0.9617     -99.1895
    945    4027  1419.30    5006.05  114.1331  22.7303   1.1548     -95.9931
    945    4149  1436.61    5126.89  114.1566  22.7267   1.3506     -93.7139
    945    4271  1453.92    5247.83  114.1800  22.7232   1.5481     -92.0105
    945    4393  1471.25    5368.86  114.2035  22.7196   1.7468     -90.6906
    945    4515  1488.60    5490.00  114.2270  22.7160   1.9463     -89.6381
    945    4637  1505.96    5611.25  114.2505  22.7123   2.1465     -88.7792
    945    4759  1523.34    5732.64  114.2740  22.7087   2.3472     -88.0649
    945    4881  1540.75    5854.16  114.2975  22.7051   2.5484     -87.4613
    945    5003  1558.17    5975.83  114.3211  22.7015   2.7501     -86.9442
    945    5125  1575.61    6097.65  114.3447  22.6978   2.9521     -86.4961
    945    5247  1593.08    6219.65  114.3684  22.6942   3.1545     -86.1039
    945    5369  1610.58    6341.82  114.3920  22.6905   3.3572     -85.7575
    945    5491  1628.10    6464.17  114.4157  22.6869   3.5603     -85.4491
    945    5613  1645.65    6586.73  114.4395  22.6832   3.7637     -85.1727
    945    5735  1663.23    6709.49  114.4633  22.6795   3.9675     -84.9234
    945    5857  1680.84    6832.46  114.4871  22.6758   4.1715     -84.6972
    945    6000  1701.52    6976.90  114.5150  22.6715   4.4112     -84.4573
   1063       1  961.80    978.45  113.3510  22.8264   5.5752     102.2021
   1063     123  979.50    1101.99  113.3750  22.8228   5.3704     102.3316
   1063     245  997.15    1225.29  113.3989  22.8193   5.1660     102.4705
   1063     367  1014.78    1348.36  113.4228  22.8157   4.9619     102.6198
   1063     489  1032.37    1471.20  113.4467  22.8122   4.7581     102.7809
   1063     611  1049.93    1593.84  113.4705  22.8087   4.5545     102.9553
   1063     733  1067.46    1716.27  113.4943  22.8051   4.3513     103.1448
   1063     855  1084.97    1838.51  113.5180  22.8016   4.1483     103.3518
   1063     977  1102.45    1960.57  113.5417  22.7980   3.9456     103.5789
   1063    1099  1119.90    2082.46  113.5654  22.7945   3.7432     103.8292
   1063    1221  1137.33    2204.19  113.5890  22.7910   3.5410     104.1068
   1063    1343  1154.74    2325.76  113.6126  22.7875   3.3391     104.4166
   1063    1465  1172.13    2447.20  113.6362  22.7839   3.1374     104.7648
   1063    1587  1189.51    2568.50  113.6598  22.7804   2.9361     105.1591
   1063    1709  1206.86    2689.68  113.6833  22.7769   2.7350     105.6097
   1063    1831  1224.20    2810.75  113.7068  22.7734   2.5343     106.1299
   1063    1953  1241.52    2931.72  113.7303  22.7698   2.3339     106.7376
   1063    2075  1258.83    3052.60  113.7537  22.7663   2.1339     107.4572
   1063    2197  1276.13    3173.39  113.7772  22.7628   1.9345     108.3230
   1063    2319  1293.42    3294.12  113.8006  22.7592   1.7356     109.3850
   1063    2441  1310.70    3414.78  113.8240  22.7557   1.5375     110.7183
   1063    2563  1327.97    3535.39  113.8474  22.7522   1.3406     112.4414
   1063    2685  1345.24    3655.96  113.8708  22.7486   1.1453     114.7511
   1063    2807  1362.50    3776.50  113.8942  22.7451   0.9526     117.9980
   1063    2929  1379.76    3897.02  113.9176  22.7416   0.7646     122.8599
   1063    3051  1397.02    4017.52  113.9410  22.7380   0.5855     130.7800
   1063    3173  1414.27    4138.02  113.9643  22.7345   0.4269     145.0610
   1063    3295  1431.53    4258.53  113.9877  22.7309   0.3206     171.8275
   1063    3417  1448.79    4379.06  114.0111  22.7274   0.3234     -151.6981
   1063    3539  1466.06    4499.62  114.0345  22.7238   0.4331     -125.5831
   1063    3661  1483.33    4620.21  114.0578  22.7202   0.5932     -111.6912
   1063    3783  1500.61    4740.86  114.0812  22.7167   0.7731     -103.9537
   1063    3905  1517.89    4861.56  114.1046  22.7131   0.9617     -99.1842
   1063    4027  1535.19    4982.33  114.1281  22.7095   1.1548     -95.9889
   1063    4149  1552.50    5103.17  114.1515  22.7059   1.3506     -93.7105
   1063    4271  1569.82    5224.10  114.1749  22.7023   1.5481     -92.0077
   1063    4393  1587.15    5345.13  114.1984  22.6987   1.7468     -90.6883
   1063    4515  1604.50    5466.27  114.2219  22.6951   1.9463     -89.6362
   1063    4637  1621.87    5587.53  114.2454  22.6915   2.1465     -88.7777
   1063    4759  1639.25    5708.91  114.2689  22.6879   2.3472     -88.0636
   1063    4881  1656.65    5830.43  114.2924  22.6843   2.5485     -87.4602
   1063    5003  1674.08    5952.10  114.3160  22.6807   2.7501     -86.9433
   1063    5125  1691.53    6073.92  114.3396  22.6770   2.9521     -86.4954
   1063    5247  1709.00    6195.91  114.3632  22.6734   3.1545     -86.1034
   1063    5369  1726.50    6318.08  114.3869  22.6697   3.3572     -85.7571
   1063    5491  1744.02    6440.44  114.4106  22.6661   3.5603     -85.4488
   1063    5613  1761.57    6562.99  114.4343  22.6624   3.7637     -85.1726
   1063    5735  1779.16    6685.75  114.4581  22.6587   3.9675     -84.9233
   1063    5857  1796.77    6808.72  114.4819  22.6550   4.1716     -84.6972
   1063    6000  1817.46    6953.16  114.5099  22.6507   4.4112     -84.4574
   1181       1  1077.58    954.77  113.3460  22.8055   5.5751     102.1998
   1181     123  1095.28    1078.31  113.3700  22.8020   5.3704     102.3293
   1181     245  1112.94    1201.60  113.3939  22.7984   5.1660     102.4681
   1181     367  1130.56    1324.67  113.4178  22.7949   4.9619     102.6173
   1181     489  1148.16    1447.51  113.4417  22.7914   4.7580     102.7783
   1181     611  1165.72    1570.15  113.4655  22.7878   4.5545     102.9527
   1181     733  1183.26    1692.58  113.4893  22.7843   4.3512     103.1422
   1181     855  1200.77    1814.82  113.5130  22.7808   4.1483     103.3491
   1181     977  1218.25    1936.88  113.5367  22.7772   3.9456     103.5761
   1181    1099  1235.71    2058.76  113.5604  22.7737   3.7431     103.8263
   1181    1221  1253.15    2180.49  113.5840  22.7702   3.5410     104.1038
   1181    1343  1270.56    2302.06  113.6076  22.7666   3.3390     104.4135
   1181    1465  1287.95    2423.50  113.6312  22.7631   3.1374     104.7615
   1181    1587  1305.33    2544.80  113.6548  22.7596   2.9361     105.1557
   1181    1709  1322.68    2665.98  113.6783  22.7561   2.7350     105.6061
   1181    1831  1340.02    2787.05  113.7018  22.7525   2.5343     106.1262
   1181    1953  1357.35    2908.02  113.7252  22.7490   2.3339     106.7336
   1181    2075  1374.67    3028.89  113.7487  22.7455   2.1339     107.4530
   1181    2197  1391.97    3149.69  113.7721  22.7419   1.9344     108.3185
   1181    2319  1409.26    3270.41  113.7956  22.7384   1.7355     109.3801
   1181    2441  1426.54    3391.07  113.8190  22.7349   1.5375     110.7130
   1181    2563  1443.82    3511.68  113.8424  22.7313   1.3405     112.4355
   1181    2685  1461.09    3632.25  113.8658  22.7278   1.1452     114.7446
   1181    2807  1478.35    3752.79  113.8892  22.7243   0.9526     117.9906
   1181    2929  1495.62    3873.30  113.9125  22.7207   0.7645     122.8513
   1181    3051  1512.88    3993.81  113.9359  22.7172   0.5854     130.7701
   1181    3173  1530.14    4114.31  113.9593  22.7136   0.4268     145.0509
   1181    3295  1547.40    4234.82  113.9826  22.7101   0.3205     171.8233
   1181    3417  1564.66    4355.34  114.0060  22.7065   0.3233     -151.6898
   1181    3539  1581.93    4475.90  114.0294  22.7030   0.4331     -125.5722
   1181    3661  1599.21    4596.49  114.0528  22.6994   0.5932     -111.6823
   1181    3783  1616.49    4717.14  114.0762  22.6959   0.7730     -103.9468
   1181    3905  1633.78    4837.83  114.0996  22.6923   0.9617     -99.1788
   1181    4027  1651.08    4958.60  114.1230  22.6887   1.1548     -95.9846
   1181    4149  1668.39    5079.44  114.1464  22.6851   1.3506     -93.7070
   1181    4271  1685.71    5200.38  114.1698  22.6815   1.5481     -92.0049
   1181    4393  1703.05    5321.41  114.1933  22.6779   1.7468     -90.6860
   1181    4515  1720.40    5442.54  114.2168  22.6743   1.9463     -89.6343
   1181    4637  1737.77    5563.80  114.2403  22.6707   2.1465     -88.7761
   1181    4759  1755.15    5685.18  114.2638  22.6671   2.3472     -88.0623
   1181    4881  1772.56    5806.70  114.2873  22.6635   2.5485     -87.4591
   1181    5003  1789.99    5928.36  114.3109  22.6599   2.7501     -86.9425
   1181    5125  1807.44    6050.19  114.3345  22.6562   2.9521     -86.4947
   1181    5247  1824.92    6172.17  114.3581  22.6526   3.1545     -86.1028
   1181    5369  1842.42    6294.34  114.3818  22.6489   3.3573     -85.7567
   1181    5491  1859.95    6416.70  114.4055  22.6452   3.5603     -85.4486
   1181    5613  1877.50    6539.25  114.4292  22.6416   3.7637     -85.1724
   1181    5735  1895.09    6662.01  114.4530  22.6379   3.9675     -84.9232
   1181    5857  1912.70    6784.98  114.4768  22.6342   4.1716     -84.6973
   1181    6000  1933.40    6929.41  114.5048  22.6298   4.4112     -84.4575
   1299       1  1193.36    931.08  113.3410  22.7847   5.5751     102.1975
   1299     123  1211.06    1054.61  113.3650  22.7812   5.3704     102.3270
   1299     245  1228.72    1177.91  113.3890  22.7776   5.1660     102.4657
   1299     367  1246.35    1300.98  113.4129  22.7741   4.9618     102.6149
   1299     489  1263.95    1423.82  113.4367  22.7705   4.7580     102.7758
   1299     611  1281.52    1546.45  113.4605  22.7670   4.5545     102.9501
   1299     733  1299.06    1668.88  113.4843  22.7635   4.3512     103.1395
   1299     855  1316.57    1791.12  113.5080  22.7599   4.1482     103.3464
   1299     977  1334.05    1913.18  113.5317  22.7564   3.9455     103.5732
   1299    1099  1351.52    2035.06  113.5554  22.7529   3.7431     103.8234
   1299    1221  1368.95    2156.79  113.5790  22.7493   3.5409     104.1008
   1299    1343  1386.37    2278.36  113.6026  22.7458   3.3390     104.4104
   1299    1465  1403.77    2399.79  113.6262  22.7423   3.1374     104.7582
   1299    1587  1421.15    2521.09  113.6497  22.7388   2.9360     105.1522
   1299    1709  1438.51    2642.27  113.6733  22.7352   2.7350     105.6025
   1299    1831  1455.85    2763.34  113.6967  22.7317   2.5342     106.1224
   1299    1953  1473.18    2884.31  113.7202  22.7282   2.3338     106.7297
   1299    2075  1490.50    3005.18  113.7437  22.7246   2.1339     107.4487
   1299    2197  1507.80    3125.98  113.7671  22.7211   1.9344     108.3140
   1299    2319  1525.10    3246.70  113.7905  22.7176   1.7355     109.3752
   1299    2441  1542.38    3367.36  113.8139  22.7141   1.5374     110.7077
   1299    2563  1559.66    3487.97  113.8373  22.7105   1.3405     112.4297
   1299    2685  1576.94    3608.53  113.8607  22.7070   1.1452     114.7381
   1299    2807  1594.21    3729.07  113.8841  22.7035   0.9525     117.9832
   1299    2929  1611.47    3849.58  113.9075  22.6999   0.7644     122.8428
   1299    3051  1628.73    3970.09  113.9308  22.6964   0.5853     130.7603
   1299    3173  1646.00    4090.59  113.9542  22.6928   0.4267     145.0407
   1299    3295  1663.26    4211.09  113.9776  22.6893   0.3204     171.8191
   1299    3417  1680.53    4331.62  114.0009  22.6857   0.3232     -151.6814
   1299    3539  1697.80    4452.18  114.0243  22.6822   0.4330     -125.5611
   1299    3661  1715.08    4572.77  114.0477  22.6786   0.5932     -111.6733
   1299    3783  1732.36    4693.41  114.0711  22.6750   0.7730     -103.9400
   1299    3905  1749.66    4814.11  114.0945  22.6715   0.9616     -99.1735
   1299    4027  1766.96    4934.87  114.1179  22.6679   1.1548     -95.9804
   1299    4149  1784.27    5055.71  114.1413  22.6643   1.3506     -93.7036
   1299    4271  1801.60    5176.64  114.1647  22.6607   1.5481     -92.0021
   1299    4393  1818.94    5297.67  114.1882  22.6571   1.7468     -90.6837
   1299    4515  1836.29    5418.81  114.2117  22.6535   1.9463     -89.6324
   1299    4637  1853.67    5540.06  114.2351  22.6499   2.1465     -88.7745
   1299    4759  1871.06    5661.44  114.2587  22.6463   2.3472     -88.0610
   1299    4881  1888.47    5782.96  114.2822  22.6427   2.5485     -87.4580
   1299    5003  1905.90    5904.62  114.3058  22.6390   2.7501     -86.9416
   1299    5125  1923.35    6026.44  114.3294  22.6354   2.9521     -86.4940
   1299    5247  1940.83    6148.43  114.3530  22.6318   3.1545     -86.1023
   1299    5369  1958.34    6270.60  114.3767  22.6281   3.3573     -85.7563
   1299    5491  1975.87    6392.95  114.4003  22.6244   3.5603     -85.4483
   1299    5613  1993.43    6515.50  114.4241  22.6208   3.7638     -85.1722
   1299    5735  2011.02    6638.26  114.4478  22.6171   3.9675     -84.9232
   1299    5857  2028.64    6761.23  114.4717  22.6134   4.1716     -84.6973
   1299    6000  2049.33    6905.66  114.4996  22.6090   4.4112     -84.4576
   1417       1  1309.13    907.38  113.3361  22.7639   5.5751     102.1952
   1417     123  1326.84    1030.92  113.3600  22.7603   5.3703     102.3246
   1417     245  1344.50    1154.21  113.3840  22.7568   5.1659     102.4633
   1417     367  1362.14    1277.28  113.4079  22.7532   4.9618     102.6124
   1417     489  1379.74    1400.12  113.4317  22.7497   4.7580     102.7733
   1417     611  1397.31    1522.75  113.4555  22.7462   4.5544     102.9475
   1417     733  1414.85    1645.18  113.4793  22.7426   4.3512     103.1369
   1417     855  1432.37    1767.42  113.5030  22.7391   4.1482     103.3436
   1417     977  1449.86    1889.47  113.5267  22.7356   3.9455     103.5704
   1417    1099  1467.32    2011.36  113.5504  22.7320   3.7431     103.8205
   1417    1221  1484.76    2133.08  113.5740  22.7285   3.5409     104.0978
   1417    1343  1502.18    2254.65  113.5976  22.7250   3.3390     104.4072
   1417    1465  1519.58    2376.08  113.6212  22.7215   3.1374     104.7550
   1417    1587  1536.96    2497.38  113.6447  22.7179   2.9360     105.1488
   1417    1709  1554.33    2618.56  113.6682  22.7144   2.7349     105.5990
   1417    1831  1571.68    2739.63  113.6917  22.7109   2.5342     106.1187
   1417    1953  1589.01    2860.59  113.7152  22.7073   2.3338     106.7257
   1417    2075  1606.33    2981.47  113.7386  22.7038   2.1338     107.4445
   1417    2197  1623.64    3102.26  113.7621  22.7003   1.9343     108.3094
   1417    2319  1640.94    3222.98  113.7855  22.6968   1.7355     109.3704
   1417    2441  1658.23    3343.64  113.8089  22.6932   1.5374     110.7024
   1417    2563  1675.51    3464.25  113.8323  22.6897   1.3404     112.4238
   1417    2685  1692.78    3584.81  113.8557  22.6862   1.1451     114.7315
   1417    2807  1710.06    3705.35  113.8790  22.6826   0.9525     117.9758
   1417    2929  1727.32    3825.86  113.9024  22.6791   0.7644     122.8342
   1417    3051  1744.59    3946.36  113.9258  22.6755   0.5853     130.7504
   1417    3173  1761.86    4066.86  113.9491  22.6720   0.4266     145.0306
   1417    3295  1779.13    4187.37  113.9725  22.6685   0.3203     171.8149
   1417    3417  1796.40    4307.89  113.9959  22.6649   0.3231     -151.6730
   1417    3539  1813.67    4428.45  114.0192  22.6613   0.4329     -125.5501
   1417    3661  1830.95    4549.04  114.0426  22.6578   0.5931     -111.6644
   1417    3783  1848.24    4669.68  114.0660  22.6542   0.7730     -103.9331
   1417    3905  1865.54    4790.37  114.0894  22.6506   0.9616     -99.1682
   1417    4027  1882.84    4911.14  114.1128  22.6471   1.1548     -95.9762
   1417    4149  1900.16    5031.98  114.1362  22.6435   1.3506     -93.7002
   1417    4271  1917.49    5152.91  114.1596  22.6399   1.5481     -91.9993
   1417    4393  1934.83    5273.93  114.1831  22.6363   1.7468     -90.6814
   1417    4515  1952.19    5395.07  114.2066  22.6327   1.9463     -89.6305
   1417    4637  1969.57    5516.32  114.2300  22.6291   2.1465     -88.7729
   1417    4759  1986.96    5637.70  114.2536  22.6255   2.3472     -88.0597
   1417    4881  2004.37    5759.21  114.2771  22.6219   2.5485     -87.4570
   1417    5003  2021.81    5880.88  114.3007  22.6182   2.7501     -86.9407
   1417    5125  2039.27    6002.70  114.3242  22.6146   2.9521     -86.4933
   1417    5247  2056.75    6124.69  114.3479  22.6109   3.1545     -86.1017
   1417    5369  2074.26    6246.85  114.3715  22.6073   3.3573     -85.7558
   1417    5491  2091.79    6369.20  114.3952  22.6036   3.5604     -85.4480
   1417    5613  2109.35    6491.75  114.4189  22.6000   3.7638     -85.1720
   1417    5735  2126.94    6614.51  114.4427  22.5963   3.9675     -84.9231
   1417    5857  2144.57    6737.48  114.4665  22.5926   4.1716     -84.6973
   1417    6000  2165.27    6881.91  114.4945  22.5882   4.4112     -84.4577
   1535       1  1424.91    883.68  113.3311  22.7430   5.5751     102.1929
   1535     123  1442.61    1007.22  113.3551  22.7395   5.3703     102.3223
   1535     245  1460.28    1130.51  113.3790  22.7359   5.1659     102.4609
   1535     367  1477.92    1253.58  113.4029  22.7324   4.9618     102.6100
   1535     489  1495.53    1376.42  113.4268  22.7289   4.7580     102.7708
   1535     611  1513.10    1499.05  113.4506  22.7253   4.5544     102.9449
   1535     733  1530.65    1621.47  113.4743  22.7218   4.3512     103.1342
   1535     855  1548.17    1743.71  113.4981  22.7183   4.1482     103.3409
   1535     977  1565.66    1865.77  113.5217  22.7147   3.9455     103.5676
   1535    1099  1583.13    1987.65  113.5454  22.7112   3.7430     103.8176
   1535    1221  1600.57    2109.37  113.5690  22.7077   3.5409     104.0948
   1535    1343  1617.99    2230.94  113.5926  22.7042   3.3390     104.4041
   1535    1465  1635.40    2352.37  113.6162  22.7006   3.1373     104.7517
   1535    1587  1652.78    2473.67  113.6397  22.6971   2.9360     105.1454
   1535    1709  1670.15    2594.85  113.6632  22.6936   2.7349     105.5954
   1535    1831  1687.50    2715.91  113.6867  22.6900   2.5342     106.1149
   1535    1953  1704.84    2836.88  113.7102  22.6865   2.3338     106.7217
   1535    2075  1722.16    2957.75  113.7336  22.6830   2.1338     107.4403
   1535    2197  1739.47    3078.54  113.7570  22.6795   1.9343     108.3049
   1535    2319  1756.77    3199.26  113.7805  22.6759   1.7354     109.3655
   1535    2441  1774.07    3319.92  113.8039  22.6724   1.5374     110.6971
   1535    2563  1791.35    3440.52  113.8272  22.6689   1.3404     112.4180
   1535    2685  1808.63    3561.09  113.8506  22.6653   1.1451     114.7250
   1535    2807  1825.91    3681.62  113.8740  22.6618   0.9524     117.9683
   1535    2929  1843.18    3802.13  113.8974  22.6583   0.7643     122.8256
   1535    3051  1860.45    3922.63  113.9207  22.6547   0.5852     130.7406
   1535    3173  1877.72    4043.13  113.9441  22.6512   0.4265     145.0204
   1535    3295  1894.99    4163.64  113.9674  22.6476   0.3202     171.8107
   1535    3417  1912.26    4284.16  113.9908  22.6441   0.3230     -151.6646
   1535    3539  1929.54    4404.71  114.0142  22.6405   0.4329     -125.5391
   1535    3661  1946.82    4525.30  114.0375  22.6370   0.5931     -111.6555
   1535    3783  1964.12    4645.94  114.0609  22.6334   0.7730     -103.9262
   1535    3905  1981.41    4766.64  114.0843  22.6298   0.9616     -99.1628
   1535    4027  1998.72    4887.40  114.1077  22.6263   1.1548     -95.9719
   1535    4149  2016.04    5008.24  114.1311  22.6227   1.3506     -93.6968
   1535    4271  2033.38    5129.17  114.1545  22.6191   1.5481     -91.9965
   1535    4393  2050.72    5250.19  114.1780  22.6155   1.7468     -90.6791
   1535    4515  2068.08    5371.33  114.2015  22.6119   1.9463     -89.6285
   1535    4637  2085.46    5492.58  114.2249  22.6083   2.1465     -88.7713
   1535    4759  2102.86    5613.95  114.2485  22.6047   2.3472     -88.0584
   1535    4881  2120.28    5735.47  114.2720  22.6010   2.5485     -87.4559
   1535    5003  2137.72    5857.13  114.2955  22.5974   2.7501     -86.9398
   1535    5125  2155.18    5978.95  114.3191  22.5938   2.9521     -86.4926
   1535    5247  2172.66    6100.94  114.3428  22.5901   3.1545     -86.1012
   1535    5369  2190.17    6223.10  114.3664  22.5865   3.3573     -85.7554
   1535    5491  2207.71    6345.45  114.3901  22.5828   3.5604     -85.4477
   1535    5613  2225.28    6468.00  114.4138  22.5791   3.7638     -85.1718
   1535    5735  2242.87    6590.75  114.4376  22.5755   3.9675     -84.9230
   1535    5857  2260.50    6713.72  114.4614  22.5718   4.1716     -84.6973
   1535    6000  2281.20    6858.15  114.4893  22.5674   4.4112     -84.4578
   1653       1  1540.68    859.98  113.3261  22.7222   5.5750     102.1907
   1653     123  1558.39    983.51  113.3501  22.7187   5.3703     102.3200
   1653     245  1576.06    1106.81  113.3740  22.7151   5.1659     102.4585
   1653     367  1593.70    1229.87  113.3979  22.7116   4.9617     102.6075
   1653     489  1611.31    1352.71  113.4218  22.7080   4.7579     102.7683
   1653     611  1628.89    1475.34  113.4456  22.7045   4.5544     102.9424
   1653     733  1646.44    1597.76  113.4693  22.7010   4.3511     103.1316
   1653     855  1663.96    1720.00  113.4931  22.6974   4.1482     103.3382
   1653     977  1681.46    1842.05  113.5167  22.6939   3.9454     103.5648
   1653    1099  1698.93    1963.94  113.5404  22.6904   3.7430     103.8147
   1653    1221  1716.38    2085.66  113.5640  22.6868   3.5408     104.0917
   1653    1343  1733.80    2207.23  113.5876  22.6833   3.3389     104.4009
   1653    1465  1751.21    2328.65  113.6112  22.6798   3.1373     104.7484
   1653    1587  1768.60    2449.95  113.6347  22.6763   2.9359     105.1420
   1653    1709  1785.97    2571.13  113.6582  22.6727   2.7349     105.5918
   1653    1831  1803.32    2692.19  113.6817  22.6692   2.5341     106.1111
   1653    1953  1820.66    2813.15  113.7051  22.6657   2.3337     106.7177
   1653    2075  1837.99    2934.03  113.7286  22.6622   2.1338     107.4361
   1653    2197  1855.30    3054.82  113.7520  22.6586   1.9343     108.3004
   1653    2319  1872.61    3175.53  113.7754  22.6551   1.7354     109.3606
   1653    2441  1889.90    3296.19  113.7988  22.6516   1.5373     110.6918
   1653    2563  1907.19    3416.80  113.8222  22.6481   1.3403     112.4121
   1653    2685  1924.48    3537.36  113.8456  22.6445   1.1450     114.7184
   1653    2807  1941.75    3657.89  113.8690  22.6410   0.9524     117.9609
   1653    2929  1959.03    3778.40  113.8923  22.6374   0.7642     122.8171
   1653    3051  1976.30    3898.90  113.9157  22.6339   0.5851     130.7307
   1653    3173  1993.58    4019.40  113.9390  22.6304   0.4264     145.0102
   1653    3295  2010.85    4139.90  113.9624  22.6268   0.3200     171.8065
   1653    3417  2028.13    4260.43  113.9857  22.6233   0.3229     -151.6562
   1653    3539  2045.41    4380.98  114.0091  22.6197   0.4328     -125.5280
   1653    3661  2062.70    4501.56  114.0325  22.6161   0.5930     -111.6465
   1653    3783  2079.99    4622.20  114.0558  22.6126   0.7729     -103.9194
   1653    3905  2097.29    4742.90  114.0792  22.6090   0.9616     -99.1575
   1653    4027  2114.60    4863.66  114.1026  22.6054   1.1548     -95.9677
   1653    4149  2131.93    4984.50  114.1260  22.6019   1.3506     -93.6933
   1653    4271  2149.26    5105.42  114.1495  22.5983   1.5481     -91.9937
   1653    4393  2166.61    5226.45  114.1729  22.5947   1.7468     -90.6767
   1653    4515  2183.98    5347.58  114.1964  22.5911   1.9463     -89.6266
   1653    4637  2201.36    5468.83  114.2198  22.5875   2.1465     -88.7697
   1653    4759  2218.76    5590.20  114.2433  22.5839   2.3472     -88.0570
   1653    4881  2236.18    5711.72  114.2669  22.5802   2.5485     -87.4548
   1653    5003  2253.62    5833.38  114.2904  22.5766   2.7501     -86.9389
   1653    5125  2271.09    5955.20  114.3140  22.5730   2.9522     -86.4919
   1653    5247  2288.57    6077.18  114.3376  22.5693   3.1545     -86.1006
   1653    5369  2306.09    6199.34  114.3613  22.5657   3.3573     -85.7550
   1653    5491  2323.63    6321.69  114.3850  22.5620   3.5604     -85.4474
   1653    5613  2341.20    6444.24  114.4087  22.5583   3.7638     -85.1716
   1653    5735  2358.80    6566.99  114.4324  22.5547   3.9675     -84.9229
   1653    5857  2376.43    6689.96  114.4562  22.5510   4.1716     -84.6973
   1653    6000  2397.13    6834.39  114.4842  22.5466   4.4112     -84.4579
   1771       1  1656.46    836.27  113.3211  22.7014   5.5750     102.1884
   1771     123  1674.17    959.81  113.3451  22.6978   5.3703     102.3176
   1771     245  1691.84    1083.10  113.3691  22.6943   5.1658     102.4562
   1771     367  1709.49    1206.16  113.3930  22.6907   4.9617     102.6051
   1771     489  1727.10    1329.00  113.4168  22.6872   4.7579     102.7658
   1771     611  1744.68    1451.62  113.4406  22.6837   4.5544     102.9398
   1771     733  1762.23    1574.05  113.4643  22.6801   4.3511     103.1289
   1771     855  1779.76    1696.28  113.4881  22.6766   4.1481     103.3354
   1771     977  1797.26    1818.34  113.5118  22.6731   3.9454     103.5620
   1771    1099  1814.73    1940.22  113.5354  22.6695   3.7430     103.8117
   1771    1221  1832.18    2061.94  113.5590  22.6660   3.5408     104.0887
   1771    1343  1849.61    2183.51  113.5826  22.6625   3.3389     104.3978
   1771    1465  1867.02    2304.93  113.6062  22.6590   3.1373     104.7452
   1771    1587  1884.41    2426.23  113.6297  22.6554   2.9359     105.1386
   1771    1709  1901.79    2547.40  113.6532  22.6519   2.7348     105.5882
   1771    1831  1919.14    2668.47  113.6767  22.6484   2.5341     106.1074
   1771    1953  1936.49    2789.43  113.7001  22.6449   2.3337     106.7138
   1771    2075  1953.82    2910.30  113.7236  22.6413   2.1337     107.4318
   1771    2197  1971.13    3031.09  113.7470  22.6378   1.9342     108.2959
   1771    2319  1988.44    3151.81  113.7704  22.6343   1.7353     109.3557
   1771    2441  2005.74    3272.46  113.7938  22.6308   1.5373     110.6864
   1771    2563  2023.03    3393.07  113.8172  22.6272   1.3403     112.4063
   1771    2685  2040.32    3513.63  113.8405  22.6237   1.1450     114.7119
   1771    2807  2057.60    3634.16  113.8639  22.6202   0.9523     117.9535
   1771    2929  2074.88    3754.67  113.8873  22.6166   0.7642     122.8085
   1771    3051  2092.16    3875.17  113.9106  22.6131   0.5850     130.7209
   1771    3173  2109.43    3995.66  113.9340  22.6095   0.4263     145.0001
   1771    3295  2126.71    4116.16  113.9573  22.6060   0.3199     171.8023
   1771    3417  2143.99    4236.69  113.9807  22.6024   0.3228     -151.6478
   1771    3539  2161.28    4357.23  114.0040  22.5989   0.4327     -125.5170
   1771    3661  2178.57    4477.82  114.0274  22.5953   0.5930     -111.6375
   1771    3783  2195.86    4598.46  114.0508  22.5918   0.7729     -103.9125
   1771    3905  2213.17    4719.15  114.0741  22.5882   0.9616     -99.1521
   1771    4027  2230.48    4839.91  114.0975  22.5846   1.1548     -95.9634
   1771    4149  2247.81    4960.75  114.1209  22.5810   1.3506     -93.6899
   1771    4271  2265.15    5081.67  114.1444  22.5775   1.5481     -91.9909
   1771    4393  2282.50    5202.70  114.1678  22.5739   1.7468     -90.6744
   1771    4515  2299.87    5323.83  114.1913  22.5703   1.9463     -89.6247
   1771    4637  2317.25    5445.08  114.2147  22.5667   2.1465     -88.7681
   1771    4759  2334.66    5566.45  114.2382  22.5630   2.3473     -88.0557
   1771    4881  2352.08    5687.96  114.2618  22.5594   2.5485     -87.4537
   1771    5003  2369.53    5809.62  114.2853  22.5558   2.7501     -86.9381
   1771    5125  2386.99    5931.44  114.3089  22.5522   2.9522     -86.4912
   1771    5247  2404.49    6053.42  114.3325  22.5485   3.1546     -86.1000
   1771    5369  2422.00    6175.58  114.3562  22.5449   3.3573     -85.7546
   1771    5491  2439.55    6297.93  114.3798  22.5412   3.5604     -85.4471
   1771    5613  2457.12    6420.47  114.4036  22.5375   3.7638     -85.1714
   1771    5735  2474.72    6543.23  114.4273  22.5338   3.9675     -84.9228
   1771    5857  2492.35    6666.19  114.4511  22.5302   4.1716     -84.6973
   1771    6000  2513.06    6810.62  114.4791  22.5258   4.4112     -84.4580
   1889       1  1772.23    812.56  113.3162  22.6805   5.5750     102.1861
   1889     123  1789.94    936.09  113.3402  22.6770   5.3702     102.3153
   1889     245  1807.62    1059.38  113.3641  22.6735   5.1658     102.4538
   1889     367  1825.27    1182.44  113.3880  22.6699   4.9617     102.6027
   1889     489  1842.88    1305.28  113.4118  22.6664   4.7579     102.7633
   1889     611  1860.47    1427.91  113.4356  22.6628   4.5543     102.9372
   1889     733  1878.02    1550.33  113.4594  22.6593   4.3511     103.1263
   1889     855  1895.55    1672.56  113.4831  22.6558   4.1481     103.3327
   1889     977  1913.05    1794.62  113.5068  22.6522   3.9454     103.5591
   1889    1099  1930.53    1916.50  113.5304  22.6487   3.7430     103.8088
   1889    1221  1947.99    2038.21  113.5540  22.6452   3.5408     104.0857
   1889    1343  1965.42    2159.78  113.5776  22.6417   3.3389     104.3947
   1889    1465  1982.83    2281.21  113.6011  22.6381   3.1372     104.7419
   1889    1587  2000.23    2402.50  113.6247  22.6346   2.9359     105.1352
   1889    1709  2017.60    2523.68  113.6482  22.6311   2.7348     105.5847
   1889    1831  2034.96    2644.74  113.6716  22.6276   2.5341     106.1036
   1889    1953  2052.31    2765.70  113.6951  22.6240   2.3337     106.7098
   1889    2075  2069.64    2886.57  113.7185  22.6205   2.1337     107.4276
   1889    2197  2086.96    3007.35  113.7420  22.6170   1.9342     108.2913
   1889    2319  2104.28    3128.07  113.7654  22.6135   1.7353     109.3508
   1889    2441  2121.58    3248.73  113.7887  22.6099   1.5372     110.6811
   1889    2563  2138.87    3369.33  113.8121  22.6064   1.3403     112.4004
   1889    2685  2156.16    3489.89  113.8355  22.6029   1.1449     114.7053
   1889    2807  2173.45    3610.42  113.8589  22.5993   0.9522     117.9460
   1889    2929  2190.73    3730.93  113.8822  22.5958   0.7641     122.7999
   1889    3051  2208.01    3851.42  113.9056  22.5923   0.5850     130.7110
   1889    3173  2225.29    3971.92  113.9289  22.5887   0.4262     144.9899
   1889    3295  2242.57    4092.42  113.9523  22.5852   0.3198     171.7981
   1889    3417  2259.85    4212.94  113.9756  22.5816   0.3227     -151.6394
   1889    3539  2277.14    4333.49  113.9990  22.5781   0.4327     -125.5059
   1889    3661  2294.43    4454.07  114.0223  22.5745   0.5929     -111.6286
   1889    3783  2311.73    4574.71  114.0457  22.5709   0.7729     -103.9056
   1889    3905  2329.04    4695.40  114.0691  22.5674   0.9616     -99.1467
   1889    4027  2346.36    4816.16  114.0925  22.5638   1.1547     -95.9591
   1889    4149  2363.69    4937.00  114.1159  22.5602   1.3506     -93.6865
   1889    4271  2381.03    5057.92  114.1393  22.5566   1.5481     -91.9881
   1889    4393  2398.39    5178.94  114.1627  22.5530   1.7468     -90.6721
   1889    4515  2415.76    5300.07  114.1862  22.5494   1.9463     -89.6228
   1889    4637  2433.15    5421.32  114.2096  22.5458   2.1465     -88.7665
   1889    4759  2450.56    5542.69  114.2331  22.5422   2.3473     -88.0544
   1889    4881  2467.98    5664.20  114.2567  22.5386   2.5485     -87.4526
   1889    5003  2485.43    5785.86  114.2802  22.5350   2.7501     -86.9372
   1889    5125  2502.90    5907.68  114.3038  22.5313   2.9522     -86.4905
   1889    5247  2520.40    6029.66  114.3274  22.5277   3.1546     -86.0995
   1889    5369  2537.92    6151.82  114.3510  22.5240   3.3573     -85.7541
   1889    5491  2555.46    6274.16  114.3747  22.5204   3.5604     -85.4468
   1889    5613  2573.04    6396.71  114.3984  22.5167   3.7638     -85.1712
   1889    5735  2590.64    6519.46  114.4222  22.5130   3.9675     -84.9227
   1889    5857  2608.28    6642.42  114.4460  22.5093   4.1716     -84.6973
   1889    6000  2628.99    6786.85  114.4739  22.5050   4.4113     -84.4581
   2007       1  1888.00    788.84  113.3112  22.6597   5.5750     102.1838
   2007     123  1905.72    912.38  113.3352  22.6562   5.3702     102.3130
   2007     245  1923.40    1035.67  113.3591  22.6526   5.1658     102.4514
   2007     367  1941.05    1158.72  113.3830  22.6491   4.9617     102.6002
   2007     489  1958.67    1281.56  113.4068  22.6455   4.7578     102.7608
   2007     611  1976.26    1404.18  113.4306  22.6420   4.5543     102.9346
   2007     733  1993.81    1526.61  113.4544  22.6385   4.3511     103.1236
   2007     855  2011.35    1648.84  113.4781  22.6349   4.1481     103.3300
   2007     977  2028.85    1770.89  113.5018  22.6314   3.9454     103.5563
   2007    1099  2046.33    1892.77  113.5254  22.6279   3.7429     103.8059
   2007    1221  2063.79    2014.49  113.5490  22.6244   3.5407     104.0827
   2007    1343  2081.23    2136.05  113.5726  22.6208   3.3388     104.3915
   2007    1465  2098.64    2257.48  113.5961  22.6173   3.1372     104.7386
   2007    1587  2116.04    2378.77  113.6197  22.6138   2.9358     105.1318
   2007    1709  2133.42    2499.94  113.6432  22.6103   2.7348     105.5811
   2007    1831  2150.78    2621.00  113.6666  22.6067   2.5340     106.0999
   2007    1953  2168.13    2741.96  113.6901  22.6032   2.3336     106.7058
   2007    2075  2185.47    2862.83  113.7135  22.5997   2.1337     107.4234
   2007    2197  2202.79    2983.62  113.7369  22.5962   1.9342     108.2868
   2007    2319  2220.11    3104.33  113.7603  22.5926   1.7353     109.3460
   2007    2441  2237.41    3224.99  113.7837  22.5891   1.5372     110.6758
   2007    2563  2254.71    3345.59  113.8071  22.5856   1.3402     112.3945
   2007    2685  2272.00    3466.15  113.8305  22.5821   1.1449     114.6988
   2007    2807  2289.29    3586.68  113.8538  22.5785   0.9522     117.9386
   2007    2929  2306.58    3707.18  113.8772  22.5750   0.7641     122.7913
   2007    3051  2323.86    3827.68  113.9005  22.5714   0.5849     130.7011
   2007    3173  2341.14    3948.17  113.9239  22.5679   0.4261     144.9797
   2007    3295  2358.43    4068.67  113.9472  22.5644   0.3197     171.7939
   2007    3417  2375.71    4189.19  113.9705  22.5608   0.3226     -151.6310
   2007    3539  2393.00    4309.74  113.9939  22.5572   0.4326     -125.4948
   2007    3661  2410.30    4430.32  114.0173  22.5537   0.5929     -111.6196
   2007    3783  2427.60    4550.96  114.0406  22.5501   0.7729     -103.8987
   2007    3905  2444.92    4671.65  114.0640  22.5466   0.9615     -99.1414
   2007    4027  2462.24    4792.40  114.0874  22.5430   1.1547     -95.9549
   2007    4149  2479.57    4913.24  114.1108  22.5394   1.3506     -93.6830
   2007    4271  2496.92    5034.16  114.1342  22.5358   1.5481     -91.9853
   2007    4393  2514.27    5155.18  114.1576  22.5322   1.7468     -90.6698
   2007    4515  2531.65    5276.31  114.1811  22.5286   1.9463     -89.6209
   2007    4637  2549.04    5397.56  114.2045  22.5250   2.1465     -88.7649
   2007    4759  2566.45    5518.93  114.2280  22.5214   2.3473     -88.0531
   2007    4881  2583.88    5640.44  114.2516  22.5178   2.5485     -87.4515
   2007    5003  2601.33    5762.10  114.2751  22.5142   2.7501     -86.9363
   2007    5125  2618.81    5883.91  114.2987  22.5105   2.9522     -86.4898
   2007    5247  2636.30    6005.89  114.3223  22.5069   3.1546     -86.0989
   2007    5369  2653.83    6128.05  114.3459  22.5032   3.3573     -85.7537
   2007    5491  2671.38    6250.39  114.3696  22.4996   3.5604     -85.4464
   2007    5613  2688.96    6372.94  114.3933  22.4959   3.7638     -85.1710
   2007    5735  2706.56    6495.68  114.4171  22.4922   3.9676     -84.9226
   2007    5857  2724.20    6618.65  114.4408  22.4885   4.1716     -84.6972
   2007    6000  2744.92    6763.07  114.4688  22.4842   4.4113     -84.4582
   2125       1  2003.77    765.13  113.3063  22.6389   5.5749     102.1816
   2125     123  2021.49    888.66  113.3302  22.6353   5.3702     102.3107
   2125     245  2039.18    1011.94  113.3541  22.6318   5.1658     102.4490
   2125     367  2056.83    1135.00  113.3780  22.6282   4.9616     102.5978
   2125     489  2074.45    1257.84  113.4019  22.6247   4.7578     102.7583
   2125     611  2092.04    1380.46  113.4256  22.6212   4.5543     102.9320
   2125     733  2109.60    1502.88  113.4494  22.6176   4.3510     103.1210
   2125     855  2127.14    1625.11  113.4731  22.6141   4.1480     103.3272
   2125     977  2144.65    1747.16  113.4968  22.6106   3.9453     103.5535
   2125    1099  2162.13    1869.04  113.5204  22.6071   3.7429     103.8030
   2125    1221  2179.59    1990.76  113.5440  22.6035   3.5407     104.0797
   2125    1343  2197.03    2112.32  113.5676  22.6000   3.3388     104.3884
   2125    1465  2214.45    2233.74  113.5911  22.5965   3.1372     104.7354
   2125    1587  2231.85    2355.04  113.6147  22.5930   2.9358     105.1284
   2125    1709  2249.23    2476.21  113.6381  22.5894   2.7347     105.5775
   2125    1831  2266.60    2597.27  113.6616  22.5859   2.5340     106.0961
   2125    1953  2283.95    2718.22  113.6851  22.5824   2.3336     106.7018
   2125    2075  2301.29    2839.09  113.7085  22.5789   2.1336     107.4191
   2125    2197  2318.62    2959.88  113.7319  22.5753   1.9341     108.2823
   2125    2319  2335.94    3080.59  113.7553  22.5718   1.7352     109.3411
   2125    2441  2353.25    3201.24  113.7787  22.5683   1.5371     110.6705
   2125    2563  2370.55    3321.84  113.8021  22.5648   1.3402     112.3887
   2125    2685  2387.84    3442.40  113.8254  22.5612   1.1448     114.6922
   2125    2807  2405.14    3562.93  113.8488  22.5577   0.9521     117.9311
   2125    2929  2422.42    3683.44  113.8721  22.5542   0.7640     122.7827
   2125    3051  2439.71    3803.93  113.8955  22.5506   0.5848     130.6913
   2125    3173  2457.00    3924.42  113.9188  22.5471   0.4260     144.9695
   2125    3295  2474.28    4044.92  113.9421  22.5435   0.3196     171.7897
   2125    3417  2491.57    4165.44  113.9655  22.5400   0.3225     -151.6225
   2125    3539  2508.87    4285.98  113.9888  22.5364   0.4325     -125.4837
   2125    3661  2526.17    4406.57  114.0122  22.5329   0.5929     -111.6106
   2125    3783  2543.47    4527.20  114.0355  22.5293   0.7728     -103.8918
   2125    3905  2560.79    4647.89  114.0589  22.5257   0.9615     -99.1360
   2125    4027  2578.11    4768.65  114.0823  22.5222   1.1547     -95.9506
   2125    4149  2595.45    4889.48  114.1057  22.5186   1.3506     -93.6796
   2125    4271  2612.80    5010.40  114.1291  22.5150   1.5481     -91.9825
   2125    4393  2630.16    5131.42  114.1525  22.5114   1.7468     -90.6674
   2125    4515  2647.54    5252.55  114.1760  22.5078   1.9463     -89.6189
   2125    4637  2664.93    5373.79  114.1994  22.5042   2.1465     -88.7633
   2125    4759  2682.35    5495.16  114.2229  22.5006   2.3473     -88.0517
   2125    4881  2699.78    5616.67  114.2465  22.4970   2.5485     -87.4504
   2125    5003  2717.23    5738.33  114.2700  22.4934   2.7501     -86.9354
   2125    5125  2734.71    5860.14  114.2936  22.4897   2.9522     -86.4890
   2125    5247  2752.21    5982.12  114.3172  22.4861   3.1546     -86.0983
   2125    5369  2769.74    6104.28  114.3408  22.4824   3.3573     -85.7533
   2125    5491  2787.29    6226.62  114.3645  22.4788   3.5604     -85.4461
   2125    5613  2804.87    6349.16  114.3882  22.4751   3.7638     -85.1708
   2125    5735  2822.48    6471.91  114.4119  22.4714   3.9676     -84.9225
   2125    5857  2840.13    6594.87  114.4357  22.4677   4.1716     -84.6972
   2125    6000  2860.85    6739.29  114.4636  22.4634   4.4113     -84.4583
   2243       1  2119.54    741.40  113.3013  22.6180   5.5749     102.1793
   2243     123  2137.26    864.93  113.3253  22.6145   5.3702     102.3083
   2243     245  2154.95    988.22  113.3492  22.6110   5.1657     102.4466
   2243     367  2172.61    1111.27  113.3731  22.6074   4.9616     102.5953
   2243     489  2190.23    1234.11  113.3969  22.6039   4.7578     102.7558
   2243     611  2207.83    1356.73  113.4207  22.6003   4.5543     102.9295
   2243     733  2225.39    1479.15  113.4444  22.5968   4.3510     103.1183
   2243     855  2242.93    1601.38  113.4681  22.5933   4.1480     103.3245
   2243     977  2260.44    1723.43  113.4918  22.5898   3.9453     103.5507
   2243    1099  2277.93    1845.30  113.5154  22.5862   3.7429     103.8001
   2243    1221  2295.39    1967.02  113.5390  22.5827   3.5407     104.0766
   2243    1343  2312.84    2088.58  113.5626  22.5792   3.3388     104.3853
   2243    1465  2330.26    2210.01  113.5861  22.5757   3.1371     104.7321
   2243    1587  2347.66    2331.30  113.6096  22.5721   2.9358     105.1250
   2243    1709  2365.05    2452.47  113.6331  22.5686   2.7347     105.5740
   2243    1831  2382.42    2573.52  113.6566  22.5651   2.5340     106.0923
   2243    1953  2399.77    2694.48  113.6800  22.5616   2.3336     106.6979
   2243    2075  2417.12    2815.35  113.7035  22.5580   2.1336     107.4149
   2243    2197  2434.45    2936.13  113.7269  22.5545   1.9341     108.2778
   2243    2319  2451.77    3056.84  113.7503  22.5510   1.7352     109.3362
   2243    2441  2469.08    3177.49  113.7736  22.5475   1.5371     110.6652
   2243    2563  2486.38    3298.09  113.7970  22.5439   1.3401     112.3828
   2243    2685  2503.68    3418.65  113.8204  22.5404   1.1448     114.6857
   2243    2807  2520.98    3539.18  113.8437  22.5369   0.9521     117.9237
   2243    2929  2538.27    3659.68  113.8671  22.5333   0.7639     122.7741
   2243    3051  2555.56    3780.18  113.8904  22.5298   0.5847     130.6814
   2243    3173  2572.85    3900.67  113.9137  22.5263   0.4259     144.9593
   2243    3295  2590.14    4021.16  113.9371  22.5227   0.3195     171.7854
   2243    3417  2607.43    4141.68  113.9604  22.5192   0.3224     -151.6140
   2243    3539  2624.73    4262.23  113.9838  22.5156   0.4325     -125.4726
   2243    3661  2642.03    4382.81  114.0071  22.5121   0.5928     -111.6016
   2243    3783  2659.34    4503.44  114.0305  22.5085   0.7728     -103.8849
   2243    3905  2676.66    4624.13  114.0538  22.5049   0.9615     -99.1306
   2243    4027  2693.99    4744.88  114.0772  22.5013   1.1547     -95.9463
   2243    4149  2711.33    4865.71  114.1006  22.4978   1.3506     -93.6761
   2243    4271  2728.68    4986.64  114.1240  22.4942   1.5481     -91.9796
   2243    4393  2746.04    5107.65  114.1474  22.4906   1.7468     -90.6651
   2243    4515  2763.42    5228.78  114.1709  22.4870   1.9463     -89.6170
   2243    4637  2780.82    5350.02  114.1944  22.4834   2.1465     -88.7617
   2243    4759  2798.24    5471.39  114.2178  22.4798   2.3473     -88.0504
   2243    4881  2815.68    5592.90  114.2414  22.4762   2.5485     -87.4493
   2243    5003  2833.13    5714.55  114.2649  22.4725   2.7502     -86.9345
   2243    5125  2850.61    5836.36  114.2885  22.4689   2.9522     -86.4883
   2243    5247  2868.12    5958.34  114.3121  22.4653   3.1546     -86.0977
   2243    5369  2885.65    6080.50  114.3357  22.4616   3.3573     -85.7528
   2243    5491  2903.20    6202.84  114.3594  22.4580   3.5604     -85.4458
   2243    5613  2920.79    6325.38  114.3831  22.4543   3.7638     -85.1706
   2243    5735  2938.40    6448.13  114.4068  22.4506   3.9676     -84.9224
   2243    5857  2956.05    6571.09  114.4306  22.4469   4.1717     -84.6972
   2243    6000  2976.78    6715.51  114.4585  22.4426   4.4113     -84.4584
   2361       1  2235.30    717.67  113.2963  22.5972   5.5749     102.1770
   2361     123  2253.03    841.20  113.3203  22.5937   5.3701     102.3060
   2361     245  2270.72    964.49  113.3442  22.5901   5.1657     102.4442
   2361     367  2288.38    1087.54  113.3681  22.5866   4.9616     102.5929
   2361     489  2306.01    1210.37  113.3919  22.5830   4.7578     102.7533
   2361     611  2323.61    1332.99  113.4157  22.5795   4.5542     102.9269
   2361     733  2341.18    1455.41  113.4394  22.5760   4.3510     103.1157
   2361     855  2358.72    1577.64  113.4631  22.5725   4.1480     103.3218
   2361     977  2376.24    1699.69  113.4868  22.5689   3.9453     103.5479
   2361    1099  2393.73    1821.56  113.5104  22.5654   3.7428     103.7972
   2361    1221  2411.19    1943.28  113.5340  22.5619   3.5407     104.0736
   2361    1343  2428.64    2064.84  113.5576  22.5584   3.3387     104.3821
   2361    1465  2446.06    2186.26  113.5811  22.5548   3.1371     104.7288
   2361    1587  2463.47    2307.55  113.6046  22.5513   2.9357     105.1216
   2361    1709  2480.86    2428.72  113.6281  22.5478   2.7347     105.5704
   2361    1831  2498.23    2549.78  113.6516  22.5443   2.5339     106.0886
   2361    1953  2515.59    2670.73  113.6750  22.5407   2.3335     106.6939
   2361    2075  2532.94    2791.60  113.6984  22.5372   2.1335     107.4107
   2361    2197  2550.27    2912.38  113.7219  22.5337   1.9340     108.2733
   2361    2319  2567.60    3033.09  113.7452  22.5302   1.7352     109.3313
   2361    2441  2584.91    3153.74  113.7686  22.5266   1.5371     110.6599
   2361    2563  2602.22    3274.34  113.7920  22.5231   1.3401     112.3770
   2361    2685  2619.52    3394.90  113.8153  22.5196   1.1447     114.6791
   2361    2807  2636.82    3515.42  113.8387  22.5161   0.9520     117.9162
   2361    2929  2654.11    3635.93  113.8620  22.5125   0.7639     122.7655
   2361    3051  2671.41    3756.42  113.8854  22.5090   0.5847     130.6715
   2361    3173  2688.70    3876.91  113.9087  22.5054   0.4258     144.9491
   2361    3295  2705.99    3997.40  113.9320  22.5019   0.3194     171.7812
   2361    3417  2723.29    4117.92  113.9554  22.4983   0.3223     -151.6056
   2361    3539  2740.59    4238.46  113.9787  22.4948   0.4324     -125.4615
   2361    3661  2757.89    4359.04  114.0021  22.4912   0.5928     -111.5926
   2361    3783  2775.21    4479.67  114.0254  22.4877   0.7728     -103.8779
   2361    3905  2792.53    4600.36  114.0488  22.4841   0.9615     -99.1252
   2361    4027  2809.86    4721.11  114.0721  22.4805   1.1547     -95.9420
   2361    4149  2827.20    4841.95  114.0955  22.4770   1.3505     -93.6726
   2361    4271  2844.56    4962.86  114.1189  22.4734   1.5481     -91.9768
   2361    4393  2861.93    5083.88  114.1424  22.4698   1.7467     -90.6628
   2361    4515  2879.31    5205.01  114.1658  22.4662   1.9463     -89.6150
   2361    4637  2896.71    5326.25  114.1893  22.4626   2.1465     -88.7601
   2361    4759  2914.13    5447.62  114.2127  22.4590   2.3473     -88.0491
   2361    4881  2931.57    5569.12  114.2363  22.4554   2.5485     -87.4482
   2361    5003  2949.03    5690.77  114.2598  22.4517   2.7502     -86.9335
   2361    5125  2966.51    5812.58  114.2834  22.4481   2.9522     -86.4876
   2361    5247  2984.02    5934.56  114.3069  22.4445   3.1546     -86.0972
   2361    5369  3001.56    6056.72  114.3306  22.4408   3.3573     -85.7524
   2361    5491  3019.12    6179.06  114.3542  22.4371   3.5604     -85.4455
   2361    5613  3036.70    6301.60  114.3779  22.4335   3.7638     -85.1704
   2361    5735  3054.32    6424.34  114.4017  22.4298   3.9676     -84.9223
   2361    5857  3071.97    6547.30  114.4254  22.4261   4.1717     -84.6972
   2361    6000  3092.70    6691.72  114.4534  22.4218   4.4113     -84.4584
   2479       1  2351.07    693.94  113.2914  22.5764   5.5748     102.1748
   2479     123  2368.80    817.47  113.3153  22.5728   5.3701     102.3037
   2479     245  2386.50    940.75  113.3392  22.5693   5.1657     102.4419
   2479     367  2404.16    1063.80  113.3631  22.5658   4.9616     102.5904
   2479     489  2421.79    1186.64  113.3869  22.5622   4.7577     102.7507
   2479     611  2439.39    1309.26  113.4107  22.5587   4.5542     102.9243
   2479     733  2456.96    1431.67  113.4344  22.5552   4.3509     103.1130
   2479     855  2474.51    1553.90  113.4581  22.5516   4.1480     103.3190
   2479     977  2492.03    1675.95  113.4818  22.5481   3.9452     103.5451
   2479    1099  2509.52    1797.82  113.5054  22.5446   3.7428     103.7943
   2479    1221  2526.99    1919.53  113.5290  22.5410   3.5406     104.0706
   2479    1343  2544.44    2041.10  113.5526  22.5375   3.3387     104.3790
   2479    1465  2561.87    2162.52  113.5761  22.5340   3.1371     104.7256
   2479    1587  2579.28    2283.80  113.5996  22.5305   2.9357     105.1182
   2479    1709  2596.67    2404.97  113.6231  22.5270   2.7346     105.5668
   2479    1831  2614.05    2526.03  113.6466  22.5234   2.5339     106.0848
   2479    1953  2631.41    2646.98  113.6700  22.5199   2.3335     106.6899
   2479    2075  2648.76    2767.85  113.6934  22.5164   2.1335     107.4065
   2479    2197  2666.10    2888.63  113.7168  22.5129   1.9340     108.2687
   2479    2319  2683.42    3009.34  113.7402  22.5093   1.7351     109.3264
   2479    2441  2700.74    3129.99  113.7636  22.5058   1.5370     110.6545
   2479    2563  2718.05    3250.58  113.7869  22.5023   1.3400     112.3711
   2479    2685  2735.36    3371.14  113.8103  22.4988   1.1447     114.6726
   2479    2807  2752.66    3491.66  113.8336  22.4952   0.9520     117.9088
   2479    2929  2769.96    3612.16  113.8570  22.4917   0.7638     122.7569
   2479    3051  2787.25    3732.65  113.8803  22.4882   0.5846     130.6616
   2479    3173  2804.55    3853.14  113.9036  22.4846   0.4257     144.9389
   2479    3295  2821.85    3973.64  113.9270  22.4811   0.3192     171.7770
   2479    3417  2839.14    4094.15  113.9503  22.4775   0.3222     -151.5971
   2479    3539  2856.45    4214.70  113.9736  22.4740   0.4323     -125.4504
   2479    3661  2873.76    4335.28  113.9970  22.4704   0.5927     -111.5836
   2479    3783  2891.07    4455.90  114.0203  22.4669   0.7727     -103.8710
   2479    3905  2908.40    4576.59  114.0437  22.4633   0.9615     -99.1198
   2479    4027  2925.73    4697.34  114.0671  22.4597   1.1547     -95.9378
   2479    4149  2943.08    4818.17  114.0905  22.4561   1.3505     -93.6692
   2479    4271  2960.44    4939.09  114.1139  22.4526   1.5481     -91.9740
   2479    4393  2977.81    5060.11  114.1373  22.4490   1.7467     -90.6604
   2479    4515  2995.19    5181.23  114.1607  22.4454   1.9463     -89.6131
   2479    4637  3012.60    5302.47  114.1842  22.4418   2.1465     -88.7585
   2479    4759  3030.02    5423.84  114.2076  22.4382   2.3473     -88.0477
   2479    4881  3047.46    5545.34  114.2312  22.4345   2.5485     -87.4471
   2479    5003  3064.93    5666.99  114.2547  22.4309   2.7502     -86.9326
   2479    5125  3082.42    5788.80  114.2782  22.4273   2.9522     -86.4868
   2479    5247  3099.93    5910.78  114.3018  22.4236   3.1546     -86.0966
   2479    5369  3117.46    6032.93  114.3255  22.4200   3.3573     -85.7519
   2479    5491  3135.03    6155.27  114.3491  22.4163   3.5604     -85.4452
   2479    5613  3152.62    6277.81  114.3728  22.4127   3.7638     -85.1702
   2479    5735  3170.24    6400.55  114.3965  22.4090   3.9676     -84.9222
   2479    5857  3187.89    6523.51  114.4203  22.4053   4.1717     -84.6972
   2479    6000  3208.62    6667.93  114.4482  22.4010   4.4113     -84.4585
   2597       1  2466.84    670.20  113.2864  22.5555   5.5748     102.1725
   2597     123  2484.57    793.72  113.3104  22.5520   5.3701     102.3014
   2597     245  2502.27    917.01  113.3343  22.5485   5.1657     102.4395
   2597     367  2519.94    1040.06  113.3581  22.5449   4.9615     102.5880
   2597     489  2537.57    1162.89  113.3820  22.5414   4.7577     102.7482
   2597     611  2555.17    1285.51  113.4057  22.5379   4.5542     102.9218
   2597     733  2572.75    1407.93  113.4295  22.5343   4.3509     103.1104
   2597     855  2590.30    1530.15  113.4532  22.5308   4.1479     103.3163
   2597     977  2607.82    1652.20  113.4768  22.5273   3.9452     103.5422
   2597    1099  2625.32    1774.07  113.5004  22.5237   3.7428     103.7913
   2597    1221  2642.79    1895.78  113.5240  22.5202   3.5406     104.0676
   2597    1343  2660.24    2017.34  113.5476  22.5167   3.3387     104.3759
   2597    1465  2677.67    2138.76  113.5711  22.5132   3.1370     104.7223
   2597    1587  2695.09    2260.05  113.5946  22.5097   2.9357     105.1148
   2597    1709  2712.48    2381.22  113.6181  22.5061   2.7346     105.5632
   2597    1831  2729.86    2502.27  113.6416  22.5026   2.5339     106.0811
   2597    1953  2747.23    2623.22  113.6650  22.4991   2.3335     106.6859
   2597    2075  2764.58    2744.09  113.6884  22.4956   2.1335     107.4022
   2597    2197  2781.92    2864.87  113.7118  22.4920   1.9340     108.2642
   2597    2319  2799.25    2985.58  113.7352  22.4885   1.7351     109.3216
   2597    2441  2816.57    3106.22  113.7586  22.4850   1.5370     110.6492
   2597    2563  2833.89    3226.82  113.7819  22.4815   1.3400     112.3652
   2597    2685  2851.20    3347.37  113.8053  22.4779   1.1446     114.6660
   2597    2807  2868.50    3467.90  113.8286  22.4744   0.9519     117.9013
   2597    2929  2885.80    3588.40  113.8519  22.4709   0.7637     122.7483
   2597    3051  2903.10    3708.89  113.8753  22.4673   0.5845     130.6517
   2597    3173  2920.40    3829.37  113.8986  22.4638   0.4256     144.9286
   2597    3295  2937.70    3949.87  113.9219  22.4603   0.3191     171.7728
   2597    3417  2955.00    4070.38  113.9452  22.4567   0.3221     -151.5886
   2597    3539  2972.31    4190.92  113.9686  22.4532   0.4323     -125.4392
   2597    3661  2989.62    4311.50  113.9919  22.4496   0.5927     -111.5746
   2597    3783  3006.94    4432.13  114.0153  22.4460   0.7727     -103.8641
   2597    3905  3024.27    4552.81  114.0386  22.4425   0.9614     -99.1144
   2597    4027  3041.60    4673.56  114.0620  22.4389   1.1547     -95.9335
   2597    4149  3058.95    4794.39  114.0854  22.4353   1.3505     -93.6657
   2597    4271  3076.31    4915.31  114.1088  22.4317   1.5481     -91.9711
   2597    4393  3093.69    5036.32  114.1322  22.4281   1.7467     -90.6581
   2597    4515  3111.08    5157.45  114.1556  22.4246   1.9463     -89.6111
   2597    4637  3128.49    5278.68  114.1791  22.4209   2.1465     -88.7568
   2597    4759  3145.91    5400.05  114.2026  22.4173   2.3473     -88.0464
   2597    4881  3163.36    5521.55  114.2261  22.4137   2.5485     -87.4460
   2597    5003  3180.83    5643.20  114.2496  22.4101   2.7502     -86.9317
   2597    5125  3198.32    5765.01  114.2731  22.4065   2.9522     -86.4861
   2597    5247  3215.83    5886.99  114.2967  22.4028   3.1546     -86.0960
   2597    5369  3233.37    6009.14  114.3203  22.3992   3.3574     -85.7515
   2597    5491  3250.94    6131.48  114.3440  22.3955   3.5604     -85.4448
   2597    5613  3268.53    6254.01  114.3677  22.3919   3.7639     -85.1700
   2597    5735  3286.15    6376.76  114.3914  22.3882   3.9676     -84.9220
   2597    5857  3303.81    6499.72  114.4152  22.3845   4.1717     -84.6971
   2597    6000  3324.55    6644.13  114.4431  22.3802   4.4113     -84.4586
   2715       1  2582.60    646.46  113.2815  22.5347   5.5748     102.1702
   2715     123  2600.34    769.98  113.3054  22.5312   5.3701     102.2990
   2715     245  2618.04    893.26  113.3293  22.5276   5.1656     102.4371
   2715     367  2635.71    1016.32  113.3532  22.5241   4.9615     102.5856
   2715     489  2653.35    1139.15  113.3770  22.5206   4.7577     102.7457
   2715     611  2670.96    1261.76  113.4008  22.5170   4.5541     102.9192
   2715     733  2688.53    1384.18  113.4245  22.5135   4.3509     103.1077
   2715     855  2706.08    1506.40  113.4482  22.5100   4.1479     103.3136
   2715     977  2723.61    1628.45  113.4718  22.5064   3.9452     103.5394
   2715    1099  2741.11    1750.32  113.4954  22.5029   3.7427     103.7884
   2715    1221  2758.59    1872.03  113.5190  22.4994   3.5406     104.0646
   2715    1343  2776.04    1993.59  113.5426  22.4959   3.3387     104.3727
   2715    1465  2793.48    2115.01  113.5661  22.4923   3.1370     104.7191
   2715    1587  2810.89    2236.29  113.5896  22.4888   2.9357     105.1113
   2715    1709  2828.29    2357.46  113.6131  22.4853   2.7346     105.5597
   2715    1831  2845.68    2478.51  113.6365  22.4818   2.5338     106.0773
   2715    1953  2863.04    2599.46  113.6600  22.4783   2.3334     106.6820
   2715    2075  2880.40    2720.33  113.6834  22.4747   2.1334     107.3980
   2715    2197  2897.74    2841.10  113.7068  22.4712   1.9339     108.2597
   2715    2319  2915.08    2961.81  113.7302  22.4677   1.7350     109.3167
   2715    2441  2932.40    3082.46  113.7535  22.4642   1.5369     110.6439
   2715    2563  2949.72    3203.05  113.7769  22.4606   1.3399     112.3593
   2715    2685  2967.03    3323.61  113.8002  22.4571   1.1446     114.6594
   2715    2807  2984.34    3444.13  113.8236  22.4536   0.9519     117.8938
   2715    2929  3001.64    3564.63  113.8469  22.4500   0.7637     122.7397
   2715    3051  3018.94    3685.12  113.8702  22.4465   0.5844     130.6418
   2715    3173  3036.25    3805.60  113.8935  22.4430   0.4255     144.9184
   2715    3295  3053.55    3926.10  113.9169  22.4394   0.3190     171.7685
   2715    3417  3070.85    4046.61  113.9402  22.4359   0.3220     -151.5801
   2715    3539  3088.16    4167.15  113.9635  22.4323   0.4322     -125.4280
   2715    3661  3105.48    4287.72  113.9869  22.4288   0.5927     -111.5655
   2715    3783  3122.80    4408.35  114.0102  22.4252   0.7727     -103.8571
   2715    3905  3140.13    4529.03  114.0336  22.4216   0.9614     -99.1090
   2715    4027  3157.47    4649.78  114.0569  22.4181   1.1547     -95.9292
   2715    4149  3174.82    4770.61  114.0803  22.4145   1.3505     -93.6622
   2715    4271  3192.19    4891.53  114.1037  22.4109   1.5481     -91.9683
   2715    4393  3209.57    5012.54  114.1271  22.4073   1.7467     -90.6557
   2715    4515  3226.96    5133.66  114.1505  22.4037   1.9463     -89.6092
   2715    4637  3244.37    5254.90  114.1740  22.4001   2.1465     -88.7552
   2715    4759  3261.80    5376.26  114.1975  22.3965   2.3473     -88.0450
   2715    4881  3279.25    5497.77  114.2210  22.3929   2.5485     -87.4449
   2715    5003  3296.72    5619.42  114.2445  22.3893   2.7502     -86.9308
   2715    5125  3314.21    5741.22  114.2680  22.3857   2.9522     -86.4853
   2715    5247  3331.73    5863.19  114.2916  22.3820   3.1546     -86.0954
   2715    5369  3349.27    5985.35  114.3152  22.3784   3.3574     -85.7510
   2715    5491  3366.84    6107.68  114.3389  22.3747   3.5604     -85.4445
   2715    5613  3384.44    6230.22  114.3626  22.3710   3.7639     -85.1698
   2715    5735  3402.07    6352.96  114.3863  22.3674   3.9676     -84.9219
   2715    5857  3419.73    6475.92  114.4101  22.3637   4.1717     -84.6971
   2715    6000  3440.47    6620.33  114.4380  22.3593   4.4113     -84.4587
   2833       1  2698.36    622.71  113.2765  22.5139   5.5748     102.1680
   2833     123  2716.10    746.23  113.3004  22.5103   5.3700     102.2967
   2833     245  2733.81    869.52  113.3243  22.5068   5.1656     102.4347
   2833     367  2751.48    992.57  113.3482  22.5033   4.9615     102.5831
   2833     489  2769.12    1115.39  113.3720  22.4997   4.7577     102.7432
   2833     611  2786.73    1238.01  113.3958  22.4962   4.5541     102.9166
   2833     733  2804.32    1360.43  113.4195  22.4927   4.3509     103.1051
   2833     855  2821.87    1482.65  113.4432  22.4891   4.1479     103.3109
   2833     977  2839.40    1604.69  113.4668  22.4856   3.9452     103.5366
   2833    1099  2856.90    1726.56  113.4905  22.4821   3.7427     103.7855
   2833    1221  2874.38    1848.27  113.5140  22.4786   3.5405     104.0616
   2833    1343  2891.84    1969.83  113.5376  22.4750   3.3386     104.3696
   2833    1465  2909.28    2091.25  113.5611  22.4715   3.1370     104.7158
   2833    1587  2926.70    2212.53  113.5846  22.4680   2.9356     105.1079
   2833    1709  2944.10    2333.70  113.6081  22.4645   2.7346     105.5561
   2833    1831  2961.49    2454.75  113.6315  22.4610   2.5338     106.0735
   2833    1953  2978.86    2575.70  113.6550  22.4574   2.3334     106.6780
   2833    2075  2996.22    2696.56  113.6784  22.4539   2.1334     107.3938
   2833    2197  3013.56    2817.34  113.7018  22.4504   1.9339     108.2551
   2833    2319  3030.90    2938.04  113.7251  22.4469   1.7350     109.3118
   2833    2441  3048.23    3058.69  113.7485  22.4433   1.5369     110.6386
   2833    2563  3065.55    3179.28  113.7718  22.4398   1.3399     112.3535
   2833    2685  3082.86    3299.84  113.7952  22.4363   1.1445     114.6529
   2833    2807  3100.17    3420.36  113.8185  22.4328   0.9518     117.8864
   2833    2929  3117.48    3540.85  113.8418  22.4292   0.7636     122.7311
   2833    3051  3134.79    3661.34  113.8652  22.4257   0.5843     130.6318
   2833    3173  3152.09    3781.82  113.8885  22.4222   0.4254     144.9081
   2833    3295  3169.40    3902.32  113.9118  22.4186   0.3189     171.7643
   2833    3417  3186.71    4022.83  113.9351  22.4151   0.3219     -151.5715
   2833    3539  3204.02    4143.37  113.9585  22.4115   0.4321     -125.4169
   2833    3661  3221.34    4263.94  113.9818  22.4080   0.5926     -111.5565
   2833    3783  3238.66    4384.57  114.0051  22.4044   0.7727     -103.8502
   2833    3905  3256.00    4505.25  114.0285  22.4008   0.9614     -99.1036
   2833    4027  3273.34    4626.00  114.0518  22.3973   1.1547     -95.9249
   2833    4149  3290.70    4746.83  114.0752  22.3937   1.3505     -93.6587
   2833    4271  3308.06    4867.74  114.0986  22.3901   1.5480     -91.9654
   2833    4393  3325.45    4988.75  114.1220  22.3865   1.7467     -90.6534
   2833    4515  3342.84    5109.87  114.1454  22.3829   1.9463     -89.6072
   2833    4637  3360.26    5231.11  114.1689  22.3793   2.1465     -88.7536
   2833    4759  3377.69    5352.47  114.1924  22.3757   2.3473     -88.0436
   2833    4881  3395.14    5473.97  114.2159  22.3721   2.5485     -87.4437
   2833    5003  3412.61    5595.62  114.2394  22.3685   2.7502     -86.9299
   2833    5125  3430.11    5717.43  114.2629  22.3648   2.9522     -86.4846
   2833    5247  3447.63    5839.40  114.2865  22.3612   3.1546     -86.0948
   2833    5369  3465.18    5961.55  114.3101  22.3576   3.3574     -85.7506
   2833    5491  3482.75    6083.88  114.3338  22.3539   3.5605     -85.4442
   2833    5613  3500.35    6206.42  114.3575  22.3502   3.7639     -85.1695
   2833    5735  3517.98    6329.16  114.3812  22.3466   3.9676     -84.9218
   2833    5857  3535.64    6452.11  114.4049  22.3429   4.1717     -84.6971
   2833    6000  3556.39    6596.52  114.4329  22.3385   4.4113     -84.4587
   2951       1  2814.13    598.96  113.2715  22.4930   5.5747     102.1657
   2951     123  2831.87    722.48  113.2955  22.4895   5.3700     102.2944
   2951     245  2849.58    845.76  113.3194  22.4860   5.1656     102.4324
   2951     367  2867.25    968.81  113.3432  22.4824   4.9615     102.5807
   2951     489  2884.90    1091.64  113.3670  22.4789   4.7576     102.7407
   2951     611  2902.51    1214.25  113.3908  22.4754   4.5541     102.9140
   2951     733  2920.10    1336.67  113.4145  22.4718   4.3508     103.1024
   2951     855  2937.65    1458.89  113.4382  22.4683   4.1478     103.3081
   2951     977  2955.19    1580.93  113.4619  22.4648   3.9451     103.5338
   2951    1099  2972.69    1702.80  113.4855  22.4613   3.7427     103.7826
   2951    1221  2990.18    1824.51  113.5091  22.4577   3.5405     104.0585
   2951    1343  3007.64    1946.07  113.5326  22.4542   3.3386     104.3665
   2951    1465  3025.08    2067.48  113.5561  22.4507   3.1370     104.7125
   2951    1587  3042.50    2188.77  113.5796  22.4472   2.9356     105.1045
   2951    1709  3059.91    2309.93  113.6031  22.4436   2.7345     105.5525
   2951    1831  3077.30    2430.98  113.6265  22.4401   2.5338     106.0698
   2951    1953  3094.67    2551.93  113.6500  22.4366   2.3334     106.6740
   2951    2075  3112.03    2672.79  113.6734  22.4331   2.1334     107.3896
   2951    2197  3129.38    2793.57  113.6967  22.4296   1.9339     108.2506
   2951    2319  3146.72    2914.27  113.7201  22.4260   1.7350     109.3069
   2951    2441  3164.05    3034.92  113.7435  22.4225   1.5369     110.6332
   2951    2563  3181.38    3155.51  113.7668  22.4190   1.3399     112.3476
   2951    2685  3198.70    3276.06  113.7902  22.4155   1.1445     114.6463
   2951    2807  3216.01    3396.58  113.8135  22.4119   0.9517     117.8789
   2951    2929  3233.32    3517.08  113.8368  22.4084   0.7635     122.7225
   2951    3051  3250.63    3637.56  113.8601  22.4049   0.5843     130.6219
   2951    3173  3267.94    3758.04  113.8834  22.4013   0.4253     144.8979
   2951    3295  3285.25    3878.54  113.9068  22.3978   0.3188     171.7600
   2951    3417  3302.56    3999.05  113.9301  22.3942   0.3218     -151.5630
   2951    3539  3319.87    4119.58  113.9534  22.3907   0.4321     -125.4057
   2951    3661  3337.20    4240.16  113.9767  22.3871   0.5926     -111.5474
   2951    3783  3354.52    4360.78  114.0001  22.3836   0.7726     -103.8432
   2951    3905  3371.86    4481.46  114.0234  22.3800   0.9614     -99.0982
   2951    4027  3389.21    4602.21  114.0468  22.3764   1.1546     -95.9205
   2951    4149  3406.57    4723.04  114.0701  22.3729   1.3505     -93.6553
   2951    4271  3423.94    4843.95  114.0935  22.3693   1.5480     -91.9626
   2951    4393  3441.32    4964.96  114.1169  22.3657   1.7467     -90.6510
   2951    4515  3458.72    5086.08  114.1404  22.3621   1.9463     -89.6053
   2951    4637  3476.14    5207.31  114.1638  22.3585   2.1465     -88.7520
   2951    4759  3493.57    5328.67  114.1873  22.3549   2.3473     -88.0423
   2951    4881  3511.03    5450.17  114.2108  22.3513   2.5485     -87.4426
   2951    5003  3528.51    5571.82  114.2343  22.3477   2.7502     -86.9290
   2951    5125  3546.01    5693.62  114.2578  22.3440   2.9522     -86.4839
   2951    5247  3563.53    5815.60  114.2814  22.3404   3.1546     -86.0942
   2951    5369  3581.08    5937.74  114.3050  22.3367   3.3574     -85.7501
   2951    5491  3598.65    6060.08  114.3287  22.3331   3.5605     -85.4438
   2951    5613  3616.26    6182.61  114.3523  22.3294   3.7639     -85.1693
   2951    5735  3633.89    6305.35  114.3761  22.3257   3.9676     -84.9217
   2951    5857  3651.56    6428.31  114.3998  22.3221   4.1717     -84.6971
   2951    6000  3672.31    6572.71  114.4277  22.3177   4.4114     -84.4588
   3069       1  2929.89    575.21  113.2666  22.4722   5.5747     102.1634
   3069     123  2947.63    698.73  113.2905  22.4687   5.3700     102.2921
   3069     245  2965.35    822.01  113.3144  22.4651   5.1655     102.4300
   3069     367  2983.03    945.06  113.3383  22.4616   4.9614     102.5783
   3069     489  3000.67    1067.88  113.3621  22.4581   4.7576     102.7382
   3069     611  3018.29    1190.50  113.3858  22.4545   4.5541     102.9115
   3069     733  3035.88    1312.91  113.4095  22.4510   4.3508     103.0998
   3069     855  3053.44    1435.13  113.4332  22.4475   4.1478     103.3054
   3069     977  3070.97    1557.17  113.4569  22.4439   3.9451     103.5310
   3069    1099  3088.48    1679.04  113.4805  22.4404   3.7427     103.7797
   3069    1221  3105.97    1800.74  113.5041  22.4369   3.5405     104.0555
   3069    1343  3123.43    1922.30  113.5276  22.4334   3.3386     104.3633
   3069    1465  3140.88    2043.72  113.5511  22.4299   3.1369     104.7093
   3069    1587  3158.31    2165.00  113.5746  22.4263   2.9356     105.1011
   3069    1709  3175.71    2286.16  113.5981  22.4228   2.7345     105.5490
   3069    1831  3193.11    2407.21  113.6215  22.4193   2.5337     106.0660
   3069    1953  3210.48    2528.16  113.6449  22.4158   2.3333     106.6700
   3069    2075  3227.85    2649.02  113.6683  22.4123   2.1333     107.3853
   3069    2197  3245.20    2769.79  113.6917  22.4087   1.9338     108.2461
   3069    2319  3262.55    2890.50  113.7151  22.4052   1.7349     109.3020
   3069    2441  3279.88    3011.14  113.7384  22.4017   1.5368     110.6279
   3069    2563  3297.21    3131.73  113.7618  22.3982   1.3398     112.3417
   3069    2685  3314.53    3252.28  113.7851  22.3946   1.1444     114.6397
   3069    2807  3331.84    3372.80  113.8084  22.3911   0.9517     117.8714
   3069    2929  3349.16    3493.29  113.8318  22.3876   0.7635     122.7139
   3069    3051  3366.47    3613.78  113.8551  22.3840   0.5842     130.6120
   3069    3173  3383.78    3734.26  113.8784  22.3805   0.4252     144.8876
   3069    3295  3401.09    3854.75  113.9017  22.3770   0.3187     171.7558
   3069    3417  3418.41    3975.26  113.9250  22.3734   0.3217     -151.5544
   3069    3539  3435.73    4095.80  113.9484  22.3699   0.4320     -125.3945
   3069    3661  3453.05    4216.37  113.9717  22.3663   0.5925     -111.5384
   3069    3783  3470.38    4336.99  113.9950  22.3628   0.7726     -103.8362
   3069    3905  3487.72    4457.67  114.0184  22.3592   0.9614     -99.0927
   3069    4027  3505.07    4578.42  114.0417  22.3556   1.1546     -95.9162
   3069    4149  3522.44    4699.24  114.0651  22.3520   1.3505     -93.6518
   3069    4271  3539.81    4820.15  114.0885  22.3485   1.5480     -91.9597
   3069    4393  3557.20    4941.16  114.1119  22.3449   1.7467     -90.6486
   3069    4515  3574.60    5062.28  114.1353  22.3413   1.9463     -89.6033
   3069    4637  3592.02    5183.51  114.1587  22.3377   2.1465     -88.7503
   3069    4759  3609.46    5304.88  114.1822  22.3341   2.3473     -88.0409
   3069    4881  3626.92    5426.37  114.2057  22.3305   2.5485     -87.4415
   3069    5003  3644.40    5548.02  114.2292  22.3268   2.7502     -86.9280
   3069    5125  3661.90    5669.82  114.2527  22.3232   2.9522     -86.4831
   3069    5247  3679.43    5791.79  114.2763  22.3196   3.1546     -86.0936
   3069    5369  3696.98    5913.94  114.2999  22.3159   3.3574     -85.7497
   3069    5491  3714.56    6036.27  114.3235  22.3123   3.5605     -85.4435
   3069    5613  3732.17    6158.80  114.3472  22.3086   3.7639     -85.1691
   3069    5735  3749.80    6281.54  114.3709  22.3049   3.9676     -84.9216
   3069    5857  3767.47    6404.49  114.3947  22.3012   4.1717     -84.6970
   3069    6000  3788.22    6548.90  114.4226  22.2969   4.4114     -84.4589
   3187       1  3045.65    551.45  113.2616  22.4514   5.5747     102.1612
   3187     123  3063.40    674.97  113.2856  22.4478   5.3699     102.2898
   3187     245  3081.11    798.25  113.3095  22.4443   5.1655     102.4276
   3187     367  3098.79    921.29  113.3333  22.4408   4.9614     102.5758
   3187     489  3116.45    1044.12  113.3571  22.4372   4.7576     102.7357
   3187     611  3134.07    1166.73  113.3809  22.4337   4.5540     102.9089
   3187     733  3151.66    1289.14  113.4046  22.4302   4.3508     103.0972
   3187     855  3169.22    1411.36  113.4283  22.4266   4.1478     103.3027
   3187     977  3186.76    1533.40  113.4519  22.4231   3.9451     103.5282
   3187    1099  3204.27    1655.27  113.4755  22.4196   3.7426     103.7768
   3187    1221  3221.76    1776.97  113.4991  22.4161   3.5404     104.0525
   3187    1343  3239.23    1898.53  113.5226  22.4125   3.3385     104.3602
   3187    1465  3256.68    2019.94  113.5461  22.4090   3.1369     104.7060
   3187    1587  3274.11    2141.22  113.5696  22.4055   2.9355     105.0977
   3187    1709  3291.52    2262.39  113.5931  22.4020   2.7345     105.5454
   3187    1831  3308.91    2383.43  113.6165  22.3985   2.5337     106.0623
   3187    1953  3326.30    2504.38  113.6399  22.3950   2.3333     106.6661
   3187    2075  3343.66    2625.24  113.6633  22.3914   2.1333     107.3811
   3187    2197  3361.02    2746.01  113.6867  22.3879   1.9338     108.2416
   3187    2319  3378.37    2866.72  113.7101  22.3844   1.7349     109.2971
   3187    2441  3395.70    2987.36  113.7334  22.3809   1.5368     110.6226
   3187    2563  3413.03    3107.95  113.7568  22.3773   1.3398     112.3358
   3187    2685  3430.36    3228.50  113.7801  22.3738   1.1444     114.6331
   3187    2807  3447.68    3349.01  113.8034  22.3703   0.9516     117.8640
   3187    2929  3464.99    3469.51  113.8267  22.3668   0.7634     122.7052
   3187    3051  3482.31    3589.99  113.8500  22.3632   0.5841     130.6020
   3187    3173  3499.62    3710.47  113.8734  22.3597   0.4251     144.8773
   3187    3295  3516.94    3830.96  113.8967  22.3561   0.3186     171.7515
   3187    3417  3534.26    3951.47  113.9200  22.3526   0.3216     -151.5459
   3187    3539  3551.58    4072.00  113.9433  22.3490   0.4319     -125.3833
   3187    3661  3568.91    4192.58  113.9666  22.3455   0.5925     -111.5293
   3187    3783  3586.24    4313.20  113.9899  22.3419   0.7726     -103.8293
   3187    3905  3603.59    4433.87  114.0133  22.3384   0.9614     -99.0873
   3187    4027  3620.94    4554.62  114.0366  22.3348   1.1546     -95.9119
   3187    4149  3638.30    4675.44  114.0600  22.3312   1.3505     -93.6483
   3187    4271  3655.68    4796.35  114.0834  22.3277   1.5480     -91.9568
   3187    4393  3673.07    4917.36  114.1068  22.3241   1.7467     -90.6463
   3187    4515  3690.48    5038.48  114.1302  22.3205   1.9463     -89.6013
   3187    4637  3707.90    5159.71  114.1536  22.3169   2.1465     -88.7487
   3187    4759  3725.34    5281.07  114.1771  22.3133   2.3473     -88.0396
   3187    4881  3742.80    5402.57  114.2006  22.3097   2.5485     -87.4403
   3187    5003  3760.29    5524.21  114.2241  22.3060   2.7502     -86.9271
   3187    5125  3777.79    5646.01  114.2476  22.3024   2.9522     -86.4823
   3187    5247  3795.32    5767.98  114.2712  22.2988   3.1546     -86.0930
   3187    5369  3812.88    5890.13  114.2948  22.2951   3.3574     -85.7492
   3187    5491  3830.46    6012.46  114.3184  22.2915   3.5605     -85.4432
   3187    5613  3848.07    6134.99  114.3421  22.2878   3.7639     -85.1689
   3187    5735  3865.71    6257.72  114.3658  22.2841   3.9677     -84.9214
   3187    5857  3883.38    6380.68  114.3896  22.2804   4.1717     -84.6970
   3187    6000  3904.14    6525.08  114.4175  22.2761   4.4114     -84.4589
   3305       1  3161.40    527.69  113.2567  22.4305   5.5747     102.1589
   3305     123  3179.16    651.20  113.2806  22.4270   5.3699     102.2874
   3305     245  3196.88    774.48  113.3045  22.4235   5.1655     102.4252
   3305     367  3214.56    897.53  113.3283  22.4199   4.9614     102.5734
   3305     489  3232.22    1020.35  113.3521  22.4164   4.7575     102.7332
   3305     611  3249.84    1142.96  113.3759  22.4129   4.5540     102.9063
   3305     733  3267.44    1265.37  113.3996  22.4093   4.3507     103.0945
   3305     855  3285.00    1387.59  113.4233  22.4058   4.1478     103.3000
   3305     977  3302.54    1509.63  113.4469  22.4023   3.9450     103.5254
   3305    1099  3320.06    1631.50  113.4705  22.3988   3.7426     103.7739
   3305    1221  3337.55    1753.20  113.4941  22.3952   3.5404     104.0495
   3305    1343  3355.02    1874.75  113.5176  22.3917   3.3385     104.3571
   3305    1465  3372.48    1996.17  113.5411  22.3882   3.1369     104.7028
   3305    1587  3389.91    2117.45  113.5646  22.3847   2.9355     105.0943
   3305    1709  3407.32    2238.61  113.5881  22.3812   2.7344     105.5418
   3305    1831  3424.72    2359.65  113.6115  22.3776   2.5337     106.0585
   3305    1953  3442.11    2480.60  113.6349  22.3741   2.3333     106.6621
   3305    2075  3459.48    2601.46  113.6583  22.3706   2.1333     107.3769
   3305    2197  3476.84    2722.23  113.6817  22.3671   1.9337     108.2370
   3305    2319  3494.19    2842.93  113.7051  22.3636   1.7348     109.2922
   3305    2441  3511.53    2963.57  113.7284  22.3600   1.5367     110.6172
   3305    2563  3528.86    3084.16  113.7517  22.3565   1.3397     112.3300
   3305    2685  3546.19    3204.71  113.7751  22.3530   1.1444     114.6266
   3305    2807  3563.51    3325.22  113.7984  22.3495   0.9516     117.8565
   3305    2929  3580.83    3445.72  113.8217  22.3459   0.7634     122.6966
   3305    3051  3598.15    3566.20  113.8450  22.3424   0.5840     130.5921
   3305    3173  3615.46    3686.68  113.8683  22.3389   0.4251     144.8670
   3305    3295  3632.78    3807.17  113.8916  22.3353   0.3184     171.7473
   3305    3417  3650.10    3927.67  113.9149  22.3318   0.3215     -151.5373
   3305    3539  3667.43    4048.21  113.9382  22.3282   0.4319     -125.3720
   3305    3661  3684.76    4168.78  113.9616  22.3247   0.5924     -111.5202
   3305    3783  3702.10    4289.40  113.9849  22.3211   0.7726     -103.8223
   3305    3905  3719.45    4410.07  114.0082  22.3176   0.9613     -99.0819
   3305    4027  3736.80    4530.82  114.0316  22.3140   1.1546     -95.9076
   3305    4149  3754.17    4651.64  114.0549  22.3104   1.3505     -93.6448
   3305    4271  3771.55    4772.55  114.0783  22.3068   1.5480     -91.9540
   3305    4393  3788.94    4893.56  114.1017  22.3032   1.7467     -90.6439
   3305    4515  3806.35    5014.67  114.1251  22.2997   1.9463     -89.5994
   3305    4637  3823.78    5135.90  114.1485  22.2961   2.1465     -88.7470
   3305    4759  3841.23    5257.26  114.1720  22.2925   2.3473     -88.0382
   3305    4881  3858.69    5378.76  114.1955  22.2888   2.5485     -87.4392
   3305    5003  3876.18    5500.40  114.2190  22.2852   2.7502     -86.9262
   3305    5125  3893.69    5622.20  114.2425  22.2816   2.9523     -86.4816
   3305    5247  3911.22    5744.17  114.2661  22.2780   3.1547     -86.0924
   3305    5369  3928.78    5866.31  114.2897  22.2743   3.3574     -85.7487
   3305    5491  3946.36    5988.64  114.3133  22.2706   3.5605     -85.4428
   3305    5613  3963.98    6111.17  114.3370  22.2670   3.7639     -85.1686
   3305    5735  3981.62    6233.91  114.3607  22.2633   3.9677     -84.9213
   3305    5857  3999.29    6356.86  114.3845  22.2596   4.1717     -84.6969
   3305    6000  4020.05    6501.26  114.4123  22.2553   4.4114     -84.4590
   3423       1  3277.16    503.92  113.2517  22.4097   5.5746     102.1566
   3423     123  3294.92    627.44  113.2757  22.4062   5.3699     102.2851
   3423     245  3312.64    750.71  113.2995  22.4026   5.1655     102.4229
   3423     367  3330.33    873.76  113.3234  22.3991   4.9613     102.5710
   3423     489  3347.99    996.58  113.3472  22.3956   4.7575     102.7307
   3423     611  3365.61    1119.19  113.3709  22.3920   4.5540     102.9038
   3423     733  3383.21    1241.60  113.3946  22.3885   4.3507     103.0919
   3423     855  3400.78    1363.82  113.4183  22.3850   4.1477     103.2972
   3423     977  3418.33    1485.85  113.4419  22.3815   3.9450     103.5225
   3423    1099  3435.85    1607.72  113.4655  22.3779   3.7426     103.7710
   3423    1221  3453.34    1729.42  113.4891  22.3744   3.5404     104.0465
   3423    1343  3470.82    1850.97  113.5126  22.3709   3.3385     104.3539
   3423    1465  3488.27    1972.39  113.5361  22.3674   3.1368     104.6995
   3423    1587  3505.71    2093.67  113.5596  22.3639   2.9355     105.0909
   3423    1709  3523.12    2214.82  113.5831  22.3603   2.7344     105.5382
   3423    1831  3540.53    2335.87  113.6065  22.3568   2.5336     106.0547
   3423    1953  3557.91    2456.82  113.6299  22.3533   2.3332     106.6581
   3423    2075  3575.29    2577.67  113.6533  22.3498   2.1332     107.3726
   3423    2197  3592.65    2698.44  113.6767  22.3463   1.9337     108.2325
   3423    2319  3610.00    2819.14  113.7000  22.3427   1.7348     109.2873
   3423    2441  3627.35    2939.78  113.7234  22.3392   1.5367     110.6119
   3423    2563  3644.68    3060.37  113.7467  22.3357   1.3397     112.3241
   3423    2685  3662.01    3180.92  113.7700  22.3322   1.1443     114.6200
   3423    2807  3679.34    3301.43  113.7933  22.3286   0.9515     117.8490
   3423    2929  3696.66    3421.92  113.8167  22.3251   0.7633     122.6880
   3423    3051  3713.98    3542.40  113.8400  22.3216   0.5840     130.5821
   3423    3173  3731.30    3662.88  113.8633  22.3180   0.4250     144.8567
   3423    3295  3748.63    3783.37  113.8866  22.3145   0.3183     171.7430
   3423    3417  3765.95    3903.87  113.9099  22.3110   0.3214     -151.5287
   3423    3539  3783.28    4024.41  113.9332  22.3074   0.4318     -125.3608
   3423    3661  3800.61    4144.98  113.9565  22.3039   0.5924     -111.5111
   3423    3783  3817.96    4265.59  113.9798  22.3003   0.7725     -103.8153
   3423    3905  3835.31    4386.27  114.0032  22.2967   0.9613     -99.0764
   3423    4027  3852.66    4507.01  114.0265  22.2932   1.1546     -95.9033
   3423    4149  3870.04    4627.83  114.0499  22.2896   1.3505     -93.6413
   3423    4271  3887.42    4748.74  114.0732  22.2860   1.5480     -91.9511
   3423    4393  3904.82    4869.75  114.0966  22.2824   1.7467     -90.6415
   3423    4515  3922.23    4990.86  114.1200  22.2788   1.9463     -89.5974
   3423    4637  3939.66    5112.09  114.1435  22.2752   2.1465     -88.7454
   3423    4759  3957.11    5233.45  114.1669  22.2716   2.3473     -88.0368
   3423    4881  3974.57    5354.94  114.1904  22.2680   2.5486     -87.4381
   3423    5003  3992.06    5476.59  114.2139  22.2644   2.7502     -86.9252
   3423    5125  4009.58    5598.38  114.2374  22.2608   2.9523     -86.4808
   3423    5247  4027.11    5720.35  114.2610  22.2571   3.1547     -86.0918
   3423    5369  4044.67    5842.49  114.2846  22.2535   3.3574     -85.7483
   3423    5491  4062.26    5964.82  114.3082  22.2498   3.5605     -85.4425
   3423    5613  4079.88    6087.35  114.3319  22.2462   3.7639     -85.1684
   3423    5735  4097.53    6210.08  114.3556  22.2425   3.9677     -84.9212
   3423    5857  4115.20    6333.03  114.3793  22.2388   4.1718     -84.6969
   3423    6000  4135.97    6477.44  114.4072  22.2345   4.4114     -84.4590
   3541       1  3392.92    480.15  113.2468  22.3889   5.5746     102.1544
   3541     123  3410.68    603.66  113.2707  22.3853   5.3699     102.2828
   3541     245  3428.40    726.94  113.2946  22.3818   5.1654     102.4205
   3541     367  3446.10    849.98  113.3184  22.3783   4.9613     102.5685
   3541     489  3463.76    972.80  113.3422  22.3747   4.7575     102.7282
   3541     611  3481.39    1095.41  113.3659  22.3712   4.5539     102.9012
   3541     733  3498.99    1217.82  113.3897  22.3677   4.3507     103.0892
   3541     855  3516.56    1340.04  113.4133  22.3641   4.1477     103.2945
   3541     977  3534.11    1462.07  113.4369  22.3606   3.9450     103.5197
   3541    1099  3551.63    1583.94  113.4605  22.3571   3.7425     103.7681
   3541    1221  3569.13    1705.64  113.4841  22.3536   3.5404     104.0435
   3541    1343  3586.61    1827.19  113.5076  22.3501   3.3384     104.3508
   3541    1465  3604.07    1948.60  113.5311  22.3465   3.1368     104.6962
   3541    1587  3621.50    2069.88  113.5546  22.3430   2.9354     105.0875
   3541    1709  3638.93    2191.04  113.5781  22.3395   2.7344     105.5347
   3541    1831  3656.33    2312.08  113.6015  22.3360   2.5336     106.0510
   3541    1953  3673.72    2433.03  113.6249  22.3325   2.3332     106.6541
   3541    2075  3691.10    2553.88  113.6483  22.3290   2.1332     107.3684
   3541    2197  3708.47    2674.65  113.6717  22.3254   1.9337     108.2280
   3541    2319  3725.82    2795.35  113.6950  22.3219   1.7348     109.2824
   3541    2441  3743.17    2915.99  113.7184  22.3184   1.5366     110.6066
   3541    2563  3760.51    3036.57  113.7417  22.3149   1.3396     112.3182
   3541    2685  3777.84    3157.12  113.7650  22.3113   1.1443     114.6134
   3541    2807  3795.17    3277.63  113.7883  22.3078   0.9515     117.8415
   3541    2929  3812.50    3398.12  113.8116  22.3043   0.7632     122.6793
   3541    3051  3829.82    3518.60  113.8349  22.3008   0.5839     130.5722
   3541    3173  3847.14    3639.08  113.8582  22.2972   0.4249     144.8464
   3541    3295  3864.47    3759.57  113.8815  22.2937   0.3182     171.7388
   3541    3417  3881.80    3880.07  113.9048  22.2901   0.3213     -151.5201
   3541    3539  3899.13    4000.60  113.9281  22.2866   0.4317     -125.3496
   3541    3661  3916.47    4121.17  113.9514  22.2830   0.5924     -111.5020
   3541    3783  3933.81    4241.79  113.9748  22.2795   0.7725     -103.8083
   3541    3905  3951.16    4362.46  113.9981  22.2759   0.9613     -99.0710
   3541    4027  3968.53    4483.20  114.0214  22.2723   1.1546     -95.8989
   3541    4149  3985.90    4604.02  114.0448  22.2688   1.3505     -93.6378
   3541    4271  4003.29    4724.93  114.0682  22.2652   1.5480     -91.9482
   3541    4393  4020.69    4845.94  114.0915  22.2616   1.7467     -90.6391
   3541    4515  4038.10    4967.05  114.1150  22.2580   1.9463     -89.5954
   3541    4637  4055.54    5088.28  114.1384  22.2544   2.1465     -88.7437
   3541    4759  4072.99    5209.63  114.1618  22.2508   2.3473     -88.0354
   3541    4881  4090.46    5331.13  114.1853  22.2472   2.5486     -87.4369
   3541    5003  4107.95    5452.77  114.2088  22.2436   2.7502     -86.9243
   3541    5125  4125.47    5574.56  114.2323  22.2400   2.9523     -86.4801
   3541    5247  4143.00    5696.53  114.2559  22.2363   3.1547     -86.0912
   3541    5369  4160.57    5818.67  114.2795  22.2327   3.3574     -85.7478
   3541    5491  4178.16    5941.00  114.3031  22.2290   3.5605     -85.4421
   3541    5613  4195.78    6063.52  114.3268  22.2254   3.7639     -85.1681
   3541    5735  4213.43    6186.26  114.3505  22.2217   3.9677     -84.9210
   3541    5857  4231.11    6309.21  114.3742  22.2180   4.1718     -84.6969
   3541    6000  4251.88    6453.61  114.4021  22.2137   4.4114     -84.4591
   3659       1  3508.67    456.37  113.2418  22.3680   5.5746     102.1521
   3659     123  3526.44    579.89  113.2657  22.3645   5.3698     102.2805
   3659     245  3544.17    703.16  113.2896  22.3610   5.1654     102.4181
   3659     367  3561.86    826.20  113.3135  22.3574   4.9613     102.5661
   3659     489  3579.53    949.02  113.3372  22.3539   4.7575     102.7257
   3659     611  3597.16    1071.63  113.3610  22.3504   4.5539     102.8986
   3659     733  3614.76    1194.04  113.3847  22.3468   4.3507     103.0866
   3659     855  3632.34    1316.25  113.4083  22.3433   4.1477     103.2918
   3659     977  3649.89    1438.29  113.4320  22.3398   3.9450     103.5169
   3659    1099  3667.42    1560.15  113.4556  22.3363   3.7425     103.7652
   3659    1221  3684.92    1681.85  113.4791  22.3327   3.5403     104.0405
   3659    1343  3702.40    1803.40  113.5026  22.3292   3.3384     104.3477
   3659    1465  3719.86    1924.81  113.5261  22.3257   3.1368     104.6930
   3659    1587  3737.30    2046.09  113.5496  22.3222   2.9354     105.0841
   3659    1709  3754.73    2167.24  113.5731  22.3187   2.7343     105.5311
   3659    1831  3772.13    2288.29  113.5965  22.3152   2.5336     106.0472
   3659    1953  3789.53    2409.23  113.6199  22.3116   2.3332     106.6502
   3659    2075  3806.91    2530.08  113.6433  22.3081   2.1332     107.3642
   3659    2197  3824.28    2650.85  113.6666  22.3046   1.9336     108.2234
   3659    2319  3841.64    2771.55  113.6900  22.3011   1.7347     109.2775
   3659    2441  3858.99    2892.19  113.7133  22.2976   1.5366     110.6013
   3659    2563  3876.33    3012.77  113.7367  22.2940   1.3396     112.3123
   3659    2685  3893.67    3133.32  113.7600  22.2905   1.1442     114.6068
   3659    2807  3911.00    3253.83  113.7833  22.2870   0.9514     117.8340
   3659    2929  3928.33    3374.32  113.8066  22.2835   0.7632     122.6707
   3659    3051  3945.65    3494.80  113.8299  22.2799   0.5838     130.5622
   3659    3173  3962.98    3615.28  113.8532  22.2764   0.4248     144.8361
   3659    3295  3980.31    3735.76  113.8765  22.2729   0.3181     171.7345
   3659    3417  3997.64    3856.26  113.8998  22.2693   0.3212     -151.5115
   3659    3539  4014.98    3976.79  113.9231  22.2658   0.4317     -125.3383
   3659    3661  4032.32    4097.36  113.9464  22.2622   0.5923     -111.4929
   3659    3783  4049.66    4217.98  113.9697  22.2587   0.7725     -103.8013
   3659    3905  4067.02    4338.65  113.9930  22.2551   0.9613     -99.0655
   3659    4027  4084.39    4459.39  114.0164  22.2515   1.1546     -95.8946
   3659    4149  4101.76    4580.21  114.0397  22.2480   1.3505     -93.6342
   3659    4271  4119.15    4701.11  114.0631  22.2444   1.5480     -91.9453
   3659    4393  4136.56    4822.12  114.0865  22.2408   1.7467     -90.6368
   3659    4515  4153.97    4943.23  114.1099  22.2372   1.9463     -89.5934
   3659    4637  4171.41    5064.46  114.1333  22.2336   2.1465     -88.7421
   3659    4759  4188.87    5185.81  114.1567  22.2300   2.3473     -88.0341
   3659    4881  4206.34    5307.30  114.1802  22.2264   2.5486     -87.4358
   3659    5003  4223.83    5428.94  114.2037  22.2228   2.7502     -86.9234
   3659    5125  4241.35    5550.74  114.2272  22.2191   2.9523     -86.4793
   3659    5247  4258.90    5672.70  114.2508  22.2155   3.1547     -86.0906
   3659    5369  4276.46    5794.84  114.2744  22.2119   3.3574     -85.7473
   3659    5491  4294.06    5917.17  114.2980  22.2082   3.5605     -85.4418
   3659    5613  4311.68    6039.69  114.3217  22.2046   3.7639     -85.1679
   3659    5735  4329.34    6162.43  114.3454  22.2009   3.9677     -84.9209
   3659    5857  4347.02    6285.37  114.3691  22.1972   4.1718     -84.6968
   3659    6000  4367.79    6429.77  114.3970  22.1929   4.4114     -84.4591
   3777       1  3624.43    432.59  113.2369  22.3472   5.5746     102.1498
   3777     123  3642.20    556.11  113.2608  22.3437   5.3698     102.2782
   3777     245  3659.93    679.38  113.2847  22.3401   5.1654     102.4157
   3777     367  3677.63    802.42  113.3085  22.3366   4.9613     102.5637
   3777     489  3695.29    925.24  113.3323  22.3331   4.7574     102.7232
   3777     611  3712.93    1047.85  113.3560  22.3295   4.5539     102.8961
   3777     733  3730.54    1170.25  113.3797  22.3260   4.3506     103.0839
   3777     855  3748.12    1292.47  113.4034  22.3225   4.1476     103.2891
   3777     977  3765.67    1414.50  113.4270  22.3190   3.9449     103.5141
   3777    1099  3783.20    1536.36  113.4506  22.3154   3.7425     103.7623
   3777    1221  3800.71    1658.06  113.4741  22.3119   3.5403     104.0374
   3777    1343  3818.19    1779.61  113.4977  22.3084   3.3384     104.3446
   3777    1465  3835.65    1901.02  113.5212  22.3049   3.1367     104.6897
   3777    1587  3853.10    2022.30  113.5446  22.3014   2.9354     105.0807
   3777    1709  3870.53    2143.45  113.5681  22.2979   2.7343     105.5275
   3777    1831  3887.94    2264.49  113.5915  22.2943   2.5335     106.0435
   3777    1953  3905.33    2385.44  113.6149  22.2908   2.3331     106.6462
   3777    2075  3922.72    2506.29  113.6383  22.2873   2.1331     107.3599
   3777    2197  3940.09    2627.05  113.6616  22.2838   1.9336     108.2189
   3777    2319  3957.45    2747.75  113.6850  22.2803   1.7347     109.2727
   3777    2441  3974.80    2868.39  113.7083  22.2767   1.5366     110.5959
   3777    2563  3992.15    2988.97  113.7316  22.2732   1.3395     112.3064
   3777    2685  4009.49    3109.51  113.7549  22.2697   1.1442     114.6002
   3777    2807  4026.83    3230.03  113.7783  22.2662   0.9514     117.8265
   3777    2929  4044.16    3350.51  113.8016  22.2626   0.7631     122.6620
   3777    3051  4061.49    3470.99  113.8249  22.2591   0.5837     130.5523
   3777    3173  4078.82    3591.47  113.8481  22.2556   0.4247     144.8258
   3777    3295  4096.15    3711.95  113.8714  22.2520   0.3180     171.7302
   3777    3417  4113.48    3832.45  113.8947  22.2485   0.3211     -151.5029
   3777    3539  4130.82    3952.98  113.9180  22.2449   0.4316     -125.3270
   3777    3661  4148.17    4073.55  113.9413  22.2414   0.5923     -111.4838
   3777    3783  4165.52    4194.16  113.9647  22.2378   0.7724     -103.7943
   3777    3905  4182.88    4314.83  113.9880  22.2343   0.9613     -99.0601
   3777    4027  4200.24    4435.57  114.0113  22.2307   1.1546     -95.8902
   3777    4149  4217.62    4556.39  114.0347  22.2271   1.3505     -93.6307
   3777    4271  4235.02    4677.29  114.0580  22.2236   1.5480     -91.9424
   3777    4393  4252.42    4798.30  114.0814  22.2200   1.7467     -90.6344
   3777    4515  4269.85    4919.41  114.1048  22.2164   1.9463     -89.5914
   3777    4637  4287.28    5040.63  114.1282  22.2128   2.1465     -88.7404
   3777    4759  4304.74    5161.99  114.1517  22.2092   2.3473     -88.0327
   3777    4881  4322.22    5283.48  114.1751  22.2056   2.5486     -87.4346
   3777    5003  4339.72    5405.12  114.1986  22.2020   2.7502     -86.9224
   3777    5125  4357.24    5526.91  114.2221  22.1983   2.9523     -86.4785
   3777    5247  4374.79    5648.87  114.2457  22.1947   3.1547     -86.0900
   3777    5369  4392.36    5771.01  114.2693  22.1911   3.3574     -85.7469
   3777    5491  4409.96    5893.34  114.2929  22.1874   3.5605     -85.4414
   3777    5613  4427.58    6015.86  114.3166  22.1837   3.7639     -85.1677
   3777    5735  4445.24    6138.59  114.3403  22.1801   3.9677     -84.9207
   3777    5857  4462.93    6261.54  114.3640  22.1764   4.1718     -84.6968
   3777    6000  4483.70    6405.94  114.3919  22.1721   4.4114     -84.4592
   3895       1  3740.18    408.81  113.2319  22.3264   5.5745     102.1476
   3895     123  3757.95    532.32  113.2558  22.3228   5.3698     102.2759
   3895     245  3775.69    655.59  113.2797  22.3193   5.1654     102.4134
   3895     367  3793.39    778.63  113.3035  22.3158   4.9612     102.5612
   3895     489  3811.06    901.45  113.3273  22.3122   4.7574     102.7207
   3895     611  3828.70    1024.06  113.3510  22.3087   4.5539     102.8935
   3895     733  3846.31    1146.46  113.3747  22.3052   4.3506     103.0813
   3895     855  3863.89    1268.68  113.3984  22.3016   4.1476     103.2864
   3895     977  3881.45    1390.71  113.4220  22.2981   3.9449     103.5113
   3895    1099  3898.98    1512.57  113.4456  22.2946   3.7425     103.7594
   3895    1221  3916.49    1634.27  113.4692  22.2911   3.5403     104.0344
   3895    1343  3933.98    1755.82  113.4927  22.2876   3.3384     104.3414
   3895    1465  3951.44    1877.22  113.5162  22.2841   3.1367     104.6864
   3895    1587  3968.89    1998.50  113.5396  22.2805   2.9353     105.0773
   3895    1709  3986.32    2119.65  113.5631  22.2770   2.7343     105.5240
   3895    1831  4003.74    2240.69  113.5865  22.2735   2.5335     106.0397
   3895    1953  4021.14    2361.63  113.6099  22.2700   2.3331     106.6422
   3895    2075  4038.52    2482.48  113.6333  22.2665   2.1331     107.3557
   3895    2197  4055.90    2603.25  113.6566  22.2630   1.9336     108.2144
   3895    2319  4073.27    2723.95  113.6800  22.2594   1.7346     109.2678
   3895    2441  4090.62    2844.58  113.7033  22.2559   1.5365     110.5906
   3895    2563  4107.97    2965.16  113.7266  22.2524   1.3395     112.3005
   3895    2685  4125.31    3085.71  113.7499  22.2489   1.1441     114.5936
   3895    2807  4142.65    3206.21  113.7732  22.2453   0.9513     117.8190
   3895    2929  4159.99    3326.70  113.7965  22.2418   0.7630     122.6534
   3895    3051  4177.32    3447.18  113.8198  22.2383   0.5837     130.5423
   3895    3173  4194.65    3567.65  113.8431  22.2347   0.4246     144.8155
   3895    3295  4211.99    3688.13  113.8664  22.2312   0.3179     171.7260
   3895    3417  4229.33    3808.63  113.8897  22.2277   0.3210     -151.4942
   3895    3539  4246.67    3929.16  113.9130  22.2241   0.4315     -125.3157
   3895    3661  4264.01    4049.73  113.9363  22.2206   0.5922     -111.4747
   3895    3783  4281.37    4170.34  113.9596  22.2170   0.7724     -103.7873
   3895    3905  4298.73    4291.01  113.9829  22.2135   0.9613     -99.0546
   3895    4027  4316.10    4411.75  114.0062  22.2099   1.1545     -95.8859
   3895    4149  4333.48    4532.57  114.0296  22.2063   1.3504     -93.6272
   3895    4271  4350.88    4653.47  114.0529  22.2027   1.5480     -91.9396
   3895    4393  4368.29    4774.47  114.0763  22.1992   1.7467     -90.6320
   3895    4515  4385.72    4895.58  114.0997  22.1956   1.9463     -89.5894
   3895    4637  4403.16    5016.80  114.1231  22.1920   2.1465     -88.7388
   3895    4759  4420.62    5138.16  114.1466  22.1884   2.3473     -88.0313
   3895    4881  4438.10    5259.65  114.1700  22.1848   2.5486     -87.4335
   3895    5003  4455.60    5381.28  114.1935  22.1811   2.7502     -86.9215
   3895    5125  4473.13    5503.08  114.2170  22.1775   2.9523     -86.4778
   3895    5247  4490.67    5625.04  114.2406  22.1739   3.1547     -86.0894
   3895    5369  4508.25    5747.18  114.2642  22.1702   3.3574     -85.7464
   3895    5491  4525.85    5869.50  114.2878  22.1666   3.5605     -85.4411
   3895    5613  4543.48    5992.02  114.3115  22.1629   3.7640     -85.1674
   3895    5735  4561.14    6114.75  114.3351  22.1593   3.9677     -84.9206
   3895    5857  4578.83    6237.70  114.3589  22.1556   4.1718     -84.6967
   3895    6000  4599.61    6382.09  114.3867  22.1512   4.4114     -84.4592
   4013       1  3855.94    385.02  113.2270  22.3055   5.5745     102.1453
   4013     123  3873.71    508.53  113.2509  22.3020   5.3698     102.2735
   4013     245  3891.45    631.80  113.2748  22.2985   5.1653     102.4110
   4013     367  3909.15    754.84  113.2986  22.2949   4.9612     102.5588
   4013     489  3926.82    877.66  113.3223  22.2914   4.7574     102.7183
   4013     611  3944.47    1000.26  113.3461  22.2879   4.5538     102.8909
   4013     733  3962.08    1122.67  113.3698  22.2843   4.3506     103.0787
   4013     855  3979.67    1244.88  113.3934  22.2808   4.1476     103.2836
   4013     977  3997.23    1366.91  113.4170  22.2773   3.9449     103.5085
   4013    1099  4014.76    1488.77  113.4406  22.2738   3.7424     103.7564
   4013    1221  4032.27    1610.47  113.4642  22.2703   3.5402     104.0314
   4013    1343  4049.77    1732.02  113.4877  22.2667   3.3383     104.3383
   4013    1465  4067.24    1853.42  113.5112  22.2632   3.1367     104.6832
   4013    1587  4084.69    1974.69  113.5346  22.2597   2.9353     105.0739
   4013    1709  4102.12    2095.85  113.5581  22.2562   2.7342     105.5204
   4013    1831  4119.54    2216.89  113.5815  22.2527   2.5335     106.0359
   4013    1953  4136.94    2337.83  113.6049  22.2492   2.3331     106.6382
   4013    2075  4154.33    2458.68  113.6283  22.2456   2.1330     107.3515
   4013    2197  4171.71    2579.44  113.6516  22.2421   1.9335     108.2098
   4013    2319  4189.08    2700.14  113.6750  22.2386   1.7346     109.2629
   4013    2441  4206.44    2820.77  113.6983  22.2351   1.5365     110.5852
   4013    2563  4223.79    2941.35  113.7216  22.2316   1.3394     112.2947
   4013    2685  4241.13    3061.89  113.7449  22.2280   1.1441     114.5871
   4013    2807  4258.48    3182.40  113.7682  22.2245   0.9513     117.8115
   4013    2929  4275.81    3302.89  113.7915  22.2210   0.7630     122.6447
   4013    3051  4293.15    3423.36  113.8148  22.2175   0.5836     130.5323
   4013    3173  4310.49    3543.84  113.8381  22.2139   0.4245     144.8051
   4013    3295  4327.83    3664.32  113.8614  22.2104   0.3178     171.7217
   4013    3417  4345.17    3784.81  113.8846  22.2068   0.3209     -151.4856
   4013    3539  4362.51    3905.34  113.9079  22.2033   0.4315     -125.3044
   4013    3661  4379.86    4025.91  113.9312  22.1997   0.5922     -111.4655
   4013    3783  4397.22    4146.52  113.9545  22.1962   0.7724     -103.7803
   4013    3905  4414.58    4267.19  113.9779  22.1926   0.9612     -99.0491
   4013    4027  4431.96    4387.93  114.0012  22.1891   1.1545     -95.8815
   4013    4149  4449.34    4508.74  114.0245  22.1855   1.3504     -93.6237
   4013    4271  4466.74    4629.64  114.0479  22.1819   1.5480     -91.9367
   4013    4393  4484.16    4750.64  114.0713  22.1783   1.7467     -90.6296
   4013    4515  4501.58    4871.75  114.0946  22.1748   1.9463     -89.5874
   4013    4637  4519.03    4992.97  114.1181  22.1712   2.1465     -88.7371
   4013    4759  4536.49    5114.32  114.1415  22.1676   2.3473     -88.0299
   4013    4881  4553.98    5235.81  114.1650  22.1639   2.5486     -87.4323
   4013    5003  4571.48    5357.45  114.1884  22.1603   2.7502     -86.9205
   4013    5125  4589.01    5479.24  114.2120  22.1567   2.9523     -86.4770
   4013    5247  4606.56    5601.20  114.2355  22.1531   3.1547     -86.0888
   4013    5369  4624.14    5723.34  114.2591  22.1494   3.3575     -85.7459
   4013    5491  4641.74    5845.66  114.2827  22.1458   3.5605     -85.4407
   4013    5613  4659.38    5968.18  114.3063  22.1421   3.7640     -85.1672
   4013    5735  4677.04    6090.91  114.3300  22.1384   3.9677     -84.9205
   4013    5857  4694.73    6213.85  114.3538  22.1348   4.1718     -84.6967
   4013    6000  4715.51    6358.25  114.3816  22.1304   4.4114     -84.4593
   4131       1  3971.69    361.23  113.2220  22.2847   5.5745     102.1431
   4131     123  3989.46    484.74  113.2459  22.2812   5.3697     102.2712
   4131     245  4007.20    608.01  113.2698  22.2776   5.1653     102.4086
   4131     367  4024.91    731.05  113.2936  22.2741   4.9612     102.5564
   4131     489  4042.59    853.86  113.3174  22.2706   4.7573     102.7158
   4131     611  4060.23    976.47  113.3411  22.2670   4.5538     102.8884
   4131     733  4077.85    1098.87  113.3648  22.2635   4.3505     103.0760
   4131     855  4095.44    1221.08  113.3885  22.2600   4.1476     103.2809
   4131     977  4113.00    1343.11  113.4121  22.2565   3.9448     103.5057
   4131    1099  4130.54    1464.97  113.4356  22.2529   3.7424     103.7535
   4131    1221  4148.06    1586.67  113.4592  22.2494   3.5402     104.0284
   4131    1343  4165.55    1708.21  113.4827  22.2459   3.3383     104.3352
   4131    1465  4183.02    1829.61  113.5062  22.2424   3.1366     104.6799
   4131    1587  4200.48    1950.89  113.5296  22.2389   2.9353     105.0705
   4131    1709  4217.92    2072.04  113.5531  22.2354   2.7342     105.5168
   4131    1831  4235.34    2193.08  113.5765  22.2318   2.5334     106.0322
   4131    1953  4252.74    2314.02  113.5999  22.2283   2.3330     106.6342
   4131    2075  4270.14    2434.86  113.6232  22.2248   2.1330     107.3472
   4131    2197  4287.52    2555.63  113.6466  22.2213   1.9335     108.2053
   4131    2319  4304.89    2676.32  113.6699  22.2178   1.7346     109.2580
   4131    2441  4322.25    2796.96  113.6933  22.2143   1.5364     110.5799
   4131    2563  4339.61    2917.54  113.7166  22.2107   1.3394     112.2888
   4131    2685  4356.96    3038.08  113.7399  22.2072   1.1440     114.5805
   4131    2807  4374.30    3158.58  113.7632  22.2037   0.9512     117.8040
   4131    2929  4391.64    3279.07  113.7865  22.2002   0.7629     122.6360
   4131    3051  4408.98    3399.54  113.8097  22.1966   0.5835     130.5223
   4131    3173  4426.32    3520.01  113.8330  22.1931   0.4244     144.7948
   4131    3295  4443.66    3640.49  113.8563  22.1896   0.3176     171.7174
   4131    3417  4461.01    3760.99  113.8796  22.1860   0.3208     -151.4769
   4131    3539  4478.35    3881.52  113.9029  22.1825   0.4314     -125.2931
   4131    3661  4495.71    4002.08  113.9262  22.1789   0.5921     -111.4564
   4131    3783  4513.07    4122.69  113.9495  22.1754   0.7724     -103.7732
   4131    3905  4530.43    4243.36  113.9728  22.1718   0.9612     -99.0436
   4131    4027  4547.81    4364.09  113.9961  22.1683   1.1545     -95.8772
   4131    4149  4565.20    4484.91  114.0195  22.1647   1.3504     -93.6201
   4131    4271  4582.60    4605.81  114.0428  22.1611   1.5480     -91.9338
   4131    4393  4600.02    4726.81  114.0662  22.1575   1.7467     -90.6272
   4131    4515  4617.45    4847.91  114.0896  22.1539   1.9463     -89.5854
   4131    4637  4634.90    4969.14  114.1130  22.1503   2.1465     -88.7354
   4131    4759  4652.37    5090.49  114.1364  22.1467   2.3473     -88.0285
   4131    4881  4669.85    5211.97  114.1599  22.1431   2.5486     -87.4312
   4131    5003  4687.36    5333.61  114.1834  22.1395   2.7502     -86.9196
   4131    5125  4704.89    5455.40  114.2069  22.1359   2.9523     -86.4762
   4131    5247  4722.45    5577.36  114.2304  22.1323   3.1547     -86.0881
   4131    5369  4740.03    5699.49  114.2540  22.1286   3.3575     -85.7454
   4131    5491  4757.64    5821.82  114.2776  22.1250   3.5606     -85.4404
   4131    5613  4775.27    5944.34  114.3012  22.1213   3.7640     -85.1669
   4131    5735  4792.94    6067.06  114.3249  22.1176   3.9677     -84.9203
   4131    5857  4810.64    6190.00  114.3487  22.1140   4.1718     -84.6966
   4131    6000  4831.42    6334.40  114.3765  22.1096   4.4115     -84.4593
   4249       1  4087.44    337.43  113.2171  22.2639   5.5745     102.1408
   4249     123  4105.22    460.94  113.2410  22.2603   5.3697     102.2689
   4249     245  4122.96    584.21  113.2648  22.2568   5.1653     102.4063
   4249     367  4140.67    707.25  113.2887  22.2533   4.9612     102.5539
   4249     489  4158.35    830.06  113.3124  22.2497   4.7573     102.7133
   4249     611  4176.00    952.66  113.3362  22.2462   4.5538     102.8858
   4249     733  4193.62    1075.07  113.3598  22.2427   4.3505     103.0734
   4249     855  4211.21    1197.28  113.3835  22.2391   4.1475     103.2782
   4249     977  4228.78    1319.30  113.4071  22.2356   3.9448     103.5029
   4249    1099  4246.32    1441.16  113.4307  22.2321   3.7424     103.7506
   4249    1221  4263.84    1562.86  113.4542  22.2286   3.5402     104.0254
   4249    1343  4281.34    1684.40  113.4777  22.2251   3.3383     104.3320
   4249    1465  4298.81    1805.80  113.5012  22.2216   3.1366     104.6767
   4249    1587  4316.27    1927.08  113.5247  22.2180   2.9352     105.0671
   4249    1709  4333.71    2048.23  113.5481  22.2145   2.7342     105.5132
   4249    1831  4351.13    2169.27  113.5715  22.2110   2.5334     106.0284
   4249    1953  4368.54    2290.20  113.5949  22.2075   2.3330     106.6303
   4249    2075  4385.94    2411.05  113.6182  22.2040   2.1330     107.3430
   4249    2197  4403.33    2531.81  113.6416  22.2005   1.9334     108.2008
   4249    2319  4420.70    2652.51  113.6649  22.1970   1.7345     109.2531
   4249    2441  4438.06    2773.14  113.6882  22.1934   1.5364     110.5746
   4249    2563  4455.42    2893.72  113.7116  22.1899   1.3394     112.2829
   4249    2685  4472.78    3014.25  113.7349  22.1864   1.1440     114.5739
   4249    2807  4490.12    3134.76  113.7581  22.1829   0.9511     117.7965
   4249    2929  4507.47    3255.24  113.7814  22.1793   0.7628     122.6274
   4249    3051  4524.81    3375.72  113.8047  22.1758   0.5834     130.5123
   4249    3173  4542.15    3496.19  113.8280  22.1723   0.4243     144.7844
   4249    3295  4559.50    3616.67  113.8513  22.1687   0.3175     171.7131
   4249    3417  4576.84    3737.16  113.8746  22.1652   0.3206     -151.4682
   4249    3539  4594.19    3857.69  113.8978  22.1617   0.4313     -125.2818
   4249    3661  4611.55    3978.25  113.9211  22.1581   0.5921     -111.4472
   4249    3783  4628.91    4098.86  113.9444  22.1546   0.7723     -103.7662
   4249    3905  4646.28    4219.53  113.9677  22.1510   0.9612     -99.0382
   4249    4027  4663.67    4340.26  113.9911  22.1474   1.1545     -95.8728
   4249    4149  4681.06    4461.07  114.0144  22.1439   1.3504     -93.6166
   4249    4271  4698.46    4581.97  114.0377  22.1403   1.5480     -91.9309
   4249    4393  4715.88    4702.97  114.0611  22.1367   1.7467     -90.6248
   4249    4515  4733.32    4824.07  114.0845  22.1331   1.9463     -89.5834
   4249    4637  4750.77    4945.30  114.1079  22.1295   2.1465     -88.7338
   4249    4759  4768.24    5066.65  114.1313  22.1259   2.3473     -88.0271
   4249    4881  4785.73    5188.13  114.1548  22.1223   2.5486     -87.4300
   4249    5003  4803.24    5309.76  114.1783  22.1187   2.7503     -86.9186
   4249    5125  4820.77    5431.55  114.2018  22.1151   2.9523     -86.4754
   4249    5247  4838.33    5553.51  114.2253  22.1114   3.1547     -86.0875
   4249    5369  4855.92    5675.65  114.2489  22.1078   3.3575     -85.7449
   4249    5491  4873.53    5797.97  114.2725  22.1041   3.5606     -85.4400
   4249    5613  4891.17    5920.48  114.2961  22.1005   3.7640     -85.1667
   4249    5735  4908.84    6043.21  114.3198  22.0968   3.9677     -84.9201
   4249    5857  4926.54    6166.15  114.3435  22.0931   4.1718     -84.6965
   4249    6000  4947.32    6310.54  114.3714  22.0888   4.4115     -84.4593
   4367       1  4203.19    313.63  113.2121  22.2430   5.5744     102.1385
   4367     123  4220.97    437.14  113.2360  22.2395   5.3697     102.2666
   4367     245  4238.72    560.41  113.2599  22.2359   5.1653     102.4039
   4367     367  4256.43    683.44  113.2837  22.2324   4.9611     102.5515
   4367     489  4274.11    806.26  113.3075  22.2289   4.7573     102.7108
   4367     611  4291.77    928.86  113.3312  22.2254   4.5538     102.8832
   4367     733  4309.39    1051.26  113.3549  22.2218   4.3505     103.0707
   4367     855  4326.98    1173.47  113.3785  22.2183   4.1475     103.2755
   4367     977  4344.55    1295.50  113.4021  22.2148   3.9448     103.5001
   4367    1099  4362.10    1417.35  113.4257  22.2113   3.7423     103.7477
   4367    1221  4379.62    1539.05  113.4492  22.2078   3.5402     104.0224
   4367    1343  4397.12    1660.59  113.4727  22.2042   3.3382     104.3289
   4367    1465  4414.60    1781.99  113.4962  22.2007   3.1366     104.6734
   4367    1587  4432.06    1903.26  113.5197  22.1972   2.9352     105.0637
   4367    1709  4449.50    2024.41  113.5431  22.1937   2.7341     105.5097
   4367    1831  4466.93    2145.45  113.5665  22.1902   2.5334     106.0247
   4367    1953  4484.34    2266.38  113.5899  22.1867   2.3330     106.6263
   4367    2075  4501.74    2387.23  113.6132  22.1832   2.1329     107.3388
   4367    2197  4519.13    2507.99  113.6366  22.1796   1.9334     108.1962
   4367    2319  4536.51    2628.68  113.6599  22.1761   1.7345     109.2482
   4367    2441  4553.88    2749.31  113.6832  22.1726   1.5363     110.5692
   4367    2563  4571.24    2869.89  113.7065  22.1691   1.3393     112.2770
   4367    2685  4588.59    2990.43  113.7298  22.1656   1.1439     114.5673
   4367    2807  4605.94    3110.93  113.7531  22.1620   0.9511     117.7890
   4367    2929  4623.29    3231.42  113.7764  22.1585   0.7628     122.6187
   4367    3051  4640.64    3351.89  113.7997  22.1550   0.5834     130.5023
   4367    3173  4657.98    3472.36  113.8230  22.1515   0.4242     144.7741
   4367    3295  4675.33    3592.84  113.8462  22.1479   0.3174     171.7088
   4367    3417  4692.68    3713.33  113.8695  22.1444   0.3205     -151.4595
   4367    3539  4710.03    3833.85  113.8928  22.1408   0.4313     -125.2705
   4367    3661  4727.39    3954.41  113.9161  22.1373   0.5921     -111.4381
   4367    3783  4744.76    4075.02  113.9394  22.1337   0.7723     -103.7592
   4367    3905  4762.13    4195.69  113.9627  22.1302   0.9612     -99.0327
   4367    4027  4779.52    4316.42  113.9860  22.1266   1.1545     -95.8684
   4367    4149  4796.91    4437.23  114.0093  22.1230   1.3504     -93.6131
   4367    4271  4814.32    4558.13  114.0327  22.1195   1.5480     -91.9280
   4367    4393  4831.74    4679.13  114.0560  22.1159   1.7467     -90.6224
   4367    4515  4849.18    4800.23  114.0794  22.1123   1.9463     -89.5814
   4367    4637  4866.64    4921.45  114.1028  22.1087   2.1465     -88.7321
   4367    4759  4884.11    5042.80  114.1263  22.1051   2.3473     -88.0257
   4367    4881  4901.60    5164.29  114.1497  22.1015   2.5486     -87.4289
   4367    5003  4919.12    5285.92  114.1732  22.0979   2.7503     -86.9176
   4367    5125  4936.66    5407.71  114.1967  22.0943   2.9523     -86.4746
   4367    5247  4954.22    5529.66  114.2202  22.0906   3.1547     -86.0869
   4367    5369  4971.80    5651.79  114.2438  22.0870   3.3575     -85.7444
   4367    5491  4989.42    5774.11  114.2674  22.0833   3.5606     -85.4396
   4367    5613  5007.06    5896.63  114.2910  22.0797   3.7640     -85.1664
   4367    5735  5024.73    6019.35  114.3147  22.0760   3.9677     -84.9200
   4367    5857  5042.44    6142.29  114.3384  22.0723   4.1718     -84.6965
   4367    6000  5063.23    6286.69  114.3663  22.0680   4.4115     -84.4594
   4485       1  4318.93    289.83  113.2072  22.2222   5.5744     102.1363
   4485     123  4336.72    413.34  113.2311  22.2186   5.3697     102.2643
   4485     245  4354.47    536.60  113.2549  22.2151   5.1652     102.4015
   4485     367  4372.19    659.64  113.2787  22.2116   4.9611     102.5491
   4485     489  4389.87    782.45  113.3025  22.2081   4.7573     102.7083
   4485     611  4407.53    905.05  113.3262  22.2045   4.5537     102.8807
   4485     733  4425.16    1027.45  113.3499  22.2010   4.3505     103.0681
   4485     855  4442.76    1149.66  113.3735  22.1975   4.1475     103.2727
   4485     977  4460.33    1271.68  113.3971  22.1940   3.9448     103.4973
   4485    1099  4477.88    1393.54  113.4207  22.1904   3.7423     103.7448
   4485    1221  4495.40    1515.23  113.4442  22.1869   3.5401     104.0194
   4485    1343  4512.90    1636.77  113.4678  22.1834   3.3382     104.3258
   4485    1465  4530.39    1758.17  113.4912  22.1799   3.1366     104.6702
   4485    1587  4547.85    1879.44  113.5147  22.1764   2.9352     105.0602
   4485    1709  4565.30    2000.59  113.5381  22.1729   2.7341     105.5061
   4485    1831  4582.73    2121.63  113.5615  22.1694   2.5333     106.0209
   4485    1953  4600.14    2242.56  113.5849  22.1658   2.3329     106.6223
   4485    2075  4617.54    2363.41  113.6082  22.1623   2.1329     107.3345
   4485    2197  4634.94    2484.17  113.6316  22.1588   1.9334     108.1917
   4485    2319  4652.32    2604.86  113.6549  22.1553   1.7344     109.2433
   4485    2441  4669.69    2725.49  113.6782  22.1518   1.5363     110.5639
   4485    2563  4687.05    2846.06  113.7015  22.1483   1.3393     112.2711
   4485    2685  4704.41    2966.60  113.7248  22.1447   1.1439     114.5607
   4485    2807  4721.76    3087.10  113.7481  22.1412   0.9510     117.7815
   4485    2929  4739.12    3207.59  113.7714  22.1377   0.7627     122.6100
   4485    3051  4756.46    3328.06  113.7947  22.1342   0.5833     130.4923
   4485    3173  4773.81    3448.52  113.8179  22.1306   0.4241     144.7637
   4485    3295  4791.16    3569.00  113.8412  22.1271   0.3173     171.7045
   4485    3417  4808.52    3689.49  113.8645  22.1236   0.3204     -151.4508
   4485    3539  4825.87    3810.02  113.8878  22.1200   0.4312     -125.2591
   4485    3661  4843.24    3930.58  113.9110  22.1165   0.5920     -111.4289
   4485    3783  4860.60    4051.18  113.9343  22.1129   0.7723     -103.7521
   4485    3905  4877.98    4171.85  113.9576  22.1094   0.9612     -99.0272
   4485    4027  4895.37    4292.58  113.9809  22.1058   1.1545     -95.8641
   4485    4149  4912.77    4413.39  114.0043  22.1022   1.3504     -93.6095
   4485    4271  4930.18    4534.29  114.0276  22.0986   1.5480     -91.9250
   4485    4393  4947.61    4655.28  114.0510  22.0951   1.7467     -90.6200
   4485    4515  4965.05    4776.38  114.0744  22.0915   1.9463     -89.5794
   4485    4637  4982.50    4897.60  114.0978  22.0879   2.1466     -88.7304
   4485    4759  4999.98    5018.95  114.1212  22.0843   2.3473     -88.0243
   4485    4881  5017.48    5140.43  114.1446  22.0807   2.5486     -87.4277
   4485    5003  5034.99    5262.06  114.1681  22.0771   2.7503     -86.9167
   4485    5125  5052.53    5383.85  114.1916  22.0734   2.9523     -86.4739
   4485    5247  5070.10    5505.81  114.2151  22.0698   3.1547     -86.0862
   4485    5369  5087.69    5627.94  114.2387  22.0662   3.3575     -85.7439
   4485    5491  5105.31    5750.26  114.2623  22.0625   3.5606     -85.4392
   4485    5613  5122.95    5872.77  114.2859  22.0589   3.7640     -85.1662
   4485    5735  5140.63    5995.50  114.3096  22.0552   3.9678     -84.9198
   4485    5857  5158.33    6118.43  114.3333  22.0515   4.1718     -84.6964
   4485    6000  5179.13    6262.82  114.3612  22.0472   4.4115     -84.4594
   4603       1  4434.68    266.02  113.2023  22.2013   5.5744     102.1340
   4603     123  4452.47    389.53  113.2261  22.1978   5.3696     102.2620
   4603     245  4470.22    512.79  113.2500  22.1943   5.1652     102.3992
   4603     367  4487.95    635.82  113.2738  22.1907   4.9611     102.5466
   4603     489  4505.63    758.63  113.2976  22.1872   4.7572     102.7058
   4603     611  4523.29    881.23  113.3213  22.1837   4.5537     102.8781
   4603     733  4540.92    1003.63  113.3449  22.1802   4.3504     103.0655
   4603     855  4558.52    1125.84  113.3686  22.1767   4.1474     103.2700
   4603     977  4576.10    1247.86  113.3922  22.1731   3.9447     103.4944
   4603    1099  4593.65    1369.72  113.4157  22.1696   3.7423     103.7419
   4603    1221  4611.18    1491.41  113.4393  22.1661   3.5401     104.0164
   4603    1343  4628.69    1612.95  113.4628  22.1626   3.3382     104.3227
   4603    1465  4646.17    1734.35  113.4862  22.1591   3.1365     104.6669
   4603    1587  4663.64    1855.62  113.5097  22.1556   2.9351     105.0568
   4603    1709  4681.09    1976.77  113.5331  22.1520   2.7341     105.5025
   4603    1831  4698.52    2097.80  113.5565  22.1485   2.5333     106.0171
   4603    1953  4715.94    2218.73  113.5799  22.1450   2.3329     106.6183
   4603    2075  4733.35    2339.58  113.6032  22.1415   2.1329     107.3303
   4603    2197  4750.74    2460.34  113.6266  22.1380   1.9333     108.1872
   4603    2319  4768.12    2581.03  113.6499  22.1345   1.7344     109.2384
   4603    2441  4785.50    2701.66  113.6732  22.1310   1.5363     110.5585
   4603    2563  4802.87    2822.23  113.6965  22.1274   1.3392     112.2652
   4603    2685  4820.23    2942.77  113.7198  22.1239   1.1438     114.5541
   4603    2807  4837.58    3063.27  113.7431  22.1204   0.9510     117.7740
   4603    2929  4854.94    3183.75  113.7664  22.1169   0.7627     122.6013
   4603    3051  4872.29    3304.22  113.7896  22.1133   0.5832     130.4823
   4603    3173  4889.64    3424.69  113.8129  22.1098   0.4240     144.7533
   4603    3295  4907.00    3545.16  113.8362  22.1063   0.3172     171.7002
   4603    3417  4924.35    3665.65  113.8594  22.1027   0.3203     -151.4421
   4603    3539  4941.71    3786.17  113.8827  22.0992   0.4311     -125.2477
   4603    3661  4959.08    3906.73  113.9060  22.0956   0.5920     -111.4197
   4603    3783  4976.45    4027.34  113.9293  22.0921   0.7723     -103.7451
   4603    3905  4993.83    4148.00  113.9526  22.0885   0.9611     -99.0217
   4603    4027  5011.22    4268.73  113.9759  22.0850   1.1545     -95.8597
   4603    4149  5028.62    4389.54  113.9992  22.0814   1.3504     -93.6060
   4603    4271  5046.04    4510.44  114.0226  22.0778   1.5480     -91.9221
   4603    4393  5063.46    4631.43  114.0459  22.0742   1.7467     -90.6175
   4603    4515  5080.91    4752.53  114.0693  22.0707   1.9463     -89.5774
   4603    4637  5098.37    4873.75  114.0927  22.0671   2.1466     -88.7287
   4603    4759  5115.85    4995.10  114.1161  22.0635   2.3473     -88.0229
   4603    4881  5133.35    5116.58  114.1395  22.0599   2.5486     -87.4265
   4603    5003  5150.87    5238.21  114.1630  22.0562   2.7503     -86.9157
   4603    5125  5168.41    5360.00  114.1865  22.0526   2.9523     -86.4731
   4603    5247  5185.98    5481.95  114.2100  22.0490   3.1547     -86.0856
   4603    5369  5203.57    5604.08  114.2336  22.0454   3.3575     -85.7434
   4603    5491  5221.19    5726.40  114.2572  22.0417   3.5606     -85.4389
   4603    5613  5238.84    5848.91  114.2808  22.0381   3.7640     -85.1659
   4603    5735  5256.52    5971.63  114.3045  22.0344   3.9678     -84.9197
   4603    5857  5274.23    6094.57  114.3282  22.0307   4.1719     -84.6963
   4603    6000  5295.03    6238.96  114.3561  22.0264   4.4115     -84.4594
   4721       1  4550.43    242.21  113.1973  22.1805   5.5743     102.1318
   4721     123  4568.22    365.71  113.2212  22.1770   5.3696     102.2597
   4721     245  4585.98    488.98  113.2450  22.1734   5.1652     102.3968
   4721     367  4603.70    612.01  113.2688  22.1699   4.9610     102.5442
   4721     489  4621.39    734.82  113.2926  22.1664   4.7572     102.7033
   4721     611  4639.06    857.42  113.3163  22.1629   4.5537     102.8755
   4721     733  4656.69    979.81  113.3400  22.1593   4.3504     103.0628
   4721     855  4674.29    1102.02  113.3636  22.1558   4.1474     103.2673
   4721     977  4691.87    1224.04  113.3872  22.1523   3.9447     103.4916
   4721    1099  4709.43    1345.90  113.4108  22.1488   3.7423     103.7390
   4721    1221  4726.96    1467.59  113.4343  22.1453   3.5401     104.0134
   4721    1343  4744.47    1589.13  113.4578  22.1418   3.3381     104.3195
   4721    1465  4761.96    1710.53  113.4813  22.1382   3.1365     104.6636
   4721    1587  4779.43    1831.79  113.5047  22.1347   2.9351     105.0534
   4721    1709  4796.88    1952.94  113.5281  22.1312   2.7340     105.4990
   4721    1831  4814.31    2073.97  113.5515  22.1277   2.5333     106.0134
   4721    1953  4831.74    2194.91  113.5749  22.1242   2.3328     106.6143
   4721    2075  4849.15    2315.75  113.5982  22.1207   2.1328     107.3261
   4721    2197  4866.54    2436.51  113.6216  22.1172   1.9333     108.1826
   4721    2319  4883.93    2557.20  113.6449  22.1136   1.7344     109.2335
   4721    2441  4901.31    2677.82  113.6682  22.1101   1.5362     110.5532
   4721    2563  4918.68    2798.40  113.6915  22.1066   1.3392     112.2593
   4721    2685  4936.04    2918.93  113.7148  22.1031   1.1438     114.5475
   4721    2807  4953.40    3039.43  113.7381  22.0996   0.9509     117.7665
   4721    2929  4970.76    3159.91  113.7613  22.0960   0.7626     122.5926
   4721    3051  4988.11    3280.38  113.7846  22.0925   0.5831     130.4722
   4721    3173  5005.47    3400.84  113.8079  22.0890   0.4239     144.7429
   4721    3295  5022.83    3521.32  113.8311  22.0854   0.3171     171.6959
   4721    3417  5040.19    3641.81  113.8544  22.0819   0.3202     -151.4334
   4721    3539  5057.55    3762.33  113.8777  22.0784   0.4311     -125.2364
   4721    3661  5074.92    3882.89  113.9009  22.0748   0.5919     -111.4105
   4721    3783  5092.29    4003.49  113.9242  22.0713   0.7722     -103.7380
   4721    3905  5109.68    4124.15  113.9475  22.0677   0.9611     -99.0161
   4721    4027  5127.07    4244.88  113.9708  22.0641   1.1545     -95.8553
   4721    4149  5144.47    4365.69  113.9942  22.0606   1.3504     -93.6024
   4721    4271  5161.89    4486.59  114.0175  22.0570   1.5480     -91.9192
   4721    4393  5179.32    4607.58  114.0408  22.0534   1.7467     -90.6151
   4721    4515  5196.77    4728.68  114.0642  22.0498   1.9463     -89.5754
   4721    4637  5214.24    4849.90  114.0876  22.0463   2.1466     -88.7270
   4721    4759  5231.72    4971.24  114.1110  22.0427   2.3473     -88.0215
   4721    4881  5249.22    5092.72  114.1345  22.0390   2.5486     -87.4253
   4721    5003  5266.74    5214.35  114.1579  22.0354   2.7503     -86.9147
   4721    5125  5284.29    5336.14  114.1814  22.0318   2.9523     -86.4723
   4721    5247  5301.86    5458.09  114.2050  22.0282   3.1547     -86.0850
   4721    5369  5319.46    5580.22  114.2285  22.0245   3.3575     -85.7429
   4721    5491  5337.08    5702.53  114.2521  22.0209   3.5606     -85.4385
   4721    5613  5354.73    5825.05  114.2757  22.0172   3.7640     -85.1656
   4721    5735  5372.41    5947.77  114.2994  22.0136   3.9678     -84.9195
   4721    5857  5390.13    6070.70  114.3231  22.0099   4.1719     -84.6963
   4721    6000  5410.93    6215.09  114.3510  22.0056   4.4115     -84.4595
   4839       1  4666.17    218.39  113.1924  22.1597   5.5743     102.1295
   4839     123  4683.97    341.90  113.2163  22.1561   5.3696     102.2574
   4839     245  4701.73    465.16  113.2401  22.1526   5.1651     102.3944
   4839     367  4719.46    588.19  113.2639  22.1491   4.9610     102.5418
   4839     489  4737.15    711.00  113.2876  22.1456   4.7572     102.7008
   4839     611  4754.82    833.59  113.3113  22.1420   4.5536     102.8730
   4839     733  4772.45    955.99  113.3350  22.1385   4.3504     103.0602
   4839     855  4790.06    1078.20  113.3586  22.1350   4.1474     103.2646
   4839     977  4807.64    1200.22  113.3822  22.1315   3.9447     103.4888
   4839    1099  4825.20    1322.07  113.4058  22.1280   3.7422     103.7361
   4839    1221  4842.73    1443.76  113.4293  22.1244   3.5400     104.0104
   4839    1343  4860.25    1565.30  113.4528  22.1209   3.3381     104.3164
   4839    1465  4877.74    1686.70  113.4763  22.1174   3.1365     104.6604
   4839    1587  4895.21    1807.96  113.4997  22.1139   2.9351     105.0500
   4839    1709  4912.67    1929.11  113.5231  22.1104   2.7340     105.4954
   4839    1831  4930.11    2050.14  113.5465  22.1069   2.5332     106.0096
   4839    1953  4947.53    2171.07  113.5699  22.1034   2.3328     106.6104
   4839    2075  4964.94    2291.91  113.5932  22.0998   2.1328     107.3218
   4839    2197  4982.34    2412.67  113.6166  22.0963   1.9333     108.1781
   4839    2319  4999.73    2533.36  113.6399  22.0928   1.7343     109.2286
   4839    2441  5017.12    2653.98  113.6632  22.0893   1.5362     110.5478
   4839    2563  5034.49    2774.56  113.6865  22.0858   1.3391     112.2534
   4839    2685  5051.86    2895.09  113.7098  22.0823   1.1437     114.5408
   4839    2807  5069.22    3015.59  113.7330  22.0787   0.9509     117.7590
   4839    2929  5086.58    3136.07  113.7563  22.0752   0.7625     122.5839
   4839    3051  5103.94    3256.53  113.7796  22.0717   0.5831     130.4622
   4839    3173  5121.30    3377.00  113.8028  22.0682   0.4238     144.7325
   4839    3295  5138.66    3497.47  113.8261  22.0646   0.3169     171.6916
   4839    3417  5156.02    3617.96  113.8494  22.0611   0.3201     -151.4246
   4839    3539  5173.38    3738.48  113.8726  22.0575   0.4310     -125.2250
   4839    3661  5190.76    3859.04  113.8959  22.0540   0.5919     -111.4013
   4839    3783  5208.13    3979.64  113.9192  22.0504   0.7722     -103.7309
   4839    3905  5225.52    4100.30  113.9425  22.0469   0.9611     -99.0106
   4839    4027  5242.92    4221.03  113.9658  22.0433   1.1545     -95.8509
   4839    4149  5260.33    4341.84  113.9891  22.0398   1.3504     -93.5989
   4839    4271  5277.75    4462.73  114.0124  22.0362   1.5480     -91.9163
   4839    4393  5295.18    4583.72  114.0358  22.0326   1.7467     -90.6127
   4839    4515  5312.63    4704.82  114.0591  22.0290   1.9463     -89.5734
   4839    4637  5330.10    4826.04  114.0825  22.0254   2.1466     -88.7253
   4839    4759  5347.58    4947.38  114.1059  22.0218   2.3474     -88.0201
   4839    4881  5365.09    5068.86  114.1294  22.0182   2.5486     -87.4242
   4839    5003  5382.62    5190.49  114.1528  22.0146   2.7503     -86.9138
   4839    5125  5400.17    5312.27  114.1763  22.0110   2.9523     -86.4715
   4839    5247  5417.74    5434.22  114.1999  22.0074   3.1548     -86.0843
   4839    5369  5435.34    5556.35  114.2234  22.0037   3.3575     -85.7424
   4839    5491  5452.97    5678.66  114.2470  22.0001   3.5606     -85.4381
   4839    5613  5470.62    5801.17  114.2706  21.9964   3.7640     -85.1654
   4839    5735  5488.31    5923.89  114.2943  21.9928   3.9678     -84.9193
   4839    5857  5506.02    6046.83  114.3180  21.9891   4.1719     -84.6962
   4839    6000  5526.83    6191.21  114.3458  21.9848   4.4115     -84.4595
   4957       1  4781.92    194.57  113.1874  22.1388   5.5743     102.1273
   4957     123  4799.72    318.07  113.2113  22.1353   5.3695     102.2551
   4957     245  4817.48    441.34  113.2351  22.1318   5.1651     102.3921
   4957     367  4835.21    564.36  113.2589  22.1282   4.9610     102.5394
   4957     489  4852.91    687.17  113.2827  22.1247   4.7572     102.6983
   4957     611  4870.58    809.77  113.3064  22.1212   4.5536     102.8704
   4957     733  4888.21    932.16  113.3301  22.1177   4.3504     103.0576
   4957     855  4905.83    1054.37  113.3537  22.1142   4.1474     103.2619
   4957     977  4923.41    1176.39  113.3773  22.1106   3.9446     103.4860
   4957    1099  4940.97    1298.24  113.4008  22.1071   3.7422     103.7332
   4957    1221  4958.51    1419.93  113.4243  22.1036   3.5400     104.0073
   4957    1343  4976.02    1541.47  113.4478  22.1001   3.3381     104.3133
   4957    1465  4993.52    1662.86  113.4713  22.0966   3.1364     104.6571
   4957    1587  5011.00    1784.13  113.4947  22.0931   2.9351     105.0466
   4957    1709  5028.46    1905.27  113.5181  22.0896   2.7340     105.4918
   4957    1831  5045.90    2026.30  113.5415  22.0860   2.5332     106.0059
   4957    1953  5063.33    2147.23  113.5649  22.0825   2.3328     106.6064
   4957    2075  5080.74    2268.07  113.5882  22.0790   2.1328     107.3176
   4957    2197  5098.14    2388.83  113.6116  22.0755   1.9332     108.1735
   4957    2319  5115.54    2509.51  113.6349  22.0720   1.7343     109.2237
   4957    2441  5132.92    2630.14  113.6582  22.0685   1.5361     110.5425
   4957    2563  5150.30    2750.71  113.6815  22.0650   1.3391     112.2475
   4957    2685  5167.67    2871.24  113.7047  22.0614   1.1437     114.5342
   4957    2807  5185.04    2991.74  113.7280  22.0579   0.9508     117.7515
   4957    2929  5202.40    3112.22  113.7513  22.0544   0.7625     122.5753
   4957    3051  5219.76    3232.68  113.7745  22.0509   0.5830     130.4522
   4957    3173  5237.12    3353.15  113.7978  22.0473   0.4237     144.7221
   4957    3295  5254.48    3473.62  113.8211  22.0438   0.3168     171.6873
   4957    3417  5271.85    3594.11  113.8443  22.0403   0.3200     -151.4159
   4957    3539  5289.22    3714.63  113.8676  22.0367   0.4309     -125.2136
   4957    3661  5306.59    3835.18  113.8909  22.0332   0.5918     -111.3921
   4957    3783  5323.97    3955.78  113.9141  22.0296   0.7722     -103.7238
   4957    3905  5341.36    4076.44  113.9374  22.0261   0.9611     -99.0051
   4957    4027  5358.76    4197.17  113.9607  22.0225   1.1544     -95.8465
   4957    4149  5376.18    4317.98  113.9840  22.0189   1.3504     -93.5953
   4957    4271  5393.60    4438.87  114.0074  22.0154   1.5480     -91.9134
   4957    4393  5411.04    4559.86  114.0307  22.0118   1.7467     -90.6103
   4957    4515  5428.49    4680.96  114.0541  22.0082   1.9463     -89.5713
   4957    4637  5445.96    4802.17  114.0775  22.0046   2.1466     -88.7237
   4957    4759  5463.45    4923.51  114.1009  22.0010   2.3474     -88.0187
   4957    4881  5480.96    5044.99  114.1243  21.9974   2.5486     -87.4230
   4957    5003  5498.49    5166.62  114.1478  21.9938   2.7503     -86.9128
   4957    5125  5516.04    5288.40  114.1713  21.9902   2.9523     -86.4707
   4957    5247  5533.62    5410.35  114.1948  21.9866   3.1548     -86.0837
   4957    5369  5551.22    5532.48  114.2183  21.9829   3.3575     -85.7419
   4957    5491  5568.85    5654.79  114.2419  21.9793   3.5606     -85.4377
   4957    5613  5586.51    5777.30  114.2655  21.9756   3.7640     -85.1651
   4957    5735  5604.19    5900.02  114.2892  21.9719   3.9678     -84.9192
   4957    5857  5621.91    6022.95  114.3129  21.9683   4.1719     -84.6961
   4957    6000  5642.73    6167.34  114.3407  21.9639   4.4115     -84.4595
   5075       1  4897.66    170.75  113.1825  22.1180   5.5743     102.1250
   5075     123  4915.46    294.25  113.2064  22.1145   5.3695     102.2528
   5075     245  4933.23    417.51  113.2302  22.1109   5.1651     102.3897
   5075     367  4950.96    540.54  113.2540  22.1074   4.9610     102.5369
   5075     489  4968.66    663.34  113.2777  22.1039   4.7571     102.6958
   5075     611  4986.33    785.94  113.3014  22.1004   4.5536     102.8679
   5075     733  5003.98    908.33  113.3251  22.0968   4.3503     103.0549
   5075     855  5021.59    1030.53  113.3487  22.0933   4.1473     103.2592
   5075     977  5039.18    1152.55  113.3723  22.0898   3.9446     103.4832
   5075    1099  5056.74    1274.40  113.3958  22.0863   3.7422     103.7303
   5075    1221  5074.28    1396.09  113.4194  22.0828   3.5400     104.0043
   5075    1343  5091.80    1517.63  113.4429  22.0793   3.3381     104.3102
   5075    1465  5109.30    1639.02  113.4663  22.0757   3.1364     104.6539
   5075    1587  5126.78    1760.29  113.4897  22.0722   2.9350     105.0432
   5075    1709  5144.24    1881.43  113.5131  22.0687   2.7339     105.4882
   5075    1831  5161.69    2002.46  113.5365  22.0652   2.5332     106.0021
   5075    1953  5179.12    2123.39  113.5599  22.0617   2.3327     106.6024
   5075    2075  5196.54    2244.23  113.5832  22.0582   2.1327     107.3134
   5075    2197  5213.94    2364.98  113.6066  22.0547   1.9332     108.1690
   5075    2319  5231.34    2485.67  113.6299  22.0512   1.7342     109.2188
   5075    2441  5248.73    2606.29  113.6532  22.0476   1.5361     110.5371
   5075    2563  5266.11    2726.86  113.6765  22.0441   1.3390     112.2416
   5075    2685  5283.48    2847.39  113.6997  22.0406   1.1436     114.5276
   5075    2807  5300.85    2967.89  113.7230  22.0371   0.9508     117.7439
   5075    2929  5318.22    3088.37  113.7463  22.0336   0.7624     122.5666
   5075    3051  5335.58    3208.83  113.7695  22.0300   0.5829     130.4421
   5075    3173  5352.94    3329.29  113.7928  22.0265   0.4236     144.7117
   5075    3295  5370.31    3449.76  113.8160  22.0230   0.3167     171.6830
   5075    3417  5387.68    3570.25  113.8393  22.0194   0.3199     -151.4071
   5075    3539  5405.05    3690.77  113.8626  22.0159   0.4309     -125.2022
   5075    3661  5422.43    3811.32  113.8858  22.0124   0.5918     -111.3829
   5075    3783  5439.81    3931.92  113.9091  22.0088   0.7721     -103.7167
   5075    3905  5457.21    4052.58  113.9324  22.0052   0.9611     -98.9996
   5075    4027  5474.61    4173.31  113.9557  22.0017   1.1544     -95.8421
   5075    4149  5492.02    4294.11  113.9790  21.9981   1.3504     -93.5917
   5075    4271  5509.45    4415.00  114.0023  21.9946   1.5480     -91.9104
   5075    4393  5526.89    4535.99  114.0257  21.9910   1.7467     -90.6078
   5075    4515  5544.35    4657.09  114.0490  21.9874   1.9463     -89.5693
   5075    4637  5561.82    4778.30  114.0724  21.9838   2.1466     -88.7220
   5075    4759  5579.31    4899.64  114.0958  21.9802   2.3474     -88.0173
   5075    4881  5596.82    5021.12  114.1192  21.9766   2.5486     -87.4218
   5075    5003  5614.36    5142.75  114.1427  21.9730   2.7503     -86.9118
   5075    5125  5631.91    5264.53  114.1662  21.9694   2.9524     -86.4699
   5075    5247  5649.49    5386.48  114.1897  21.9657   3.1548     -86.0830
   5075    5369  5667.10    5508.60  114.2132  21.9621   3.3575     -85.7414
   5075    5491  5684.73    5630.91  114.2368  21.9585   3.5606     -85.4374
   5075    5613  5702.39    5753.42  114.2604  21.9548   3.7641     -85.1648
   5075    5735  5720.08    5876.14  114.2841  21.9511   3.9678     -84.9190
   5075    5857  5737.81    5999.07  114.3078  21.9475   4.1719     -84.6960
   5075    6000  5758.62    6143.45  114.3356  21.9431   4.4115     -84.4595
   5193       1  5013.40    146.92  113.1775  22.0972   5.5742     102.1228
   5193     123  5031.21    270.42  113.2014  22.0936   5.3695     102.2504
   5193     245  5048.98    393.68  113.2253  22.0901   5.1651     102.3873
   5193     367  5066.71    516.70  113.2490  22.0866   4.9609     102.5345
   5193     489  5084.42    639.51  113.2728  22.0830   4.7571     102.6933
   5193     611  5102.09    762.10  113.2965  22.0795   4.5536     102.8653
   5193     733  5119.74    884.49  113.3201  22.0760   4.3503     103.0523
   5193     855  5137.36    1006.70  113.3438  22.0725   4.1473     103.2564
   5193     977  5154.95    1128.72  113.3673  22.0690   3.9446     103.4804
   5193    1099  5172.51    1250.56  113.3909  22.0655   3.7421     103.7274
   5193    1221  5190.06    1372.25  113.4144  22.0619   3.5399     104.0013
   5193    1343  5207.58    1493.79  113.4379  22.0584   3.3380     104.3070
   5193    1465  5225.08    1615.18  113.4613  22.0549   3.1364     104.6506
   5193    1587  5242.56    1736.44  113.4848  22.0514   2.9350     105.0398
   5193    1709  5260.03    1857.58  113.5082  22.0479   2.7339     105.4847
   5193    1831  5277.48    1978.61  113.5315  22.0444   2.5331     105.9983
   5193    1953  5294.91    2099.54  113.5549  22.0409   2.3327     106.5984
   5193    2075  5312.33    2220.38  113.5782  22.0374   2.1327     107.3091
   5193    2197  5329.74    2341.13  113.6016  22.0338   1.9331     108.1645
   5193    2319  5347.14    2461.82  113.6249  22.0303   1.7342     109.2139
   5193    2441  5364.53    2582.44  113.6482  22.0268   1.5361     110.5318
   5193    2563  5381.91    2703.01  113.6714  22.0233   1.3390     112.2357
   5193    2685  5399.29    2823.54  113.6947  22.0198   1.1436     114.5210
   5193    2807  5416.66    2944.03  113.7180  22.0163   0.9507     117.7364
   5193    2929  5434.03    3064.51  113.7412  22.0127   0.7623     122.5578
   5193    3051  5451.40    3184.97  113.7645  22.0092   0.5828     130.4321
   5193    3173  5468.77    3305.43  113.7877  22.0057   0.4235     144.7012
   5193    3295  5486.14    3425.90  113.8110  22.0022   0.3166     171.6787
   5193    3417  5503.51    3546.39  113.8343  21.9986   0.3198     -151.3983
   5193    3539  5520.88    3666.91  113.8575  21.9951   0.4308     -125.1907
   5193    3661  5538.26    3787.46  113.8808  21.9915   0.5918     -111.3737
   5193    3783  5555.65    3908.06  113.9041  21.9880   0.7721     -103.7097
   5193    3905  5573.05    4028.72  113.9273  21.9844   0.9611     -98.9941
   5193    4027  5590.45    4149.44  113.9506  21.9809   1.1544     -95.8377
   5193    4149  5607.87    4270.24  113.9739  21.9773   1.3504     -93.5881
   5193    4271  5625.30    4391.13  113.9973  21.9737   1.5480     -91.9075
   5193    4393  5642.74    4512.12  114.0206  21.9702   1.7467     -90.6054
   5193    4515  5660.20    4633.22  114.0440  21.9666   1.9463     -89.5673
   5193    4637  5677.68    4754.43  114.0673  21.9630   2.1466     -88.7203
   5193    4759  5695.18    4875.77  114.0907  21.9594   2.3474     -88.0158
   5193    4881  5712.69    4997.24  114.1142  21.9558   2.5486     -87.4206
   5193    5003  5730.23    5118.87  114.1376  21.9522   2.7503     -86.9108
   5193    5125  5747.79    5240.65  114.1611  21.9485   2.9524     -86.4691
   5193    5247  5765.37    5362.60  114.1846  21.9449   3.1548     -86.0824
   5193    5369  5782.98    5484.72  114.2082  21.9413   3.3575     -85.7409
   5193    5491  5800.61    5607.03  114.2317  21.9376   3.5606     -85.4370
   5193    5613  5818.28    5729.54  114.2553  21.9340   3.7641     -85.1645
   5193    5735  5835.97    5852.25  114.2790  21.9303   3.9678     -84.9188
   5193    5857  5853.70    5975.19  114.3027  21.9266   4.1719     -84.6959
   5193    6000  5874.52    6119.57  114.3305  21.9223   4.4116     -84.4596
   5311       1  5129.14    123.08  113.1726  22.0763   5.5742     102.1205
   5311     123  5146.95    246.58  113.1965  22.0728   5.3695     102.2481
   5311     245  5164.72    369.84  113.2203  22.0693   5.1650     102.3850
   5311     367  5182.46    492.87  113.2441  22.0657   4.9609     102.5321
   5311     489  5200.17    615.67  113.2678  22.0622   4.7571     102.6908
   5311     611  5217.85    738.26  113.2915  22.0587   4.5535     102.8627
   5311     733  5235.50    860.66  113.3152  22.0552   4.3503     103.0496
   5311     855  5253.12    982.86  113.3388  22.0517   4.1473     103.2537
   5311     977  5270.71    1104.87  113.3624  22.0481   3.9446     103.4776
   5311    1099  5288.28    1226.72  113.3859  22.0446   3.7421     103.7245
   5311    1221  5305.83    1348.41  113.4094  22.0411   3.5399     103.9983
   5311    1343  5323.35    1469.94  113.4329  22.0376   3.3380     104.3039
   5311    1465  5340.86    1591.33  113.4564  22.0341   3.1363     104.6473
   5311    1587  5358.34    1712.59  113.4798  22.0306   2.9350     105.0364
   5311    1709  5375.81    1833.73  113.5032  22.0271   2.7339     105.4811
   5311    1831  5393.26    1954.76  113.5266  22.0236   2.5331     105.9946
   5311    1953  5410.70    2075.69  113.5499  22.0200   2.3327     106.5944
   5311    2075  5428.13    2196.53  113.5732  22.0165   2.1327     107.3049
   5311    2197  5445.54    2317.28  113.5966  22.0130   1.9331     108.1599
   5311    2319  5462.94    2437.96  113.6199  22.0095   1.7342     109.2090
   5311    2441  5480.33    2558.58  113.6432  22.0060   1.5360     110.5264
   5311    2563  5497.72    2679.15  113.6664  22.0025   1.3390     112.2298
   5311    2685  5515.10    2799.68  113.6897  21.9990   1.1435     114.5144
   5311    2807  5532.48    2920.18  113.7130  21.9954   0.9506     117.7289
   5311    2929  5549.85    3040.65  113.7362  21.9919   0.7623     122.5491
   5311    3051  5567.22    3161.11  113.7595  21.9884   0.5827     130.4220
   5311    3173  5584.59    3281.57  113.7827  21.9849   0.4234     144.6908
   5311    3295  5601.96    3402.04  113.8060  21.9813   0.3165     171.6744
   5311    3417  5619.33    3522.53  113.8292  21.9778   0.3197     -151.3895
   5311    3539  5636.71    3643.04  113.8525  21.9743   0.4307     -125.1793
   5311    3661  5654.10    3763.59  113.8757  21.9707   0.5917     -111.3644
   5311    3783  5671.49    3884.19  113.8990  21.9672   0.7721     -103.7026
   5311    3905  5688.89    4004.85  113.9223  21.9636   0.9610     -98.9885
   5311    4027  5706.30    4125.57  113.9456  21.9600   1.1544     -95.8333
   5311    4149  5723.72    4246.37  113.9689  21.9565   1.3504     -93.5846
   5311    4271  5741.15    4367.26  113.9922  21.9529   1.5480     -91.9045
   5311    4393  5758.60    4488.25  114.0155  21.9493   1.7467     -90.6030
   5311    4515  5776.06    4609.34  114.0389  21.9458   1.9463     -89.5653
   5311    4637  5793.54    4730.55  114.0623  21.9422   2.1466     -88.7186
   5311    4759  5811.04    4851.89  114.0857  21.9386   2.3474     -88.0144
   5311    4881  5828.56    4973.37  114.1091  21.9350   2.5486     -87.4194
   5311    5003  5846.09    5094.99  114.1325  21.9314   2.7503     -86.9098
   5311    5125  5863.66    5216.77  114.1560  21.9277   2.9524     -86.4683
   5311    5247  5881.24    5338.71  114.1795  21.9241   3.1548     -86.0817
   5311    5369  5898.85    5460.84  114.2031  21.9205   3.3575     -85.7404
   5311    5491  5916.49    5583.15  114.2266  21.9168   3.5606     -85.4366
   5311    5613  5934.16    5705.65  114.2503  21.9132   3.7641     -85.1643
   5311    5735  5951.86    5828.37  114.2739  21.9095   3.9678     -84.9187
   5311    5857  5969.59    5951.30  114.2976  21.9058   4.1719     -84.6959
   5311    6000  5990.41    6095.68  114.3254  21.9015   4.4116     -84.4596
   5429       1  5244.88    99.24  113.1677  22.0555   5.5742     102.1183
   5429     123  5262.69    222.74  113.1915  22.0520   5.3694     102.2458
   5429     245  5280.47    346.00  113.2154  22.0484   5.1650     102.3826
   5429     367  5298.21    469.03  113.2391  22.0449   4.9609     102.5297
   5429     489  5315.92    591.83  113.2629  22.0414   4.7570     102.6883
   5429     611  5333.60    714.42  113.2866  22.0379   4.5535     102.8602
   5429     733  5351.26    836.81  113.3102  22.0343   4.3502     103.0470
   5429     855  5368.88    959.01  113.3338  22.0308   4.1473     103.2510
   5429     977  5386.48    1081.03  113.3574  22.0273   3.9445     103.4748
   5429    1099  5404.05    1202.87  113.3809  22.0238   3.7421     103.7216
   5429    1221  5421.60    1324.56  113.4045  22.0203   3.5399     103.9953
   5429    1343  5439.13    1446.09  113.4279  22.0168   3.3380     104.3008
   5429    1465  5456.64    1567.48  113.4514  22.0133   3.1363     104.6441
   5429    1587  5474.12    1688.74  113.4748  22.0097   2.9349     105.0330
   5429    1709  5491.60    1809.88  113.4982  22.0062   2.7338     105.4775
   5429    1831  5509.05    1930.91  113.5216  22.0027   2.5331     105.9908
   5429    1953  5526.49    2051.83  113.5449  21.9992   2.3326     106.5905
   5429    2075  5543.92    2172.67  113.5682  21.9957   2.1326     107.3007
   5429    2197  5561.33    2293.42  113.5916  21.9922   1.9331     108.1554
   5429    2319  5578.74    2414.10  113.6149  21.9887   1.7341     109.2040
   5429    2441  5596.14    2534.72  113.6381  21.9852   1.5360     110.5211
   5429    2563  5613.52    2655.29  113.6614  21.9817   1.3389     112.2239
   5429    2685  5630.91    2775.82  113.6847  21.9781   1.1435     114.5078
   5429    2807  5648.29    2896.31  113.7079  21.9746   0.9506     117.7213
   5429    2929  5665.66    3016.78  113.7312  21.9711   0.7622     122.5404
   5429    3051  5683.04    3137.25  113.7544  21.9676   0.5827     130.4120
   5429    3173  5700.41    3257.70  113.7777  21.9640   0.4233     144.6804
   5429    3295  5717.78    3378.17  113.8009  21.9605   0.3164     171.6700
   5429    3417  5735.16    3498.66  113.8242  21.9570   0.3196     -151.3807
   5429    3539  5752.54    3619.17  113.8474  21.9534   0.4307     -125.1678
   5429    3661  5769.93    3739.72  113.8707  21.9499   0.5917     -111.3552
   5429    3783  5787.32    3860.32  113.8940  21.9463   0.7721     -103.6954
   5429    3905  5804.73    3980.97  113.9172  21.9428   0.9610     -98.9830
   5429    4027  5822.14    4101.70  113.9405  21.9392   1.1544     -95.8289
   5429    4149  5839.56    4222.50  113.9638  21.9357   1.3504     -93.5810
   5429    4271  5857.00    4343.38  113.9871  21.9321   1.5480     -91.9016
   5429    4393  5874.45    4464.37  114.0105  21.9285   1.7467     -90.6005
   5429    4515  5891.91    4585.46  114.0338  21.9249   1.9463     -89.5632
   5429    4637  5909.40    4706.67  114.0572  21.9213   2.1466     -88.7168
   5429    4759  5926.90    4828.01  114.0806  21.9177   2.3474     -88.0130
   5429    4881  5944.42    4949.48  114.1040  21.9141   2.5486     -87.4182
   5429    5003  5961.96    5071.10  114.1275  21.9105   2.7503     -86.9088
   5429    5125  5979.53    5192.88  114.1509  21.9069   2.9524     -86.4674
   5429    5247  5997.11    5314.83  114.1744  21.9033   3.1548     -86.0811
   5429    5369  6014.73    5436.95  114.1980  21.8997   3.3576     -85.7399
   5429    5491  6032.37    5559.26  114.2216  21.8960   3.5607     -85.4362
   5429    5613  6050.04    5681.76  114.2452  21.8924   3.7641     -85.1640
   5429    5735  6067.74    5804.47  114.2688  21.8887   3.9678     -84.9185
   5429    5857  6085.47    5927.40  114.2925  21.8850   4.1719     -84.6958
   5429    6000  6106.30    6071.78  114.3203  21.8807   4.4116     -84.4596
   5547       1  5360.62    75.40  113.1627  22.0347   5.5742     102.1160
   5547     123  5378.43    198.90  113.1866  22.0311   5.3694     102.2435
   5547     245  5396.21    322.16  113.2104  22.0276   5.1650     102.3802
   5547     367  5413.96    445.18  113.2342  22.0241   4.9609     102.5272
   5547     489  5431.67    567.98  113.2579  22.0205   4.7570     102.6859
   5547     611  5449.36    690.57  113.2816  22.0170   4.5535     102.8576
   5547     733  5467.01    812.96  113.3053  22.0135   4.3502     103.0444
   5547     855  5484.64    935.16  113.3289  22.0100   4.1472     103.2483
   5547     977  5502.24    1057.18  113.3524  22.0065   3.9445     103.4720
   5547    1099  5519.82    1179.02  113.3760  22.0030   3.7420     103.7187
   5547    1221  5537.37    1300.70  113.3995  21.9994   3.5399     103.9923
   5547    1343  5554.90    1422.24  113.4230  21.9959   3.3379     104.2976
   5547    1465  5572.41    1543.63  113.4464  21.9924   3.1363     104.6408
   5547    1587  5589.90    1664.89  113.4698  21.9889   2.9349     105.0296
   5547    1709  5607.38    1786.02  113.4932  21.9854   2.7338     105.4740
   5547    1831  5624.84    1907.05  113.5166  21.9819   2.5330     105.9870
   5547    1953  5642.28    2027.97  113.5399  21.9784   2.3326     106.5865
   5547    2075  5659.71    2148.81  113.5633  21.9749   2.1326     107.2964
   5547    2197  5677.13    2269.56  113.5866  21.9714   1.9330     108.1508
   5547    2319  5694.54    2390.24  113.6099  21.9679   1.7341     109.1991
   5547    2441  5711.94    2510.86  113.6331  21.9643   1.5359     110.5157
   5547    2563  5729.33    2631.43  113.6564  21.9608   1.3389     112.2179
   5547    2685  5746.71    2751.95  113.6797  21.9573   1.1434     114.5012
   5547    2807  5764.10    2872.44  113.7029  21.9538   0.9505     117.7138
   5547    2929  5781.48    2992.92  113.7262  21.9503   0.7621     122.5317
   5547    3051  5798.85    3113.38  113.7494  21.9467   0.5826     130.4019
   5547    3173  5816.23    3233.83  113.7727  21.9432   0.4232     144.6699
   5547    3295  5833.61    3354.30  113.7959  21.9397   0.3162     171.6657
   5547    3417  5850.99    3474.78  113.8192  21.9361   0.3195     -151.3719
   5547    3539  5868.37    3595.29  113.8424  21.9326   0.4306     -125.1564
   5547    3661  5885.76    3715.84  113.8657  21.9291   0.5916     -111.3459
   5547    3783  5903.16    3836.44  113.8889  21.9255   0.7720     -103.6883
   5547    3905  5920.56    3957.09  113.9122  21.9220   0.9610     -98.9774
   5547    4027  5937.98    4077.82  113.9355  21.9184   1.1544     -95.8244
   5547    4149  5955.41    4198.62  113.9588  21.9148   1.3503     -93.5774
   5547    4271  5972.84    4319.50  113.9821  21.9113   1.5480     -91.8987
   5547    4393  5990.30    4440.49  114.0054  21.9077   1.7467     -90.5981
   5547    4515  6007.77    4561.58  114.0288  21.9041   1.9463     -89.5612
   5547    4637  6025.25    4682.79  114.0521  21.9005   2.1466     -88.7151
   5547    4759  6042.76    4804.12  114.0755  21.8969   2.3474     -88.0116
   5547    4881  6060.28    4925.59  114.0989  21.8933   2.5486     -87.4170
   5547    5003  6077.83    5047.21  114.1224  21.8897   2.7503     -86.9079
   5547    5125  6095.39    5168.99  114.1459  21.8861   2.9524     -86.4666
   5547    5247  6112.99    5290.94  114.1694  21.8825   3.1548     -86.0804
   5547    5369  6130.60    5413.06  114.1929  21.8788   3.3576     -85.7394
   5547    5491  6148.25    5535.36  114.2165  21.8752   3.5607     -85.4358
   5547    5613  6165.92    5657.87  114.2401  21.8715   3.7641     -85.1637
   5547    5735  6183.63    5780.58  114.2637  21.8679   3.9678     -84.9183
   5547    5857  6201.36    5903.51  114.2874  21.8642   4.1719     -84.6957
   5547    6000  6222.19    6047.88  114.3152  21.8599   4.4116     -84.4596
   5665       1  5476.36    51.56  113.1578  22.0138   5.5741     102.1138
   5665     123  5494.18    175.05  113.1817  22.0103   5.3694     102.2412
   5665     245  5511.96    298.31  113.2055  22.0068   5.1650     102.3779
   5665     367  5529.71    421.33  113.2293  22.0032   4.9608     102.5248
   5665     489  5547.42    544.13  113.2530  21.9997   4.7570     102.6834
   5665     611  5565.11    666.72  113.2767  21.9962   4.5534     102.8551
   5665     733  5582.77    789.11  113.3003  21.9927   4.3502     103.0417
   5665     855  5600.40    911.31  113.3239  21.9892   4.1472     103.2456
   5665     977  5618.00    1033.32  113.3475  21.9856   3.9445     103.4692
   5665    1099  5635.58    1155.17  113.3710  21.9821   3.7420     103.7158
   5665    1221  5653.14    1276.85  113.3945  21.9786   3.5398     103.9893
   5665    1343  5670.67    1398.38  113.4180  21.9751   3.3379     104.2945
   5665    1465  5688.19    1519.77  113.4414  21.9716   3.1362     104.6376
   5665    1587  5705.68    1641.03  113.4648  21.9681   2.9349     105.0262
   5665    1709  5723.16    1762.16  113.4882  21.9646   2.7338     105.4704
   5665    1831  5740.62    1883.19  113.5116  21.9611   2.5330     105.9833
   5665    1953  5758.07    2004.11  113.5349  21.9576   2.3326     106.5825
   5665    2075  5775.50    2124.94  113.5583  21.9540   2.1325     107.2922
   5665    2197  5792.92    2245.69  113.5816  21.9505   1.9330     108.1463
   5665    2319  5810.33    2366.37  113.6049  21.9470   1.7340     109.1942
   5665    2441  5827.74    2486.99  113.6281  21.9435   1.5359     110.5104
   5665    2563  5845.13    2607.56  113.6514  21.9400   1.3388     112.2120
   5665    2685  5862.52    2728.08  113.6747  21.9365   1.1434     114.4945
   5665    2807  5879.91    2848.57  113.6979  21.9330   0.9505     117.7062
   5665    2929  5897.29    2969.04  113.7212  21.9294   0.7621     122.5230
   5665    3051  5914.67    3089.50  113.7444  21.9259   0.5825     130.3918
   5665    3173  5932.05    3209.96  113.7676  21.9224   0.4231     144.6594
   5665    3295  5949.43    3330.42  113.7909  21.9189   0.3161     171.6614
   5665    3417  5966.81    3450.91  113.8141  21.9153   0.3194     -151.3631
   5665    3539  5984.20    3571.42  113.8374  21.9118   0.4305     -125.1449
   5665    3661  6001.59    3691.96  113.8606  21.9082   0.5916     -111.3366
   5665    3783  6018.99    3812.56  113.8839  21.9047   0.7720     -103.6812
   5665    3905  6036.40    3933.21  113.9072  21.9011   0.9610     -98.9719
   5665    4027  6053.82    4053.93  113.9304  21.8976   1.1544     -95.8200
   5665    4149  6071.25    4174.73  113.9537  21.8940   1.3503     -93.5738
   5665    4271  6088.69    4295.62  113.9770  21.8905   1.5480     -91.8957
   5665    4393  6106.15    4416.60  114.0004  21.8869   1.7467     -90.5956
   5665    4515  6123.62    4537.69  114.0237  21.8833   1.9463     -89.5591
   5665    4637  6141.11    4658.90  114.0471  21.8797   2.1466     -88.7134
   5665    4759  6158.61    4780.23  114.0705  21.8761   2.3474     -88.0101
   5665    4881  6176.14    4901.70  114.0939  21.8725   2.5486     -87.4159
   5665    5003  6193.69    5023.32  114.1173  21.8689   2.7503     -86.9069
   5665    5125  6211.26    5145.10  114.1408  21.8653   2.9524     -86.4658
   5665    5247  6228.86    5267.04  114.1643  21.8617   3.1548     -86.0798
   5665    5369  6246.48    5389.16  114.1878  21.8580   3.3576     -85.7388
   5665    5491  6264.12    5511.47  114.2114  21.8544   3.5607     -85.4354
   5665    5613  6281.80    5633.97  114.2350  21.8507   3.7641     -85.1634
   5665    5735  6299.51    5756.68  114.2586  21.8471   3.9679     -84.9181
   5665    5857  6317.25    5879.60  114.2823  21.8434   4.1719     -84.6956
   5665    6000  6338.08    6023.98  114.3101  21.8391   4.4116     -84.4596
   5820       1  5628.38    20.23  113.1513  21.9865   5.5741     102.1108
   5820     123  5646.21    143.72  113.1752  21.9829   5.3694     102.2382
   5820     245  5663.99    266.98  113.1990  21.9794   5.1649     102.3748
   5820     367  5681.75    390.00  113.2228  21.9759   4.9608     102.5216
   5820     489  5699.47    512.80  113.2465  21.9723   4.7570     102.6801
   5820     611  5717.16    635.39  113.2702  21.9688   4.5534     102.8517
   5820     733  5734.82    757.77  113.2938  21.9653   4.3501     103.0383
   5820     855  5752.46    879.97  113.3174  21.9618   4.1472     103.2420
   5820     977  5770.06    1001.98  113.3410  21.9583   3.9444     103.4655
   5820    1099  5787.65    1123.82  113.3645  21.9548   3.7420     103.7120
   5820    1221  5805.21    1245.50  113.3880  21.9512   3.5398     103.9853
   5820    1343  5822.74    1367.03  113.4114  21.9477   3.3379     104.2904
   5820    1465  5840.26    1488.42  113.4349  21.9442   3.1362     104.6333
   5820    1587  5857.76    1609.68  113.4583  21.9407   2.9348     105.0217
   5820    1709  5875.24    1730.81  113.4817  21.9372   2.7337     105.4657
   5820    1831  5892.71    1851.84  113.5050  21.9337   2.5330     105.9783
   5820    1953  5910.16    1972.76  113.5284  21.9302   2.3325     106.5773
   5820    2075  5927.60    2093.59  113.5517  21.9267   2.1325     107.2866
   5820    2197  5945.02    2214.34  113.5750  21.9232   1.9329     108.1403
   5820    2319  5962.44    2335.02  113.5983  21.9197   1.7340     109.1878
   5820    2441  5979.84    2455.63  113.6216  21.9162   1.5358     110.5033
   5820    2563  5997.24    2576.20  113.6448  21.9126   1.3388     112.2043
   5820    2685  6014.64    2696.72  113.6681  21.9091   1.1433     114.4858
   5820    2807  6032.03    2817.21  113.6913  21.9056   0.9504     117.6963
   5820    2929  6049.41    2937.68  113.7146  21.9021   0.7620     122.5115
   5820    3051  6066.79    3058.14  113.7378  21.8986   0.5824     130.3786
   5820    3173  6084.18    3178.59  113.7611  21.8950   0.4230     144.6457
   5820    3295  6101.56    3299.05  113.7843  21.8915   0.3160     171.6557
   5820    3417  6118.95    3419.54  113.8075  21.8880   0.3193     -151.3514
   5820    3539  6136.34    3540.04  113.8308  21.8844   0.4304     -125.1298
   5820    3661  6153.74    3660.59  113.8540  21.8809   0.5915     -111.3245
   5820    3783  6171.14    3781.18  113.8773  21.8773   0.7720     -103.6718
   5820    3905  6188.56    3901.84  113.9005  21.8738   0.9610     -98.9646
   5820    4027  6205.98    4022.56  113.9238  21.8702   1.1544     -95.8142
   5820    4149  6223.41    4143.35  113.9471  21.8667   1.3503     -93.5691
   5820    4271  6240.86    4264.24  113.9704  21.8631   1.5480     -91.8918
   5820    4393  6258.32    4385.22  113.9937  21.8595   1.7467     -90.5924
   5820    4515  6275.79    4506.31  114.0171  21.8559   1.9463     -89.5564
   5820    4637  6293.29    4627.51  114.0404  21.8524   2.1466     -88.7112
   5820    4759  6310.80    4748.84  114.0638  21.8488   2.3474     -88.0082
   5820    4881  6328.33    4870.31  114.0872  21.8452   2.5487     -87.4143
   5820    5003  6345.88    4991.93  114.1106  21.8416   2.7503     -86.9056
   5820    5125  6363.46    5113.71  114.1341  21.8379   2.9524     -86.4647
   5820    5247  6381.06    5235.65  114.1576  21.8343   3.1548     -86.0789
   5820    5369  6398.68    5357.76  114.1811  21.8307   3.3576     -85.7381
   5820    5491  6416.33    5480.07  114.2047  21.8270   3.5607     -85.4349
   5820    5613  6434.01    5602.57  114.2283  21.8234   3.7641     -85.1630
   5820    5735  6451.72    5725.28  114.2519  21.8197   3.9679     -84.9179
   5820    5857  6469.47    5848.20  114.2756  21.8161   4.1720     -84.6955
   5820    6000  6490.30    5992.58  114.3034  21.8117   4.4116     -84.4596
