 #The Line and  Sample are according to LEVEL1 and LEVEL2 image 

 L1Line L1Sample  L2Line   L2Sample  Lon       Lat      Zenith    Azimuth
      1       1  -80.30    1188.75  113.4187  23.0146   5.5716     102.0970
      1     123  -62.74    1312.32  113.4428  23.0110   5.3669     102.2239
      1     245  -45.23    1435.66  113.4668  23.0075   5.1625     102.3599
      1     367  -27.74    1558.76  113.4907  23.0040   4.9583     102.5061
      1     489  -10.29    1681.64  113.5146  23.0004   4.7545     102.6639
      1     611   7.14    1804.31  113.5385  22.9969   4.5509     102.8346
      1     733  24.53    1926.78  113.5623  22.9934   4.3476     103.0203
      1     855  41.90    2049.05  113.5861  22.9899   4.1446     103.2229
      1     977  59.25    2171.15  113.6098  22.9864   3.9419     103.4452
      1    1099  76.56    2293.07  113.6335  22.9828   3.7394     103.6903
      1    1221  93.86    2414.83  113.6572  22.9793   3.5372     103.9621
      1    1343  111.13    2536.45  113.6808  22.9758   3.3353     104.2654
      1    1465  128.39    2657.92  113.7045  22.9723   3.1336     104.6062
      1    1587  145.62    2779.25  113.7280  22.9688   2.9322     104.9923
      1    1709  162.84    2900.47  113.7516  22.9653   2.7311     105.4336
      1    1831  180.05    3021.58  113.7751  22.9617   2.5303     105.9432
      1    1953  197.23    3142.58  113.7987  22.9582   2.3298     106.5385
      1    2075  214.41    3263.50  113.8222  22.9547   2.1298     107.2436
      1    2197  231.57    3384.33  113.8456  22.9512   1.9302     108.0924
      1    2319  248.73    3505.09  113.8691  22.9477   1.7312     109.1341
      1    2441  265.87    3625.79  113.8925  22.9441   1.5330     110.4428
      1    2563  283.01    3746.44  113.9160  22.9406   1.3358     112.1357
      1    2685  300.14    3867.04  113.9394  22.9371   1.1403     114.4080
      1    2807  317.27    3987.62  113.9628  22.9336   0.9473     117.6089
      1    2929  334.39    4108.17  113.9863  22.9300   0.7587     122.4173
      1    3051  351.52    4228.71  114.0097  22.9265   0.5790     130.2940
      1    3173  368.64    4349.25  114.0331  22.9230   0.4194     144.6413
      1    3295  385.76    4469.80  114.0565  22.9194   0.3127     171.9480
      1    3417  402.89    4590.36  114.0799  22.9159   0.3175     -150.7541
      1    3539  420.02    4710.96  114.1033  22.9123   0.4303     -124.6202
      1    3661  437.16    4831.59  114.1267  22.9088   0.5922     -110.9522
      1    3783  454.30    4952.27  114.1502  22.9052   0.7731     -103.3889
      1    3905  471.45    5073.01  114.1736  22.9017   0.9624     -98.7378
      1    4027  488.61    5193.81  114.1970  22.8981   1.1560     -95.6244
      1    4149  505.79    5314.69  114.2205  22.8945   1.3521     -93.4051
      1    4271  522.97    5435.67  114.2440  22.8909   1.5498     -91.7466
      1    4393  540.17    5556.73  114.2675  22.8874   1.7486     -90.4613
      1    4515  557.39    5677.91  114.2910  22.8838   1.9483     -89.4363
      1    4637  574.62    5799.20  114.3145  22.8802   2.1486     -88.5998
      1    4759  591.87    5920.62  114.3381  22.8766   2.3495     -87.9039
      1    4881  609.13    6042.18  114.3617  22.8730   2.5508     -87.3158
      1    5003  626.42    6163.89  114.3853  22.8693   2.7525     -86.8119
      1    5125  643.74    6285.75  114.4089  22.8657   2.9546     -86.3752
      1    5247  661.07    6407.78  114.4326  22.8621   3.1570     -85.9928
      1    5369  678.43    6529.99  114.4563  22.8584   3.3598     -85.6551
      1    5491  695.82    6652.38  114.4800  22.8548   3.5629     -85.3544
      1    5613  713.24    6774.97  114.5038  22.8511   3.7663     -85.0848
      1    5735  730.69    6897.77  114.5276  22.8474   3.9701     -84.8416
      1    5857  748.16    7020.79  114.5515  22.8437   4.1742     -84.6209
      1    6000  768.69    7165.27  114.5795  22.8394   4.4139     -84.3867
    119       1  35.54    1165.15  113.4138  22.9937   5.5717     102.0940
    119     123  53.10    1288.72  113.4378  22.9902   5.3669     102.2208
    119     245  70.62    1412.06  113.4618  22.9867   5.1625     102.3567
    119     367  88.11    1535.16  113.4857  22.9831   4.9584     102.5029
    119     489  105.57    1658.04  113.5096  22.9796   4.7545     102.6605
    119     611  122.99    1780.71  113.5335  22.9761   4.5509     102.8311
    119     733  140.39    1903.17  113.5573  22.9726   4.3477     103.0166
    119     855  157.76    2025.45  113.5811  22.9690   4.1447     103.2192
    119     977  175.11    2147.54  113.6048  22.9655   3.9419     103.4413
    119    1099  192.43    2269.47  113.6285  22.9620   3.7395     103.6862
    119    1221  209.73    2391.23  113.6522  22.9585   3.5373     103.9578
    119    1343  227.01    2512.84  113.6758  22.9550   3.3353     104.2609
    119    1465  244.27    2634.31  113.6994  22.9515   3.1336     104.6016
    119    1587  261.51    2755.64  113.7230  22.9479   2.9322     104.9874
    119    1709  278.73    2876.86  113.7466  22.9444   2.7311     105.4284
    119    1831  295.93    2997.96  113.7701  22.9409   2.5303     105.9376
    119    1953  313.13    3118.97  113.7936  22.9374   2.3299     106.5326
    119    2075  330.31    3239.88  113.8171  22.9339   2.1298     107.2373
    119    2197  347.47    3360.71  113.8406  22.9304   1.9302     108.0855
    119    2319  364.63    3481.47  113.8641  22.9268   1.7312     109.1265
    119    2441  381.78    3602.17  113.8875  22.9233   1.5330     110.4344
    119    2563  398.92    3722.81  113.9109  22.9198   1.3358     112.1262
    119    2685  416.06    3843.42  113.9344  22.9163   1.1403     114.3971
    119    2807  433.19    3963.99  113.9578  22.9127   0.9473     117.5960
    119    2929  450.31    4084.54  113.9812  22.9092   0.7587     122.4017
    119    3051  467.44    4205.08  114.0046  22.9057   0.5789     130.2745
    119    3173  484.57    4325.62  114.0280  22.9021   0.4193     144.6174
    119    3295  501.69    4446.17  114.0514  22.8986   0.3125     171.9279
    119    3417  518.82    4566.73  114.0748  22.8951   0.3173     -150.7525
    119    3539  535.96    4687.33  114.0982  22.8915   0.4301     -124.6085
    119    3661  553.10    4807.96  114.1216  22.8880   0.5921     -110.9405
    119    3783  570.25    4928.63  114.1451  22.8844   0.7730     -103.3791
    119    3905  587.40    5049.37  114.1685  22.8808   0.9623     -98.7296
    119    4027  604.56    5170.17  114.1920  22.8773   1.1559     -95.6176
    119    4149  621.74    5291.06  114.2154  22.8737   1.3520     -93.3993
    119    4271  638.93    5412.03  114.2389  22.8701   1.5497     -91.7416
    119    4393  656.13    5533.09  114.2624  22.8665   1.7486     -90.4570
    119    4515  673.35    5654.27  114.2859  22.8629   1.9482     -89.4326
    119    4637  690.58    5775.56  114.3094  22.8593   2.1485     -88.5965
    119    4759  707.84    5896.98  114.3330  22.8557   2.3494     -87.9011
    119    4881  725.11    6018.54  114.3566  22.8521   2.5507     -87.3133
    119    5003  742.40    6140.24  114.3802  22.8485   2.7524     -86.8097
    119    5125  759.72    6262.10  114.4038  22.8449   2.9545     -86.3732
    119    5247  777.06    6384.13  114.4275  22.8412   3.1569     -85.9911
    119    5369  794.42    6506.34  114.4512  22.8376   3.3597     -85.6535
    119    5491  811.81    6628.73  114.4749  22.8339   3.5628     -85.3530
    119    5613  829.23    6751.32  114.4987  22.8303   3.7663     -85.0836
    119    5735  846.68    6874.12  114.5225  22.8266   3.9701     -84.8405
    119    5857  864.16    6997.13  114.5463  22.8229   4.1742     -84.6199
    119    6000  884.69    7141.61  114.5743  22.8186   4.4138     -84.3859
    237       1  151.38    1141.55  113.4088  22.9729   5.5717     102.0910
    237     123  168.94    1265.12  113.4328  22.9694   5.3670     102.2177
    237     245  186.46    1388.45  113.4568  22.9658   5.1625     102.3536
    237     367  203.95    1511.55  113.4808  22.9623   4.9584     102.4996
    237     489  221.42    1634.43  113.5047  22.9588   4.7545     102.6571
    237     611  238.85    1757.10  113.5285  22.9552   4.5510     102.8276
    237     733  256.25    1879.57  113.5523  22.9517   4.3477     103.0130
    237     855  273.63    2001.84  113.5761  22.9482   4.1447     103.2154
    237     977  290.97    2123.93  113.5998  22.9447   3.9420     103.4374
    237    1099  308.30    2245.85  113.6235  22.9412   3.7395     103.6822
    237    1221  325.60    2367.61  113.6472  22.9376   3.5373     103.9536
    237    1343  342.88    2489.22  113.6708  22.9341   3.3353     104.2565
    237    1465  360.15    2610.69  113.6944  22.9306   3.1337     104.5969
    237    1587  377.39    2732.03  113.7180  22.9271   2.9323     104.9825
    237    1709  394.61    2853.24  113.7416  22.9236   2.7312     105.4232
    237    1831  411.82    2974.35  113.7651  22.9201   2.5303     105.9321
    237    1953  429.02    3095.35  113.7886  22.9166   2.3299     106.5267
    237    2075  446.20    3216.26  113.8121  22.9130   2.1298     107.2309
    237    2197  463.37    3337.09  113.8356  22.9095   1.9302     108.0786
    237    2319  480.53    3457.85  113.8590  22.9060   1.7312     109.1190
    237    2441  497.68    3578.54  113.8825  22.9025   1.5330     110.4260
    237    2563  514.83    3699.19  113.9059  22.8990   1.3358     112.1167
    237    2685  531.97    3819.79  113.9293  22.8954   1.1403     114.3862
    237    2807  549.10    3940.36  113.9527  22.8919   0.9473     117.5832
    237    2929  566.23    4060.91  113.9761  22.8884   0.7587     122.3861
    237    3051  583.36    4181.45  113.9995  22.8849   0.5789     130.2550
    237    3173  600.49    4301.99  114.0229  22.8813   0.4192     144.5935
    237    3295  617.62    4422.54  114.0463  22.8778   0.3123     171.9078
    237    3417  634.76    4543.10  114.0697  22.8742   0.3171     -150.7509
    237    3539  651.89    4663.69  114.0932  22.8707   0.4299     -124.5967
    237    3661  669.04    4784.32  114.1166  22.8671   0.5920     -110.9289
    237    3783  686.19    4905.00  114.1400  22.8636   0.7729     -103.3693
    237    3905  703.35    5025.73  114.1634  22.8600   0.9622     -98.7215
    237    4027  720.51    5146.53  114.1869  22.8565   1.1558     -95.6108
    237    4149  737.69    5267.41  114.2103  22.8529   1.3519     -93.3936
    237    4271  754.88    5388.38  114.2338  22.8493   1.5496     -91.7367
    237    4393  772.09    5509.45  114.2573  22.8457   1.7485     -90.4528
    237    4515  789.31    5630.62  114.2808  22.8421   1.9481     -89.4289
    237    4637  806.55    5751.91  114.3043  22.8385   2.1485     -88.5933
    237    4759  823.81    5873.33  114.3279  22.8349   2.3493     -87.8982
    237    4881  841.08    5994.88  114.3514  22.8313   2.5506     -87.3107
    237    5003  858.38    6116.59  114.3750  22.8277   2.7523     -86.8074
    237    5125  875.70    6238.45  114.3987  22.8241   2.9544     -86.3712
    237    5247  893.04    6360.47  114.4223  22.8204   3.1569     -85.9893
    237    5369  910.41    6482.68  114.4460  22.8168   3.3596     -85.6520
    237    5491  927.80    6605.07  114.4698  22.8131   3.5628     -85.3516
    237    5613  945.23    6727.66  114.4935  22.8095   3.7662     -85.0823
    237    5735  962.68    6850.46  114.5173  22.8058   3.9700     -84.8394
    237    5857  980.16    6973.47  114.5412  22.8021   4.1741     -84.6190
    237    6000  1000.70    7117.95  114.5692  22.7978   4.4138     -84.3851
    355       1  267.21    1117.94  113.4038  22.9521   5.5718     102.0880
    355     123  284.77    1241.52  113.4279  22.9485   5.3670     102.2146
    355     245  302.30    1364.85  113.4518  22.9450   5.1626     102.3504
    355     367  319.80    1487.95  113.4758  22.9415   4.9584     102.4963
    355     489  337.26    1610.82  113.4997  22.9379   4.7546     102.6537
    355     611  354.70    1733.49  113.5235  22.9344   4.5510     102.8242
    355     733  372.11    1855.95  113.5473  22.9309   4.3477     103.0094
    355     855  389.48    1978.23  113.5711  22.9274   4.1447     103.2117
    355     977  406.84    2100.32  113.5948  22.9238   3.9420     103.4335
    355    1099  424.17    2222.24  113.6185  22.9203   3.7395     103.6781
    355    1221  441.47    2344.00  113.6422  22.9168   3.5373     103.9494
    355    1343  458.76    2465.60  113.6658  22.9133   3.3354     104.2521
    355    1465  476.02    2587.07  113.6894  22.9098   3.1337     104.5923
    355    1587  493.27    2708.41  113.7130  22.9063   2.9323     104.9776
    355    1709  510.50    2829.62  113.7365  22.9028   2.7312     105.4181
    355    1831  527.71    2950.72  113.7601  22.8992   2.5304     105.9266
    355    1953  544.91    3071.72  113.7836  22.8957   2.3299     106.5208
    355    2075  562.09    3192.63  113.8071  22.8922   2.1298     107.2246
    355    2197  579.27    3313.46  113.8305  22.8887   1.9302     108.0717
    355    2319  596.43    3434.22  113.8540  22.8852   1.7312     109.1114
    355    2441  613.59    3554.91  113.8774  22.8817   1.5330     110.4176
    355    2563  630.73    3675.56  113.9008  22.8781   1.3359     112.1072
    355    2685  647.88    3796.16  113.9243  22.8746   1.1403     114.3753
    355    2807  665.01    3916.73  113.9477  22.8711   0.9473     117.5703
    355    2929  682.15    4037.28  113.9711  22.8676   0.7587     122.3705
    355    3051  699.28    4157.82  113.9945  22.8640   0.5788     130.2354
    355    3173  716.42    4278.35  114.0179  22.8605   0.4191     144.5696
    355    3295  733.55    4398.90  114.0413  22.8570   0.3122     171.8876
    355    3417  750.69    4519.46  114.0647  22.8534   0.3169     -150.7493
    355    3539  767.83    4640.05  114.0881  22.8499   0.4298     -124.5849
    355    3661  784.97    4760.68  114.1115  22.8463   0.5918     -110.9172
    355    3783  802.13    4881.35  114.1349  22.8428   0.7728     -103.3594
    355    3905  819.29    5002.09  114.1583  22.8392   0.9621     -98.7133
    355    4027  836.46    5122.89  114.1818  22.8356   1.1557     -95.6040
    355    4149  853.64    5243.77  114.2052  22.8321   1.3518     -93.3878
    355    4271  870.84    5364.73  114.2287  22.8285   1.5495     -91.7318
    355    4393  888.05    5485.80  114.2522  22.8249   1.7484     -90.4485
    355    4515  905.27    5606.97  114.2757  22.8213   1.9481     -89.4252
    355    4637  922.51    5728.26  114.2992  22.8177   2.1484     -88.5900
    355    4759  939.77    5849.68  114.3228  22.8141   2.3492     -87.8953
    355    4881  957.05    5971.23  114.3463  22.8105   2.5505     -87.3082
    355    5003  974.35    6092.93  114.3699  22.8069   2.7523     -86.8052
    355    5125  991.68    6214.79  114.3936  22.8032   2.9543     -86.3692
    355    5247  1009.02    6336.82  114.4172  22.7996   3.1568     -85.9875
    355    5369  1026.39    6459.02  114.4409  22.7960   3.3596     -85.6504
    355    5491  1043.79    6581.41  114.4646  22.7923   3.5627     -85.3502
    355    5613  1061.22    6704.00  114.4884  22.7886   3.7661     -85.0811
    355    5735  1078.68    6826.79  114.5122  22.7850   3.9699     -84.8383
    355    5857  1096.16    6949.80  114.5360  22.7813   4.1740     -84.6180
    355    6000  1116.70    7094.28  114.5640  22.7770   4.4137     -84.3843
    473       1  383.04    1094.34  113.3989  22.9312   5.5718     102.0850
    473     123  400.61    1217.91  113.4229  22.9277   5.3670     102.2116
    473     245  418.14    1341.24  113.4469  22.9242   5.1626     102.3472
    473     367  435.64    1464.33  113.4708  22.9206   4.9585     102.4930
    473     489  453.11    1587.21  113.4947  22.9171   4.7546     102.6503
    473     611  470.55    1709.87  113.5185  22.9136   4.5511     102.8207
    473     733  487.96    1832.34  113.5423  22.9101   4.3478     103.0058
    473     855  505.34    1954.61  113.5661  22.9065   4.1448     103.2079
    473     977  522.70    2076.70  113.5898  22.9030   3.9420     103.4296
    473    1099  540.03    2198.62  113.6135  22.8995   3.7396     103.6741
    473    1221  557.34    2320.38  113.6372  22.8960   3.5374     103.9452
    473    1343  574.63    2441.98  113.6608  22.8925   3.3354     104.2477
    473    1465  591.90    2563.45  113.6844  22.8889   3.1337     104.5876
    473    1587  609.15    2684.78  113.7080  22.8854   2.9323     104.9727
    473    1709  626.38    2805.99  113.7315  22.8819   2.7312     105.4129
    473    1831  643.59    2927.10  113.7550  22.8784   2.5304     105.9211
    473    1953  660.80    3048.10  113.7785  22.8749   2.3299     106.5149
    473    2075  677.99    3169.00  113.8020  22.8714   2.1299     107.2182
    473    2197  695.16    3289.83  113.8255  22.8679   1.9303     108.0648
    473    2319  712.33    3410.59  113.8489  22.8643   1.7313     109.1038
    473    2441  729.49    3531.28  113.8724  22.8608   1.5330     110.4092
    473    2563  746.64    3651.92  113.8958  22.8573   1.3359     112.0977
    473    2685  763.79    3772.52  113.9192  22.8538   1.1403     114.3644
    473    2807  780.93    3893.09  113.9426  22.8503   0.9472     117.5575
    473    2929  798.07    4013.64  113.9660  22.8467   0.7586     122.3548
    473    3051  815.20    4134.18  113.9894  22.8432   0.5787     130.2159
    473    3173  832.34    4254.71  114.0128  22.8397   0.4190     144.5457
    473    3295  849.48    4375.25  114.0362  22.8361   0.3120     171.8674
    473    3417  866.62    4495.82  114.0596  22.8326   0.3168     -150.7476
    473    3539  883.76    4616.40  114.0830  22.8290   0.4296     -124.5731
    473    3661  900.91    4737.03  114.1064  22.8255   0.5917     -110.9055
    473    3783  918.07    4857.71  114.1298  22.8219   0.7727     -103.3496
    473    3905  935.23    4978.44  114.1533  22.8184   0.9620     -98.7051
    473    4027  952.41    5099.24  114.1767  22.8148   1.1556     -95.5971
    473    4149  969.59    5220.12  114.2001  22.8112   1.3517     -93.3820
    473    4271  986.79    5341.08  114.2236  22.8077   1.5495     -91.7268
    473    4393  1004.00    5462.14  114.2471  22.8041   1.7483     -90.4442
    473    4515  1021.23    5583.31  114.2706  22.8005   1.9480     -89.4215
    473    4637  1038.48    5704.60  114.2941  22.7969   2.1483     -88.5868
    473    4759  1055.74    5826.02  114.3176  22.7933   2.3492     -87.8925
    473    4881  1073.02    5947.57  114.3412  22.7897   2.5505     -87.3057
    473    5003  1090.33    6069.27  114.3648  22.7861   2.7522     -86.8030
    473    5125  1107.65    6191.13  114.3884  22.7824   2.9543     -86.3672
    473    5247  1125.00    6313.15  114.4121  22.7788   3.1567     -85.9858
    473    5369  1142.38    6435.35  114.4358  22.7751   3.3595     -85.6488
    473    5491  1159.78    6557.74  114.4595  22.7715   3.5626     -85.3488
    473    5613  1177.21    6680.33  114.4833  22.7678   3.7661     -85.0799
    473    5735  1194.67    6803.12  114.5071  22.7642   3.9699     -84.8372
    473    5857  1212.16    6926.13  114.5309  22.7605   4.1740     -84.6171
    473    6000  1232.70    7070.61  114.5589  22.7561   4.4136     -84.3835
    591       1  498.88    1070.72  113.3939  22.9104   5.5718     102.0820
    591     123  516.45    1194.29  113.4179  22.9069   5.3671     102.2085
    591     245  533.98    1317.62  113.4419  22.9033   5.1626     102.3441
    591     367  551.49    1440.72  113.4658  22.8998   4.9585     102.4898
    591     489  568.96    1563.59  113.4897  22.8963   4.7547     102.6470
    591     611  586.40    1686.26  113.5135  22.8927   4.5511     102.8172
    591     733  603.81    1808.72  113.5373  22.8892   4.3478     103.0022
    591     855  621.20    1930.99  113.5611  22.8857   4.1448     103.2042
    591     977  638.56    2053.08  113.5848  22.8822   3.9421     103.4258
    591    1099  655.90    2175.00  113.6085  22.8787   3.7396     103.6701
    591    1221  673.21    2296.75  113.6322  22.8751   3.5374     103.9410
    591    1343  690.50    2418.36  113.6558  22.8716   3.3354     104.2433
    591    1465  707.77    2539.82  113.6794  22.8681   3.1338     104.5830
    591    1587  725.02    2661.16  113.7029  22.8646   2.9324     104.9679
    591    1709  742.26    2782.37  113.7265  22.8611   2.7312     105.4077
    591    1831  759.48    2903.47  113.7500  22.8576   2.5304     105.9156
    591    1953  776.68    3024.46  113.7735  22.8541   2.3300     106.5090
    591    2075  793.88    3145.37  113.7970  22.8505   2.1299     107.2119
    591    2197  811.06    3266.20  113.8204  22.8470   1.9303     108.0580
    591    2319  828.23    3386.95  113.8439  22.8435   1.7313     109.0963
    591    2441  845.39    3507.65  113.8673  22.8400   1.5330     110.4008
    591    2563  862.55    3628.29  113.8907  22.8365   1.3359     112.0883
    591    2685  879.69    3748.89  113.9142  22.8330   1.1403     114.3535
    591    2807  896.84    3869.45  113.9376  22.8294   0.9472     117.5446
    591    2929  913.98    3990.00  113.9610  22.8259   0.7586     122.3392
    591    3051  931.12    4110.54  113.9844  22.8224   0.5787     130.1964
    591    3173  948.26    4231.07  114.0077  22.8188   0.4189     144.5217
    591    3295  965.40    4351.61  114.0311  22.8153   0.3118     171.8472
    591    3417  982.55    4472.17  114.0545  22.8118   0.3166     -150.7460
    591    3539  999.69    4592.76  114.0779  22.8082   0.4294     -124.5612
    591    3661  1016.85    4713.38  114.1013  22.8047   0.5915     -110.8938
    591    3783  1034.01    4834.06  114.1247  22.8011   0.7725     -103.3397
    591    3905  1051.18    4954.79  114.1482  22.7975   0.9619     -98.6969
    591    4027  1068.35    5075.58  114.1716  22.7940   1.1555     -95.5903
    591    4149  1085.54    5196.46  114.1950  22.7904   1.3516     -93.3762
    591    4271  1102.74    5317.43  114.2185  22.7868   1.5494     -91.7218
    591    4393  1119.96    5438.49  114.2420  22.7832   1.7482     -90.4399
    591    4515  1137.19    5559.66  114.2655  22.7797   1.9479     -89.4177
    591    4637  1154.44    5680.94  114.2890  22.7761   2.1482     -88.5835
    591    4759  1171.71    5802.36  114.3125  22.7725   2.3491     -87.8896
    591    4881  1188.99    5923.91  114.3361  22.7688   2.5504     -87.3031
    591    5003  1206.30    6045.61  114.3597  22.7652   2.7521     -86.8007
    591    5125  1223.63    6167.46  114.3833  22.7616   2.9542     -86.3652
    591    5247  1240.98    6289.49  114.4070  22.7580   3.1567     -85.9840
    591    5369  1258.36    6411.69  114.4307  22.7543   3.3594     -85.6472
    591    5491  1275.77    6534.07  114.4544  22.7507   3.5626     -85.3474
    591    5613  1293.20    6656.66  114.4781  22.7470   3.7660     -85.0786
    591    5735  1310.66    6779.45  114.5019  22.7433   3.9698     -84.8361
    591    5857  1328.16    6902.46  114.5258  22.7397   4.1739     -84.6161
    591    6000  1348.70    7046.93  114.5538  22.7353   4.4136     -84.3827
    709       1  614.71    1047.11  113.3889  22.8895   5.5719     102.0790
    709     123  632.28    1170.68  113.4129  22.8860   5.3671     102.2054
    709     245  649.82    1294.00  113.4369  22.8825   5.1627     102.3409
    709     367  667.33    1417.10  113.4608  22.8789   4.9585     102.4865
    709     489  684.80    1539.97  113.4847  22.8754   4.7547     102.6436
    709     611  702.25    1662.63  113.5085  22.8719   4.5511     102.8137
    709     733  719.67    1785.10  113.5323  22.8684   4.3479     102.9986
    709     855  737.06    1907.36  113.5561  22.8649   4.1448     103.2005
    709     977  754.42    2029.45  113.5798  22.8613   3.9421     103.4219
    709    1099  771.76    2151.37  113.6035  22.8578   3.7396     103.6660
    709    1221  789.07    2273.12  113.6272  22.8543   3.5374     103.9367
    709    1343  806.37    2394.73  113.6508  22.8508   3.3355     104.2389
    709    1465  823.64    2516.19  113.6744  22.8473   3.1338     104.5784
    709    1587  840.90    2637.52  113.6979  22.8438   2.9324     104.9630
    709    1709  858.14    2758.73  113.7215  22.8403   2.7313     105.4025
    709    1831  875.36    2879.83  113.7450  22.8367   2.5305     105.9101
    709    1953  892.57    3000.83  113.7685  22.8332   2.3300     106.5031
    709    2075  909.77    3121.73  113.7920  22.8297   2.1299     107.2056
    709    2197  926.95    3242.56  113.8154  22.8262   1.9303     108.0511
    709    2319  944.13    3363.31  113.8389  22.8227   1.7313     109.0887
    709    2441  961.29    3484.00  113.8623  22.8192   1.5330     110.3924
    709    2563  978.45    3604.64  113.8857  22.8156   1.3359     112.0788
    709    2685  995.60    3725.24  113.9091  22.8121   1.1403     114.3426
    709    2807  1012.75    3845.81  113.9325  22.8086   0.9472     117.5318
    709    2929  1029.89    3966.35  113.9559  22.8051   0.7586     122.3236
    709    3051  1047.04    4086.89  113.9793  22.8015   0.5786     130.1768
    709    3173  1064.18    4207.42  114.0027  22.7980   0.4188     144.4978
    709    3295  1081.33    4327.96  114.0261  22.7945   0.3117     171.8270
    709    3417  1098.47    4448.52  114.0495  22.7909   0.3164     -150.7443
    709    3539  1115.62    4569.10  114.0729  22.7874   0.4293     -124.5493
    709    3661  1132.78    4689.73  114.0963  22.7838   0.5914     -110.8821
    709    3783  1149.94    4810.40  114.1197  22.7803   0.7724     -103.3298
    709    3905  1167.12    4931.13  114.1431  22.7767   0.9618     -98.6887
    709    4027  1184.30    5051.93  114.1665  22.7732   1.1554     -95.5834
    709    4149  1201.49    5172.80  114.1900  22.7696   1.3515     -93.3704
    709    4271  1218.70    5293.77  114.2134  22.7660   1.5493     -91.7169
    709    4393  1235.91    5414.83  114.2369  22.7624   1.7481     -90.4356
    709    4515  1253.15    5535.99  114.2604  22.7588   1.9478     -89.4140
    709    4637  1270.40    5657.28  114.2839  22.7552   2.1482     -88.5802
    709    4759  1287.67    5778.69  114.3074  22.7516   2.3490     -87.8867
    709    4881  1304.96    5900.24  114.3310  22.7480   2.5503     -87.3006
    709    5003  1322.27    6021.94  114.3546  22.7444   2.7520     -86.7984
    709    5125  1339.60    6143.79  114.3782  22.7408   2.9541     -86.3632
    709    5247  1356.96    6265.82  114.4019  22.7372   3.1566     -85.9822
    709    5369  1374.34    6388.01  114.4255  22.7335   3.3594     -85.6456
    709    5491  1391.75    6510.40  114.4492  22.7299   3.5625     -85.3460
    709    5613  1409.19    6632.98  114.4730  22.7262   3.7660     -85.0774
    709    5735  1426.65    6755.77  114.4968  22.7225   3.9697     -84.8350
    709    5857  1444.15    6878.78  114.5206  22.7188   4.1738     -84.6152
    709    6000  1464.70    7023.25  114.5486  22.7145   4.4135     -84.3819
    827       1  730.54    1023.49  113.3840  22.8687   5.5719     102.0760
    827     123  748.12    1147.05  113.4080  22.8652   5.3672     102.2023
    827     245  765.66    1270.38  113.4319  22.8616   5.1627     102.3377
    827     367  783.17    1393.47  113.4559  22.8581   4.9586     102.4832
    827     489  800.65    1516.35  113.4797  22.8546   4.7547     102.6402
    827     611  818.10    1639.01  113.5036  22.8511   4.5512     102.8102
    827     733  835.52    1761.47  113.5274  22.8475   4.3479     102.9950
    827     855  852.91    1883.73  113.5511  22.8440   4.1449     103.1967
    827     977  870.28    2005.82  113.5748  22.8405   3.9421     103.4180
    827    1099  887.62    2127.74  113.5985  22.8370   3.7397     103.6620
    827    1221  904.94    2249.49  113.6222  22.8335   3.5375     103.9325
    827    1343  922.24    2371.09  113.6458  22.8300   3.3355     104.2344
    827    1465  939.52    2492.55  113.6694  22.8264   3.1338     104.5737
    827    1587  956.78    2613.88  113.6929  22.8229   2.9324     104.9581
    827    1709  974.02    2735.09  113.7165  22.8194   2.7313     105.3974
    827    1831  991.24    2856.19  113.7400  22.8159   2.5305     105.9046
    827    1953  1008.46    2977.19  113.7635  22.8124   2.3300     106.4972
    827    2075  1025.66    3098.09  113.7869  22.8089   2.1299     107.1992
    827    2197  1042.84    3218.91  113.8104  22.8054   1.9303     108.0442
    827    2319  1060.02    3339.67  113.8338  22.8018   1.7313     109.0811
    827    2441  1077.19    3460.36  113.8572  22.7983   1.5331     110.3840
    827    2563  1094.35    3581.00  113.8807  22.7948   1.3359     112.0693
    827    2685  1111.51    3701.59  113.9041  22.7913   1.1403     114.3317
    827    2807  1128.66    3822.16  113.9275  22.7878   0.9472     117.5189
    827    2929  1145.81    3942.70  113.9509  22.7842   0.7585     122.3080
    827    3051  1162.95    4063.24  113.9742  22.7807   0.5786     130.1572
    827    3173  1180.10    4183.77  113.9976  22.7772   0.4187     144.4738
    827    3295  1197.25    4304.30  114.0210  22.7736   0.3115     171.8067
    827    3417  1214.40    4424.86  114.0444  22.7701   0.3162     -150.7427
    827    3539  1231.55    4545.45  114.0678  22.7666   0.4291     -124.5375
    827    3661  1248.71    4666.07  114.0912  22.7630   0.5913     -110.8703
    827    3783  1265.88    4786.74  114.1146  22.7595   0.7723     -103.3199
    827    3905  1283.05    4907.47  114.1380  22.7559   0.9617     -98.6805
    827    4027  1300.24    5028.26  114.1614  22.7523   1.1553     -95.5766
    827    4149  1317.44    5149.14  114.1849  22.7488   1.3515     -93.3646
    827    4271  1334.64    5270.10  114.2083  22.7452   1.5492     -91.7119
    827    4393  1351.87    5391.16  114.2318  22.7416   1.7481     -90.4314
    827    4515  1369.11    5512.32  114.2553  22.7380   1.9478     -89.4102
    827    4637  1386.36    5633.61  114.2788  22.7344   2.1481     -88.5769
    827    4759  1403.63    5755.02  114.3023  22.7308   2.3489     -87.8838
    827    4881  1420.93    5876.57  114.3259  22.7272   2.5503     -87.2980
    827    5003  1438.24    5998.27  114.3495  22.7236   2.7520     -86.7962
    827    5125  1455.58    6120.12  114.3731  22.7200   2.9541     -86.3612
    827    5247  1472.94    6242.14  114.3967  22.7163   3.1565     -85.9804
    827    5369  1490.32    6364.34  114.4204  22.7127   3.3593     -85.6441
    827    5491  1507.73    6486.72  114.4441  22.7090   3.5624     -85.3446
    827    5613  1525.17    6609.30  114.4679  22.7054   3.7659     -85.0761
    827    5735  1542.64    6732.09  114.4917  22.7017   3.9697     -84.8339
    827    5857  1560.15    6855.10  114.5155  22.6980   4.1738     -84.6142
    827    6000  1580.70    6999.57  114.5435  22.6937   4.4134     -84.3811
    945       1  846.37    999.86  113.3790  22.8479   5.5720     102.0730
    945     123  863.95    1123.42  113.4030  22.8443   5.3672     102.1992
    945     245  881.50    1246.75  113.4270  22.8408   5.1628     102.3345
    945     367  899.01    1369.84  113.4509  22.8373   4.9586     102.4800
    945     489  916.49    1492.71  113.4747  22.8337   4.7548     102.6369
    945     611  933.94    1615.37  113.4986  22.8302   4.5512     102.8067
    945     733  951.37    1737.83  113.5224  22.8267   4.3479     102.9914
    945     855  968.76    1860.10  113.5461  22.8232   4.1449     103.1930
    945     977  986.13    1982.18  113.5698  22.8197   3.9422     103.4141
    945    1099  1003.48    2104.10  113.5935  22.8162   3.7397     103.6579
    945    1221  1020.80    2225.85  113.6171  22.8126   3.5375     103.9283
    945    1343  1038.10    2347.45  113.6408  22.8091   3.3355     104.2300
    945    1465  1055.39    2468.91  113.6643  22.8056   3.1339     104.5691
    945    1587  1072.65    2590.24  113.6879  22.8021   2.9324     104.9532
    945    1709  1089.90    2711.45  113.7114  22.7986   2.7313     105.3922
    945    1831  1107.12    2832.55  113.7349  22.7951   2.5305     105.8991
    945    1953  1124.34    2953.54  113.7584  22.7916   2.3300     106.4913
    945    2075  1141.54    3074.44  113.7819  22.7880   2.1300     107.1928
    945    2197  1158.73    3195.27  113.8054  22.7845   1.9303     108.0373
    945    2319  1175.92    3316.02  113.8288  22.7810   1.7313     109.0736
    945    2441  1193.09    3436.71  113.8522  22.7775   1.5331     110.3756
    945    2563  1210.25    3557.34  113.8756  22.7740   1.3359     112.0598
    945    2685  1227.41    3677.94  113.8990  22.7705   1.1403     114.3208
    945    2807  1244.57    3798.50  113.9224  22.7669   0.9472     117.5060
    945    2929  1261.72    3919.05  113.9458  22.7634   0.7585     122.2923
    945    3051  1278.87    4039.58  113.9692  22.7599   0.5785     130.1377
    945    3173  1296.02    4160.11  113.9926  22.7563   0.4186     144.4498
    945    3295  1313.17    4280.64  114.0159  22.7528   0.3114     171.7865
    945    3417  1330.32    4401.20  114.0393  22.7493   0.3160     -150.7410
    945    3539  1347.48    4521.78  114.0627  22.7457   0.4289     -124.5256
    945    3661  1364.64    4642.41  114.0861  22.7422   0.5911     -110.8586
    945    3783  1381.81    4763.07  114.1095  22.7386   0.7722     -103.3100
    945    3905  1398.99    4883.80  114.1329  22.7351   0.9616     -98.6723
    945    4027  1416.18    5004.60  114.1563  22.7315   1.1552     -95.5697
    945    4149  1433.38    5125.47  114.1798  22.7279   1.3514     -93.3588
    945    4271  1450.59    5246.43  114.2032  22.7244   1.5491     -91.7069
    945    4393  1467.82    5367.49  114.2267  22.7208   1.7480     -90.4271
    945    4515  1485.06    5488.65  114.2502  22.7172   1.9477     -89.4065
    945    4637  1502.32    5609.93  114.2737  22.7136   2.1480     -88.5737
    945    4759  1519.59    5731.34  114.2972  22.7100   2.3489     -87.8809
    945    4881  1536.89    5852.89  114.3208  22.7064   2.5502     -87.2955
    945    5003  1554.21    5974.59  114.3444  22.7028   2.7519     -86.7939
    945    5125  1571.55    6096.44  114.3680  22.6991   2.9540     -86.3592
    945    5247  1588.91    6218.46  114.3916  22.6955   3.1565     -85.9786
    945    5369  1606.30    6340.65  114.4153  22.6919   3.3592     -85.6425
    945    5491  1623.72    6463.04  114.4390  22.6882   3.5624     -85.3432
    945    5613  1641.16    6585.62  114.4627  22.6846   3.7658     -85.0749
    945    5735  1658.63    6708.41  114.4865  22.6809   3.9696     -84.8328
    945    5857  1676.14    6831.41  114.5103  22.6772   4.1737     -84.6132
    945    6000  1696.70    6975.88  114.5383  22.6729   4.4134     -84.3802
   1063       1  962.20    976.23  113.3740  22.8270   5.5720     102.0700
   1063     123  979.78    1099.79  113.3980  22.8235   5.3672     102.1962
   1063     245  997.33    1223.12  113.4220  22.8200   5.1628     102.3314
   1063     367  1014.85    1346.21  113.4459  22.8164   4.9587     102.4767
   1063     489  1032.33    1469.08  113.4698  22.8129   4.7548     102.6335
   1063     611  1049.79    1591.74  113.4936  22.8094   4.5512     102.8033
   1063     733  1067.22    1714.19  113.5174  22.8059   4.3480     102.9878
   1063     855  1084.62    1836.46  113.5411  22.8023   4.1450     103.1892
   1063     977  1101.99    1958.54  113.5648  22.7988   3.9422     103.4102
   1063    1099  1119.34    2080.46  113.5885  22.7953   3.7397     103.6539
   1063    1221  1136.67    2202.21  113.6121  22.7918   3.5375     103.9241
   1063    1343  1153.97    2323.81  113.6358  22.7883   3.3356     104.2256
   1063    1465  1171.26    2445.27  113.6593  22.7848   3.1339     104.5644
   1063    1587  1188.52    2566.60  113.6829  22.7813   2.9325     104.9483
   1063    1709  1205.77    2687.80  113.7064  22.7778   2.7314     105.3870
   1063    1831  1223.00    2808.90  113.7299  22.7742   2.5305     105.8936
   1063    1953  1240.22    2929.89  113.7534  22.7707   2.3301     106.4855
   1063    2075  1257.43    3050.79  113.7769  22.7672   2.1300     107.1865
   1063    2197  1274.62    3171.61  113.8003  22.7637   1.9304     108.0304
   1063    2319  1291.81    3292.36  113.8238  22.7602   1.7313     109.0660
   1063    2441  1308.98    3413.05  113.8472  22.7567   1.5331     110.3672
   1063    2563  1326.15    3533.69  113.8706  22.7532   1.3359     112.0503
   1063    2685  1343.31    3654.28  113.8940  22.7496   1.1403     114.3099
   1063    2807  1360.47    3774.85  113.9174  22.7461   0.9472     117.4932
   1063    2929  1377.63    3895.39  113.9408  22.7426   0.7585     122.2767
   1063    3051  1394.78    4015.92  113.9641  22.7391   0.5785     130.1181
   1063    3173  1411.93    4136.45  113.9875  22.7355   0.4185     144.4258
   1063    3295  1429.09    4256.98  114.0109  22.7320   0.3112     171.7662
   1063    3417  1446.25    4377.54  114.0343  22.7284   0.3158     -150.7393
   1063    3539  1463.41    4498.12  114.0576  22.7249   0.4288     -124.5136
   1063    3661  1480.57    4618.74  114.0810  22.7214   0.5910     -110.8469
   1063    3783  1497.75    4739.41  114.1044  22.7178   0.7721     -103.3001
   1063    3905  1514.93    4860.13  114.1278  22.7142   0.9615     -98.6641
   1063    4027  1532.12    4980.93  114.1513  22.7107   1.1551     -95.5629
   1063    4149  1549.32    5101.80  114.1747  22.7071   1.3513     -93.3530
   1063    4271  1566.54    5222.76  114.1981  22.7035   1.5490     -91.7020
   1063    4393  1583.77    5343.81  114.2216  22.7000   1.7479     -90.4228
   1063    4515  1601.01    5464.98  114.2451  22.6964   1.9476     -89.4028
   1063    4637  1618.28    5586.26  114.2686  22.6928   2.1479     -88.5704
   1063    4759  1635.55    5707.67  114.2921  22.6892   2.3488     -87.8780
   1063    4881  1652.85    5829.21  114.3157  22.6856   2.5501     -87.2929
   1063    5003  1670.17    5950.91  114.3392  22.6820   2.7518     -86.7916
   1063    5125  1687.52    6072.76  114.3629  22.6783   2.9539     -86.3572
   1063    5247  1704.88    6194.77  114.3865  22.6747   3.1564     -85.9769
   1063    5369  1722.28    6316.97  114.4102  22.6711   3.3592     -85.6409
   1063    5491  1739.70    6439.35  114.4339  22.6674   3.5623     -85.3418
   1063    5613  1757.14    6561.93  114.4576  22.6637   3.7658     -85.0737
   1063    5735  1774.62    6684.72  114.4814  22.6601   3.9695     -84.8318
   1063    5857  1792.13    6807.72  114.5052  22.6564   4.1737     -84.6123
   1063    6000  1812.69    6952.19  114.5332  22.6521   4.4133     -84.3794
   1181       1  1078.02    952.59  113.3691  22.8062   5.5720     102.0670
   1181     123  1095.61    1076.16  113.3931  22.8027   5.3673     102.1931
   1181     245  1113.17    1199.48  113.4170  22.7991   5.1628     102.3282
   1181     367  1130.69    1322.57  113.4409  22.7956   4.9587     102.4734
   1181     489  1148.18    1445.44  113.4648  22.7921   4.7548     102.6301
   1181     611  1165.63    1568.10  113.4886  22.7885   4.5513     102.7998
   1181     733  1183.06    1690.55  113.5124  22.7850   4.3480     102.9842
   1181     855  1200.47    1812.82  113.5361  22.7815   4.1450     103.1855
   1181     977  1217.84    1934.90  113.5598  22.7780   3.9422     103.4063
   1181    1099  1235.20    2056.81  113.5835  22.7745   3.7398     103.6498
   1181    1221  1252.53    2178.56  113.6071  22.7710   3.5376     103.9199
   1181    1343  1269.84    2300.16  113.6308  22.7675   3.3356     104.2212
   1181    1465  1287.12    2421.62  113.6543  22.7639   3.1339     104.5598
   1181    1587  1304.39    2542.94  113.6779  22.7604   2.9325     104.9434
   1181    1709  1321.65    2664.15  113.7014  22.7569   2.7314     105.3818
   1181    1831  1338.88    2785.24  113.7249  22.7534   2.5306     105.8881
   1181    1953  1356.11    2906.24  113.7484  22.7499   2.3301     106.4796
   1181    2075  1373.31    3027.14  113.7718  22.7464   2.1300     107.1801
   1181    2197  1390.51    3147.96  113.7953  22.7429   1.9304     108.0235
   1181    2319  1407.70    3268.71  113.8187  22.7394   1.7314     109.0584
   1181    2441  1424.88    3389.39  113.8421  22.7358   1.5331     110.3587
   1181    2563  1442.05    3510.03  113.8655  22.7323   1.3359     112.0409
   1181    2685  1459.22    3630.62  113.8889  22.7288   1.1403     114.2990
   1181    2807  1476.38    3751.18  113.9123  22.7253   0.9472     117.4803
   1181    2929  1493.54    3871.72  113.9357  22.7218   0.7585     122.2611
   1181    3051  1510.69    3992.25  113.9591  22.7182   0.5784     130.0985
   1181    3173  1527.85    4112.78  113.9825  22.7147   0.4184     144.4018
   1181    3295  1545.01    4233.31  114.0058  22.7112   0.3110     171.7458
   1181    3417  1562.17    4353.87  114.0292  22.7076   0.3156     -150.7377
   1181    3539  1579.33    4474.45  114.0526  22.7041   0.4286     -124.5017
   1181    3661  1596.50    4595.07  114.0760  22.7005   0.5909     -110.8351
   1181    3783  1613.68    4715.73  114.0994  22.6970   0.7720     -103.2902
   1181    3905  1630.87    4836.46  114.1228  22.6934   0.9613     -98.6559
   1181    4027  1648.06    4957.25  114.1462  22.6899   1.1550     -95.5560
   1181    4149  1665.27    5078.12  114.1696  22.6863   1.3512     -93.3472
   1181    4271  1682.48    5199.08  114.1930  22.6827   1.5490     -91.6970
   1181    4393  1699.72    5320.13  114.2165  22.6791   1.7478     -90.4185
   1181    4515  1716.97    5441.29  114.2400  22.6755   1.9475     -89.3990
   1181    4637  1734.23    5562.57  114.2635  22.6720   2.1479     -88.5671
   1181    4759  1751.51    5683.98  114.2870  22.6684   2.3487     -87.8751
   1181    4881  1768.82    5805.53  114.3106  22.6647   2.5500     -87.2903
   1181    5003  1786.14    5927.22  114.3341  22.6611   2.7518     -86.7894
   1181    5125  1803.49    6049.07  114.3577  22.6575   2.9539     -86.3552
   1181    5247  1820.86    6171.08  114.3814  22.6539   3.1563     -85.9751
   1181    5369  1838.25    6293.28  114.4050  22.6502   3.3591     -85.6393
   1181    5491  1855.68    6415.66  114.4287  22.6466   3.5622     -85.3404
   1181    5613  1873.13    6538.24  114.4525  22.6429   3.7657     -85.0724
   1181    5735  1890.61    6661.02  114.4763  22.6393   3.9695     -84.8306
   1181    5857  1908.12    6784.02  114.5001  22.6356   4.1736     -84.6113
   1181    6000  1928.68    6928.49  114.5280  22.6313   4.4133     -84.3786
   1299       1  1193.85    928.95  113.3641  22.7853   5.5721     102.0640
   1299     123  1211.44    1052.52  113.3881  22.7818   5.3673     102.1900
   1299     245  1229.00    1175.84  113.4120  22.7783   5.1629     102.3250
   1299     367  1246.52    1298.93  113.4360  22.7748   4.9587     102.4702
   1299     489  1264.02    1421.79  113.4598  22.7712   4.7549     102.6267
   1299     611  1281.48    1544.45  113.4836  22.7677   4.5513     102.7963
   1299     733  1298.91    1666.90  113.5074  22.7642   4.3480     102.9806
   1299     855  1316.32    1789.17  113.5311  22.7607   4.1450     103.1818
   1299     977  1333.70    1911.25  113.5548  22.7572   3.9423     103.4025
   1299    1099  1351.05    2033.16  113.5785  22.7536   3.7398     103.6458
   1299    1221  1368.39    2154.91  113.6021  22.7501   3.5376     103.9156
   1299    1343  1385.70    2276.51  113.6257  22.7466   3.3356     104.2167
   1299    1465  1402.99    2397.96  113.6493  22.7431   3.1339     104.5552
   1299    1587  1420.26    2519.29  113.6729  22.7396   2.9325     104.9385
   1299    1709  1437.52    2640.49  113.6964  22.7361   2.7314     105.3766
   1299    1831  1454.76    2761.59  113.7199  22.7326   2.5306     105.8826
   1299    1953  1471.99    2882.58  113.7434  22.7291   2.3301     106.4737
   1299    2075  1489.20    3003.48  113.7668  22.7255   2.1300     107.1738
   1299    2197  1506.40    3124.30  113.7903  22.7220   1.9304     108.0166
   1299    2319  1523.59    3245.04  113.8137  22.7185   1.7314     109.0508
   1299    2441  1540.77    3365.73  113.8371  22.7150   1.5331     110.3503
   1299    2563  1557.95    3486.36  113.8605  22.7115   1.3359     112.0314
   1299    2685  1575.12    3606.95  113.8839  22.7080   1.1403     114.2880
   1299    2807  1592.28    3727.51  113.9073  22.7044   0.9472     117.4674
   1299    2929  1609.44    3848.05  113.9307  22.7009   0.7584     122.2454
   1299    3051  1626.60    3968.58  113.9540  22.6974   0.5784     130.0789
   1299    3173  1643.76    4089.11  113.9774  22.6939   0.4183     144.3777
   1299    3295  1660.93    4209.64  114.0008  22.6903   0.3109     171.7255
   1299    3417  1678.09    4330.19  114.0241  22.6868   0.3154     -150.7360
   1299    3539  1695.26    4450.77  114.0475  22.6832   0.4285     -124.4897
   1299    3661  1712.43    4571.39  114.0709  22.6797   0.5907     -110.8233
   1299    3783  1729.61    4692.05  114.0943  22.6762   0.7718     -103.2803
   1299    3905  1746.80    4812.78  114.1177  22.6726   0.9612     -98.6477
   1299    4027  1764.00    4933.57  114.1411  22.6690   1.1549     -95.5491
   1299    4149  1781.21    5054.44  114.1645  22.6655   1.3511     -93.3414
   1299    4271  1798.43    5175.39  114.1880  22.6619   1.5489     -91.6920
   1299    4393  1815.67    5296.45  114.2114  22.6583   1.7477     -90.4142
   1299    4515  1832.92    5417.61  114.2349  22.6547   1.9474     -89.3953
   1299    4637  1850.19    5538.89  114.2584  22.6511   2.1478     -88.5638
   1299    4759  1867.47    5660.29  114.2819  22.6475   2.3486     -87.8722
   1299    4881  1884.78    5781.84  114.3055  22.6439   2.5500     -87.2878
   1299    5003  1902.10    5903.53  114.3290  22.6403   2.7517     -86.7871
   1299    5125  1919.45    6025.38  114.3526  22.6367   2.9538     -86.3532
   1299    5247  1936.83    6147.39  114.3763  22.6331   3.1563     -85.9733
   1299    5369  1954.23    6269.58  114.3999  22.6294   3.3590     -85.6377
   1299    5491  1971.65    6391.96  114.4236  22.6258   3.5622     -85.3390
   1299    5613  1989.11    6514.54  114.4474  22.6221   3.7656     -85.0712
   1299    5735  2006.59    6637.32  114.4711  22.6184   3.9694     -84.8295
   1299    5857  2024.11    6760.32  114.4949  22.6148   4.1735     -84.6103
   1299    6000  2044.68    6904.79  114.5229  22.6104   4.4132     -84.3778
   1417       1  1309.68    905.31  113.3591  22.7645   5.5721     102.0610
   1417     123  1327.27    1028.87  113.3831  22.7610   5.3674     102.1869
   1417     245  1344.83    1152.19  113.4071  22.7574   5.1629     102.3218
   1417     367  1362.36    1275.28  113.4310  22.7539   4.9588     102.4669
   1417     489  1379.85    1398.15  113.4548  22.7504   4.7549     102.6234
   1417     611  1397.32    1520.80  113.4786  22.7469   4.5514     102.7928
   1417     733  1414.76    1643.25  113.5024  22.7434   4.3481     102.9770
   1417     855  1432.17    1765.52  113.5262  22.7398   4.1451     103.1780
   1417     977  1449.55    1887.60  113.5499  22.7363   3.9423     103.3986
   1417    1099  1466.91    2009.51  113.5735  22.7328   3.7398     103.6417
   1417    1221  1484.25    2131.25  113.5971  22.7293   3.5376     103.9114
   1417    1343  1501.56    2252.85  113.6207  22.7258   3.3357     104.2123
   1417    1465  1518.86    2374.31  113.6443  22.7223   3.1340     104.5505
   1417    1587  1536.13    2495.63  113.6679  22.7188   2.9326     104.9336
   1417    1709  1553.39    2616.83  113.6914  22.7152   2.7314     105.3715
   1417    1831  1570.64    2737.92  113.7149  22.7117   2.5306     105.8771
   1417    1953  1587.87    2858.91  113.7383  22.7082   2.3301     106.4678
   1417    2075  1605.08    2979.81  113.7618  22.7047   2.1300     107.1674
   1417    2197  1622.29    3100.63  113.7852  22.7012   1.9304     108.0097
   1417    2319  1639.48    3221.38  113.8087  22.6977   1.7314     109.0433
   1417    2441  1656.67    3342.06  113.8321  22.6942   1.5331     110.3419
   1417    2563  1673.84    3462.69  113.8555  22.6907   1.3359     112.0219
   1417    2685  1691.02    3583.28  113.8789  22.6871   1.1403     114.2771
   1417    2807  1708.19    3703.84  113.9022  22.6836   0.9472     117.4545
   1417    2929  1725.35    3824.38  113.9256  22.6801   0.7584     122.2297
   1417    3051  1742.51    3944.91  113.9490  22.6766   0.5783     130.0593
   1417    3173  1759.68    4065.43  113.9723  22.6730   0.4182     144.3536
   1417    3295  1776.84    4185.96  113.9957  22.6695   0.3107     171.7051
   1417    3417  1794.01    4306.51  114.0191  22.6660   0.3152     -150.7343
   1417    3539  1811.18    4427.09  114.0424  22.6624   0.4283     -124.4778
   1417    3661  1828.36    4547.71  114.0658  22.6589   0.5906     -110.8115
   1417    3783  1845.54    4668.37  114.0892  22.6553   0.7717     -103.2703
   1417    3905  1862.73    4789.10  114.1126  22.6518   0.9611     -98.6394
   1417    4027  1879.93    4909.89  114.1360  22.6482   1.1548     -95.5422
   1417    4149  1897.15    5030.75  114.1594  22.6446   1.3510     -93.3355
   1417    4271  1914.37    5151.71  114.1829  22.6411   1.5488     -91.6870
   1417    4393  1931.61    5272.76  114.2063  22.6375   1.7477     -90.4099
   1417    4515  1948.87    5393.92  114.2298  22.6339   1.9474     -89.3915
   1417    4637  1966.14    5515.20  114.2533  22.6303   2.1477     -88.5605
   1417    4759  1983.43    5636.60  114.2768  22.6267   2.3486     -87.8693
   1417    4881  2000.74    5758.14  114.3004  22.6231   2.5499     -87.2852
   1417    5003  2018.07    5879.83  114.3239  22.6195   2.7516     -86.7848
   1417    5125  2035.42    6001.68  114.3475  22.6159   2.9537     -86.3512
   1417    5247  2052.80    6123.69  114.3711  22.6122   3.1562     -85.9715
   1417    5369  2070.20    6245.89  114.3948  22.6086   3.3590     -85.6361
   1417    5491  2087.63    6368.26  114.4185  22.6049   3.5621     -85.3376
   1417    5613  2105.09    6490.84  114.4422  22.6013   3.7656     -85.0699
   1417    5735  2122.57    6613.62  114.4660  22.5976   3.9693     -84.8284
   1417    5857  2140.09    6736.62  114.4898  22.5939   4.1735     -84.6094
   1417    6000  2160.67    6881.08  114.5178  22.5896   4.4131     -84.3769
   1535       1  1425.50    881.66  113.3542  22.7437   5.5722     102.0580
   1535     123  1443.10    1005.22  113.3782  22.7401   5.3674     102.1838
   1535     245  1460.66    1128.54  113.4021  22.7366   5.1629     102.3187
   1535     367  1478.19    1251.63  113.4260  22.7331   4.9588     102.4636
   1535     489  1495.69    1374.49  113.4499  22.7296   4.7550     102.6200
   1535     611  1513.16    1497.15  113.4737  22.7260   4.5514     102.7893
   1535     733  1530.60    1619.60  113.4974  22.7225   4.3481     102.9734
   1535     855  1548.02    1741.86  113.5212  22.7190   4.1451     103.1743
   1535     977  1565.40    1863.94  113.5449  22.7155   3.9424     103.3947
   1535    1099  1582.77    1985.85  113.5685  22.7120   3.7399     103.6377
   1535    1221  1600.11    2107.59  113.5922  22.7085   3.5377     103.9072
   1535    1343  1617.42    2229.19  113.6157  22.7049   3.3357     104.2079
   1535    1465  1634.72    2350.64  113.6393  22.7014   3.1340     104.5459
   1535    1587  1652.00    2471.97  113.6629  22.6979   2.9326     104.9287
   1535    1709  1669.27    2593.17  113.6864  22.6944   2.7315     105.3663
   1535    1831  1686.51    2714.26  113.7099  22.6909   2.5306     105.8715
   1535    1953  1703.74    2835.25  113.7333  22.6874   2.3302     106.4619
   1535    2075  1720.96    2956.14  113.7568  22.6839   2.1301     107.1611
   1535    2197  1738.17    3076.96  113.7802  22.6804   1.9305     108.0028
   1535    2319  1755.37    3197.70  113.8036  22.6769   1.7314     109.0357
   1535    2441  1772.56    3318.39  113.8270  22.6733   1.5331     110.3335
   1535    2563  1789.74    3439.02  113.8504  22.6698   1.3359     112.0124
   1535    2685  1806.92    3559.61  113.8738  22.6663   1.1403     114.2662
   1535    2807  1824.09    3680.17  113.8972  22.6628   0.9471     117.4417
   1535    2929  1841.26    3800.70  113.9206  22.6593   0.7584     122.2141
   1535    3051  1858.42    3921.23  113.9439  22.6557   0.5783     130.0397
   1535    3173  1875.59    4041.75  113.9673  22.6522   0.4181     144.3296
   1535    3295  1892.76    4162.28  113.9906  22.6487   0.3106     171.6848
   1535    3417  1909.93    4282.83  114.0140  22.6451   0.3150     -150.7325
   1535    3539  1927.10    4403.41  114.0374  22.6416   0.4281     -124.4658
   1535    3661  1944.28    4524.02  114.0608  22.6380   0.5905     -110.7997
   1535    3783  1961.47    4644.69  114.0841  22.6345   0.7716     -103.2604
   1535    3905  1978.66    4765.41  114.1075  22.6309   0.9610     -98.6312
   1535    4027  1995.87    4886.20  114.1309  22.6274   1.1547     -95.5353
   1535    4149  2013.09    5007.06  114.1544  22.6238   1.3509     -93.3297
   1535    4271  2030.31    5128.02  114.1778  22.6202   1.5487     -91.6820
   1535    4393  2047.56    5249.07  114.2012  22.6167   1.7476     -90.4055
   1535    4515  2064.81    5370.23  114.2247  22.6131   1.9473     -89.3877
   1535    4637  2082.09    5491.50  114.2482  22.6095   2.1476     -88.5572
   1535    4759  2099.38    5612.91  114.2717  22.6059   2.3485     -87.8664
   1535    4881  2116.70    5734.45  114.2952  22.6023   2.5498     -87.2826
   1535    5003  2134.03    5856.13  114.3188  22.5987   2.7516     -86.7825
   1535    5125  2151.39    5977.98  114.3424  22.5950   2.9537     -86.3491
   1535    5247  2168.77    6099.99  114.3660  22.5914   3.1561     -85.9697
   1535    5369  2186.17    6222.18  114.3897  22.5878   3.3589     -85.6345
   1535    5491  2203.61    6344.56  114.4134  22.5841   3.5620     -85.3361
   1535    5613  2221.07    6467.13  114.4371  22.5805   3.7655     -85.0686
   1535    5735  2238.56    6589.91  114.4609  22.5768   3.9693     -84.8273
   1535    5857  2256.08    6712.91  114.4847  22.5731   4.1734     -84.6084
   1535    6000  2276.66    6857.37  114.5126  22.5688   4.4131     -84.3761
   1653       1  1541.32    858.01  113.3492  22.7228   5.5722     102.0550
   1653     123  1558.93    981.57  113.3732  22.7193   5.3674     102.1807
   1653     245  1576.49    1104.89  113.3971  22.7158   5.1630     102.3155
   1653     367  1594.03    1227.97  113.4210  22.7122   4.9588     102.4604
   1653     489  1611.53    1350.84  113.4449  22.7087   4.7550     102.6166
   1653     611  1629.00    1473.49  113.4687  22.7052   4.5514     102.7858
   1653     733  1646.45    1595.94  113.4925  22.7017   4.3481     102.9697
   1653     855  1663.86    1718.20  113.5162  22.6982   4.1451     103.1705
   1653     977  1681.25    1840.28  113.5399  22.6946   3.9424     103.3908
   1653    1099  1698.62    1962.18  113.5635  22.6911   3.7399     103.6337
   1653    1221  1715.96    2083.93  113.5872  22.6876   3.5377     103.9030
   1653    1343  1733.28    2205.52  113.6107  22.6841   3.3357     104.2035
   1653    1465  1750.59    2326.98  113.6343  22.6806   3.1340     104.5412
   1653    1587  1767.87    2448.30  113.6578  22.6771   2.9326     104.9238
   1653    1709  1785.14    2569.50  113.6814  22.6736   2.7315     105.3611
   1653    1831  1802.39    2690.59  113.7048  22.6701   2.5307     105.8660
   1653    1953  1819.62    2811.58  113.7283  22.6666   2.3302     106.4560
   1653    2075  1836.84    2932.47  113.7518  22.6630   2.1301     107.1547
   1653    2197  1854.06    3053.29  113.7752  22.6595   1.9305     107.9959
   1653    2319  1871.26    3174.03  113.7986  22.6560   1.7314     109.0281
   1653    2441  1888.45    3294.71  113.8220  22.6525   1.5331     110.3251
   1653    2563  1905.63    3415.34  113.8454  22.6490   1.3359     112.0029
   1653    2685  1922.81    3535.93  113.8688  22.6455   1.1403     114.2553
   1653    2807  1939.99    3656.49  113.8921  22.6420   0.9471     117.4288
   1653    2929  1957.16    3777.02  113.9155  22.6384   0.7584     122.1984
   1653    3051  1974.33    3897.55  113.9389  22.6349   0.5782     130.0201
   1653    3173  1991.50    4018.07  113.9622  22.6314   0.4180     144.3055
   1653    3295  2008.67    4138.60  113.9856  22.6278   0.3104     171.6644
   1653    3417  2025.84    4259.15  114.0090  22.6243   0.3148     -150.7308
   1653    3539  2043.02    4379.72  114.0323  22.6208   0.4280     -124.4538
   1653    3661  2060.21    4500.34  114.0557  22.6172   0.5903     -110.7879
   1653    3783  2077.40    4621.00  114.0791  22.6137   0.7715     -103.2504
   1653    3905  2094.59    4741.72  114.1025  22.6101   0.9609     -98.6229
   1653    4027  2111.80    4862.50  114.1259  22.6066   1.1546     -95.5284
   1653    4149  2129.02    4983.37  114.1493  22.6030   1.3508     -93.3239
   1653    4271  2146.25    5104.32  114.1727  22.5994   1.5486     -91.6771
   1653    4393  2163.50    5225.37  114.1962  22.5958   1.7475     -90.4012
   1653    4515  2180.76    5346.53  114.2196  22.5923   1.9472     -89.3840
   1653    4637  2198.04    5467.80  114.2431  22.5887   2.1476     -88.5539
   1653    4759  2215.34    5589.21  114.2666  22.5851   2.3484     -87.8635
   1653    4881  2232.65    5710.75  114.2901  22.5815   2.5498     -87.2801
   1653    5003  2249.99    5832.43  114.3137  22.5778   2.7515     -86.7803
   1653    5125  2267.35    5954.28  114.3373  22.5742   2.9536     -86.3471
   1653    5247  2284.73    6076.29  114.3609  22.5706   3.1561     -85.9679
   1653    5369  2302.14    6198.48  114.3846  22.5670   3.3588     -85.6329
   1653    5491  2319.58    6320.85  114.4083  22.5633   3.5620     -85.3347
   1653    5613  2337.04    6443.42  114.4320  22.5597   3.7654     -85.0674
   1653    5735  2354.54    6566.20  114.4557  22.5560   3.9692     -84.8262
   1653    5857  2372.06    6689.20  114.4795  22.5523   4.1733     -84.6074
   1653    6000  2392.65    6833.66  114.5075  22.5480   4.4130     -84.3753
   1771       1  1657.15    834.35  113.3443  22.7020   5.5722     102.0520
   1771     123  1674.75    957.91  113.3682  22.6985   5.3675     102.1777
   1771     245  1692.32    1081.23  113.3922  22.6949   5.1630     102.3123
   1771     367  1709.86    1204.31  113.4161  22.6914   4.9589     102.4571
   1771     489  1727.36    1327.17  113.4399  22.6879   4.7550     102.6133
   1771     611  1744.84    1449.83  113.4637  22.6844   4.5515     102.7823
   1771     733  1762.29    1572.28  113.4875  22.6808   4.3482     102.9661
   1771     855  1779.71    1694.53  113.5112  22.6773   4.1452     103.1668
   1771     977  1797.10    1816.61  113.5349  22.6738   3.9424     103.3869
   1771    1099  1814.47    1938.52  113.5585  22.6703   3.7399     103.6296
   1771    1221  1831.82    2060.26  113.5822  22.6668   3.5377     103.8987
   1771    1343  1849.14    2181.85  113.6057  22.6633   3.3358     104.1991
   1771    1465  1866.45    2303.31  113.6293  22.6598   3.1341     104.5366
   1771    1587  1883.74    2424.63  113.6528  22.6563   2.9327     104.9189
   1771    1709  1901.01    2545.83  113.6763  22.6527   2.7315     105.3559
   1771    1831  1918.26    2666.91  113.6998  22.6492   2.5307     105.8605
   1771    1953  1935.50    2787.90  113.7233  22.6457   2.3302     106.4501
   1771    2075  1952.72    2908.79  113.7467  22.6422   2.1301     107.1484
   1771    2197  1969.94    3029.61  113.7702  22.6387   1.9305     107.9890
   1771    2319  1987.14    3150.35  113.7936  22.6352   1.7314     109.0205
   1771    2441  2004.34    3271.03  113.8170  22.6317   1.5332     110.3167
   1771    2563  2021.53    3391.66  113.8404  22.6282   1.3359     111.9934
   1771    2685  2038.71    3512.25  113.8637  22.6246   1.1403     114.2444
   1771    2807  2055.89    3632.80  113.8871  22.6211   0.9471     117.4159
   1771    2929  2073.06    3753.34  113.9105  22.6176   0.7583     122.1828
   1771    3051  2090.24    3873.86  113.9338  22.6141   0.5782     130.0005
   1771    3173  2107.41    3994.38  113.9572  22.6105   0.4179     144.2814
   1771    3295  2124.58    4114.91  113.9805  22.6070   0.3102     171.6439
   1771    3417  2141.76    4235.46  114.0039  22.6035   0.3147     -150.7291
   1771    3539  2158.94    4356.03  114.0273  22.5999   0.4278     -124.4417
   1771    3661  2176.13    4476.64  114.0506  22.5964   0.5902     -110.7761
   1771    3783  2193.32    4597.30  114.0740  22.5928   0.7714     -103.2405
   1771    3905  2210.52    4718.02  114.0974  22.5893   0.9608     -98.6147
   1771    4027  2227.74    4838.81  114.1208  22.5857   1.1545     -95.5215
   1771    4149  2244.96    4959.67  114.1442  22.5822   1.3507     -93.3180
   1771    4271  2262.19    5080.62  114.1676  22.5786   1.5485     -91.6721
   1771    4393  2279.44    5201.67  114.1911  22.5750   1.7474     -90.3969
   1771    4515  2296.71    5322.83  114.2145  22.5714   1.9471     -89.3802
   1771    4637  2313.99    5444.10  114.2380  22.5678   2.1475     -88.5506
   1771    4759  2331.29    5565.50  114.2615  22.5642   2.3484     -87.8606
   1771    4881  2348.61    5687.04  114.2850  22.5606   2.5497     -87.2775
   1771    5003  2365.95    5808.72  114.3086  22.5570   2.7514     -86.7780
   1771    5125  2383.31    5930.57  114.3322  22.5534   2.9535     -86.3451
   1771    5247  2400.70    6052.58  114.3558  22.5498   3.1560     -85.9661
   1771    5369  2418.11    6174.76  114.3795  22.5461   3.3588     -85.6313
   1771    5491  2435.55    6297.14  114.4031  22.5425   3.5619     -85.3333
   1771    5613  2453.02    6419.71  114.4269  22.5388   3.7654     -85.0661
   1771    5735  2470.52    6542.49  114.4506  22.5352   3.9692     -84.8251
   1771    5857  2488.04    6665.48  114.4744  22.5315   4.1733     -84.6064
   1771    6000  2508.63    6809.94  114.5024  22.5272   4.4129     -84.3744
   1889       1  1772.97    810.69  113.3393  22.6811   5.5723     102.0490
   1889     123  1790.58    934.25  113.3633  22.6776   5.3675     102.1746
   1889     245  1808.15    1057.56  113.3872  22.6741   5.1631     102.3091
   1889     367  1825.69    1180.65  113.4111  22.6706   4.9589     102.4538
   1889     489  1843.20    1303.51  113.4349  22.6670   4.7551     102.6099
   1889     611  1860.68    1426.16  113.4587  22.6635   4.5515     102.7789
   1889     733  1878.13    1548.61  113.4825  22.6600   4.3482     102.9625
   1889     855  1895.55    1670.86  113.5062  22.6565   4.1452     103.1631
   1889     977  1912.95    1792.94  113.5299  22.6530   3.9425     103.3830
   1889    1099  1930.32    1914.84  113.5535  22.6495   3.7400     103.6256
   1889    1221  1947.67    2036.59  113.5772  22.6459   3.5378     103.8945
   1889    1343  1965.00    2158.18  113.6007  22.6424   3.3358     104.1946
   1889    1465  1982.31    2279.63  113.6243  22.6389   3.1341     104.5319
   1889    1587  1999.60    2400.95  113.6478  22.6354   2.9327     104.9140
   1889    1709  2016.87    2522.15  113.6713  22.6319   2.7316     105.3507
   1889    1831  2034.13    2643.23  113.6948  22.6284   2.5307     105.8550
   1889    1953  2051.37    2764.22  113.7183  22.6249   2.3302     106.4442
   1889    2075  2068.60    2885.11  113.7417  22.6214   2.1301     107.1420
   1889    2197  2085.82    3005.93  113.7651  22.6179   1.9305     107.9820
   1889    2319  2103.03    3126.67  113.7885  22.6144   1.7315     109.0130
   1889    2441  2120.23    3247.35  113.8119  22.6108   1.5332     110.3082
   1889    2563  2137.42    3367.97  113.8353  22.6073   1.3359     111.9839
   1889    2685  2154.60    3488.56  113.8587  22.6038   1.1403     114.2334
   1889    2807  2171.79    3609.11  113.8821  22.6003   0.9471     117.4030
   1889    2929  2188.96    3729.65  113.9054  22.5968   0.7583     122.1671
   1889    3051  2206.14    3850.17  113.9288  22.5932   0.5781     129.9808
   1889    3173  2223.32    3970.69  113.9521  22.5897   0.4178     144.2573
   1889    3295  2240.50    4091.21  113.9755  22.5862   0.3101     171.6235
   1889    3417  2257.68    4211.76  113.9988  22.5827   0.3145     -150.7273
   1889    3539  2274.86    4332.33  114.0222  22.5791   0.4276     -124.4297
   1889    3661  2292.05    4452.94  114.0456  22.5756   0.5900     -110.7642
   1889    3783  2309.25    4573.60  114.0689  22.5720   0.7713     -103.2305
   1889    3905  2326.45    4694.32  114.0923  22.5685   0.9607     -98.6064
   1889    4027  2343.67    4815.10  114.1157  22.5649   1.1544     -95.5146
   1889    4149  2360.89    4935.97  114.1391  22.5613   1.3507     -93.3122
   1889    4271  2378.13    5056.92  114.1625  22.5578   1.5484     -91.6670
   1889    4393  2395.39    5177.96  114.1860  22.5542   1.7473     -90.3926
   1889    4515  2412.65    5299.12  114.2094  22.5506   1.9471     -89.3764
   1889    4637  2429.94    5420.39  114.2329  22.5470   2.1474     -88.5473
   1889    4759  2447.24    5541.79  114.2564  22.5434   2.3483     -87.8577
   1889    4881  2464.56    5663.33  114.2799  22.5398   2.5496     -87.2749
   1889    5003  2481.91    5785.01  114.3035  22.5362   2.7513     -86.7757
   1889    5125  2499.27    5906.85  114.3271  22.5326   2.9535     -86.3430
   1889    5247  2516.67    6028.86  114.3507  22.5290   3.1559     -85.9643
   1889    5369  2534.08    6151.05  114.3743  22.5253   3.3587     -85.6297
   1889    5491  2551.52    6273.42  114.3980  22.5217   3.5618     -85.3319
   1889    5613  2568.99    6395.99  114.4217  22.5180   3.7653     -85.0649
   1889    5735  2586.50    6518.77  114.4455  22.5144   3.9691     -84.8240
   1889    5857  2604.03    6641.76  114.4693  22.5107   4.1732     -84.6055
   1889    6000  2624.62    6786.21  114.4972  22.5064   4.4129     -84.3736
   2007       1  1888.79    787.03  113.3343  22.6603   5.5723     102.0460
   2007     123  1906.40    910.58  113.3583  22.6568   5.3675     102.1715
   2007     245  1923.98    1033.90  113.3822  22.6532   5.1631     102.3060
   2007     367  1941.52    1156.98  113.4061  22.6497   4.9590     102.4506
   2007     489  1959.03    1279.84  113.4300  22.6462   4.7551     102.6065
   2007     611  1976.52    1402.49  113.4538  22.6427   4.5515     102.7754
   2007     733  1993.97    1524.94  113.4775  22.6392   4.3482     102.9589
   2007     855  2011.40    1647.19  113.5012  22.6356   4.1452     103.1593
   2007     977  2028.80    1769.27  113.5249  22.6321   3.9425     103.3792
   2007    1099  2046.17    1891.17  113.5486  22.6286   3.7400     103.6215
   2007    1221  2063.53    2012.91  113.5722  22.6251   3.5378     103.8903
   2007    1343  2080.86    2134.50  113.5958  22.6216   3.3358     104.1902
   2007    1465  2098.17    2255.95  113.6193  22.6181   3.1341     104.5273
   2007    1587  2115.46    2377.27  113.6428  22.6146   2.9327     104.9091
   2007    1709  2132.74    2498.47  113.6663  22.6111   2.7316     105.3456
   2007    1831  2150.00    2619.55  113.6898  22.6076   2.5308     105.8495
   2007    1953  2167.25    2740.54  113.7133  22.6041   2.3303     106.4383
   2007    2075  2184.48    2861.43  113.7367  22.6005   2.1302     107.1357
   2007    2197  2201.70    2982.24  113.7601  22.5970   1.9305     107.9751
   2007    2319  2218.91    3102.98  113.7835  22.5935   1.7315     109.0054
   2007    2441  2236.11    3223.66  113.8069  22.5900   1.5332     110.2998
   2007    2563  2253.31    3344.28  113.8303  22.5865   1.3360     111.9744
   2007    2685  2270.50    3464.87  113.8537  22.5830   1.1403     114.2225
   2007    2807  2287.68    3585.42  113.8770  22.5795   0.9471     117.3901
   2007    2929  2304.86    3705.95  113.9004  22.5759   0.7583     122.1514
   2007    3051  2322.04    3826.47  113.9237  22.5724   0.5781     129.9612
   2007    3173  2339.22    3946.99  113.9471  22.5689   0.4177     144.2331
   2007    3295  2356.41    4067.52  113.9704  22.5654   0.3099     171.6030
   2007    3417  2373.59    4188.06  113.9938  22.5618   0.3143     -150.7256
   2007    3539  2390.78    4308.63  114.0171  22.5583   0.4275     -124.4176
   2007    3661  2407.97    4429.24  114.0405  22.5547   0.5899     -110.7523
   2007    3783  2425.17    4549.90  114.0639  22.5512   0.7711     -103.2205
   2007    3905  2442.38    4670.62  114.0872  22.5476   0.9606     -98.5981
   2007    4027  2459.60    4791.40  114.1106  22.5441   1.1544     -95.5077
   2007    4149  2476.83    4912.26  114.1340  22.5405   1.3506     -93.3063
   2007    4271  2494.07    5033.21  114.1575  22.5369   1.5484     -91.6620
   2007    4393  2511.33    5154.26  114.1809  22.5334   1.7473     -90.3882
   2007    4515  2528.60    5275.41  114.2043  22.5298   1.9470     -89.3727
   2007    4637  2545.88    5396.68  114.2278  22.5262   2.1473     -88.5440
   2007    4759  2563.19    5518.08  114.2513  22.5226   2.3482     -87.8548
   2007    4881  2580.52    5639.61  114.2748  22.5190   2.5495     -87.2723
   2007    5003  2597.86    5761.30  114.2984  22.5154   2.7513     -86.7734
   2007    5125  2615.23    5883.14  114.3220  22.5118   2.9534     -86.3410
   2007    5247  2632.63    6005.14  114.3456  22.5081   3.1558     -85.9625
   2007    5369  2650.05    6127.33  114.3692  22.5045   3.3586     -85.6281
   2007    5491  2667.49    6249.70  114.3929  22.5009   3.5618     -85.3304
   2007    5613  2684.97    6372.27  114.4166  22.4972   3.7652     -85.0636
   2007    5735  2702.47    6495.04  114.4404  22.4935   3.9690     -84.8229
   2007    5857  2720.01    6618.04  114.4642  22.4899   4.1731     -84.6045
   2007    6000  2740.60    6762.49  114.4921  22.4855   4.4128     -84.3728
   2125       1  2004.61    763.36  113.3294  22.6395   5.5723     102.0430
   2125     123  2022.22    886.91  113.3534  22.6359   5.3676     102.1684
   2125     245  2039.80    1010.22  113.3773  22.6324   5.1631     102.3028
   2125     367  2057.35    1133.30  113.4012  22.6289   4.9590     102.4473
   2125     489  2074.87    1256.16  113.4250  22.6254   4.7551     102.6031
   2125     611  2092.35    1378.81  113.4488  22.6218   4.5516     102.7719
   2125     733  2109.81    1501.26  113.4725  22.6183   4.3483     102.9553
   2125     855  2127.24    1623.51  113.4963  22.6148   4.1453     103.1556
   2125     977  2144.64    1745.59  113.5199  22.6113   3.9425     103.3753
   2125    1099  2162.02    1867.49  113.5436  22.6078   3.7400     103.6175
   2125    1221  2179.38    1989.23  113.5672  22.6043   3.5378     103.8861
   2125    1343  2196.72    2110.82  113.5908  22.6008   3.3359     104.1858
   2125    1465  2214.03    2232.27  113.6143  22.5973   3.1342     104.5227
   2125    1587  2231.33    2353.58  113.6378  22.5937   2.9327     104.9042
   2125    1709  2248.61    2474.78  113.6613  22.5902   2.7316     105.3404
   2125    1831  2265.87    2595.86  113.6848  22.5867   2.5308     105.8440
   2125    1953  2283.12    2716.85  113.7082  22.5832   2.3303     106.4324
   2125    2075  2300.35    2837.74  113.7317  22.5797   2.1302     107.1293
   2125    2197  2317.58    2958.55  113.7551  22.5762   1.9306     107.9682
   2125    2319  2334.79    3079.29  113.7785  22.5727   1.7315     108.9978
   2125    2441  2352.00    3199.96  113.8019  22.5692   1.5332     110.2914
   2125    2563  2369.20    3320.59  113.8253  22.5657   1.3360     111.9649
   2125    2685  2386.39    3441.17  113.8486  22.5622   1.1403     114.2116
   2125    2807  2403.58    3561.72  113.8720  22.5586   0.9471     117.3772
   2125    2929  2420.76    3682.25  113.8953  22.5551   0.7582     122.1357
   2125    3051  2437.95    3802.77  113.9187  22.5516   0.5780     129.9416
   2125    3173  2455.13    3923.29  113.9420  22.5481   0.4177     144.2090
   2125    3295  2472.31    4043.81  113.9654  22.5445   0.3097     171.5825
   2125    3417  2489.50    4164.36  113.9887  22.5410   0.3141     -150.7238
   2125    3539  2506.69    4284.93  114.0121  22.5375   0.4273     -124.4055
   2125    3661  2523.89    4405.54  114.0354  22.5339   0.5898     -110.7405
   2125    3783  2541.09    4526.19  114.0588  22.5304   0.7710     -103.2105
   2125    3905  2558.30    4646.91  114.0822  22.5268   0.9605     -98.5899
   2125    4027  2575.53    4767.69  114.1056  22.5233   1.1543     -95.5008
   2125    4149  2592.76    4888.55  114.1290  22.5197   1.3505     -93.3005
   2125    4271  2610.00    5009.50  114.1524  22.5161   1.5483     -91.6570
   2125    4393  2627.26    5130.54  114.1758  22.5125   1.7472     -90.3839
   2125    4515  2644.54    5251.69  114.1993  22.5090   1.9469     -89.3689
   2125    4637  2661.83    5372.96  114.2227  22.5054   2.1473     -88.5407
   2125    4759  2679.14    5494.36  114.2462  22.5018   2.3481     -87.8519
   2125    4881  2696.47    5615.89  114.2697  22.4982   2.5495     -87.2697
   2125    5003  2713.82    5737.58  114.2933  22.4946   2.7512     -86.7711
   2125    5125  2731.19    5859.41  114.3169  22.4909   2.9533     -86.3390
   2125    5247  2748.59    5981.42  114.3405  22.4873   3.1558     -85.9606
   2125    5369  2766.01    6103.60  114.3641  22.4837   3.3586     -85.6265
   2125    5491  2783.46    6225.97  114.3878  22.4800   3.5617     -85.3290
   2125    5613  2800.94    6348.54  114.4115  22.4764   3.7652     -85.0623
   2125    5735  2818.45    6471.31  114.4353  22.4727   3.9690     -84.8217
   2125    5857  2835.99    6594.31  114.4590  22.4690   4.1731     -84.6035
   2125    6000  2856.58    6738.76  114.4870  22.4647   4.4128     -84.3719
   2243       1  2120.42    739.68  113.3244  22.6186   5.5724     102.0400
   2243     123  2138.04    863.24  113.3484  22.6151   5.3676     102.1653
   2243     245  2155.63    986.55  113.3723  22.6116   5.1632     102.2996
   2243     367  2173.18    1109.63  113.3962  22.6080   4.9590     102.4440
   2243     489  2190.70    1232.48  113.4200  22.6045   4.7552     102.5998
   2243     611  2208.19    1355.13  113.4438  22.6010   4.5516     102.7684
   2243     733  2225.65    1477.58  113.4676  22.5975   4.3483     102.9517
   2243     855  2243.08    1599.83  113.4913  22.5940   4.1453     103.1519
   2243     977  2260.49    1721.90  113.5149  22.5905   3.9426     103.3714
   2243    1099  2277.87    1843.80  113.5386  22.5869   3.7401     103.6134
   2243    1221  2295.23    1965.54  113.5622  22.5834   3.5379     103.8819
   2243    1343  2312.57    2087.13  113.5858  22.5799   3.3359     104.1814
   2243    1465  2329.89    2208.58  113.6093  22.5764   3.1342     104.5180
   2243    1587  2347.19    2329.89  113.6328  22.5729   2.9328     104.8994
   2243    1709  2364.47    2451.09  113.6563  22.5694   2.7316     105.3352
   2243    1831  2381.74    2572.17  113.6798  22.5659   2.5308     105.8385
   2243    1953  2398.99    2693.15  113.7032  22.5624   2.3303     106.4265
   2243    2075  2416.23    2814.04  113.7267  22.5589   2.1302     107.1229
   2243    2197  2433.46    2934.85  113.7501  22.5554   1.9306     107.9613
   2243    2319  2450.68    3055.59  113.7735  22.5519   1.7315     108.9902
   2243    2441  2467.88    3176.26  113.7969  22.5483   1.5332     110.2830
   2243    2563  2485.09    3296.89  113.8202  22.5448   1.3360     111.9554
   2243    2685  2502.28    3417.47  113.8436  22.5413   1.1403     114.2006
   2243    2807  2519.47    3538.02  113.8669  22.5378   0.9471     117.3643
   2243    2929  2536.66    3658.55  113.8903  22.5343   0.7582     122.1200
   2243    3051  2553.85    3779.07  113.9136  22.5308   0.5780     129.9219
   2243    3173  2571.03    3899.58  113.9370  22.5272   0.4176     144.1848
   2243    3295  2588.22    4020.11  113.9603  22.5237   0.3096     171.5620
   2243    3417  2605.41    4140.65  113.9837  22.5202   0.3139     -150.7220
   2243    3539  2622.61    4261.22  114.0070  22.5166   0.4271     -124.3934
   2243    3661  2639.81    4381.83  114.0304  22.5131   0.5896     -110.7286
   2243    3783  2657.01    4502.48  114.0537  22.5095   0.7709     -103.2005
   2243    3905  2674.23    4623.19  114.0771  22.5060   0.9604     -98.5816
   2243    4027  2691.45    4743.98  114.1005  22.5024   1.1542     -95.4939
   2243    4149  2708.69    4864.83  114.1239  22.4989   1.3504     -93.2946
   2243    4271  2725.94    4985.78  114.1473  22.4953   1.5482     -91.6520
   2243    4393  2743.20    5106.82  114.1707  22.4917   1.7471     -90.3796
   2243    4515  2760.48    5227.97  114.1942  22.4881   1.9468     -89.3651
   2243    4637  2777.77    5349.24  114.2176  22.4845   2.1472     -88.5374
   2243    4759  2795.09    5470.64  114.2411  22.4810   2.3481     -87.8489
   2243    4881  2812.42    5592.17  114.2647  22.4773   2.5494     -87.2672
   2243    5003  2829.77    5713.85  114.2882  22.4737   2.7511     -86.7688
   2243    5125  2847.15    5835.69  114.3118  22.4701   2.9532     -86.3369
   2243    5247  2864.55    5957.69  114.3354  22.4665   3.1557     -85.9588
   2243    5369  2881.98    6079.87  114.3590  22.4629   3.3585     -85.6249
   2243    5491  2899.43    6202.24  114.3827  22.4592   3.5616     -85.3276
   2243    5613  2916.91    6324.81  114.4064  22.4556   3.7651     -85.0611
   2243    5735  2934.42    6447.58  114.4301  22.4519   3.9689     -84.8206
   2243    5857  2951.96    6570.57  114.4539  22.4482   4.1730     -84.6025
   2243    6000  2972.57    6715.02  114.4818  22.4439   4.4127     -84.3711
   2361       1  2236.24    716.00  113.3195  22.5978   5.5724     102.0370
   2361     123  2253.86    839.56  113.3434  22.5942   5.3677     102.1623
   2361     245  2271.45    962.87  113.3674  22.5907   5.1632     102.2965
   2361     367  2289.00    1085.95  113.3912  22.5872   4.9591     102.4408
   2361     489  2306.53    1208.80  113.4151  22.5837   4.7552     102.5964
   2361     611  2324.02    1331.45  113.4388  22.5802   4.5516     102.7649
   2361     733  2341.48    1453.89  113.4626  22.5766   4.3484     102.9481
   2361     855  2358.92    1576.14  113.4863  22.5731   4.1453     103.1481
   2361     977  2376.33    1698.22  113.5100  22.5696   3.9426     103.3675
   2361    1099  2393.72    1820.12  113.5336  22.5661   3.7401     103.6094
   2361    1221  2411.08    1941.85  113.5572  22.5626   3.5379     103.8776
   2361    1343  2428.42    2063.44  113.5808  22.5591   3.3359     104.1770
   2361    1465  2445.75    2184.89  113.6043  22.5556   3.1342     104.5134
   2361    1587  2463.05    2306.20  113.6278  22.5521   2.9328     104.8945
   2361    1709  2480.33    2427.39  113.6513  22.5486   2.7317     105.3300
   2361    1831  2497.61    2548.48  113.6748  22.5451   2.5308     105.8330
   2361    1953  2514.86    2669.46  113.6982  22.5416   2.3303     106.4206
   2361    2075  2532.10    2790.35  113.7217  22.5380   2.1302     107.1166
   2361    2197  2549.33    2911.15  113.7451  22.5345   1.9306     107.9544
   2361    2319  2566.56    3031.89  113.7685  22.5310   1.7315     108.9826
   2361    2441  2583.77    3152.56  113.7918  22.5275   1.5332     110.2746
   2361    2563  2600.97    3273.19  113.8152  22.5240   1.3360     111.9459
   2361    2685  2618.17    3393.77  113.8386  22.5205   1.1403     114.1897
   2361    2807  2635.37    3514.32  113.8619  22.5170   0.9471     117.3514
   2361    2929  2652.56    3634.84  113.8853  22.5134   0.7582     122.1043
   2361    3051  2669.75    3755.36  113.9086  22.5099   0.5779     129.9022
   2361    3173  2686.94    3875.88  113.9319  22.5064   0.4175     144.1606
   2361    3295  2704.13    3996.40  113.9553  22.5029   0.3094     171.5415
   2361    3417  2721.32    4116.94  113.9786  22.4993   0.3137     -150.7202
   2361    3539  2738.52    4237.51  114.0020  22.4958   0.4270     -124.3813
   2361    3661  2755.72    4358.11  114.0253  22.4923   0.5895     -110.7167
   2361    3783  2772.93    4478.77  114.0487  22.4887   0.7708     -103.1905
   2361    3905  2790.15    4599.48  114.0720  22.4852   0.9603     -98.5733
   2361    4027  2807.38    4720.26  114.0954  22.4816   1.1541     -95.4869
   2361    4149  2824.62    4841.11  114.1188  22.4780   1.3503     -93.2888
   2361    4271  2841.87    4962.06  114.1422  22.4745   1.5481     -91.6470
   2361    4393  2859.14    5083.10  114.1656  22.4709   1.7470     -90.3752
   2361    4515  2876.42    5204.25  114.1891  22.4673   1.9467     -89.3613
   2361    4637  2893.72    5325.52  114.2126  22.4637   2.1471     -88.5340
   2361    4759  2911.03    5446.91  114.2360  22.4601   2.3480     -87.8460
   2361    4881  2928.37    5568.44  114.2596  22.4565   2.5493     -87.2646
   2361    5003  2945.73    5690.12  114.2831  22.4529   2.7511     -86.7665
   2361    5125  2963.11    5811.96  114.3067  22.4493   2.9532     -86.3349
   2361    5247  2980.51    5933.96  114.3303  22.4457   3.1556     -85.9570
   2361    5369  2997.94    6056.14  114.3539  22.4420   3.3584     -85.6233
   2361    5491  3015.40    6178.51  114.3776  22.4384   3.5616     -85.3261
   2361    5613  3032.88    6301.07  114.4013  22.4347   3.7650     -85.0598
   2361    5735  3050.40    6423.85  114.4250  22.4311   3.9688     -84.8195
   2361    5857  3067.94    6546.83  114.4488  22.4274   4.1730     -84.6015
   2361    6000  3088.55    6691.28  114.4767  22.4231   4.4126     -84.3702
   2479       1  2352.05    692.32  113.3145  22.5769   5.5725     102.0340
   2479     123  2369.68    815.87  113.3385  22.5734   5.3677     102.1592
   2479     245  2387.27    939.18  113.3624  22.5699   5.1632     102.2933
   2479     367  2404.83    1062.26  113.3863  22.5664   4.9591     102.4375
   2479     489  2422.36    1185.12  113.4101  22.5628   4.7552     102.5930
   2479     611  2439.85    1307.76  113.4339  22.5593   4.5517     102.7614
   2479     733  2457.32    1430.20  113.4576  22.5558   4.3484     102.9445
   2479     855  2474.76    1552.45  113.4813  22.5523   4.1454     103.1444
   2479     977  2492.17    1674.52  113.5050  22.5488   3.9426     103.3636
   2479    1099  2509.56    1796.42  113.5286  22.5453   3.7401     103.6054
   2479    1221  2526.93    1918.16  113.5522  22.5418   3.5379     103.8734
   2479    1343  2544.28    2039.75  113.5758  22.5383   3.3360     104.1726
   2479    1465  2561.60    2161.19  113.5993  22.5347   3.1343     104.5087
   2479    1587  2578.91    2282.50  113.6228  22.5312   2.9328     104.8896
   2479    1709  2596.20    2403.70  113.6463  22.5277   2.7317     105.3248
   2479    1831  2613.47    2524.78  113.6698  22.5242   2.5309     105.8274
   2479    1953  2630.73    2645.75  113.6932  22.5207   2.3304     106.4147
   2479    2075  2647.98    2766.64  113.7166  22.5172   2.1303     107.1102
   2479    2197  2665.21    2887.45  113.7400  22.5137   1.9306     107.9475
   2479    2319  2682.43    3008.18  113.7634  22.5102   1.7315     108.9751
   2479    2441  2699.65    3128.86  113.7868  22.5067   1.5332     110.2661
   2479    2563  2716.86    3249.48  113.8102  22.5032   1.3360     111.9364
   2479    2685  2734.06    3370.06  113.8335  22.4997   1.1403     114.1787
   2479    2807  2751.26    3490.61  113.8569  22.4961   0.9471     117.3385
   2479    2929  2768.45    3611.13  113.8802  22.4926   0.7582     122.0886
   2479    3051  2785.65    3731.65  113.9036  22.4891   0.5779     129.8826
   2479    3173  2802.84    3852.16  113.9269  22.4856   0.4174     144.1364
   2479    3295  2820.03    3972.68  113.9502  22.4820   0.3093     171.5209
   2479    3417  2837.23    4093.22  113.9736  22.4785   0.3135     -150.7184
   2479    3539  2854.43    4213.79  113.9969  22.4750   0.4268     -124.3691
   2479    3661  2871.64    4334.39  114.0203  22.4714   0.5894     -110.7047
   2479    3783  2888.85    4455.05  114.0436  22.4679   0.7707     -103.1804
   2479    3905  2906.07    4575.76  114.0670  22.4643   0.9602     -98.5650
   2479    4027  2923.31    4696.54  114.0903  22.4608   1.1540     -95.4800
   2479    4149  2940.55    4817.39  114.1137  22.4572   1.3502     -93.2829
   2479    4271  2957.80    4938.33  114.1371  22.4536   1.5480     -91.6420
   2479    4393  2975.07    5059.38  114.1606  22.4501   1.7469     -90.3709
   2479    4515  2992.36    5180.52  114.1840  22.4465   1.9467     -89.3575
   2479    4637  3009.66    5301.79  114.2075  22.4429   2.1470     -88.5307
   2479    4759  3026.98    5423.18  114.2310  22.4393   2.3479     -87.8431
   2479    4881  3044.32    5544.71  114.2545  22.4357   2.5493     -87.2620
   2479    5003  3061.68    5666.39  114.2780  22.4321   2.7510     -86.7642
   2479    5125  3079.06    5788.22  114.3016  22.4285   2.9531     -86.3328
   2479    5247  3096.47    5910.23  114.3252  22.4249   3.1556     -85.9552
   2479    5369  3113.90    6032.41  114.3488  22.4212   3.3584     -85.6216
   2479    5491  3131.36    6154.77  114.3725  22.4176   3.5615     -85.3247
   2479    5613  3148.85    6277.33  114.3962  22.4139   3.7650     -85.0585
   2479    5735  3166.37    6400.10  114.4199  22.4103   3.9688     -84.8184
   2479    5857  3183.92    6523.09  114.4437  22.4066   4.1729     -84.6005
   2479    6000  3204.53    6667.54  114.4716  22.4023   4.4126     -84.3694
   2597       1  2467.87    668.63  113.3096  22.5561   5.5725     102.0311
   2597     123  2485.50    792.18  113.3335  22.5526   5.3677     102.1561
   2597     245  2503.09    915.49  113.3574  22.5490   5.1633     102.2901
   2597     367  2520.65    1038.57  113.3813  22.5455   4.9591     102.4342
   2597     489  2538.18    1161.42  113.4051  22.5420   4.7553     102.5897
   2597     611  2555.68    1284.07  113.4289  22.5385   4.5517     102.7580
   2597     733  2573.15    1406.51  113.4526  22.5350   4.3484     102.9409
   2597     855  2590.60    1528.76  113.4763  22.5314   4.1454     103.1406
   2597     977  2608.02    1650.83  113.5000  22.5279   3.9427     103.3597
   2597    1099  2625.41    1772.72  113.5236  22.5244   3.7402     103.6013
   2597    1221  2642.78    1894.46  113.5472  22.5209   3.5380     103.8692
   2597    1343  2660.13    2016.05  113.5708  22.5174   3.3360     104.1681
   2597    1465  2677.46    2137.49  113.5943  22.5139   3.1343     104.5041
   2597    1587  2694.77    2258.80  113.6178  22.5104   2.9329     104.8847
   2597    1709  2712.06    2379.99  113.6413  22.5069   2.7317     105.3197
   2597    1831  2729.34    2501.07  113.6648  22.5034   2.5309     105.8219
   2597    1953  2746.60    2622.05  113.6882  22.4999   2.3304     106.4088
   2597    2075  2763.85    2742.94  113.7116  22.4964   2.1303     107.1039
   2597    2197  2781.09    2863.74  113.7350  22.4929   1.9306     107.9406
   2597    2319  2798.31    2984.47  113.7584  22.4894   1.7316     108.9675
   2597    2441  2815.53    3105.15  113.7818  22.4859   1.5332     110.2577
   2597    2563  2832.74    3225.77  113.8051  22.4823   1.3360     111.9268
   2597    2685  2849.95    3346.35  113.8285  22.4788   1.1403     114.1678
   2597    2807  2867.15    3466.89  113.8518  22.4753   0.9470     117.3256
   2597    2929  2884.35    3587.42  113.8752  22.4718   0.7581     122.0729
   2597    3051  2901.55    3707.93  113.8985  22.4683   0.5778     129.8629
   2597    3173  2918.74    3828.44  113.9218  22.4647   0.4173     144.1122
   2597    3295  2935.94    3948.96  113.9452  22.4612   0.3091     171.5003
   2597    3417  2953.14    4069.50  113.9685  22.4577   0.3133     -150.7166
   2597    3539  2970.34    4190.07  113.9919  22.4541   0.4266     -124.3570
   2597    3661  2987.55    4310.67  114.0152  22.4506   0.5892     -110.6928
   2597    3783  3004.77    4431.32  114.0385  22.4471   0.7705     -103.1704
   2597    3905  3022.00    4552.03  114.0619  22.4435   0.9601     -98.5567
   2597    4027  3039.23    4672.81  114.0853  22.4399   1.1539     -95.4731
   2597    4149  3056.48    4793.66  114.1087  22.4364   1.3501     -93.2770
   2597    4271  3073.73    4914.60  114.1321  22.4328   1.5479     -91.6369
   2597    4393  3091.01    5035.64  114.1555  22.4292   1.7469     -90.3665
   2597    4515  3108.30    5156.79  114.1789  22.4257   1.9466     -89.3537
   2597    4637  3125.60    5278.06  114.2024  22.4221   2.1470     -88.5274
   2597    4759  3142.92    5399.45  114.2259  22.4185   2.3478     -87.8401
   2597    4881  3160.27    5520.98  114.2494  22.4149   2.5492     -87.2594
   2597    5003  3177.63    5642.65  114.2729  22.4113   2.7509     -86.7619
   2597    5125  3195.02    5764.49  114.2965  22.4077   2.9530     -86.3308
   2597    5247  3212.43    5886.49  114.3201  22.4040   3.1555     -85.9534
   2597    5369  3229.86    6008.66  114.3437  22.4004   3.3583     -85.6200
   2597    5491  3247.33    6131.03  114.3673  22.3968   3.5615     -85.3233
   2597    5613  3264.82    6253.59  114.3910  22.3931   3.7649     -85.0572
   2597    5735  3282.34    6376.36  114.4148  22.3894   3.9687     -84.8172
   2597    5857  3299.89    6499.34  114.4385  22.3858   4.1728     -84.5995
   2597    6000  3320.50    6643.79  114.4665  22.3815   4.4125     -84.3685
   2715       1  2583.68    644.94  113.3046  22.5353   5.5725     102.0280
   2715     123  2601.32    768.49  113.3286  22.5317   5.3678     102.1530
   2715     245  2618.91    891.80  113.3525  22.5282   5.1633     102.2870
   2715     367  2636.48    1014.88  113.3763  22.5247   4.9592     102.4309
   2715     489  2654.01    1137.73  113.4002  22.5212   4.7553     102.5863
   2715     611  2671.51    1260.37  113.4239  22.5176   4.5518     102.7545
   2715     733  2688.99    1382.81  113.4477  22.5141   4.3485     102.9373
   2715     855  2706.44    1505.06  113.4714  22.5106   4.1454     103.1369
   2715     977  2723.86    1627.13  113.4950  22.5071   3.9427     103.3558
   2715    1099  2741.25    1749.02  113.5186  22.5036   3.7402     103.5972
   2715    1221  2758.63    1870.76  113.5422  22.5001   3.5380     103.8650
   2715    1343  2775.98    1992.34  113.5658  22.4966   3.3360     104.1637
   2715    1465  2793.31    2113.78  113.5893  22.4931   3.1343     104.4994
   2715    1587  2810.62    2235.10  113.6128  22.4896   2.9329     104.8798
   2715    1709  2827.92    2356.29  113.6363  22.4861   2.7318     105.3145
   2715    1831  2845.20    2477.36  113.6598  22.4826   2.5309     105.8164
   2715    1953  2862.47    2598.34  113.6832  22.4790   2.3304     106.4029
   2715    2075  2879.72    2719.23  113.7066  22.4755   2.1303     107.0975
   2715    2197  2896.96    2840.03  113.7300  22.4720   1.9307     107.9337
   2715    2319  2914.19    2960.76  113.7534  22.4685   1.7316     108.9599
   2715    2441  2931.41    3081.43  113.7768  22.4650   1.5333     110.2493
   2715    2563  2948.63    3202.05  113.8001  22.4615   1.3360     111.9173
   2715    2685  2965.84    3322.63  113.8235  22.4580   1.1403     114.1568
   2715    2807  2983.04    3443.18  113.8468  22.4545   0.9470     117.3127
   2715    2929  3000.24    3563.70  113.8701  22.4510   0.7581     122.0572
   2715    3051  3017.44    3684.21  113.8935  22.4474   0.5778     129.8432
   2715    3173  3034.64    3804.72  113.9168  22.4439   0.4172     144.0879
   2715    3295  3051.84    3925.24  113.9401  22.4404   0.3089     171.4797
   2715    3417  3069.05    4045.78  113.9635  22.4368   0.3131     -150.7148
   2715    3539  3086.25    4166.34  113.9868  22.4333   0.4265     -124.3448
   2715    3661  3103.47    4286.94  114.0101  22.4298   0.5891     -110.6809
   2715    3783  3120.69    4407.59  114.0335  22.4262   0.7704     -103.1604
   2715    3905  3137.91    4528.30  114.0568  22.4227   0.9600     -98.5484
   2715    4027  3155.15    4649.08  114.0802  22.4191   1.1538     -95.4661
   2715    4149  3172.40    4769.93  114.1036  22.4156   1.3500     -93.2711
   2715    4271  3189.66    4890.87  114.1270  22.4120   1.5479     -91.6319
   2715    4393  3206.94    5011.91  114.1504  22.4084   1.7468     -90.3622
   2715    4515  3224.23    5133.06  114.1738  22.4048   1.9465     -89.3500
   2715    4637  3241.54    5254.32  114.1973  22.4013   2.1469     -88.5241
   2715    4759  3258.87    5375.71  114.2208  22.3977   2.3478     -87.8372
   2715    4881  3276.21    5497.24  114.2443  22.3941   2.5491     -87.2568
   2715    5003  3293.58    5618.91  114.2678  22.3904   2.7509     -86.7596
   2715    5125  3310.97    5740.74  114.2914  22.3868   2.9530     -86.3288
   2715    5247  3328.38    5862.74  114.3150  22.3832   3.1554     -85.9516
   2715    5369  3345.82    5984.92  114.3386  22.3796   3.3582     -85.6184
   2715    5491  3363.29    6107.28  114.3622  22.3759   3.5614     -85.3218
   2715    5613  3380.78    6229.84  114.3859  22.3723   3.7649     -85.0560
   2715    5735  3398.31    6352.61  114.4097  22.3686   3.9686     -84.8161
   2715    5857  3415.86    6475.60  114.4334  22.3649   4.1728     -84.5985
   2715    6000  3436.48    6620.04  114.4613  22.3606   4.4124     -84.3677
   2833       1  2699.50    621.25  113.2997  22.5144   5.5726     102.0251
   2833     123  2717.13    744.80  113.3236  22.5109   5.3678     102.1499
   2833     245  2734.73    868.10  113.3475  22.5074   5.1634     102.2838
   2833     367  2752.30    991.18  113.3714  22.5038   4.9592     102.4277
   2833     489  2769.84    1114.03  113.3952  22.5003   4.7554     102.5829
   2833     611  2787.34    1236.67  113.4190  22.4968   4.5518     102.7510
   2833     733  2804.82    1359.11  113.4427  22.4933   4.3485     102.9337
   2833     855  2822.27    1481.36  113.4664  22.4898   4.1455     103.1332
   2833     977  2839.70    1603.42  113.4900  22.4863   3.9427     103.3520
   2833    1099  2857.10    1725.32  113.5137  22.4828   3.7402     103.5932
   2833    1221  2874.47    1847.05  113.5372  22.4792   3.5380     103.8607
   2833    1343  2891.83    1968.63  113.5608  22.4757   3.3361     104.1593
   2833    1465  2909.16    2090.08  113.5843  22.4722   3.1344     104.4948
   2833    1587  2926.48    2211.38  113.6078  22.4687   2.9329     104.8749
   2833    1709  2943.78    2332.57  113.6313  22.4652   2.7318     105.3093
   2833    1831  2961.06    2453.65  113.6548  22.4617   2.5309     105.8109
   2833    1953  2978.33    2574.63  113.6782  22.4582   2.3304     106.3970
   2833    2075  2995.59    2695.51  113.7016  22.4547   2.1303     107.0911
   2833    2197  3012.83    2816.31  113.7250  22.4512   1.9307     107.9268
   2833    2319  3030.07    2937.04  113.7484  22.4477   1.7316     108.9523
   2833    2441  3047.29    3057.71  113.7717  22.4442   1.5333     110.2408
   2833    2563  3064.51    3178.33  113.7951  22.4407   1.3360     111.9078
   2833    2685  3081.72    3298.91  113.8184  22.4372   1.1403     114.1459
   2833    2807  3098.93    3419.45  113.8418  22.4336   0.9470     117.2997
   2833    2929  3116.13    3539.98  113.8651  22.4301   0.7581     122.0415
   2833    3051  3133.34    3660.49  113.8884  22.4266   0.5777     129.8235
   2833    3173  3150.54    3781.00  113.9118  22.4231   0.4171     144.0637
   2833    3295  3167.74    3901.51  113.9351  22.4196   0.3088     171.4591
   2833    3417  3184.95    4022.05  113.9584  22.4160   0.3129     -150.7130
   2833    3539  3202.16    4142.61  113.9817  22.4125   0.4263     -124.3326
   2833    3661  3219.38    4263.21  114.0051  22.4089   0.5890     -110.6689
   2833    3783  3236.60    4383.86  114.0284  22.4054   0.7703     -103.1503
   2833    3905  3253.83    4504.57  114.0518  22.4018   0.9599     -98.5400
   2833    4027  3271.07    4625.34  114.0751  22.3983   1.1537     -95.4592
   2833    4149  3288.33    4746.20  114.0985  22.3947   1.3499     -93.2653
   2833    4271  3305.59    4867.13  114.1219  22.3912   1.5478     -91.6269
   2833    4393  3322.87    4988.17  114.1453  22.3876   1.7467     -90.3578
   2833    4515  3340.17    5109.32  114.1688  22.3840   1.9464     -89.3462
   2833    4637  3357.48    5230.58  114.1922  22.3804   2.1468     -88.5207
   2833    4759  3374.81    5351.97  114.2157  22.3768   2.3477     -87.8343
   2833    4881  3392.16    5473.49  114.2392  22.3732   2.5490     -87.2542
   2833    5003  3409.53    5595.17  114.2627  22.3696   2.7508     -86.7573
   2833    5125  3426.92    5717.00  114.2863  22.3660   2.9529     -86.3267
   2833    5247  3444.34    5839.00  114.3099  22.3624   3.1554     -85.9497
   2833    5369  3461.78    5961.17  114.3335  22.3588   3.3582     -85.6168
   2833    5491  3479.25    6083.53  114.3571  22.3551   3.5613     -85.3204
   2833    5613  3496.75    6206.09  114.3808  22.3515   3.7648     -85.0547
   2833    5735  3514.27    6328.86  114.4045  22.3478   3.9686     -84.8150
   2833    5857  3531.83    6451.84  114.4283  22.3441   4.1727     -84.5975
   2833    6000  3552.45    6596.28  114.4562  22.3398   4.4124     -84.3668
   2951       1  2815.31    597.55  113.2947  22.4936   5.5726     102.0221
   2951     123  2832.95    721.10  113.3187  22.4900   5.3679     102.1469
   2951     245  2850.55    844.40  113.3426  22.4865   5.1634     102.2806
   2951     367  2868.12    967.47  113.3664  22.4830   4.9593     102.4244
   2951     489  2885.66    1090.32  113.3902  22.4795   4.7554     102.5795
   2951     611  2903.17    1212.96  113.4140  22.4760   4.5518     102.7475
   2951     733  2920.65    1335.40  113.4377  22.4724   4.3485     102.9301
   2951     855  2938.11    1457.65  113.4614  22.4689   4.1455     103.1294
   2951     977  2955.53    1579.71  113.4851  22.4654   3.9428     103.3481
   2951    1099  2972.94    1701.61  113.5087  22.4619   3.7403     103.5892
   2951    1221  2990.32    1823.34  113.5323  22.4584   3.5381     103.8565
   2951    1343  3007.68    1944.92  113.5558  22.4549   3.3361     104.1549
   2951    1465  3025.01    2066.36  113.5793  22.4514   3.1344     104.4902
   2951    1587  3042.33    2187.67  113.6028  22.4479   2.9330     104.8700
   2951    1709  3059.64    2308.86  113.6263  22.4444   2.7318     105.3041
   2951    1831  3076.92    2429.93  113.6498  22.4409   2.5310     105.8054
   2951    1953  3094.20    2550.91  113.6732  22.4374   2.3305     106.3911
   2951    2075  3111.46    2671.79  113.6966  22.4339   2.1303     107.0848
   2951    2197  3128.70    2792.59  113.7200  22.4304   1.9307     107.9199
   2951    2319  3145.94    2913.32  113.7434  22.4269   1.7316     108.9447
   2951    2441  3163.17    3033.99  113.7667  22.4234   1.5333     110.2324
   2951    2563  3180.39    3154.61  113.7901  22.4198   1.3360     111.8983
   2951    2685  3197.61    3275.18  113.8134  22.4163   1.1403     114.1349
   2951    2807  3214.82    3395.73  113.8367  22.4128   0.9470     117.2868
   2951    2929  3232.02    3516.25  113.8601  22.4093   0.7581     122.0258
   2951    3051  3249.23    3636.76  113.8834  22.4058   0.5776     129.8038
   2951    3173  3266.44    3757.27  113.9067  22.4022   0.4170     144.0394
   2951    3295  3283.65    3877.78  113.9300  22.3987   0.3086     171.4385
   2951    3417  3300.86    3998.32  113.9534  22.3952   0.3127     -150.7111
   2951    3539  3318.07    4118.88  113.9767  22.3917   0.4262     -124.3204
   2951    3661  3335.29    4239.48  114.0000  22.3881   0.5888     -110.6570
   2951    3783  3352.52    4360.13  114.0234  22.3846   0.7702     -103.1403
   2951    3905  3369.75    4480.83  114.0467  22.3810   0.9598     -98.5317
   2951    4027  3387.00    4601.60  114.0701  22.3775   1.1536     -95.4522
   2951    4149  3404.25    4722.46  114.0935  22.3739   1.3498     -93.2594
   2951    4271  3421.52    4843.39  114.1168  22.3703   1.5477     -91.6218
   2951    4393  3438.80    4964.43  114.1403  22.3668   1.7466     -90.3535
   2951    4515  3456.10    5085.57  114.1637  22.3632   1.9464     -89.3424
   2951    4637  3473.41    5206.83  114.1871  22.3596   2.1467     -88.5174
   2951    4759  3490.75    5328.22  114.2106  22.3560   2.3476     -87.8313
   2951    4881  3508.10    5449.75  114.2341  22.3524   2.5490     -87.2516
   2951    5003  3525.47    5571.42  114.2576  22.3488   2.7507     -86.7550
   2951    5125  3542.87    5693.25  114.2812  22.3452   2.9528     -86.3246
   2951    5247  3560.29    5815.24  114.3048  22.3416   3.1553     -85.9479
   2951    5369  3577.74    5937.42  114.3284  22.3379   3.3581     -85.6151
   2951    5491  3595.21    6059.78  114.3520  22.3343   3.5613     -85.3189
   2951    5613  3612.71    6182.34  114.3757  22.3306   3.7647     -85.0534
   2951    5735  3630.24    6305.10  114.3994  22.3270   3.9685     -84.8138
   2951    5857  3647.80    6428.08  114.4232  22.3233   4.1726     -84.5965
   2951    6000  3668.43    6572.52  114.4511  22.3190   4.4123     -84.3660
   3069       1  2931.12    573.85  113.2898  22.4727   5.5727     102.0191
   3069     123  2948.76    697.39  113.3137  22.4692   5.3679     102.1438
   3069     245  2966.37    820.69  113.3376  22.4657   5.1634     102.2775
   3069     367  2983.94    943.77  113.3615  22.4622   4.9593     102.4212
   3069     489  3001.49    1066.62  113.3853  22.4586   4.7554     102.5762
   3069     611  3019.00    1189.25  113.4090  22.4551   4.5519     102.7440
   3069     733  3036.48    1311.69  113.4327  22.4516   4.3486     102.9265
   3069     855  3053.94    1433.94  113.4564  22.4481   4.1456     103.1257
   3069     977  3071.37    1556.00  113.4801  22.4446   3.9428     103.3442
   3069    1099  3088.78    1677.89  113.5037  22.4411   3.7403     103.5851
   3069    1221  3106.16    1799.63  113.5273  22.4376   3.5381     103.8523
   3069    1343  3123.52    1921.21  113.5508  22.4341   3.3361     104.1504
   3069    1465  3140.86    2042.64  113.5743  22.4306   3.1344     104.4855
   3069    1587  3158.19    2163.95  113.5978  22.4271   2.9330     104.8651
   3069    1709  3175.49    2285.14  113.6213  22.4236   2.7318     105.2989
   3069    1831  3192.78    2406.21  113.6448  22.4200   2.5310     105.7999
   3069    1953  3210.06    2527.19  113.6682  22.4165   2.3305     106.3852
   3069    2075  3227.32    2648.07  113.6916  22.4130   2.1304     107.0784
   3069    2197  3244.57    2768.87  113.7150  22.4095   1.9307     107.9129
   3069    2319  3261.81    2889.60  113.7383  22.4060   1.7316     108.9371
   3069    2441  3279.05    3010.26  113.7617  22.4025   1.5333     110.2240
   3069    2563  3296.27    3130.88  113.7850  22.3990   1.3360     111.8888
   3069    2685  3313.49    3251.45  113.8084  22.3955   1.1403     114.1240
   3069    2807  3330.70    3371.99  113.8317  22.3920   0.9470     117.2739
   3069    2929  3347.91    3492.52  113.8550  22.3885   0.7580     122.0101
   3069    3051  3365.12    3613.02  113.8784  22.3849   0.5776     129.7841
   3069    3173  3382.33    3733.53  113.9017  22.3814   0.4169     144.0151
   3069    3295  3399.54    3854.05  113.9250  22.3779   0.3084     171.4178
   3069    3417  3416.76    3974.58  113.9483  22.3744   0.3125     -150.7093
   3069    3539  3433.98    4095.14  113.9716  22.3708   0.4260     -124.3081
   3069    3661  3451.20    4215.74  113.9950  22.3673   0.5887     -110.6450
   3069    3783  3468.43    4336.38  114.0183  22.3637   0.7701     -103.1302
   3069    3905  3485.67    4457.09  114.0417  22.3602   0.9597     -98.5234
   3069    4027  3502.91    4577.86  114.0650  22.3566   1.1535     -95.4452
   3069    4149  3520.17    4698.71  114.0884  22.3531   1.3498     -93.2535
   3069    4271  3537.45    4819.65  114.1118  22.3495   1.5476     -91.6168
   3069    4393  3554.73    4940.68  114.1352  22.3459   1.7465     -90.3491
   3069    4515  3572.03    5061.82  114.1586  22.3424   1.9463     -89.3385
   3069    4637  3589.35    5183.08  114.1820  22.3388   2.1467     -88.5140
   3069    4759  3606.69    5304.47  114.2055  22.3352   2.3475     -87.8284
   3069    4881  3624.04    5425.99  114.2290  22.3316   2.5489     -87.2490
   3069    5003  3641.42    5547.66  114.2525  22.3280   2.7506     -86.7527
   3069    5125  3658.82    5669.49  114.2761  22.3244   2.9528     -86.3226
   3069    5247  3676.24    5791.49  114.2997  22.3207   3.1552     -85.9461
   3069    5369  3693.69    5913.66  114.3233  22.3171   3.3581     -85.6135
   3069    5491  3711.17    6036.02  114.3469  22.3135   3.5612     -85.3175
   3069    5613  3728.67    6158.58  114.3706  22.3098   3.7647     -85.0521
   3069    5735  3746.21    6281.34  114.3943  22.3062   3.9684     -84.8127
   3069    5857  3763.77    6404.32  114.4181  22.3025   4.1726     -84.5955
   3069    6000  3784.40    6548.76  114.4460  22.2982   4.4123     -84.3651
   3187       1  3046.93    550.14  113.2848  22.4519   5.5727     102.0161
   3187     123  3064.57    673.68  113.3087  22.4484   5.3679     102.1407
   3187     245  3082.18    796.98  113.3326  22.4448   5.1635     102.2743
   3187     367  3099.76    920.05  113.3565  22.4413   4.9593     102.4179
   3187     489  3117.31    1042.90  113.3803  22.4378   4.7555     102.5728
   3187     611  3134.82    1165.54  113.4041  22.4343   4.5519     102.7406
   3187     733  3152.31    1287.98  113.4278  22.4308   4.3486     102.9229
   3187     855  3169.77    1410.22  113.4515  22.4273   4.1456     103.1220
   3187     977  3187.21    1532.28  113.4751  22.4237   3.9428     103.3403
   3187    1099  3204.62    1654.18  113.4987  22.4202   3.7404     103.5811
   3187    1221  3222.00    1775.91  113.5223  22.4167   3.5381     103.8481
   3187    1343  3239.37    1897.48  113.5458  22.4132   3.3362     104.1460
   3187    1465  3256.71    2018.92  113.5694  22.4097   3.1345     104.4809
   3187    1587  3274.04    2140.23  113.5928  22.4062   2.9330     104.8602
   3187    1709  3291.35    2261.41  113.6163  22.4027   2.7319     105.2937
   3187    1831  3308.64    2382.49  113.6397  22.3992   2.5310     105.7944
   3187    1953  3325.92    2503.46  113.6632  22.3957   2.3305     106.3793
   3187    2075  3343.19    2624.34  113.6866  22.3922   2.1304     107.0721
   3187    2197  3360.44    2745.14  113.7100  22.3887   1.9307     107.9060
   3187    2319  3377.69    2865.86  113.7333  22.3852   1.7316     108.9295
   3187    2441  3394.92    2986.53  113.7567  22.3817   1.5333     110.2155
   3187    2563  3412.15    3107.15  113.7800  22.3782   1.3360     111.8793
   3187    2685  3429.37    3227.72  113.8034  22.3747   1.1403     114.1130
   3187    2807  3446.59    3348.26  113.8267  22.3711   0.9470     117.2610
   3187    2929  3463.80    3468.78  113.8500  22.3676   0.7580     121.9944
   3187    3051  3481.02    3589.29  113.8733  22.3641   0.5775     129.7644
   3187    3173  3498.23    3709.79  113.8966  22.3606   0.4168     143.9908
   3187    3295  3515.44    3830.31  113.9200  22.3571   0.3083     171.3971
   3187    3417  3532.66    3950.84  113.9433  22.3535   0.3123     -150.7074
   3187    3539  3549.88    4071.40  113.9666  22.3500   0.4258     -124.2958
   3187    3661  3567.11    4191.99  113.9899  22.3465   0.5886     -110.6330
   3187    3783  3584.34    4312.64  114.0133  22.3429   0.7700     -103.1201
   3187    3905  3601.58    4433.34  114.0366  22.3394   0.9596     -98.5150
   3187    4027  3618.83    4554.11  114.0600  22.3358   1.1534     -95.4383
   3187    4149  3636.09    4674.96  114.0833  22.3323   1.3497     -93.2476
   3187    4271  3653.37    4795.90  114.1067  22.3287   1.5475     -91.6117
   3187    4393  3670.66    4916.93  114.1301  22.3251   1.7465     -90.3447
   3187    4515  3687.96    5038.07  114.1535  22.3215   1.9462     -89.3347
   3187    4637  3705.28    5159.33  114.1770  22.3180   2.1466     -88.5107
   3187    4759  3722.62    5280.71  114.2004  22.3144   2.3475     -87.8254
   3187    4881  3739.98    5402.24  114.2239  22.3108   2.5488     -87.2464
   3187    5003  3757.36    5523.91  114.2474  22.3072   2.7506     -86.7503
   3187    5125  3774.77    5645.73  114.2710  22.3035   2.9527     -86.3205
   3187    5247  3792.19    5767.73  114.2946  22.2999   3.1552     -85.9442
   3187    5369  3809.65    5889.90  114.3182  22.2963   3.3580     -85.6119
   3187    5491  3827.12    6012.26  114.3418  22.2927   3.5611     -85.3160
   3187    5613  3844.63    6134.81  114.3655  22.2890   3.7646     -85.0508
   3187    5735  3862.17    6257.57  114.3892  22.2853   3.9684     -84.8116
   3187    5857  3879.74    6380.55  114.4130  22.2817   4.1725     -84.5945
   3187    6000  3900.37    6524.99  114.4409  22.2774   4.4122     -84.3642
   3305       1  3162.73    526.43  113.2799  22.4310   5.5727     102.0131
   3305     123  3180.38    649.97  113.3038  22.4275   5.3680     102.1376
   3305     245  3198.00    773.27  113.3277  22.4240   5.1635     102.2711
   3305     367  3215.58    896.34  113.3515  22.4205   4.9594     102.4146
   3305     489  3233.13    1019.19  113.3753  22.4170   4.7555     102.5695
   3305     611  3250.65    1141.82  113.3991  22.4134   4.5519     102.7371
   3305     733  3268.14    1264.26  113.4228  22.4099   4.3486     102.9193
   3305     855  3285.60    1386.50  113.4465  22.4064   4.1456     103.1182
   3305     977  3303.04    1508.56  113.4701  22.4029   3.9429     103.3364
   3305    1099  3320.46    1630.45  113.4937  22.3994   3.7404     103.5770
   3305    1221  3337.85    1752.18  113.5173  22.3959   3.5382     103.8439
   3305    1343  3355.21    1873.76  113.5408  22.3924   3.3362     104.1416
   3305    1465  3372.56    1995.20  113.5644  22.3889   3.1345     104.4762
   3305    1587  3389.89    2116.50  113.5878  22.3854   2.9330     104.8553
   3305    1709  3407.20    2237.68  113.6113  22.3819   2.7319     105.2886
   3305    1831  3424.50    2358.76  113.6347  22.3784   2.5311     105.7888
   3305    1953  3441.78    2479.73  113.6582  22.3749   2.3305     106.3734
   3305    2075  3459.05    2600.61  113.6816  22.3714   2.1304     107.0657
   3305    2197  3476.31    2721.40  113.7049  22.3679   1.9308     107.8991
   3305    2319  3493.56    2842.13  113.7283  22.3644   1.7317     108.9219
   3305    2441  3510.80    2962.80  113.7517  22.3608   1.5333     110.2071
   3305    2563  3528.03    3083.41  113.7750  22.3573   1.3360     111.8697
   3305    2685  3545.25    3203.98  113.7983  22.3538   1.1403     114.1021
   3305    2807  3562.47    3324.52  113.8217  22.3503   0.9470     117.2481
   3305    2929  3579.69    3445.04  113.8450  22.3468   0.7580     121.9786
   3305    3051  3596.91    3565.54  113.8683  22.3433   0.5775     129.7446
   3305    3173  3614.12    3686.05  113.8916  22.3398   0.4167     143.9665
   3305    3295  3631.34    3806.56  113.9149  22.3362   0.3081     171.3764
   3305    3417  3648.56    3927.09  113.9382  22.3327   0.3122     -150.7055
   3305    3539  3665.78    4047.65  113.9615  22.3292   0.4257     -124.2836
   3305    3661  3683.01    4168.25  113.9849  22.3256   0.5884     -110.6209
   3305    3783  3700.25    4288.89  114.0082  22.3221   0.7698     -103.1100
   3305    3905  3717.49    4409.59  114.0315  22.3185   0.9595     -98.5067
   3305    4027  3734.75    4530.36  114.0549  22.3150   1.1533     -95.4313
   3305    4149  3752.01    4651.21  114.0783  22.3114   1.3496     -93.2416
   3305    4271  3769.29    4772.14  114.1016  22.3079   1.5474     -91.6066
   3305    4393  3786.59    4893.17  114.1250  22.3043   1.7464     -90.3403
   3305    4515  3803.89    5014.31  114.1485  22.3007   1.9461     -89.3309
   3305    4637  3821.22    5135.57  114.1719  22.2971   2.1465     -88.5073
   3305    4759  3838.56    5256.96  114.1954  22.2935   2.3474     -87.8225
   3305    4881  3855.92    5378.48  114.2188  22.2899   2.5488     -87.2437
   3305    5003  3873.31    5500.14  114.2423  22.2863   2.7505     -86.7480
   3305    5125  3890.71    5621.97  114.2659  22.2827   2.9526     -86.3184
   3305    5247  3908.14    5743.96  114.2895  22.2791   3.1551     -85.9424
   3305    5369  3925.60    5866.13  114.3131  22.2755   3.3579     -85.6102
   3305    5491  3943.08    5988.49  114.3367  22.2718   3.5611     -85.3146
   3305    5613  3960.59    6111.04  114.3604  22.2682   3.7645     -85.0495
   3305    5735  3978.13    6233.80  114.3841  22.2645   3.9683     -84.8104
   3305    5857  3995.70    6356.78  114.4078  22.2609   4.1724     -84.5935
   3305    6000  4016.34    6501.22  114.4357  22.2565   4.4121     -84.3634
   3423       1  3278.54    502.71  113.2749  22.4102   5.5728     102.0101
   3423     123  3296.19    626.25  113.2988  22.4067   5.3680     102.1346
   3423     245  3313.81    749.55  113.3227  22.4031   5.1636     102.2680
   3423     367  3331.40    872.62  113.3466  22.3996   4.9594     102.4114
   3423     489  3348.95    995.47  113.3704  22.3961   4.7555     102.5661
   3423     611  3366.47    1118.10  113.3941  22.3926   4.5520     102.7336
   3423     733  3383.97    1240.53  113.4178  22.3891   4.3487     102.9157
   3423     855  3401.43    1362.78  113.4415  22.3856   4.1457     103.1145
   3423     977  3418.88    1484.84  113.4652  22.3821   3.9429     103.3326
   3423    1099  3436.29    1606.73  113.4888  22.3786   3.7404     103.5730
   3423    1221  3453.69    1728.45  113.5123  22.3751   3.5382     103.8396
   3423    1343  3471.06    1850.03  113.5359  22.3716   3.3362     104.1372
   3423    1465  3488.41    1971.47  113.5594  22.3680   3.1345     104.4716
   3423    1587  3505.74    2092.77  113.5829  22.3645   2.9331     104.8504
   3423    1709  3523.06    2213.95  113.6063  22.3610   2.7319     105.2834
   3423    1831  3540.36    2335.02  113.6298  22.3575   2.5311     105.7833
   3423    1953  3557.64    2455.99  113.6532  22.3540   2.3306     106.3675
   3423    2075  3574.92    2576.87  113.6766  22.3505   2.1304     107.0593
   3423    2197  3592.18    2697.67  113.6999  22.3470   1.9308     107.8922
   3423    2319  3609.43    2818.39  113.7233  22.3435   1.7317     108.9144
   3423    2441  3626.67    2939.06  113.7466  22.3400   1.5333     110.1987
   3423    2563  3643.90    3059.67  113.7700  22.3365   1.3360     111.8602
   3423    2685  3661.13    3180.24  113.7933  22.3330   1.1403     114.0911
   3423    2807  3678.36    3300.78  113.8166  22.3295   0.9470     117.2351
   3423    2929  3695.58    3421.29  113.8399  22.3260   0.7580     121.9629
   3423    3051  3712.80    3541.80  113.8633  22.3224   0.5774     129.7249
   3423    3173  3730.02    3662.30  113.8866  22.3189   0.4166     143.9422
   3423    3295  3747.24    3782.81  113.9099  22.3154   0.3080     171.3557
   3423    3417  3764.46    3903.34  113.9332  22.3119   0.3120     -150.7036
   3423    3539  3781.69    4023.90  113.9565  22.3083   0.4255     -124.2713
   3423    3661  3798.92    4144.49  113.9798  22.3048   0.5883     -110.6089
   3423    3783  3816.16    4265.14  114.0031  22.3013   0.7697     -103.0999
   3423    3905  3833.41    4385.84  114.0265  22.2977   0.9594     -98.4983
   3423    4027  3850.66    4506.61  114.0498  22.2942   1.1532     -95.4243
   3423    4149  3867.93    4627.45  114.0732  22.2906   1.3495     -93.2357
   3423    4271  3885.22    4748.38  114.0966  22.2870   1.5473     -91.6016
   3423    4393  3902.51    4869.42  114.1200  22.2835   1.7463     -90.3359
   3423    4515  3919.82    4990.55  114.1434  22.2799   1.9460     -89.3271
   3423    4637  3937.15    5111.81  114.1668  22.2763   2.1464     -88.5040
   3423    4759  3954.50    5233.19  114.1903  22.2727   2.3473     -87.8195
   3423    4881  3971.86    5354.71  114.2138  22.2691   2.5487     -87.2411
   3423    5003  3989.25    5476.38  114.2373  22.2655   2.7504     -86.7457
   3423    5125  4006.66    5598.20  114.2608  22.2619   2.9526     -86.3164
   3423    5247  4024.09    5720.19  114.2844  22.2583   3.1550     -85.9405
   3423    5369  4041.55    5842.36  114.3080  22.2546   3.3579     -85.6086
   3423    5491  4059.04    5964.72  114.3316  22.2510   3.5610     -85.3131
   3423    5613  4076.55    6087.27  114.3553  22.2474   3.7645     -85.0482
   3423    5735  4094.09    6210.03  114.3790  22.2437   3.9683     -84.8093
   3423    5857  4111.67    6333.00  114.4027  22.2400   4.1724     -84.5925
   3423    6000  4132.31    6477.44  114.4306  22.2357   4.4121     -84.3625
   3541       1  3394.35    478.99  113.2700  22.3894   5.5728     102.0071
   3541     123  3412.00    602.53  113.2939  22.3858   5.3680     102.1315
   3541     245  3429.62    725.83  113.3178  22.3823   5.1636     102.2648
   3541     367  3447.21    848.89  113.3416  22.3788   4.9594     102.4081
   3541     489  3464.77    971.74  113.3654  22.3753   4.7556     102.5627
   3541     611  3482.30    1094.37  113.3892  22.3718   4.5520     102.7301
   3541     733  3499.79    1216.81  113.4129  22.3682   4.3487     102.9121
   3541     855  3517.26    1339.05  113.4365  22.3647   4.1457     103.1108
   3541     977  3534.71    1461.11  113.4602  22.3612   3.9429     103.3287
   3541    1099  3552.13    1582.99  113.4838  22.3577   3.7405     103.5690
   3541    1221  3569.52    1704.72  113.5073  22.3542   3.5382     103.8354
   3541    1343  3586.90    1826.30  113.5309  22.3507   3.3363     104.1328
   3541    1465  3604.26    1947.73  113.5544  22.3472   3.1345     104.4670
   3541    1587  3621.59    2069.03  113.5779  22.3437   2.9331     104.8455
   3541    1709  3638.91    2190.21  113.6013  22.3402   2.7320     105.2782
   3541    1831  3656.21    2311.28  113.6248  22.3367   2.5311     105.7778
   3541    1953  3673.50    2432.25  113.6482  22.3332   2.3306     106.3616
   3541    2075  3690.78    2553.13  113.6716  22.3297   2.1305     107.0530
   3541    2197  3708.04    2673.92  113.6949  22.3262   1.9308     107.8853
   3541    2319  3725.30    2794.65  113.7183  22.3227   1.7317     108.9068
   3541    2441  3742.54    2915.31  113.7416  22.3192   1.5334     110.1902
   3541    2563  3759.78    3035.92  113.7650  22.3157   1.3360     111.8507
   3541    2685  3777.01    3156.49  113.7883  22.3122   1.1403     114.0802
   3541    2807  3794.24    3277.03  113.8116  22.3086   0.9470     117.2222
   3541    2929  3811.46    3397.54  113.8349  22.3051   0.7579     121.9472
   3541    3051  3828.69    3518.05  113.8582  22.3016   0.5774     129.7052
   3541    3173  3845.91    3638.55  113.8815  22.2981   0.4165     143.9179
   3541    3295  3863.13    3759.06  113.9048  22.2946   0.3078     171.3349
   3541    3417  3880.36    3879.59  113.9281  22.2910   0.3118     -150.7017
   3541    3539  3897.59    4000.14  113.9515  22.2875   0.4253     -124.2589
   3541    3661  3914.82    4120.74  113.9748  22.2840   0.5881     -110.5969
   3541    3783  3932.07    4241.38  113.9981  22.2804   0.7696     -103.0898
   3541    3905  3949.32    4362.08  114.0214  22.2769   0.9593     -98.4899
   3541    4027  3966.58    4482.84  114.0448  22.2733   1.1531     -95.4173
   3541    4149  3983.85    4603.69  114.0681  22.2698   1.3494     -93.2298
   3541    4271  4001.14    4724.62  114.0915  22.2662   1.5473     -91.5965
   3541    4393  4018.44    4845.65  114.1149  22.2626   1.7462     -90.3316
   3541    4515  4035.75    4966.79  114.1383  22.2591   1.9460     -89.3233
   3541    4637  4053.08    5088.04  114.1617  22.2555   2.1464     -88.5006
   3541    4759  4070.43    5209.42  114.1852  22.2519   2.3473     -87.8165
   3541    4881  4087.80    5330.94  114.2087  22.2483   2.5486     -87.2385
   3541    5003  4105.19    5452.61  114.2322  22.2447   2.7504     -86.7434
   3541    5125  4122.60    5574.43  114.2557  22.2411   2.9525     -86.3143
   3541    5247  4140.04    5696.42  114.2793  22.2375   3.1550     -85.9387
   3541    5369  4157.50    5818.59  114.3029  22.2338   3.3578     -85.6069
   3541    5491  4174.99    5940.94  114.3265  22.2302   3.5609     -85.3116
   3541    5613  4192.51    6063.49  114.3502  22.2265   3.7644     -85.0469
   3541    5735  4210.05    6186.25  114.3739  22.2229   3.9682     -84.8081
   3541    5857  4227.63    6309.23  114.3976  22.2192   4.1723     -84.5915
   3541    6000  4248.28    6453.66  114.4255  22.2149   4.4120     -84.3616
   3659       1  3510.15    455.26  113.2650  22.3685   5.5728     102.0041
   3659     123  3527.81    578.80  113.2890  22.3650   5.3681     102.1284
   3659     245  3545.44    702.10  113.3128  22.3615   5.1636     102.2616
   3659     367  3563.03    825.17  113.3367  22.3579   4.9595     102.4049
   3659     489  3580.59    948.01  113.3605  22.3544   4.7556     102.5594
   3659     611  3598.12    1070.64  113.3842  22.3509   4.5520     102.7267
   3659     733  3615.62    1193.07  113.4079  22.3474   4.3488     102.9085
   3659     855  3633.09    1315.31  113.4316  22.3439   4.1457     103.1070
   3659     977  3650.54    1437.37  113.4552  22.3404   3.9430     103.3248
   3659    1099  3667.96    1559.26  113.4788  22.3369   3.7405     103.5649
   3659    1221  3685.36    1680.99  113.5024  22.3334   3.5383     103.8312
   3659    1343  3702.74    1802.56  113.5259  22.3299   3.3363     104.1284
   3659    1465  3720.10    1923.99  113.5494  22.3264   3.1346     104.4623
   3659    1587  3737.44    2045.29  113.5729  22.3229   2.9331     104.8406
   3659    1709  3754.76    2166.47  113.5963  22.3194   2.7320     105.2730
   3659    1831  3772.07    2287.54  113.6198  22.3159   2.5311     105.7723
   3659    1953  3789.36    2408.51  113.6432  22.3124   2.3306     106.3557
   3659    2075  3806.64    2529.39  113.6666  22.3089   2.1305     107.0466
   3659    2197  3823.91    2650.18  113.6899  22.3054   1.9308     107.8784
   3659    2319  3841.16    2770.90  113.7133  22.3019   1.7317     108.8992
   3659    2441  3858.41    2891.56  113.7366  22.2983   1.5334     110.1818
   3659    2563  3875.65    3012.17  113.7599  22.2948   1.3361     111.8412
   3659    2685  3892.89    3132.74  113.7833  22.2913   1.1403     114.0692
   3659    2807  3910.12    3253.28  113.8066  22.2878   0.9469     117.2093
   3659    2929  3927.35    3373.79  113.8299  22.2843   0.7579     121.9314
   3659    3051  3944.57    3494.29  113.8532  22.2808   0.5773     129.6854
   3659    3173  3961.80    3614.79  113.8765  22.2773   0.4164     143.8935
   3659    3295  3979.03    3735.30  113.8998  22.2737   0.3076     171.3141
   3659    3417  3996.25    3855.83  113.9231  22.2702   0.3116     -150.6998
   3659    3539  4013.49    3976.38  113.9464  22.2667   0.4252     -124.2466
   3659    3661  4030.73    4096.98  113.9697  22.2631   0.5880     -110.5848
   3659    3783  4047.97    4217.62  113.9930  22.2596   0.7695     -103.0796
   3659    3905  4065.23    4338.32  114.0164  22.2561   0.9592     -98.4815
   3659    4027  4082.49    4459.08  114.0397  22.2525   1.1530     -95.4103
   3659    4149  4099.77    4579.92  114.0631  22.2489   1.3493     -93.2239
   3659    4271  4117.06    4700.85  114.0864  22.2454   1.5472     -91.5914
   3659    4393  4134.36    4821.88  114.1098  22.2418   1.7461     -90.3272
   3659    4515  4151.68    4943.02  114.1332  22.2382   1.9459     -89.3194
   3659    4637  4169.01    5064.27  114.1567  22.2347   2.1463     -88.4973
   3659    4759  4186.36    5185.65  114.1801  22.2311   2.3472     -87.8136
   3659    4881  4203.73    5307.17  114.2036  22.2275   2.5485     -87.2359
   3659    5003  4221.13    5428.83  114.2271  22.2239   2.7503     -86.7410
   3659    5125  4238.54    5550.66  114.2506  22.2203   2.9524     -86.3122
   3659    5247  4255.98    5672.64  114.2742  22.2166   3.1549     -85.9368
   3659    5369  4273.45    5794.81  114.2978  22.2130   3.3577     -85.6053
   3659    5491  4290.94    5917.16  114.3214  22.2094   3.5609     -85.3102
   3659    5613  4308.46    6039.71  114.3451  22.2057   3.7643     -85.0456
   3659    5735  4326.01    6162.47  114.3688  22.2021   3.9681     -84.8069
   3659    5857  4343.59    6285.44  114.3925  22.1984   4.1723     -84.5904
   3659    6000  4364.24    6429.87  114.4204  22.1941   4.4119     -84.3607
   3777       1  3625.96    431.53  113.2601  22.3477   5.5729     102.0012
   3777     123  3643.62    555.07  113.2840  22.3441   5.3681     102.1254
   3777     245  3661.25    678.37  113.3079  22.3406   5.1637     102.2585
   3777     367  3678.84    801.43  113.3317  22.3371   4.9595     102.4016
   3777     489  3696.41    924.28  113.3555  22.3336   4.7557     102.5560
   3777     611  3713.94    1046.91  113.3792  22.3301   4.5521     102.7232
   3777     733  3731.44    1169.34  113.4029  22.3266   4.3488     102.9049
   3777     855  3748.92    1291.58  113.4266  22.3231   4.1458     103.1033
   3777     977  3766.37    1413.63  113.4502  22.3195   3.9430     103.3209
   3777    1099  3783.80    1535.52  113.4738  22.3160   3.7405     103.5609
   3777    1221  3801.20    1657.24  113.4974  22.3125   3.5383     103.8270
   3777    1343  3818.58    1778.82  113.5209  22.3090   3.3363     104.1240
   3777    1465  3835.94    1900.25  113.5444  22.3055   3.1346     104.4577
   3777    1587  3853.29    2021.55  113.5679  22.3020   2.9332     104.8357
   3777    1709  3870.61    2142.73  113.5913  22.2985   2.7320     105.2678
   3777    1831  3887.92    2263.80  113.6148  22.2950   2.5312     105.7668
   3777    1953  3905.22    2384.76  113.6382  22.2915   2.3306     106.3498
   3777    2075  3922.50    2505.64  113.6615  22.2880   2.1305     107.0403
   3777    2197  3939.77    2626.43  113.6849  22.2845   1.9308     107.8715
   3777    2319  3957.03    2747.15  113.7083  22.2810   1.7317     108.8916
   3777    2441  3974.28    2867.81  113.7316  22.2775   1.5334     110.1734
   3777    2563  3991.53    2988.42  113.7549  22.2740   1.3361     111.8317
   3777    2685  4008.76    3108.99  113.7782  22.2705   1.1403     114.0583
   3777    2807  4026.00    3229.52  113.8016  22.2670   0.9469     117.1963
   3777    2929  4043.23    3350.03  113.8249  22.2635   0.7579     121.9157
   3777    3051  4060.46    3470.53  113.8482  22.2600   0.5773     129.6657
   3777    3173  4077.69    3591.03  113.8715  22.2564   0.4163     143.8691
   3777    3295  4094.92    3711.54  113.8948  22.2529   0.3075     171.2933
   3777    3417  4112.15    3832.07  113.9181  22.2494   0.3114     -150.6979
   3777    3539  4129.39    3952.62  113.9414  22.2458   0.4250     -124.2342
   3777    3661  4146.63    4073.21  113.9647  22.2423   0.5879     -110.5727
   3777    3783  4163.88    4193.85  113.9880  22.2388   0.7694     -103.0695
   3777    3905  4181.14    4314.55  114.0113  22.2352   0.9590     -98.4731
   3777    4027  4198.40    4435.31  114.0347  22.2317   1.1529     -95.4033
   3777    4149  4215.68    4556.15  114.0580  22.2281   1.3492     -93.2179
   3777    4271  4232.97    4677.08  114.0814  22.2246   1.5471     -91.5863
   3777    4393  4250.28    4798.11  114.1048  22.2210   1.7461     -90.3228
   3777    4515  4267.60    4919.24  114.1282  22.2174   1.9458     -89.3156
   3777    4637  4284.94    5040.50  114.1516  22.2138   2.1462     -88.4939
   3777    4759  4302.29    5161.88  114.1750  22.2102   2.3471     -87.8106
   3777    4881  4319.67    5283.39  114.1985  22.2066   2.5485     -87.2332
   3777    5003  4337.07    5405.05  114.2220  22.2030   2.7502     -86.7387
   3777    5125  4354.49    5526.87  114.2455  22.1994   2.9524     -86.3101
   3777    5247  4371.93    5648.86  114.2691  22.1958   3.1548     -85.9350
   3777    5369  4389.40    5771.03  114.2927  22.1922   3.3577     -85.6036
   3777    5491  4406.89    5893.38  114.3163  22.1885   3.5608     -85.3087
   3777    5613  4424.42    6015.93  114.3400  22.1849   3.7643     -85.0443
   3777    5735  4441.97    6138.68  114.3637  22.1812   3.9681     -84.8058
   3777    5857  4459.56    6261.65  114.3874  22.1776   4.1722     -84.5894
   3777    6000  4480.21    6406.08  114.4153  22.1733   4.4119     -84.3599
   3895       1  3741.76    407.80  113.2551  22.3268   5.5729     101.9982
   3895     123  3759.42    531.34  113.2791  22.3233   5.3682     102.1223
   3895     245  3777.06    654.63  113.3029  22.3198   5.1637     102.2553
   3895     367  3794.65    777.70  113.3268  22.3163   4.9596     102.3984
   3895     489  3812.22    900.54  113.3505  22.3127   4.7557     102.5527
   3895     611  3829.76    1023.17  113.3743  22.3092   4.5521     102.7197
   3895     733  3847.26    1145.60  113.3980  22.3057   4.3488     102.9013
   3895     855  3864.75    1267.84  113.4216  22.3022   4.1458     103.0996
   3895     977  3882.20    1389.89  113.4453  22.2987   3.9430     103.3171
   3895    1099  3899.63    1511.78  113.4689  22.2952   3.7406     103.5569
   3895    1221  3917.04    1633.50  113.4924  22.2917   3.5383     103.8228
   3895    1343  3934.42    1755.07  113.5159  22.2882   3.3363     104.1195
   3895    1465  3951.79    1876.50  113.5394  22.2847   3.1346     104.4531
   3895    1587  3969.13    1997.80  113.5629  22.2812   2.9332     104.8309
   3895    1709  3986.46    2118.98  113.5863  22.2777   2.7320     105.2627
   3895    1831  4003.77    2240.04  113.6098  22.2742   2.5312     105.7613
   3895    1953  4021.07    2361.01  113.6332  22.2707   2.3307     106.3439
   3895    2075  4038.36    2481.88  113.6565  22.2672   2.1305     107.0339
   3895    2197  4055.63    2602.68  113.6799  22.2637   1.9309     107.8646
   3895    2319  4072.90    2723.40  113.7033  22.2602   1.7317     108.8840
   3895    2441  4090.15    2844.05  113.7266  22.2567   1.5334     110.1649
   3895    2563  4107.40    2964.66  113.7499  22.2532   1.3361     111.8221
   3895    2685  4124.64    3085.23  113.7732  22.2497   1.1403     114.0473
   3895    2807  4141.88    3205.76  113.7965  22.2462   0.9469     117.1834
   3895    2929  4159.11    3326.27  113.8198  22.2426   0.7578     121.8999
   3895    3051  4176.34    3446.77  113.8431  22.2391   0.5772     129.6459
   3895    3173  4193.58    3567.27  113.8664  22.2356   0.4162     143.8447
   3895    3295  4210.81    3687.78  113.8897  22.2321   0.3073     171.2725
   3895    3417  4228.04    3808.30  113.9130  22.2285   0.3112     -150.6960
   3895    3539  4245.29    3928.85  113.9363  22.2250   0.4248     -124.2219
   3895    3661  4262.53    4049.44  113.9596  22.2215   0.5877     -110.5607
   3895    3783  4279.78    4170.08  113.9829  22.2179   0.7693     -103.0594
   3895    3905  4297.04    4290.78  114.0063  22.2144   0.9589     -98.4647
   3895    4027  4314.32    4411.54  114.0296  22.2108   1.1528     -95.3962
   3895    4149  4331.60    4532.38  114.0529  22.2073   1.3491     -93.2120
   3895    4271  4348.89    4653.31  114.0763  22.2037   1.5470     -91.5812
   3895    4393  4366.20    4774.33  114.0997  22.2002   1.7460     -90.3184
   3895    4515  4383.52    4895.47  114.1231  22.1966   1.9457     -89.3117
   3895    4637  4400.87    5016.72  114.1465  22.1930   2.1461     -88.4905
   3895    4759  4418.22    5138.10  114.1700  22.1894   2.3470     -87.8076
   3895    4881  4435.60    5259.61  114.1934  22.1858   2.5484     -87.2306
   3895    5003  4453.00    5381.27  114.2169  22.1822   2.7502     -86.7363
   3895    5125  4470.43    5503.09  114.2404  22.1786   2.9523     -86.3080
   3895    5247  4487.87    5625.08  114.2640  22.1750   3.1548     -85.9331
   3895    5369  4505.34    5747.24  114.2876  22.1714   3.3576     -85.6020
   3895    5491  4522.84    5869.59  114.3112  22.1677   3.5607     -85.3072
   3895    5613  4540.37    5992.14  114.3349  22.1641   3.7642     -85.0430
   3895    5735  4557.93    6114.89  114.3586  22.1604   3.9680     -84.8046
   3895    5857  4575.52    6237.86  114.3823  22.1568   4.1721     -84.5884
   3895    6000  4596.17    6382.29  114.4102  22.1524   4.4118     -84.3590
   4013       1  3857.56    384.06  113.2502  22.3060   5.5730     101.9952
   4013     123  3875.23    507.60  113.2741  22.3025   5.3682     102.1192
   4013     245  3892.86    630.89  113.2980  22.2989   5.1637     102.2522
   4013     367  3910.47    753.96  113.3218  22.2954   4.9596     102.3951
   4013     489  3928.04    876.80  113.3456  22.2919   4.7557     102.5493
   4013     611  3945.58    999.43  113.3693  22.2884   4.5522     102.7162
   4013     733  3963.09    1121.85  113.3930  22.2849   4.3489     102.8977
   4013     855  3980.57    1244.09  113.4167  22.2814   4.1458     103.0958
   4013     977  3998.03    1366.14  113.4403  22.2779   3.9431     103.3132
   4013    1099  4015.46    1488.03  113.4639  22.2744   3.7406     103.5528
   4013    1221  4032.87    1609.75  113.4874  22.2709   3.5384     103.8186
   4013    1343  4050.26    1731.32  113.5110  22.2674   3.3364     104.1151
   4013    1465  4067.63    1852.75  113.5344  22.2639   3.1347     104.4484
   4013    1587  4084.98    1974.05  113.5579  22.2604   2.9332     104.8260
   4013    1709  4102.31    2095.22  113.5814  22.2569   2.7321     105.2575
   4013    1831  4119.62    2216.29  113.6048  22.2534   2.5312     105.7558
   4013    1953  4136.93    2337.25  113.6282  22.2499   2.3307     106.3380
   4013    2075  4154.22    2458.13  113.6515  22.2464   2.1306     107.0275
   4013    2197  4171.49    2578.92  113.6749  22.2429   1.9309     107.8577
   4013    2319  4188.76    2699.64  113.6982  22.2393   1.7318     108.8764
   4013    2441  4206.02    2820.29  113.7216  22.2358   1.5334     110.1565
   4013    2563  4223.27    2940.90  113.7449  22.2323   1.3361     111.8126
   4013    2685  4240.51    3061.46  113.7682  22.2288   1.1403     114.0363
   4013    2807  4257.75    3182.00  113.7915  22.2253   0.9469     117.1705
   4013    2929  4274.99    3302.51  113.8148  22.2218   0.7578     121.8842
   4013    3051  4292.23    3423.01  113.8381  22.2183   0.5772     129.6261
   4013    3173  4309.46    3543.50  113.8614  22.2148   0.4161     143.8203
   4013    3295  4326.70    3664.01  113.8847  22.2112   0.3071     171.2516
   4013    3417  4343.94    3784.53  113.9080  22.2077   0.3110     -150.6941
   4013    3539  4361.18    3905.08  113.9313  22.2042   0.4247     -124.2094
   4013    3661  4378.43    4025.67  113.9546  22.2007   0.5876     -110.5485
   4013    3783  4395.69    4146.31  113.9779  22.1971   0.7691     -103.0492
   4013    3905  4412.95    4267.00  114.0012  22.1936   0.9588     -98.4563
   4013    4027  4430.23    4387.76  114.0245  22.1900   1.1527     -95.3892
   4013    4149  4447.51    4508.60  114.0479  22.1865   1.3490     -93.2060
   4013    4271  4464.81    4629.53  114.0712  22.1829   1.5469     -91.5762
   4013    4393  4482.12    4750.55  114.0946  22.1793   1.7459     -90.3140
   4013    4515  4499.45    4871.69  114.1180  22.1758   1.9457     -89.3079
   4013    4637  4516.79    4992.93  114.1414  22.1722   2.1461     -88.4871
   4013    4759  4534.15    5114.31  114.1649  22.1686   2.3470     -87.8046
   4013    4881  4551.54    5235.82  114.1883  22.1650   2.5483     -87.2279
   4013    5003  4568.94    5357.48  114.2118  22.1614   2.7501     -86.7340
   4013    5125  4586.36    5479.30  114.2354  22.1578   2.9522     -86.3060
   4013    5247  4603.81    5601.29  114.2589  22.1542   3.1547     -85.9313
   4013    5369  4621.29    5723.45  114.2825  22.1505   3.3575     -85.6003
   4013    5491  4638.79    5845.80  114.3061  22.1469   3.5607     -85.3057
   4013    5613  4656.32    5968.34  114.3298  22.1433   3.7641     -85.0417
   4013    5735  4673.88    6091.10  114.3535  22.1396   3.9679     -84.8035
   4013    5857  4691.47    6214.07  114.3772  22.1359   4.1721     -84.5873
   4013    6000  4712.14    6358.49  114.4051  22.1316   4.4117     -84.3581
   4131       1  3973.36    360.32  113.2453  22.2851   5.5730     101.9922
   4131     123  3991.03    483.86  113.2692  22.2816   5.3682     102.1162
   4131     245  4008.67    607.15  113.2930  22.2781   5.1638     102.2490
   4131     367  4026.28    730.21  113.3169  22.2746   4.9596     102.3919
   4131     489  4043.85    853.05  113.3406  22.2711   4.7558     102.5459
   4131     611  4061.39    975.68  113.3644  22.2675   4.5522     102.7128
   4131     733  4078.91    1098.10  113.3881  22.2640   4.3489     102.8941
   4131     855  4096.39    1220.34  113.4117  22.2605   4.1459     103.0921
   4131     977  4113.85    1342.39  113.4353  22.2570   3.9431     103.3093
   4131    1099  4131.29    1464.28  113.4589  22.2535   3.7406     103.5488
   4131    1221  4148.70    1586.00  113.4825  22.2500   3.5384     103.8144
   4131    1343  4166.10    1707.57  113.5060  22.2465   3.3364     104.1107
   4131    1465  4183.47    1828.99  113.5295  22.2430   3.1347     104.4438
   4131    1587  4200.82    1950.29  113.5529  22.2395   2.9333     104.8211
   4131    1709  4218.16    2071.47  113.5764  22.2360   2.7321     105.2523
   4131    1831  4235.47    2192.53  113.5998  22.2325   2.5312     105.7503
   4131    1953  4252.78    2313.49  113.6232  22.2290   2.3307     106.3321
   4131    2075  4270.07    2434.36  113.6465  22.2255   2.1306     107.0212
   4131    2197  4287.35    2555.15  113.6699  22.2220   1.9309     107.8507
   4131    2319  4304.62    2675.87  113.6932  22.2185   1.7318     108.8688
   4131    2441  4321.88    2796.53  113.7166  22.2150   1.5334     110.1481
   4131    2563  4339.14    2917.13  113.7399  22.2115   1.3361     111.8031
   4131    2685  4356.39    3037.70  113.7632  22.2080   1.1403     114.0254
   4131    2807  4373.63    3158.23  113.7865  22.2045   0.9469     117.1575
   4131    2929  4390.87    3278.74  113.8098  22.2010   0.7578     121.8684
   4131    3051  4408.11    3399.23  113.8331  22.1975   0.5771     129.6063
   4131    3173  4425.35    3519.73  113.8564  22.1939   0.4160     143.7959
   4131    3295  4442.59    3640.23  113.8797  22.1904   0.3070     171.2308
   4131    3417  4459.83    3760.76  113.9029  22.1869   0.3108     -150.6921
   4131    3539  4477.08    3881.31  113.9262  22.1834   0.4245     -124.1970
   4131    3661  4494.33    4001.89  113.9495  22.1798   0.5875     -110.5364
   4131    3783  4511.59    4122.53  113.9728  22.1763   0.7690     -103.0390
   4131    3905  4528.86    4243.22  113.9962  22.1727   0.9587     -98.4479
   4131    4027  4546.13    4363.98  114.0195  22.1692   1.1526     -95.3822
   4131    4149  4563.42    4484.82  114.0428  22.1656   1.3490     -93.2001
   4131    4271  4580.72    4605.75  114.0662  22.1621   1.5468     -91.5711
   4131    4393  4598.04    4726.77  114.0896  22.1585   1.7458     -90.3095
   4131    4515  4615.37    4847.90  114.1129  22.1549   1.9456     -89.3040
   4131    4637  4632.72    4969.15  114.1364  22.1514   2.1460     -88.4838
   4131    4759  4650.08    5090.52  114.1598  22.1478   2.3469     -87.8017
   4131    4881  4667.47    5212.03  114.1833  22.1442   2.5483     -87.2253
   4131    5003  4684.87    5333.69  114.2068  22.1406   2.7500     -86.7316
   4131    5125  4702.30    5455.51  114.2303  22.1370   2.9522     -86.3039
   4131    5247  4719.76    5577.49  114.2538  22.1333   3.1546     -85.9294
   4131    5369  4737.23    5699.65  114.2774  22.1297   3.3575     -85.5987
   4131    5491  4754.74    5822.00  114.3010  22.1261   3.5606     -85.3043
   4131    5613  4772.27    5944.55  114.3247  22.1224   3.7641     -85.0403
   4131    5735  4789.84    6067.30  114.3484  22.1188   3.9679     -84.8023
   4131    5857  4807.43    6190.27  114.3721  22.1151   4.1720     -84.5863
   4131    6000  4828.10    6334.69  114.3999  22.1108   4.4117     -84.3572
   4249       1  4089.16    336.58  113.2403  22.2643   5.5730     101.9892
   4249     123  4106.84    460.11  113.2642  22.2608   5.3683     102.1131
   4249     245  4124.48    583.40  113.2881  22.2573   5.1638     102.2459
   4249     367  4142.09    706.46  113.3119  22.2537   4.9597     102.3886
   4249     489  4159.66    829.30  113.3357  22.2502   4.7558     102.5426
   4249     611  4177.21    951.93  113.3594  22.2467   4.5522     102.7093
   4249     733  4194.73    1074.35  113.3831  22.2432   4.3489     102.8905
   4249     855  4212.22    1196.59  113.4067  22.2397   4.1459     103.0884
   4249     977  4229.68    1318.64  113.4304  22.2362   3.9432     103.3054
   4249    1099  4247.12    1440.52  113.4539  22.2327   3.7407     103.5448
   4249    1221  4264.54    1562.24  113.4775  22.2292   3.5384     103.8101
   4249    1343  4281.93    1683.81  113.5010  22.2257   3.3364     104.1063
   4249    1465  4299.31    1805.23  113.5245  22.2222   3.1347     104.4391
   4249    1587  4316.66    1926.53  113.5479  22.2187   2.9333     104.8162
   4249    1709  4334.00    2047.70  113.5714  22.2152   2.7321     105.2471
   4249    1831  4351.32    2168.77  113.5948  22.2117   2.5313     105.7448
   4249    1953  4368.63    2289.73  113.6182  22.2082   2.3307     106.3262
   4249    2075  4385.93    2410.60  113.6415  22.2047   2.1306     107.0148
   4249    2197  4403.21    2531.39  113.6649  22.2012   1.9309     107.8438
   4249    2319  4420.48    2652.10  113.6882  22.1977   1.7318     108.8612
   4249    2441  4437.75    2772.76  113.7116  22.1942   1.5334     110.1396
   4249    2563  4455.01    2893.36  113.7349  22.1907   1.3361     111.7936
   4249    2685  4472.26    3013.92  113.7582  22.1872   1.1403     114.0144
   4249    2807  4489.50    3134.45  113.7815  22.1837   0.9469     117.1446
   4249    2929  4506.75    3254.96  113.8048  22.1801   0.7578     121.8527
   4249    3051  4523.99    3375.46  113.8281  22.1766   0.5771     129.5866
   4249    3173  4541.23    3495.95  113.8513  22.1731   0.4159     143.7715
   4249    3295  4558.48    3616.46  113.8746  22.1696   0.3068     171.2099
   4249    3417  4575.72    3736.98  113.8979  22.1661   0.3106     -150.6901
   4249    3539  4592.97    3857.53  113.9212  22.1625   0.4243     -124.1846
   4249    3661  4610.23    3978.11  113.9445  22.1590   0.5873     -110.5243
   4249    3783  4627.49    4098.75  113.9678  22.1555   0.7689     -103.0288
   4249    3905  4644.76    4219.44  113.9911  22.1519   0.9586     -98.4395
   4249    4027  4662.04    4340.20  114.0144  22.1484   1.1525     -95.3752
   4249    4149  4679.33    4461.03  114.0378  22.1448   1.3489     -93.1941
   4249    4271  4696.64    4581.96  114.0611  22.1412   1.5468     -91.5659
   4249    4393  4713.96    4702.98  114.0845  22.1377   1.7457     -90.3051
   4249    4515  4731.29    4824.11  114.1079  22.1341   1.9455     -89.3002
   4249    4637  4748.64    4945.36  114.1313  22.1305   2.1459     -88.4804
   4249    4759  4766.01    5066.73  114.1547  22.1269   2.3468     -87.7987
   4249    4881  4783.40    5188.24  114.1782  22.1233   2.5482     -87.2226
   4249    5003  4800.81    5309.90  114.2017  22.1197   2.7500     -86.7293
   4249    5125  4818.24    5431.71  114.2252  22.1161   2.9521     -86.3018
   4249    5247  4835.70    5553.70  114.2487  22.1125   3.1546     -85.9275
   4249    5369  4853.18    5675.85  114.2723  22.1089   3.3574     -85.5970
   4249    5491  4870.69    5798.20  114.2959  22.1053   3.5605     -85.3028
   4249    5613  4888.22    5920.74  114.3196  22.1016   3.7640     -85.0390
   4249    5735  4905.79    6043.49  114.3432  22.0980   3.9678     -84.8011
   4249    5857  4923.39    6166.46  114.3670  22.0943   4.1719     -84.5853
   4249    6000  4944.06    6310.88  114.3948  22.0900   4.4116     -84.3563
   4367       1  4204.96    312.82  113.2354  22.2435   5.5731     101.9863
   4367     123  4222.64    436.36  113.2593  22.2399   5.3683     102.1100
   4367     245  4240.28    559.65  113.2831  22.2364   5.1639     102.2427
   4367     367  4257.89    682.71  113.3070  22.2329   4.9597     102.3854
   4367     489  4275.47    805.54  113.3307  22.2294   4.7558     102.5392
   4367     611  4293.02    928.17  113.3544  22.2259   4.5523     102.7058
   4367     733  4310.54    1050.59  113.3781  22.2224   4.3490     102.8869
   4367     855  4328.04    1172.83  113.4018  22.2189   4.1459     103.0847
   4367     977  4345.51    1294.88  113.4254  22.2153   3.9432     103.3016
   4367    1099  4362.95    1416.76  113.4490  22.2118   3.7407     103.5407
   4367    1221  4380.37    1538.48  113.4725  22.2083   3.5385     103.8059
   4367    1343  4397.77    1660.04  113.4960  22.2048   3.3365     104.1019
   4367    1465  4415.14    1781.47  113.5195  22.2013   3.1348     104.4345
   4367    1587  4432.50    1902.76  113.5430  22.1978   2.9333     104.8113
   4367    1709  4449.85    2023.94  113.5664  22.1943   2.7322     105.2420
   4367    1831  4467.17    2145.00  113.5898  22.1908   2.5313     105.7392
   4367    1953  4484.48    2265.96  113.6132  22.1873   2.3308     106.3203
   4367    2075  4501.78    2386.83  113.6365  22.1838   2.1306     107.0085
   4367    2197  4519.07    2507.62  113.6599  22.1803   1.9309     107.8369
   4367    2319  4536.34    2628.33  113.6832  22.1768   1.7318     108.8537
   4367    2441  4553.61    2748.98  113.7066  22.1733   1.5334     110.1312
   4367    2563  4570.87    2869.59  113.7299  22.1698   1.3361     111.7840
   4367    2685  4588.13    2990.15  113.7532  22.1663   1.1403     114.0034
   4367    2807  4605.38    3110.68  113.7765  22.1628   0.9469     117.1316
   4367    2929  4622.63    3231.18  113.7997  22.1593   0.7577     121.8369
   4367    3051  4639.87    3351.68  113.8230  22.1558   0.5770     129.5668
   4367    3173  4657.12    3472.17  113.8463  22.1523   0.4158     143.7470
   4367    3295  4674.36    3592.67  113.8696  22.1488   0.3067     171.1890
   4367    3417  4691.61    3713.19  113.8929  22.1452   0.3104     -150.6882
   4367    3539  4708.86    3833.74  113.9162  22.1417   0.4242     -124.1721
   4367    3661  4726.12    3954.33  113.9394  22.1382   0.5872     -110.5122
   4367    3783  4743.39    4074.96  113.9627  22.1346   0.7688     -103.0187
   4367    3905  4760.66    4195.65  113.9861  22.1311   0.9585     -98.4311
   4367    4027  4777.95    4316.41  114.0094  22.1275   1.1524     -95.3681
   4367    4149  4795.24    4437.24  114.0327  22.1240   1.3488     -93.1882
   4367    4271  4812.55    4558.17  114.0561  22.1204   1.5467     -91.5608
   4367    4393  4829.87    4679.19  114.0794  22.1169   1.7456     -90.3007
   4367    4515  4847.21    4800.31  114.1028  22.1133   1.9454     -89.2963
   4367    4637  4864.56    4921.56  114.1262  22.1097   2.1458     -88.4770
   4367    4759  4881.93    5042.93  114.1497  22.1061   2.3467     -87.7957
   4367    4881  4899.33    5164.44  114.1731  22.1025   2.5481     -87.2200
   4367    5003  4916.74    5286.10  114.1966  22.0989   2.7499     -86.7269
   4367    5125  4934.17    5407.91  114.2201  22.0953   2.9520     -86.2997
   4367    5247  4951.63    5529.89  114.2436  22.0917   3.1545     -85.9256
   4367    5369  4969.12    5652.05  114.2672  22.0881   3.3573     -85.5953
   4367    5491  4986.63    5774.40  114.2908  22.0844   3.5605     -85.3013
   4367    5613  5004.17    5896.94  114.3145  22.0808   3.7639     -85.0377
   4367    5735  5021.74    6019.69  114.3381  22.0771   3.9677     -84.7999
   4367    5857  5039.34    6142.65  114.3619  22.0735   4.1719     -84.5842
   4367    6000  5060.02    6287.07  114.3897  22.0692   4.4116     -84.3554
   4485       1  4320.76    289.07  113.2304  22.2226   5.5731     101.9833
   4485     123  4338.44    412.60  113.2543  22.2191   5.3683     102.1070
   4485     245  4356.09    535.89  113.2782  22.2156   5.1639     102.2396
   4485     367  4373.70    658.95  113.3020  22.2120   4.9597     102.3821
   4485     489  4391.28    781.79  113.3258  22.2085   4.7559     102.5359
   4485     611  4408.84    904.41  113.3495  22.2050   4.5523     102.7024
   4485     733  4426.36    1026.83  113.3732  22.2015   4.3490     102.8834
   4485     855  4443.86    1149.06  113.3968  22.1980   4.1460     103.0809
   4485     977  4461.33    1271.11  113.4204  22.1945   3.9432     103.2977
   4485    1099  4478.78    1392.99  113.4440  22.1910   3.7407     103.5367
   4485    1221  4496.20    1514.71  113.4675  22.1875   3.5385     103.8017
   4485    1343  4513.60    1636.28  113.4910  22.1840   3.3365     104.0975
   4485    1465  4530.98    1757.70  113.5145  22.1805   3.1348     104.4299
   4485    1587  4548.34    1878.99  113.5380  22.1770   2.9333     104.8064
   4485    1709  4565.69    2000.17  113.5614  22.1735   2.7322     105.2368
   4485    1831  4583.02    2121.23  113.5848  22.1700   2.5313     105.7337
   4485    1953  4600.33    2242.19  113.6082  22.1665   2.3308     106.3144
   4485    2075  4617.63    2363.05  113.6316  22.1630   2.1306     107.0021
   4485    2197  4634.92    2483.84  113.6549  22.1595   1.9310     107.8300
   4485    2319  4652.20    2604.55  113.6782  22.1560   1.7318     108.8461
   4485    2441  4669.48    2725.21  113.7015  22.1525   1.5335     110.1228
   4485    2563  4686.74    2845.81  113.7249  22.1490   1.3361     111.7745
   4485    2685  4704.00    2966.37  113.7481  22.1455   1.1403     113.9925
   4485    2807  4721.25    3086.90  113.7714  22.1420   0.9469     117.1187
   4485    2929  4738.50    3207.40  113.7947  22.1385   0.7577     121.8211
   4485    3051  4755.75    3327.90  113.8180  22.1350   0.5770     129.5470
   4485    3173  4773.00    3448.39  113.8413  22.1314   0.4157     143.7226
   4485    3295  4790.25    3568.89  113.8646  22.1279   0.3065     171.1680
   4485    3417  4807.50    3689.41  113.8878  22.1244   0.3102     -150.6862
   4485    3539  4824.76    3809.95  113.9111  22.1209   0.4240     -124.1596
   4485    3661  4842.02    3930.54  113.9344  22.1173   0.5871     -110.5000
   4485    3783  4859.29    4051.17  113.9577  22.1138   0.7687     -103.0085
   4485    3905  4876.56    4171.86  113.9810  22.1103   0.9584     -98.4226
   4485    4027  4893.85    4292.61  114.0043  22.1067   1.1523     -95.3611
   4485    4149  4911.15    4413.45  114.0277  22.1031   1.3487     -93.1822
   4485    4271  4928.46    4534.37  114.0510  22.0996   1.5466     -91.5557
   4485    4393  4945.79    4655.39  114.0744  22.0960   1.7456     -90.2963
   4485    4515  4963.13    4776.52  114.0978  22.0925   1.9453     -89.2925
   4485    4637  4980.48    4897.76  114.1212  22.0889   2.1458     -88.4736
   4485    4759  4997.86    5019.13  114.1446  22.0853   2.3467     -87.7927
   4485    4881  5015.25    5140.64  114.1680  22.0817   2.5480     -87.2173
   4485    5003  5032.67    5262.29  114.1915  22.0781   2.7498     -86.7246
   4485    5125  5050.11    5384.11  114.2150  22.0745   2.9519     -86.2976
   4485    5247  5067.57    5506.09  114.2386  22.0709   3.1544     -85.9238
   4485    5369  5085.06    5628.24  114.2621  22.0672   3.3573     -85.5936
   4485    5491  5102.57    5750.59  114.2857  22.0636   3.5604     -85.2998
   4485    5613  5120.12    5873.13  114.3094  22.0600   3.7639     -85.0364
   4485    5735  5137.69    5995.88  114.3330  22.0563   3.9677     -84.7988
   4485    5857  5155.30    6118.84  114.3568  22.0527   4.1718     -84.5832
   4485    6000  5175.97    6263.26  114.3846  22.0483   4.4115     -84.3545
   4603       1  4436.55    265.31  113.2255  22.2018   5.5732     101.9803
   4603     123  4454.24    388.84  113.2494  22.1982   5.3684     102.1039
   4603     245  4471.89    512.13  113.2733  22.1947   5.1639     102.2364
   4603     367  4489.51    635.19  113.2971  22.1912   4.9598     102.3789
   4603     489  4507.09    758.02  113.3208  22.1877   4.7559     102.5325
   4603     611  4524.65    880.65  113.3445  22.1842   4.5523     102.6989
   4603     733  4542.18    1003.07  113.3682  22.1807   4.3490     102.8798
   4603     855  4559.68    1125.30  113.3919  22.1772   4.1460     103.0772
   4603     977  4577.15    1247.35  113.4155  22.1737   3.9433     103.2938
   4603    1099  4594.60    1369.23  113.4390  22.1702   3.7408     103.5327
   4603    1221  4612.03    1490.94  113.4626  22.1667   3.5385     103.7975
   4603    1343  4629.43    1612.51  113.4861  22.1632   3.3365     104.0931
   4603    1465  4646.82    1733.93  113.5095  22.1597   3.1348     104.4252
   4603    1587  4664.18    1855.22  113.5330  22.1562   2.9334     104.8015
   4603    1709  4681.53    1976.39  113.5564  22.1527   2.7322     105.2316
   4603    1831  4698.86    2097.45  113.5798  22.1492   2.5313     105.7282
   4603    1953  4716.18    2218.41  113.6032  22.1457   2.3308     106.3085
   4603    2075  4733.49    2339.28  113.6266  22.1422   2.1307     106.9957
   4603    2197  4750.78    2460.06  113.6499  22.1387   1.9310     107.8231
   4603    2319  4768.06    2580.77  113.6732  22.1352   1.7319     108.8385
   4603    2441  4785.34    2701.43  113.6965  22.1317   1.5335     110.1143
   4603    2563  4802.60    2822.03  113.7198  22.1282   1.3361     111.7650
   4603    2685  4819.87    2942.58  113.7431  22.1247   1.1403     113.9815
   4603    2807  4837.12    3063.11  113.7664  22.1211   0.9469     117.1057
   4603    2929  4854.38    3183.62  113.7897  22.1176   0.7577     121.8054
   4603    3051  4871.63    3304.11  113.8130  22.1141   0.5769     129.5272
   4603    3173  4888.88    3424.60  113.8363  22.1106   0.4156     143.6981
   4603    3295  4906.13    3545.10  113.8595  22.1071   0.3063     171.1471
   4603    3417  4923.39    3665.62  113.8828  22.1036   0.3100     -150.6842
   4603    3539  4940.65    3786.16  113.9061  22.1000   0.4238     -124.1471
   4603    3661  4957.91    3906.74  113.9294  22.0965   0.5869     -110.4878
   4603    3783  4975.18    4027.37  113.9527  22.0930   0.7686     -102.9982
   4603    3905  4992.47    4148.06  113.9760  22.0894   0.9583     -98.4142
   4603    4027  5009.76    4268.82  113.9993  22.0859   1.1522     -95.3540
   4603    4149  5027.06    4389.65  114.0226  22.0823   1.3486     -93.1762
   4603    4271  5044.37    4510.57  114.0459  22.0788   1.5465     -91.5506
   4603    4393  5061.70    4631.59  114.0693  22.0752   1.7455     -90.2918
   4603    4515  5079.04    4752.71  114.0927  22.0716   1.9453     -89.2886
   4603    4637  5096.40    4873.96  114.1161  22.0680   2.1457     -88.4702
   4603    4759  5113.78    4995.33  114.1395  22.0645   2.3466     -87.7897
   4603    4881  5131.18    5116.83  114.1630  22.0609   2.5480     -87.2147
   4603    5003  5148.60    5238.49  114.1864  22.0573   2.7497     -86.7222
   4603    5125  5166.04    5360.30  114.2099  22.0537   2.9519     -86.2955
   4603    5247  5183.51    5482.28  114.2335  22.0500   3.1544     -85.9219
   4603    5369  5201.00    5604.43  114.2570  22.0464   3.3572     -85.5920
   4603    5491  5218.52    5726.77  114.2806  22.0428   3.5603     -85.2983
   4603    5613  5236.06    5849.31  114.3043  22.0391   3.7638     -85.0350
   4603    5735  5253.64    5972.06  114.3280  22.0355   3.9676     -84.7976
   4603    5857  5271.25    6095.02  114.3517  22.0318   4.1717     -84.5821
   4603    6000  5291.93    6239.44  114.3795  22.0275   4.4114     -84.3536
   4721       1  4552.35    241.55  113.2206  22.1809   5.5732     101.9773
   4721     123  4570.04    365.08  113.2445  22.1774   5.3684     102.1009
   4721     245  4587.69    488.36  113.2683  22.1739   5.1640     102.2333
   4721     367  4605.31    611.42  113.2921  22.1704   4.9598     102.3756
   4721     489  4622.90    734.25  113.3159  22.1669   4.7560     102.5292
   4721     611  4640.46    856.88  113.3396  22.1633   4.5524     102.6954
   4721     733  4657.99    979.30  113.3633  22.1598   4.3491     102.8762
   4721     855  4675.50    1101.53  113.3869  22.1563   4.1461     103.0735
   4721     977  4692.97    1223.58  113.4105  22.1528   3.9433     103.2900
   4721    1099  4710.43    1345.45  113.4341  22.1493   3.7408     103.5286
   4721    1221  4727.86    1467.17  113.4576  22.1458   3.5386     103.7933
   4721    1343  4745.26    1588.73  113.4811  22.1423   3.3366     104.0887
   4721    1465  4762.65    1710.15  113.5046  22.1388   3.1349     104.4206
   4721    1587  4780.02    1831.44  113.5280  22.1353   2.9334     104.7966
   4721    1709  4797.37    1952.61  113.5514  22.1318   2.7322     105.2264
   4721    1831  4814.71    2073.67  113.5748  22.1283   2.5314     105.7227
   4721    1953  4832.03    2194.63  113.5982  22.1248   2.3308     106.3026
   4721    2075  4849.34    2315.49  113.6216  22.1213   2.1307     106.9894
   4721    2197  4866.63    2436.28  113.6449  22.1178   1.9310     107.8162
   4721    2319  4883.92    2556.99  113.6682  22.1143   1.7319     108.8309
   4721    2441  4901.20    2677.64  113.6915  22.1108   1.5335     110.1059
   4721    2563  4918.47    2798.24  113.7148  22.1073   1.3361     111.7555
   4721    2685  4935.73    2918.80  113.7381  22.1038   1.1403     113.9705
   4721    2807  4952.99    3039.32  113.7614  22.1003   0.9469     117.0928
   4721    2929  4970.25    3159.82  113.7847  22.0968   0.7577     121.7896
   4721    3051  4987.50    3280.32  113.8080  22.0933   0.5769     129.5073
   4721    3173  5004.76    3400.81  113.8312  22.0898   0.4155     143.6736
   4721    3295  5022.02    3521.30  113.8545  22.0863   0.3062     171.1261
   4721    3417  5039.27    3641.82  113.8778  22.0827   0.3098     -150.6822
   4721    3539  5056.54    3762.36  113.9010  22.0792   0.4237     -124.1346
   4721    3661  5073.81    3882.94  113.9243  22.0757   0.5868     -110.4756
   4721    3783  5091.08    4003.57  113.9476  22.0721   0.7684     -102.9880
   4721    3905  5108.36    4124.26  113.9709  22.0686   0.9582     -98.4057
   4721    4027  5125.66    4245.01  113.9942  22.0650   1.1522     -95.3469
   4721    4149  5142.96    4365.85  114.0176  22.0615   1.3485     -93.1703
   4721    4271  5160.28    4486.77  114.0409  22.0579   1.5464     -91.5455
   4721    4393  5177.61    4607.78  114.0642  22.0544   1.7454     -90.2874
   4721    4515  5194.96    4728.91  114.0876  22.0508   1.9452     -89.2847
   4721    4637  5212.32    4850.15  114.1110  22.0472   2.1456     -88.4668
   4721    4759  5229.70    4971.52  114.1344  22.0436   2.3465     -87.7867
   4721    4881  5247.10    5093.02  114.1579  22.0400   2.5479     -87.2120
   4721    5003  5264.53    5214.68  114.1814  22.0364   2.7497     -86.7198
   4721    5125  5281.97    5336.49  114.2049  22.0328   2.9518     -86.2933
   4721    5247  5299.44    5458.46  114.2284  22.0292   3.1543     -85.9200
   4721    5369  5316.94    5580.62  114.2520  22.0256   3.3571     -85.5903
   4721    5491  5334.46    5702.96  114.2755  22.0220   3.5603     -85.2968
   4721    5613  5352.01    5825.50  114.2992  22.0183   3.7637     -85.0337
   4721    5735  5369.59    5948.24  114.3229  22.0147   3.9676     -84.7964
   4721    5857  5387.20    6071.20  114.3466  22.0110   4.1717     -84.5811
   4721    6000  5407.88    6215.62  114.3744  22.0067   4.4114     -84.3527
   4839       1  4668.14    217.78  113.2156  22.1601   5.5732     101.9744
   4839     123  4685.83    341.31  113.2395  22.1566   5.3685     102.0978
   4839     245  4703.49    464.60  113.2634  22.1530   5.1640     102.2301
   4839     367  4721.12    587.65  113.2872  22.1495   4.9599     102.3724
   4839     489  4738.71    710.48  113.3109  22.1460   4.7560     102.5258
   4839     611  4756.27    833.10  113.3346  22.1425   4.5524     102.6920
   4839     733  4773.81    955.52  113.3583  22.1390   4.3491     102.8726
   4839     855  4791.31    1077.75  113.3819  22.1355   4.1461     103.0698
   4839     977  4808.79    1199.80  113.4055  22.1320   3.9433     103.2861
   4839    1099  4826.25    1321.68  113.4291  22.1285   3.7408     103.5246
   4839    1221  4843.68    1443.39  113.4526  22.1250   3.5386     103.7891
   4839    1343  4861.09    1564.95  113.4761  22.1215   3.3366     104.0843
   4839    1465  4878.48    1686.37  113.4996  22.1180   3.1349     104.4160
   4839    1587  4895.86    1807.66  113.5230  22.1145   2.9334     104.7918
   4839    1709  4913.21    1928.83  113.5464  22.1110   2.7323     105.2213
   4839    1831  4930.55    2049.89  113.5698  22.1075   2.5314     105.7172
   4839    1953  4947.88    2170.84  113.5932  22.1040   2.3309     106.2967
   4839    2075  4965.19    2291.71  113.6166  22.1005   2.1307     106.9830
   4839    2197  4982.49    2412.49  113.6399  22.0970   1.9310     107.8093
   4839    2319  4999.78    2533.20  113.6632  22.0935   1.7319     108.8233
   4839    2441  5017.06    2653.85  113.6865  22.0900   1.5335     110.0974
   4839    2563  5034.33    2774.45  113.7098  22.0865   1.3361     111.7459
   4839    2685  5051.60    2895.00  113.7331  22.0830   1.1403     113.9595
   4839    2807  5068.86    3015.53  113.7564  22.0795   0.9468     117.0798
   4839    2929  5086.12    3136.03  113.7797  22.0760   0.7576     121.7738
   4839    3051  5103.38    3256.52  113.8029  22.0725   0.5768     129.4875
   4839    3173  5120.64    3377.01  113.8262  22.0689   0.4154     143.6491
   4839    3295  5137.90    3497.51  113.8495  22.0654   0.3060     171.1051
   4839    3417  5155.16    3618.02  113.8727  22.0619   0.3096     -150.6802
   4839    3539  5172.43    3738.56  113.8960  22.0584   0.4235     -124.1221
   4839    3661  5189.70    3859.14  113.9193  22.0548   0.5866     -110.4634
   4839    3783  5206.98    3979.77  113.9426  22.0513   0.7683     -102.9778
   4839    3905  5224.26    4100.46  113.9659  22.0478   0.9581     -98.3973
   4839    4027  5241.56    4221.21  113.9892  22.0442   1.1521     -95.3399
   4839    4149  5258.87    4342.04  114.0125  22.0407   1.3484     -93.1643
   4839    4271  5276.19    4462.96  114.0358  22.0371   1.5463     -91.5404
   4839    4393  5293.52    4583.97  114.0592  22.0335   1.7453     -90.2830
   4839    4515  5310.87    4705.10  114.0826  22.0300   1.9451     -89.2809
   4839    4637  5328.24    4826.34  114.1060  22.0264   2.1455     -88.4634
   4839    4759  5345.62    4947.70  114.1294  22.0228   2.3465     -87.7837
   4839    4881  5363.03    5069.21  114.1528  22.0192   2.5478     -87.2093
   4839    5003  5380.45    5190.86  114.1763  22.0156   2.7496     -86.7175
   4839    5125  5397.90    5312.67  114.1998  22.0120   2.9517     -86.2912
   4839    5247  5415.38    5434.65  114.2233  22.0084   3.1542     -85.9181
   4839    5369  5432.87    5556.80  114.2469  22.0048   3.3571     -85.5886
   4839    5491  5450.40    5679.14  114.2705  22.0011   3.5602     -85.2953
   4839    5613  5467.95    5801.67  114.2941  21.9975   3.7637     -85.0324
   4839    5735  5485.54    5924.42  114.3178  21.9939   3.9675     -84.7952
   4839    5857  5503.15    6047.38  114.3415  21.9902   4.1716     -84.5800
   4839    6000  5523.84    6191.79  114.3693  21.9859   4.4113     -84.3518
   4957       1  4783.93    194.01  113.2107  22.1392   5.5733     101.9714
   4957     123  4801.63    317.53  113.2346  22.1357   5.3685     102.0948
   4957     245  4819.29    440.82  113.2584  22.1322   5.1640     102.2270
   4957     367  4836.92    563.87  113.2822  22.1287   4.9599     102.3691
   4957     489  4854.51    686.70  113.3060  22.1252   4.7560     102.5225
   4957     611  4872.08    809.32  113.3297  22.1217   4.5525     102.6885
   4957     733  4889.62    931.74  113.3533  22.1182   4.3492     102.8690
   4957     855  4907.13    1053.97  113.3770  22.1146   4.1461     103.0661
   4957     977  4924.61    1176.02  113.4006  22.1111   3.9434     103.2822
   4957    1099  4942.07    1297.89  113.4241  22.1076   3.7409     103.5206
   4957    1221  4959.51    1419.60  113.4476  22.1041   3.5386     103.7849
   4957    1343  4976.92    1541.16  113.4711  22.1006   3.3366     104.0799
   4957    1465  4994.32    1662.58  113.4946  22.0971   3.1349     104.4114
   4957    1587  5011.69    1783.87  113.5180  22.0937   2.9335     104.7869
   4957    1709  5029.05    1905.04  113.5415  22.0902   2.7323     105.2161
   4957    1831  5046.39    2026.10  113.5649  22.0867   2.5314     105.7117
   4957    1953  5063.72    2147.05  113.5882  22.0832   2.3309     106.2908
   4957    2075  5081.03    2267.91  113.6116  22.0797   2.1307     106.9767
   4957    2197  5098.34    2388.69  113.6349  22.0762   1.9310     107.8024
   4957    2319  5115.63    2509.40  113.6582  22.0727   1.7319     108.8157
   4957    2441  5132.91    2630.05  113.6815  22.0692   1.5335     110.0890
   4957    2563  5150.19    2750.65  113.7048  22.0657   1.3361     111.7364
   4957    2685  5167.46    2871.20  113.7281  22.0622   1.1403     113.9486
   4957    2807  5184.73    2991.73  113.7514  22.0586   0.9468     117.0669
   4957    2929  5201.99    3112.23  113.7746  22.0551   0.7576     121.7580
   4957    3051  5219.25    3232.72  113.7979  22.0516   0.5768     129.4677
   4957    3173  5236.51    3353.20  113.8212  22.0481   0.4153     143.6245
   4957    3295  5253.78    3473.70  113.8444  22.0446   0.3058     171.0840
   4957    3417  5271.04    3594.21  113.8677  22.0411   0.3095     -150.6781
   4957    3539  5288.31    3714.75  113.8910  22.0375   0.4234     -124.1095
   4957    3661  5305.59    3835.33  113.9143  22.0340   0.5865     -110.4512
   4957    3783  5322.87    3955.96  113.9375  22.0305   0.7682     -102.9675
   4957    3905  5340.16    4076.64  113.9608  22.0269   0.9580     -98.3888
   4957    4027  5357.46    4197.40  113.9841  22.0234   1.1520     -95.3328
   4957    4149  5374.77    4318.23  114.0074  22.0198   1.3483     -93.1583
   4957    4271  5392.09    4439.14  114.0308  22.0163   1.5463     -91.5352
   4957    4393  5409.43    4560.16  114.0541  22.0127   1.7452     -90.2785
   4957    4515  5426.78    4681.28  114.0775  22.0091   1.9450     -89.2770
   4957    4637  5444.15    4802.52  114.1009  22.0056   2.1455     -88.4600
   4957    4759  5461.54    4923.88  114.1243  22.0020   2.3464     -87.7806
   4957    4881  5478.95    5045.39  114.1477  21.9984   2.5478     -87.2067
   4957    5003  5496.38    5167.04  114.1712  21.9948   2.7495     -86.7151
   4957    5125  5513.83    5288.84  114.1947  21.9912   2.9517     -86.2891
   4957    5247  5531.31    5410.82  114.2182  21.9876   3.1542     -85.9162
   4957    5369  5548.81    5532.97  114.2418  21.9840   3.3570     -85.5869
   4957    5491  5566.34    5655.31  114.2654  21.9803   3.5601     -85.2938
   4957    5613  5583.89    5777.84  114.2890  21.9767   3.7636     -85.0310
   4957    5735  5601.48    5900.59  114.3127  21.9730   3.9674     -84.7940
   4957    5857  5619.10    6023.55  114.3364  21.9694   4.1716     -84.5790
   4957    6000  5639.79    6167.96  114.3642  21.9651   4.4112     -84.3509
   5075       1  4899.72    170.23  113.2058  22.1184   5.5733     101.9684
   5075     123  4917.42    293.76  113.2296  22.1149   5.3685     102.0917
   5075     245  4935.09    417.04  113.2535  22.1113   5.1641     102.2238
   5075     367  4952.72    540.09  113.2773  22.1078   4.9599     102.3659
   5075     489  4970.32    662.92  113.3010  22.1043   4.7561     102.5191
   5075     611  4987.89    785.54  113.3247  22.1008   4.5525     102.6850
   5075     733  5005.43    907.96  113.3484  22.0973   4.3492     102.8654
   5075     855  5022.94    1030.19  113.3720  22.0938   4.1462     103.0623
   5075     977  5040.43    1152.23  113.3956  22.0903   3.9434     103.2784
   5075    1099  5057.89    1274.10  113.4192  22.0868   3.7409     103.5166
   5075    1221  5075.33    1395.82  113.4427  22.0833   3.5387     103.7807
   5075    1343  5092.75    1517.38  113.4662  22.0798   3.3367     104.0755
   5075    1465  5110.15    1638.80  113.4896  22.0763   3.1350     104.4067
   5075    1587  5127.53    1760.08  113.5131  22.0728   2.9335     104.7820
   5075    1709  5144.89    1881.25  113.5365  22.0693   2.7323     105.2109
   5075    1831  5162.23    2002.30  113.5599  22.0658   2.5315     105.7062
   5075    1953  5179.56    2123.26  113.5832  22.0623   2.3309     106.2849
   5075    2075  5196.88    2244.12  113.6066  22.0588   2.1308     106.9703
   5075    2197  5214.19    2364.90  113.6299  22.0553   1.9311     107.7954
   5075    2319  5231.48    2485.61  113.6532  22.0518   1.7319     108.8081
   5075    2441  5248.77    2606.25  113.6765  22.0483   1.5335     110.0806
   5075    2563  5266.05    2726.85  113.6998  22.0448   1.3361     111.7269
   5075    2685  5283.33    2847.40  113.7231  22.0413   1.1403     113.9376
   5075    2807  5300.60    2967.92  113.7464  22.0378   0.9468     117.0539
   5075    2929  5317.86    3088.42  113.7696  22.0343   0.7576     121.7422
   5075    3051  5335.13    3208.91  113.7929  22.0308   0.5767     129.4478
   5075    3173  5352.39    3329.40  113.8162  22.0273   0.4152     143.6000
   5075    3295  5369.66    3449.89  113.8394  22.0238   0.3057     171.0630
   5075    3417  5386.93    3570.41  113.8627  22.0202   0.3093     -150.6761
   5075    3539  5404.20    3690.95  113.8859  22.0167   0.4232     -124.0969
   5075    3661  5421.48    3811.52  113.9092  22.0132   0.5864     -110.4390
   5075    3783  5438.76    3932.15  113.9325  22.0096   0.7681     -102.9573
   5075    3905  5456.05    4052.83  113.9558  22.0061   0.9579     -98.3803
   5075    4027  5473.36    4173.58  113.9791  22.0026   1.1519     -95.3257
   5075    4149  5490.67    4294.41  114.0024  21.9990   1.3482     -93.1523
   5075    4271  5508.00    4415.33  114.0257  21.9954   1.5462     -91.5301
   5075    4393  5525.34    4536.34  114.0491  21.9919   1.7452     -90.2741
   5075    4515  5542.70    4657.46  114.0724  21.9883   1.9450     -89.2731
   5075    4637  5560.07    4778.70  114.0958  21.9847   2.1454     -88.4566
   5075    4759  5577.46    4900.06  114.1192  21.9812   2.3463     -87.7776
   5075    4881  5594.87    5021.56  114.1427  21.9776   2.5477     -87.2040
   5075    5003  5612.30    5143.21  114.1661  21.9740   2.7495     -86.7127
   5075    5125  5629.76    5265.02  114.1896  21.9704   2.9516     -86.2870
   5075    5247  5647.24    5386.99  114.2131  21.9668   3.1541     -85.9143
   5075    5369  5664.74    5509.14  114.2367  21.9631   3.3569     -85.5852
   5075    5491  5682.27    5631.48  114.2603  21.9595   3.5601     -85.2923
   5075    5613  5699.83    5754.01  114.2839  21.9559   3.7636     -85.0297
   5075    5735  5717.42    5876.75  114.3076  21.9522   3.9674     -84.7928
   5075    5857  5735.04    5999.71  114.3313  21.9485   4.1715     -84.5779
   5075    6000  5755.74    6144.12  114.3591  21.9442   4.4112     -84.3500
   5193       1  5015.52    146.45  113.2008  22.0975   5.5733     101.9654
   5193     123  5033.22    269.98  113.2247  22.0940   5.3686     102.0886
   5193     245  5050.89    393.26  113.2485  22.0905   5.1641     102.2207
   5193     367  5068.52    516.31  113.2723  22.0870   4.9600     102.3626
   5193     489  5086.12    639.14  113.2961  22.0835   4.7561     102.5158
   5193     611  5103.70    761.76  113.3198  22.0800   4.5525     102.6816
   5193     733  5121.24    884.18  113.3434  22.0765   4.3492     102.8618
   5193     855  5138.76    1006.40  113.3671  22.0730   4.1462     103.0586
   5193     977  5156.25    1128.44  113.3906  22.0695   3.9434     103.2745
   5193    1099  5173.71    1250.32  113.4142  22.0660   3.7409     103.5125
   5193    1221  5191.16    1372.03  113.4377  22.0625   3.5387     103.7765
   5193    1343  5208.58    1493.58  113.4612  22.0590   3.3367     104.0710
   5193    1465  5225.98    1615.00  113.4847  22.0555   3.1350     104.4021
   5193    1587  5243.36    1736.29  113.5081  22.0520   2.9335     104.7771
   5193    1709  5260.72    1857.45  113.5315  22.0485   2.7324     105.2057
   5193    1831  5278.07    1978.51  113.5549  22.0450   2.5315     105.7007
   5193    1953  5295.41    2099.46  113.5782  22.0415   2.3309     106.2790
   5193    2075  5312.73    2220.32  113.6016  22.0380   2.1308     106.9640
   5193    2197  5330.04    2341.10  113.6249  22.0345   1.9311     107.7885
   5193    2319  5347.34    2461.81  113.6482  22.0310   1.7319     108.8005
   5193    2441  5364.63    2582.45  113.6715  22.0275   1.5335     110.0721
   5193    2563  5381.91    2703.05  113.6948  22.0240   1.3361     111.7173
   5193    2685  5399.19    2823.60  113.7181  22.0205   1.1403     113.9266
   5193    2807  5416.46    2944.12  113.7414  22.0170   0.9468     117.0409
   5193    2929  5433.73    3064.62  113.7646  22.0135   0.7576     121.7264
   5193    3051  5451.00    3185.10  113.7879  22.0100   0.5767     129.4280
   5193    3173  5468.27    3305.59  113.8111  22.0064   0.4152     143.5754
   5193    3295  5485.54    3426.08  113.8344  22.0029   0.3055     171.0419
   5193    3417  5502.81    3546.59  113.8576  21.9994   0.3091     -150.6741
   5193    3539  5520.08    3667.13  113.8809  21.9959   0.4230     -124.0843
   5193    3661  5537.36    3787.71  113.9042  21.9923   0.5862     -110.4267
   5193    3783  5554.65    3908.33  113.9275  21.9888   0.7680     -102.9470
   5193    3905  5571.95    4029.02  113.9507  21.9853   0.9578     -98.3718
   5193    4027  5589.25    4149.76  113.9740  21.9817   1.1518     -95.3186
   5193    4149  5606.57    4270.59  113.9974  21.9782   1.3482     -93.1463
   5193    4271  5623.90    4391.51  114.0207  21.9746   1.5461     -91.5249
   5193    4393  5641.25    4512.52  114.0440  21.9711   1.7451     -90.2696
   5193    4515  5658.61    4633.64  114.0674  21.9675   1.9449     -89.2692
   5193    4637  5675.98    4754.87  114.0908  21.9639   2.1453     -88.4531
   5193    4759  5693.38    4876.24  114.1142  21.9603   2.3462     -87.7746
   5193    4881  5710.79    4997.74  114.1376  21.9567   2.5476     -87.2013
   5193    5003  5728.23    5119.39  114.1611  21.9531   2.7494     -86.7103
   5193    5125  5745.69    5241.19  114.1845  21.9495   2.9515     -86.2849
   5193    5247  5763.17    5363.16  114.2081  21.9459   3.1540     -85.9124
   5193    5369  5780.68    5485.31  114.2316  21.9423   3.3569     -85.5835
   5193    5491  5798.21    5607.65  114.2552  21.9387   3.5600     -85.2908
   5193    5613  5815.77    5730.18  114.2788  21.9350   3.7635     -85.0283
   5193    5735  5833.37    5852.92  114.3025  21.9314   3.9673     -84.7916
   5193    5857  5850.99    5975.88  114.3262  21.9277   4.1714     -84.5769
   5193    6000  5871.69    6120.29  114.3540  21.9234   4.4111     -84.3491
   5311       1  5131.31    122.67  113.1959  22.0767   5.5734     101.9625
   5311     123  5149.01    246.19  113.2198  22.0732   5.3686     102.0856
   5311     245  5166.68    369.47  113.2436  22.0697   5.1642     102.2175
   5311     367  5184.32    492.52  113.2674  22.0661   4.9600     102.3594
   5311     489  5201.93    615.35  113.2911  22.0626   4.7561     102.5124
   5311     611  5219.50    737.97  113.3148  22.0591   4.5526     102.6781
   5311     733  5237.05    860.38  113.3385  22.0556   4.3493     102.8583
   5311     855  5254.57    982.61  113.3621  22.0521   4.1462     103.0549
   5311     977  5272.06    1104.65  113.3857  22.0486   3.9435     103.2706
   5311    1099  5289.53    1226.52  113.4092  22.0451   3.7410     103.5085
   5311    1221  5306.98    1348.23  113.4327  22.0416   3.5387     103.7723
   5311    1343  5324.40    1469.79  113.4562  22.0381   3.3367     104.0666
   5311    1465  5341.81    1591.20  113.4797  22.0346   3.1350     104.3975
   5311    1587  5359.19    1712.49  113.5031  22.0311   2.9336     104.7722
   5311    1709  5376.56    1833.65  113.5265  22.0276   2.7324     105.2006
   5311    1831  5393.91    1954.71  113.5499  22.0241   2.5315     105.6952
   5311    1953  5411.25    2075.66  113.5733  22.0206   2.3310     106.2731
   5311    2075  5428.57    2196.52  113.5966  22.0172   2.1308     106.9576
   5311    2197  5445.89    2317.29  113.6199  22.0137   1.9311     107.7816
   5311    2319  5463.19    2438.00  113.6432  22.0102   1.7320     108.7929
   5311    2441  5480.48    2558.64  113.6665  22.0067   1.5335     110.0637
   5311    2563  5497.77    2679.24  113.6898  22.0032   1.3362     111.7078
   5311    2685  5515.05    2799.79  113.7131  21.9996   1.1403     113.9156
   5311    2807  5532.33    2920.31  113.7363  21.9961   0.9468     117.0280
   5311    2929  5549.60    3040.81  113.7596  21.9926   0.7575     121.7106
   5311    3051  5566.87    3161.29  113.7829  21.9891   0.5766     129.4081
   5311    3173  5584.14    3281.78  113.8061  21.9856   0.4151     143.5509
   5311    3295  5601.41    3402.27  113.8294  21.9821   0.3054     171.0208
   5311    3417  5618.69    3522.78  113.8526  21.9786   0.3089     -150.6720
   5311    3539  5635.97    3643.31  113.8759  21.9750   0.4229     -124.0717
   5311    3661  5653.25    3763.89  113.8991  21.9715   0.5861     -110.4145
   5311    3783  5670.54    3884.51  113.9224  21.9680   0.7679     -102.9367
   5311    3905  5687.84    4005.19  113.9457  21.9644   0.9577     -98.3633
   5311    4027  5705.15    4125.94  113.9690  21.9609   1.1517     -95.3115
   5311    4149  5722.47    4246.77  113.9923  21.9573   1.3481     -93.1403
   5311    4271  5739.81    4367.68  114.0156  21.9538   1.5460     -91.5198
   5311    4393  5757.15    4488.69  114.0390  21.9502   1.7450     -90.2651
   5311    4515  5774.52    4609.81  114.0623  21.9467   1.9448     -89.2653
   5311    4637  5791.90    4731.04  114.0857  21.9431   2.1452     -88.4497
   5311    4759  5809.29    4852.41  114.1091  21.9395   2.3462     -87.7716
   5311    4881  5826.71    4973.91  114.1325  21.9359   2.5475     -87.1986
   5311    5003  5844.15    5095.55  114.1560  21.9323   2.7493     -86.7079
   5311    5125  5861.61    5217.36  114.1795  21.9287   2.9515     -86.2827
   5311    5247  5879.10    5339.33  114.2030  21.9251   3.1540     -85.9105
   5311    5369  5896.61    5461.47  114.2265  21.9215   3.3568     -85.5818
   5311    5491  5914.15    5583.81  114.2501  21.9179   3.5599     -85.2893
   5311    5613  5931.71    5706.34  114.2737  21.9142   3.7634     -85.0270
   5311    5735  5949.31    5829.08  114.2974  21.9106   3.9672     -84.7904
   5311    5857  5966.94    5952.03  114.3211  21.9069   4.1714     -84.5758
   5311    6000  5987.64    6096.44  114.3489  21.9026   4.4111     -84.3481
   5429       1  5247.09    98.88  113.1910  22.0559   5.5734     101.9595
   5429     123  5264.80    222.40  113.2148  22.0523   5.3687     102.0825
   5429     245  5282.48    345.68  113.2387  22.0488   5.1642     102.2144
   5429     367  5300.12    468.73  113.2624  22.0453   4.9600     102.3561
   5429     489  5317.73    591.56  113.2862  22.0418   4.7562     102.5091
   5429     611  5335.31    714.18  113.3099  22.0383   4.5526     102.6747
   5429     733  5352.86    836.59  113.3335  22.0348   4.3493     102.8547
   5429     855  5370.38    958.81  113.3571  22.0313   4.1463     103.0512
   5429     977  5387.88    1080.85  113.3807  22.0278   3.9435     103.2668
   5429    1099  5405.35    1202.72  113.4043  22.0243   3.7410     103.5045
   5429    1221  5422.80    1324.43  113.4278  22.0208   3.5388     103.7681
   5429    1343  5440.23    1445.99  113.4513  22.0173   3.3368     104.0622
   5429    1465  5457.63    1567.40  113.4747  22.0138   3.1350     104.3928
   5429    1587  5475.02    1688.69  113.4981  22.0103   2.9336     104.7673
   5429    1709  5492.39    1809.85  113.5215  22.0068   2.7324     105.1954
   5429    1831  5509.75    1930.90  113.5449  22.0033   2.5315     105.6897
   5429    1953  5527.09    2051.85  113.5683  21.9998   2.3310     106.2672
   5429    2075  5544.42    2172.71  113.5916  21.9963   2.1308     106.9512
   5429    2197  5561.73    2293.49  113.6149  21.9928   1.9311     107.7747
   5429    2319  5579.04    2414.19  113.6382  21.9893   1.7320     108.7853
   5429    2441  5596.34    2534.83  113.6615  21.9858   1.5336     110.0552
   5429    2563  5613.63    2655.43  113.6848  21.9823   1.3362     111.6983
   5429    2685  5630.91    2775.98  113.7081  21.9788   1.1403     113.9046
   5429    2807  5648.19    2896.49  113.7313  21.9753   0.9468     117.0150
   5429    2929  5665.46    3016.99  113.7546  21.9718   0.7575     121.6948
   5429    3051  5682.74    3137.47  113.7778  21.9683   0.5766     129.3883
   5429    3173  5700.01    3257.96  113.8011  21.9648   0.4150     143.5263
   5429    3295  5717.29    3378.45  113.8243  21.9613   0.3052     170.9997
   5429    3417  5734.57    3498.96  113.8476  21.9577   0.3087     -150.6699
   5429    3539  5751.85    3619.49  113.8709  21.9542   0.4227     -124.0591
   5429    3661  5769.14    3740.07  113.8941  21.9507   0.5860     -110.4022
   5429    3783  5786.43    3860.69  113.9174  21.9471   0.7677     -102.9265
   5429    3905  5803.73    3981.37  113.9407  21.9436   0.9576     -98.3548
   5429    4027  5821.05    4102.12  113.9640  21.9401   1.1516     -95.3044
   5429    4149  5838.37    4222.94  113.9873  21.9365   1.3480     -93.1342
   5429    4271  5855.71    4343.85  114.0106  21.9330   1.5459     -91.5146
   5429    4393  5873.06    4464.86  114.0339  21.9294   1.7449     -90.2607
   5429    4515  5890.42    4585.98  114.0573  21.9258   1.9447     -89.2614
   5429    4637  5907.81    4707.21  114.0806  21.9223   2.1452     -88.4463
   5429    4759  5925.21    4828.57  114.1040  21.9187   2.3461     -87.7686
   5429    4881  5942.63    4950.07  114.1275  21.9151   2.5475     -87.1960
   5429    5003  5960.07    5071.72  114.1509  21.9115   2.7493     -86.7055
   5429    5125  5977.54    5193.52  114.1744  21.9079   2.9514     -86.2806
   5429    5247  5995.02    5315.49  114.1979  21.9043   3.1539     -85.9086
   5429    5369  6012.54    5437.63  114.2215  21.9007   3.3567     -85.5801
   5429    5491  6030.08    5559.97  114.2450  21.8970   3.5599     -85.2877
   5429    5613  6047.65    5682.50  114.2686  21.8934   3.7634     -85.0256
   5429    5735  6065.25    5805.23  114.2923  21.8897   3.9672     -84.7892
   5429    5857  6082.88    5928.19  114.3160  21.8861   4.1713     -84.5747
   5429    6000  6103.59    6072.60  114.3438  21.8818   4.4110     -84.3472
   5547       1  5362.88    75.09  113.1860  22.0350   5.5735     101.9565
   5547     123  5380.59    198.61  113.2099  22.0315   5.3687     102.0795
   5547     245  5398.27    321.89  113.2337  22.0280   5.1642     102.2112
   5547     367  5415.92    444.94  113.2575  22.0245   4.9601     102.3529
   5547     489  5433.53    567.76  113.2812  22.0210   4.7562     102.5057
   5547     611  5451.11    690.38  113.3049  22.0174   4.5526     102.6712
   5547     733  5468.67    812.79  113.3286  22.0139   4.3493     102.8511
   5547     855  5486.19    935.01  113.3522  22.0104   4.1463     103.0475
   5547     977  5503.69    1057.05  113.3758  22.0069   3.9435     103.2629
   5547    1099  5521.17    1178.92  113.3993  22.0034   3.7410     103.5004
   5547    1221  5538.62    1300.63  113.4228  21.9999   3.5388     103.7639
   5547    1343  5556.05    1422.18  113.4463  21.9964   3.3368     104.0578
   5547    1465  5573.46    1543.60  113.4697  21.9929   3.1351     104.3882
   5547    1587  5590.85    1664.88  113.4932  21.9895   2.9336     104.7625
   5547    1709  5608.23    1786.04  113.5166  21.9860   2.7324     105.1902
   5547    1831  5625.59    1907.09  113.5399  21.9825   2.5316     105.6842
   5547    1953  5642.93    2028.04  113.5633  21.9790   2.3310     106.2613
   5547    2075  5660.26    2148.90  113.5866  21.9755   2.1309     106.9449
   5547    2197  5677.58    2269.67  113.6099  21.9720   1.9311     107.7678
   5547    2319  5694.89    2390.38  113.6332  21.9685   1.7320     108.7777
   5547    2441  5712.19    2511.02  113.6565  21.9650   1.5336     110.0468
   5547    2563  5729.48    2631.61  113.6798  21.9615   1.3362     111.6887
   5547    2685  5746.77    2752.16  113.7031  21.9580   1.1403     113.8937
   5547    2807  5764.05    2872.68  113.7263  21.9545   0.9468     117.0020
   5547    2929  5781.33    2993.17  113.7496  21.9510   0.7575     121.6790
   5547    3051  5798.61    3113.65  113.7728  21.9475   0.5765     129.3684
   5547    3173  5815.89    3234.14  113.7961  21.9439   0.4149     143.5017
   5547    3295  5833.16    3354.63  113.8193  21.9404   0.3050     170.9786
   5547    3417  5850.45    3475.13  113.8426  21.9369   0.3085     -150.6678
   5547    3539  5867.73    3595.67  113.8658  21.9334   0.4225     -124.0464
   5547    3661  5885.02    3716.24  113.8891  21.9299   0.5858     -110.3899
   5547    3783  5902.32    3836.86  113.9123  21.9263   0.7676     -102.9162
   5547    3905  5919.62    3957.54  113.9356  21.9228   0.9575     -98.3463
   5547    4027  5936.94    4078.29  113.9589  21.9192   1.1515     -95.2973
   5547    4149  5954.27    4199.11  113.9822  21.9157   1.3479     -93.1282
   5547    4271  5971.61    4320.02  114.0055  21.9121   1.5458     -91.5095
   5547    4393  5988.96    4441.03  114.0289  21.9086   1.7448     -90.2562
   5547    4515  6006.33    4562.14  114.0522  21.9050   1.9446     -89.2575
   5547    4637  6023.72    4683.38  114.0756  21.9014   2.1451     -88.4429
   5547    4759  6041.12    4804.74  114.0990  21.8979   2.3460     -87.7655
   5547    4881  6058.55    4926.23  114.1224  21.8943   2.5474     -87.1933
   5547    5003  6075.99    5047.88  114.1459  21.8907   2.7492     -86.7031
   5547    5125  6093.46    5169.68  114.1693  21.8871   2.9513     -86.2785
   5547    5247  6110.95    5291.65  114.1928  21.8835   3.1538     -85.9067
   5547    5369  6128.47    5413.79  114.2164  21.8798   3.3567     -85.5784
   5547    5491  6146.01    5536.12  114.2399  21.8762   3.5598     -85.2862
   5547    5613  6163.59    5658.65  114.2636  21.8726   3.7633     -85.0243
   5547    5735  6181.19    5781.39  114.2872  21.8689   3.9671     -84.7880
   5547    5857  6198.82    5904.34  114.3109  21.8653   4.1712     -84.5737
   5547    6000  6219.53    6048.74  114.3387  21.8610   4.4109     -84.3463
   5665       1  5478.67    51.29  113.1811  22.0142   5.5735     101.9536
   5665     123  5496.39    174.81  113.2050  22.0106   5.3687     102.0764
   5665     245  5514.07    298.09  113.2288  22.0071   5.1643     102.2081
   5665     367  5531.71    421.14  113.2526  22.0036   4.9601     102.3497
   5665     489  5549.33    543.96  113.2763  22.0001   4.7562     102.5024
   5665     611  5566.92    666.58  113.3000  21.9966   4.5527     102.6677
   5665     733  5584.47    788.99  113.3236  21.9931   4.3494     102.8475
   5665     855  5602.00    911.21  113.3472  21.9896   4.1463     103.0438
   5665     977  5619.51    1033.25  113.3708  21.9861   3.9436     103.2590
   5665    1099  5636.98    1155.11  113.3944  21.9826   3.7411     103.4964
   5665    1221  5654.44    1276.82  113.4179  21.9791   3.5388     103.7597
   5665    1343  5671.87    1398.38  113.4413  21.9756   3.3368     104.0534
   5665    1465  5689.29    1519.79  113.4648  21.9721   3.1351     104.3836
   5665    1587  5706.68    1641.07  113.4882  21.9686   2.9337     104.7576
   5665    1709  5724.06    1762.23  113.5116  21.9651   2.7325     105.1850
   5665    1831  5741.42    1883.28  113.5350  21.9616   2.5316     105.6787
   5665    1953  5758.77    2004.23  113.5583  21.9581   2.3310     106.2554
   5665    2075  5776.10    2125.08  113.5816  21.9546   2.1309     106.9385
   5665    2197  5793.43    2245.86  113.6049  21.9511   1.9312     107.7609
   5665    2319  5810.74    2366.56  113.6282  21.9476   1.7320     108.7701
   5665    2441  5828.04    2487.20  113.6515  21.9441   1.5336     110.0383
   5665    2563  5845.34    2607.79  113.6748  21.9406   1.3362     111.6792
   5665    2685  5862.63    2728.34  113.6981  21.9371   1.1403     113.8827
   5665    2807  5879.91    2848.85  113.7213  21.9336   0.9468     116.9890
   5665    2929  5897.19    2969.35  113.7446  21.9301   0.7575     121.6632
   5665    3051  5914.48    3089.83  113.7678  21.9266   0.5765     129.3485
   5665    3173  5931.76    3210.31  113.7911  21.9231   0.4148     143.4770
   5665    3295  5949.04    3330.80  113.8143  21.9196   0.3049     170.9574
   5665    3417  5966.32    3451.30  113.8375  21.9161   0.3083     -150.6658
   5665    3539  5983.61    3571.84  113.8608  21.9125   0.4224     -124.0337
   5665    3661  6000.90    3692.41  113.8841  21.9090   0.5857     -110.3776
   5665    3783  6018.21    3813.03  113.9073  21.9055   0.7675     -102.9059
   5665    3905  6035.52    3933.71  113.9306  21.9019   0.9574     -98.3378
   5665    4027  6052.83    4054.45  113.9539  21.8984   1.1514     -95.2902
   5665    4149  6070.16    4175.27  113.9772  21.8949   1.3478     -93.1222
   5665    4271  6087.51    4296.18  114.0005  21.8913   1.5457     -91.5043
   5665    4393  6104.86    4417.19  114.0238  21.8877   1.7448     -90.2517
   5665    4515  6122.24    4538.30  114.0472  21.8842   1.9446     -89.2536
   5665    4637  6139.63    4659.54  114.0705  21.8806   2.1450     -88.4394
   5665    4759  6157.03    4780.89  114.0939  21.8770   2.3459     -87.7625
   5665    4881  6174.46    4902.39  114.1173  21.8734   2.5473     -87.1906
   5665    5003  6191.91    5024.03  114.1408  21.8698   2.7491     -86.7008
   5665    5125  6209.38    5145.83  114.1643  21.8662   2.9513     -86.2763
   5665    5247  6226.88    5267.80  114.1878  21.8626   3.1538     -85.9048
   5665    5369  6244.40    5389.94  114.2113  21.8590   3.3566     -85.5767
   5665    5491  6261.94    5512.27  114.2349  21.8554   3.5597     -85.2847
   5665    5613  6279.52    5634.80  114.2585  21.8517   3.7632     -85.0229
   5665    5735  6297.13    5757.53  114.2821  21.8481   3.9670     -84.7868
   5665    5857  6314.76    5880.49  114.3058  21.8444   4.1712     -84.5726
   5665    6000  6335.48    6024.89  114.3336  21.8401   4.4109     -84.3454
   5820       1  5630.76    20.03  113.1746  21.9868   5.5736     101.9497
   5820     123  5648.48    143.55  113.1985  21.9833   5.3688     102.0724
   5820     245  5666.17    266.82  113.2223  21.9797   5.1643     102.2040
   5820     367  5683.82    389.87  113.2461  21.9762   4.9602     102.3454
   5820     489  5701.44    512.69  113.2698  21.9727   4.7563     102.4980
   5820     611  5719.03    635.31  113.2935  21.9692   4.5527     102.6632
   5820     733  5736.59    757.72  113.3171  21.9657   4.3494     102.8428
   5820     855  5754.12    879.93  113.3407  21.9622   4.1464     103.0389
   5820     977  5771.63    1001.97  113.3643  21.9587   3.9436     103.2540
   5820    1099  5789.11    1123.84  113.3878  21.9552   3.7411     103.4911
   5820    1221  5806.57    1245.54  113.4113  21.9517   3.5389     103.7541
   5820    1343  5824.01    1367.10  113.4348  21.9482   3.3369     104.0476
   5820    1465  5841.43    1488.51  113.4582  21.9447   3.1352     104.3775
   5820    1587  5858.83    1609.79  113.4817  21.9412   2.9337     104.7512
   5820    1709  5876.21    1730.95  113.5050  21.9377   2.7325     105.1783
   5820    1831  5893.58    1851.99  113.5284  21.9343   2.5316     105.6714
   5820    1953  5910.93    1972.94  113.5518  21.9308   2.3311     106.2476
   5820    2075  5928.27    2093.79  113.5751  21.9273   2.1309     106.9302
   5820    2197  5945.59    2214.57  113.5984  21.9238   1.9312     107.7518
   5820    2319  5962.91    2335.27  113.6217  21.9203   1.7320     108.7602
   5820    2441  5980.22    2455.91  113.6450  21.9168   1.5336     110.0272
   5820    2563  5997.52    2576.49  113.6682  21.9133   1.3362     111.6667
   5820    2685  6014.81    2697.04  113.6915  21.9098   1.1403     113.8682
   5820    2807  6032.10    2817.55  113.7147  21.9063   0.9468     116.9720
   5820    2929  6049.39    2938.05  113.7380  21.9028   0.7574     121.6424
   5820    3051  6066.67    3058.53  113.7612  21.8993   0.5764     129.3224
   5820    3173  6083.96    3179.01  113.7845  21.8957   0.4146     143.4447
   5820    3295  6101.24    3299.49  113.8077  21.8922   0.3046     170.9295
   5820    3417  6118.53    3420.00  113.8309  21.8887   0.3080     -150.6630
   5820    3539  6135.82    3540.53  113.8542  21.8852   0.4221     -124.0171
   5820    3661  6153.12    3661.10  113.8774  21.8817   0.5855     -110.3614
   5820    3783  6170.43    3781.72  113.9007  21.8781   0.7674     -102.8923
   5820    3905  6187.74    3902.39  113.9240  21.8746   0.9572     -98.3266
   5820    4027  6205.06    4023.14  113.9473  21.8710   1.1513     -95.2808
   5820    4149  6222.40    4143.96  113.9705  21.8675   1.3477     -93.1143
   5820    4271  6239.75    4264.87  113.9939  21.8639   1.5456     -91.4975
   5820    4393  6257.11    4385.87  114.0172  21.8604   1.7447     -90.2459
   5820    4515  6274.48    4506.98  114.0405  21.8568   1.9445     -89.2485
   5820    4637  6291.88    4628.21  114.0639  21.8532   2.1449     -88.4349
   5820    4759  6309.29    4749.57  114.0873  21.8497   2.3458     -87.7585
   5820    4881  6326.72    4871.06  114.1107  21.8461   2.5472     -87.1870
   5820    5003  6344.17    4992.70  114.1341  21.8425   2.7490     -86.6976
   5820    5125  6361.65    5114.50  114.1576  21.8389   2.9512     -86.2735
   5820    5247  6379.15    5236.47  114.1811  21.8353   3.1537     -85.9023
   5820    5369  6396.67    5358.61  114.2046  21.8317   3.3565     -85.5745
   5820    5491  6414.23    5480.94  114.2282  21.8280   3.5597     -85.2827
   5820    5613  6431.81    5603.46  114.2518  21.8244   3.7631     -85.0211
   5820    5735  6449.42    5726.20  114.2754  21.8207   3.9670     -84.7852
   5820    5857  6467.06    5849.15  114.2991  21.8171   4.1711     -84.5712
   5820    6000  6487.78    5993.55  114.3269  21.8128   4.4108     -84.3442
