"Water Control Zone","Station","Dates","Sample No","Depth","5-day Biochemical Oxygen Demand (mg/L)","Ammonia Nitrogen (mg/L)","Chlorophyll-a (μg/L)","Dissolved Oxygen (%saturation)","Dissolved Oxygen (mg/L)","E. coli (cfu/100mL)","Faecal Coliforms (cfu/100mL)","Nitrate Nitrogen (mg/L)","Nitrite Nitrogen (mg/L)","Orthophosphate Phosphorus (mg/L)","pH","Phaeo-pigments (μg/L)","Salinity (psu)","Secchi Disc Depth (M)","Silica (mg/L)","Suspended Solids (mg/L)","Temperature (°C)","Total Inorganic Nitrogen (mg/L)","Total Kjeldahl Nitrogen (mg/L)","Total Nitrogen (mg/L)","Total Phosphorus (mg/L)","Turbidity (NTU)","Unionised Ammonia (mg/L)","Volatile Suspended Solids (mg/L)"
"Deep Bay","DM1","2024-01-11","1","Surface Water","1.4","0.44","4.7","79","6.3","700","2700","1.1","0.088","0.094","8","4.5","21.6","1","2.7","13","20.1","1.63","1","2.19","0.19","4.7","0.014","2.1"
"Deep Bay","DM1","2024-02-14","1","Surface Water","2.5","0.62","3.9","99","8.1","1100","1800","1.6","0.12","0.13","7.5","<0.2","18.8","0.7","6.6","61","19.4","2.34","1.2","2.92","0.35","37.7","0.006","6.2"
"Deep Bay","DM1","2024-03-09","1","Surface Water","0.3","0.4","1.4","123","9.9","25","30","1.7","0.068","0.13","7.7","1.4","24.9","1","5.5","24","18.8","2.17","0.76","2.53","0.24","2.9","0.006","2.4"
"Deep Bay","DM1","2024-04-10","1","Surface Water","0.4","0.41","2.1","65","5","120","240","1.2","0.076","0.13","7.6","0.9","16.6","1.1","5.3","5.6","24.3","1.69","0.73","2.01","0.24","25.1","0.009","1.2"
"Deep Bay","DM1","2024-05-09","1","Surface Water","1","0.41","1.8","96","7.2","700","1300","1.2","0.17","0.16","7.6","1.7","9.2","1.2","7.9","17","27.3","1.78","0.73","2.1","0.22","38.2","0.011","2.7"
"Deep Bay","DM1","2024-06-07","1","Surface Water","2.6","0.39","3.1","106","8","800","1300","1.3","0.17","0.17","7.5","2.1","9.4","0.9","11","14","27.3","1.86","0.68","2.15","0.26","30.6","0.007","1.9"
"Deep Bay","DM1","2024-07-24","1","Surface Water","0.6","0.082","8.5","79","5.5","16","49","0.87","0.09","0.11","7.8","4.6","12.8","1.4","0.92","7.3","31.3","1.04","0.54","1.5","0.21","20.5","0.004","1.8"
"Deep Bay","DM1","2024-08-21","1","Surface Water","2","0.54","1.4","111","8.4","1200","2900","1.1","0.28","0.18","7.5","1.1","6.4","1","9.5","31","28.2","1.92","1.1","2.48","0.25","34.6","0.013","3.6"
"Deep Bay","DM1","2024-09-19","1","Surface Water","0.4","0.12","18","113","7.7","14","110","0.56","0.072","0.096","7.8","3.7","16.3","1.1","0.17","13","30.6","0.75","0.57","1.2","0.27","19","0.006","2.9"
"Deep Bay","DM1","2024-10-18","1","Surface Water","0.9","0.25","11","112","7.7","46","170","0.88","0.094","0.18","7.4","4.3","21","1.1","6.4","27","28.9","1.22","0.56","1.53","0.38","29.3","0.004","3.4"
"Deep Bay","DM1","2024-11-18","1","Surface Water","0.7","0.6","3.9","112","8.3","470","1100","1.5","0.12","0.18","7.1","3.9","16.5","0.9","8.6","38","25.7","2.22","1.2","2.82","0.38","37.4","0.004","4.8"
"Deep Bay","DM1","2024-12-15","1","Surface Water","2.2","0.22","4.7","114","9.8","510","940","1.5","0.069","0.094","7.9","2.2","19.4","1.4","3.8","15","16.8","1.79","0.58","2.15","0.14","18.1","0.004","2.7"
"Deep Bay","DM2","2024-01-11","1","Surface Water","1.8","0.16","4.4","78","6.1","110","180","0.36","0.032","0.057","8.2","3.9","24.8","1.1","0.51","13","20.2","0.55","0.39","0.78","0.12","3.7","0.009","2.1"
"Deep Bay","DM2","2024-02-14","1","Surface Water","1.1","0.35","2.8","100","8","68","130","1.1","0.05","0.094","7.6","0.3","24.1","0.4","4.4","48","19.3","1.5","0.77","1.92","0.28","6.8","0.004","4.4"
"Deep Bay","DM2","2024-03-09","1","Surface Water","0.2","0.27","1","78","6.2","90","100","0.95","0.041","0.12","7.6","1","24.9","1.3","4.2","14","18.9","1.26","0.58","1.57","0.17","2.6","0.003","2.4"
"Deep Bay","DM2","2024-04-10","1","Surface Water","0.2","0.29","1.8","66","5","70","100","1.1","0.042","0.098","7.7","1.2","18.3","1.2","3.7","8.4","24.4","1.43","0.5","1.64","0.18","20.9","0.006","1.6"
"Deep Bay","DM2","2024-05-09","1","Surface Water","0.4","0.33","1.6","93","7","330","570","1.2","0.12","0.13","7.6","1.4","11.1","1.5","7.7","16","27","1.65","0.54","1.86","0.17","17.4","0.008","2.5"
"Deep Bay","DM2","2024-06-07","1","Surface Water","2.5","0.3","1.3","106","7.9","240","380","1.3","0.13","0.14","7.6","1.2","11.4","1.3","11","7.1","27.1","1.73","0.51","1.94","0.2","11.8","0.008","1.4"
"Deep Bay","DM2","2024-07-24","1","Surface Water","0.3","0.049","4.1","73","5","49","84","0.74","0.085","0.094","7.9","3","14.7","1.6","2","6.8","31","0.87","0.49","1.32","0.16","17.3","0.003","1.6"
"Deep Bay","DM2","2024-08-21","1","Surface Water","1.5","0.39","4.1","113","8.4","3200","7300","1.1","0.28","0.17","7.7","3.3","8.5","1.1","8.6","17","28.1","1.77","1.1","2.48","0.27","32.8","0.013","2.6"
"Deep Bay","DM2","2024-09-19","1","Surface Water","0.2","0.12","9.3","99","6.7","7","26","0.44","0.05","0.11","7.7","2.8","18.6","1.1","0.11","9.5","30.7","0.61","0.34","0.83","0.16","14.7","0.005","1.8"
"Deep Bay","DM2","2024-10-18","1","Surface Water","0.7","0.065","8","101","6.9","14","67","0.77","0.065","0.092","7.5","5","23.3","1.5","3.8","13","28.8","0.9","0.36","1.2","0.33","27.6","0.001","2.2"
"Deep Bay","DM2","2024-11-18","1","Surface Water","0.3","0.3","4","110","7.9","130","800","1","0.085","0.14","7.3","3.4","23.1","0.8","4.7","26","25.6","1.39","0.55","1.64","0.33","43.8","0.003","3.3"
"Deep Bay","DM2","2024-12-15","1","Surface Water","3.2","0.058","35","99","8.4","58","130","0.81","0.033","0.026","8","12","22.7","1.5","1.2","17","16.5","0.9","0.5","1.34","0.13","9.6","0.002","4.6"
"Deep Bay","DM3","2024-01-11","1","Surface Water","0.9","0.094","3.3","104","7.9","15","18","0.16","0.018","0.016","8.3","1.2","28.1","1.5","0.26","5","20.4","0.27","0.27","0.45","0.05","1.7","0.006","0.9"
"Deep Bay","DM3","2024-02-14","1","Surface Water","0.8","0.19","1.3","77","6","5","6","0.48","0.02","0.075","7.8","1.1","28.8","0.5","2.1","11","19.1","0.69","0.46","0.96","0.13","3.8","0.004","1.8"
"Deep Bay","DM3","2024-03-09","1","Surface Water","<0.1","0.16","0.8","73","5.7","14","27","0.48","0.018","0.058","7.8","0.2","28.6","1.6","2.1","3.2","19.3","0.66","0.32","0.82","0.09","1.4","0.003","0.6"
"Deep Bay","DM3","2024-04-10","1","Surface Water","0.3","0.18","0.9","69","5.2","41","90","1.1","0.039","0.044","7.9","0.8","18.1","1.5","2.5","8.1","24.4","1.32","0.35","1.49","0.09","12.5","0.007","1.3"
"Deep Bay","DM3","2024-05-09","1","Surface Water","0.2","0.17","1.2","72","5.3","240","730","1","0.08","0.061","7.8","0.6","14.5","1.2","4.9","9.8","26.2","1.25","0.36","1.44","0.09","11","0.006","1.8"
"Deep Bay","DM3","2024-06-07","1","Surface Water","1.8","0.12","1.2","107","7.9","270","510","1.2","0.098","0.068","7.7","1","13.8","1","8.2","9.2","26.9","1.42","0.29","1.59","0.12","14.2","0.004","1.2"
"Deep Bay","DM3","2024-07-24","1","Surface Water","<0.1","0.03","2.1","61","4.2","14","45","0.87","0.11","0.054","7.8","1.9","17.2","1.5","5","8.7","30.4","1.01","0.26","1.24","0.12","11.2","0.002","1.6"
"Deep Bay","DM3","2024-08-21","1","Surface Water","0.6","0.078","2.2","110","8","250","900","1.1","0.19","0.11","7.7","0.8","12.7","1.3","7.4","11","28.1","1.37","0.37","1.66","0.2","20.8","0.003","1.5"
"Deep Bay","DM3","2024-09-19","1","Surface Water","<0.1","0.12","4","100","6.6","2","10","0.43","0.063","0.042","7.8","1","21.9","1.2","1.1","11","30.8","0.61","0.24","0.73","0.1","13.3","0.005","2"
"Deep Bay","DM3","2024-10-18","1","Surface Water","0.2","0.084","2.8","97","6.5","3","10","0.45","0.039","0.075","7.6","2","27","1.1","3.3","13","28.6","0.57","0.27","0.76","0.25","14.4","0.002","1.8"
"Deep Bay","DM3","2024-11-18","1","Surface Water","<0.1","0.14","1.9","93","6.6","23","140","0.63","0.076","0.089","7.6","1.8","27.1","1.3","3.1","20","25.5","0.85","0.32","1.03","0.24","17","0.002","2.5"
"Deep Bay","DM3","2024-12-15","1","Surface Water","1.9","0.042","15","102","8.2","6","18","0.31","0.016","0.008","7.9","4.4","27.4","1.7","0.35","10","17.8","0.37","0.3","0.63","0.06","10.4","<0.001","2"
"Deep Bay","DM4","2024-01-11","1","Surface Water","0.8","0.058","3.4","113","8.5","2","7","0.2","0.028","0.008","8.2","2.1","30.2","1.8","0.31","9.6","20.5","0.29","0.18","0.41","0.04","1.1","0.003","1.7"
"Deep Bay","DM4","2024-01-11","1","Bottom Water","0.7","0.059","3.3","114","8.6","2","3","0.21","0.028","0.007","8.2","2.8","30.4","1.8","0.34","8","20.4","0.3","0.15","0.39","0.03","1.1","0.003","1.4"
"Deep Bay","DM4","2024-02-14","1","Surface Water","0.6","0.18","0.7","88","6.8","<1","<1","0.45","0.013","0.023","8","0.5","29.3","1.1","1.5","9.2","19.2","0.64","0.45","0.91","0.06","1.5","0.005","1.2"
"Deep Bay","DM4","2024-02-14","1","Bottom Water","0.5","0.17","1.8","89","7","2","5","0.43","0.014","0.028","8","<0.2","29.7","1.1","1.4","6.4","18.8","0.61","0.39","0.83","0.06","2","0.005","0.5"
"Deep Bay","DM4","2024-03-09","1","Surface Water","0.2","0.13","1.3","69","5.3","9","15","0.38","0.012","0.028","7.9","<0.2","30.5","2.5","1.4","2.9","19.2","0.52","0.31","0.7","0.06","1","0.003","0.6"
"Deep Bay","DM4","2024-03-09","1","Bottom Water","0.1","0.13","1.4","89","6.8","4","7","0.37","0.016","0.024","7.9","<0.2","30.6","2.5","1.4","3.3","19.5","0.52","0.3","0.69","0.07","0.7","0.003","0.6"
"Deep Bay","DM4","2024-04-10","1","Surface Water","0.1","0.17","1.1","89","6.7","140","230","1.2","0.05","0.03","8","<0.2","18","1.2","2.8","5.7","24.2","1.42","0.34","1.59","0.07","12.2","0.007","0.8"
"Deep Bay","DM4","2024-04-10","1","Bottom Water","0.4","0.16","1","68","5.2","80","140","1.2","0.049","0.031","7.9","0.3","18.1","1.2","2.3","8.8","24.1","1.41","0.33","1.58","0.07","14.6","0.006","2.4"
"Deep Bay","DM4","2024-05-09","1","Surface Water","0.2","0.15","0.7","85","6.3","90","290","0.99","0.075","0.045","7.8","0.6","15.8","1.9","4.5","3.4","25.9","1.22","0.3","1.37","0.07","5.9","0.005","0.7"
"Deep Bay","DM4","2024-05-09","1","Bottom Water","<0.1","0.15","1.1","75","5.6","150","470","0.97","0.074","0.043","7.8","<0.2","16","1.9","4.6","4.4","25.8","1.19","0.33","1.37","0.07","7.9","0.005","0.8"
"Deep Bay","DM4","2024-06-07","1","Surface Water","1.9","0.097","1.3","89","6.6","170","520","1.1","0.098","0.051","7.7","<0.2","14.7","1.6","7.5","2.5","26.8","1.3","0.24","1.44","0.09","6.2","0.003","0.8"
"Deep Bay","DM4","2024-06-07","1","Bottom Water","1.6","0.11","0.6","87","6.4","170","480","1.1","0.09","0.051","7.8","0.6","15.1","1.6","7.8","5.3","26.8","1.3","0.23","1.42","0.1","10","0.004","0.9"
"Deep Bay","DM4","2024-07-24","1","Surface Water","<0.1","0.022","1.7","89","6.1","13","41","0.88","0.13","0.045","7.8","1.5","17.6","1.3","6","5.6","30.2","1.03","0.24","1.25","0.12","5.9","0.001","1.8"
"Deep Bay","DM4","2024-07-24","1","Bottom Water","<0.1","0.022","2","64","4.4","9","34","0.89","0.13","0.045","7.8","1.6","17.8","1.3","6.3","3","29.9","1.04","0.22","1.24","0.09","4.9","0.001","1"
"Deep Bay","DM4","2024-08-21","1","Surface Water","0.4","0.007","1.1","93","6.8","240","1300","1.1","0.31","0.053","7.8","0.9","13.4","1.4","7.2","14","28","1.42","0.23","1.64","0.14","19.8","<0.001","1.6"
"Deep Bay","DM4","2024-08-21","1","Bottom Water","0.3","0.006","1.1","95","6.9","200","770","1.1","0.26","0.058","7.8","1.2","13.5","1.4","6.6","16","28","1.37","0.22","1.58","0.14","23.7","<0.001","2.1"
"Deep Bay","DM4","2024-09-19","1","Surface Water","<0.1","0.14","2.4","60","4","8","20","0.47","0.099","0.037","7.8","0.7","22.6","1.4","3.1","10","30.3","0.71","0.25","0.82","0.08","9.8","0.006","2"
"Deep Bay","DM4","2024-09-19","1","Bottom Water","<0.1","0.16","2","62","4.2","24","89","0.46","0.095","0.043","7.8","1.3","22.7","1.4","3","6","30.1","0.72","0.23","0.79","0.09","12.3","0.006","1.2"
"Deep Bay","DM4","2024-10-18","1","Surface Water","0.4","0.093","1.7","94","6.2","1","8","0.39","0.057","0.023","7.7","<0.2","27.4","1.7","2.1","1.4","29.1","0.54","0.2","0.65","0.14","6","0.003","<0.5"
"Deep Bay","DM4","2024-10-18","1","Bottom Water","0.2","0.084","1.7","85","5.6","3","18","0.38","0.058","0.022","7.7","0.7","27.4","1.7","2.1","5.6","29.1","0.52","0.24","0.68","0.14","7.2","0.003","1"
"Deep Bay","DM4","2024-11-18","1","Surface Water","<0.1","0.048","1.3","64","4.4","29","83","0.39","0.1","0.042","7.7","1.1","29.5","1.3","2.1","11","25.4","0.54","0.16","0.65","0.16","15.6","0.001","1.4"
"Deep Bay","DM4","2024-11-18","1","Bottom Water","<0.1","0.064","1","75","5.2","33","110","0.39","0.1","0.045","7.7","0.8","29.5","1.3","2.1","21","25.6","0.55","0.19","0.68","0.19","16.7","0.001","3.3"
"Deep Bay","DM4","2024-12-15","1","Surface Water","1.5","0.073","7.7","107","8.2","32","41","0.28","0.013","0.015","7.8","1.6","30.4","1.9","0.61","7.8","19.8","0.37","0.2","0.49","0.05","0.6","0.001","1.6"
"Deep Bay","DM4","2024-12-15","1","Bottom Water","1.4","0.064","7.7","88","6.7","24","38","0.26","0.014","0.013","7.8","2.2","30.5","1.9","0.53","9.6","19.9","0.34","0.25","0.52","0.06","6.4","0.001","2"
"Deep Bay","DM5","2024-01-11","1","Surface Water","0.7","0.048","5.6","99","7.4","8","13","0.23","0.031","0.005","8.2","3.1","30.9","2.3","0.32","9.9","20.2","0.31","0.15","0.41","0.03","0.9","0.002","1.8"
"Deep Bay","DM5","2024-01-11","1","Middle Water","0.7","0.057","5.2","118","8.9","11","31","0.21","0.032","0.006","8.2","3.5","31.1","2.3","0.25","7.1","20.2","0.3","0.16","0.4","0.03","0.6","0.003","1.3"
"Deep Bay","DM5","2024-01-11","1","Bottom Water","0.7","0.052","7.3","115","8.7","25","40","0.2","0.031","0.005","8.2","<0.2","31.2","2.3","0.26","9.6","20.2","0.28","0.16","0.39","0.03","0.6","0.002","1.4"
"Deep Bay","DM5","2024-02-14","1","Surface Water","0.5","0.17","0.9","85","6.6","3","7","0.38","0.011","0.018","8","<0.2","30.1","1.8","1.3","9.4","19","0.56","0.39","0.78","0.05","1.2","0.005","1.3"
"Deep Bay","DM5","2024-02-14","1","Middle Water","0.5","0.16","0.6","88","6.9","14","19","0.34","0.012","0.017","8","0.3","31.1","1.8","1.2","8.3","18.6","0.51","0.43","0.78","0.05","1.5","0.004","1.3"
"Deep Bay","DM5","2024-02-14","1","Bottom Water","0.5","0.16","0.6","88","6.9","23","40","0.33","0.01","0.021","8","0.6","31.1","1.8","1.1","5.7","18.6","0.5","0.4","0.74","0.05","1.7","0.004","0.7"
"Deep Bay","DM5","2024-03-09","1","Surface Water","0.3","0.13","1.6","73","5.6","25","41","0.28","0.008","0.018","8","<0.2","31.5","2.2","0.99","0.8","19.4","0.42","0.3","0.59","0.05","0.5","0.004","<0.5"
"Deep Bay","DM5","2024-03-09","1","Middle Water","<0.1","0.14","1.7","90","6.8","39","55","0.28","0.011","0.018","8","0.3","31.6","2.2","0.97","3.9","19.7","0.43","0.31","0.6","0.05","0.5","0.004","0.7"
"Deep Bay","DM5","2024-03-09","1","Bottom Water","0.1","0.13","1.7","88","6.6","90","100","0.26","0.009","0.014","8","<0.2","32","2.2","0.91","0.8","19.8","0.4","0.34","0.61","0.05","0.5","0.004","<0.5"
"Deep Bay","DM5","2024-04-10","1","Surface Water","0.3","0.15","1.1","99","7.4","21","71","1.1","0.044","0.023","8","0.5","18.7","1.6","2.3","2.5","24.8","1.29","0.26","1.4","0.06","5.2","0.008","1.1"
"Deep Bay","DM5","2024-04-10","1","Middle Water","0.4","0.14","0.7","76","5.6","35","95","1","0.038","0.021","8.1","0.5","21.1","1.6","2","5.8","24.2","1.18","0.3","1.34","0.06","5.8","0.007","1.5"
"Deep Bay","DM5","2024-04-10","1","Bottom Water","0.3","0.14","1.1","78","5.7","46","110","0.95","0.037","0.021","8.1","0.3","23.4","1.6","1.9","4.4","24","1.13","0.28","1.27","0.06","5.6","0.007","1.2"
"Deep Bay","DM5","2024-05-09","1","Surface Water","0.3","0.11","1.8","93","6.8","45","110","0.87","0.073","0.039","7.9","<0.2","17.5","1.9","4.3","2.2","25.9","1.05","0.26","1.2","0.06","3.1","0.005","2"
"Deep Bay","DM5","2024-05-09","1","Middle Water","<0.1","0.11","1.4","79","5.8","73","160","0.83","0.063","0.032","7.9","0.2","18.3","1.9","3.7","1.6","25.9","1","0.24","1.13","0.06","3.8","0.005","0.6"
"Deep Bay","DM5","2024-05-09","1","Bottom Water","0.3","0.12","1.5","79","5.8","50","80","0.79","0.066","0.044","7.9","<0.2","19.6","1.9","3.9","1.7","25.6","0.98","0.26","1.12","0.06","3.6","0.005","0.6"
"Deep Bay","DM5","2024-06-07","1","Surface Water","1.8","0.074","1.6","90","6.6","90","210","1","0.092","0.04","7.9","1","15.8","1.6","6","2.4","26.8","1.17","0.22","1.31","0.08","5.1","0.003","0.6"
"Deep Bay","DM5","2024-06-07","1","Middle Water","1.8","0.074","1.4","79","5.8","140","350","1","0.09","0.039","7.9","0.9","16.4","1.6","6.7","3.7","26.7","1.16","0.27","1.36","0.08","5.5","0.003","0.8"
"Deep Bay","DM5","2024-06-07","1","Bottom Water","1.7","0.082","1.1","74","5.4","460","1200","1","0.086","0.034","7.8","<0.2","16.7","1.6","7.3","3.4","26.7","1.17","0.26","1.35","0.08","5.6","0.003","1.6"
"Deep Bay","DM5","2024-07-24","1","Surface Water","<0.1","0.007","2.4","55","3.7","2","3","0.82","0.11","0.029","7.9","2.2","19.4","2","5.7","2.1","29.8","0.94","0.23","1.16","0.06","3.2","<0.001","0.6"
"Deep Bay","DM5","2024-07-24","1","Middle Water","0.2","0.023","2.7","64","4.4","11","29","0.74","0.11","0.032","7.9","2.6","19.3","2","5.3","2","30","0.87","0.25","1.1","0.08","3.1","0.001","1.1"
"Deep Bay","DM5","2024-07-24","1","Bottom Water","<0.1","0.018","2.5","58","4","6","17","0.79","0.11","0.032","7.9","2.4","19.5","2","5.4","2.5","29.6","0.92","0.28","1.18","0.07","4.3","<0.001","1.1"
"Deep Bay","DM5","2024-08-21","1","Surface Water","0.2","0.009","1.4","95","6.8","40","170","1","0.17","0.039","7.9","<0.2","17.5","1.8","5.7","5.8","27.2","1.18","0.17","1.34","0.13","6.6","<0.001","1.1"
"Deep Bay","DM5","2024-08-21","1","Middle Water","<0.1","<0.005","0.9","66","4.7","44","230","0.97","0.17","0.041","7.9","0.5","17.6","1.8","5.2","7.9","27.2","1.15","0.2","1.34","0.13","6.8","<0.001","1.4"
"Deep Bay","DM5","2024-08-21","1","Bottom Water","0.2","0.006","0.6","61","4.4","60","230","0.94","0.17","0.04","7.9","0.6","17.6","1.8","5.2","6.1","27.2","1.12","0.17","1.28","0.13","6.9","<0.001","1.1"
"Deep Bay","DM5","2024-09-19","1","Surface Water","<0.1","0.15","1.5","106","7","1","3","0.44","0.11","0.031","7.8","<0.2","24.5","1.3","3.4","5.8","30","0.7","0.19","0.74","0.07","10","0.006","0.8"
"Deep Bay","DM5","2024-09-19","1","Middle Water","<0.1","0.14","1.1","67","4.5","7","15","0.41","0.11","0.029","7.8","0.3","24.7","1.3","3.7","7.2","29.7","0.66","0.21","0.73","0.08","10.1","0.006","1.1"
"Deep Bay","DM5","2024-09-19","1","Bottom Water","0.8","0.15","1.1","61","4.1","4","29","0.42","0.1","0.029","7.8","0.3","25.2","1.3","3.6","9","29.5","0.67","0.18","0.7","0.08","9.2","0.006","1.3"
"Deep Bay","DM5","2024-10-18","1","Surface Water","0.3","0.088","1.5","96","6.3","<1","2","0.29","0.049","0.018","7.8","0.3","29","1.5","2","3.6","28.8","0.43","0.21","0.55","0.16","7.3","0.003","0.8"
"Deep Bay","DM5","2024-10-18","1","Middle Water","<0.1","0.082","1.4","74","4.9","2","9","0.28","0.05","0.016","7.8","0.3","29.2","1.5","2","2.1","28.6","0.41","0.19","0.52","0.15","9.5","0.003","0.5"
"Deep Bay","DM5","2024-10-18","1","Bottom Water","<0.1","0.1","1.2","75","4.9","6","24","0.26","0.046","0.019","7.8","1","29.3","1.5","1.9","14","28.6","0.41","0.19","0.5","0.15","11.8","0.003","1.9"
"Deep Bay","DM5","2024-11-18","1","Surface Water","<0.1","0.021","0.8","69","4.7","75","140","0.33","0.12","0.031","7.7","<0.2","30.2","1.8","2","6.9","25.5","0.47","0.11","0.56","0.16","7.1","<0.001","0.8"
"Deep Bay","DM5","2024-11-18","1","Middle Water","<0.1","0.028","0.6","75","5.2","73","160","0.33","0.12","0.032","7.7","0.3","30.2","1.8","2","9.8","25.6","0.48","0.12","0.57","0.14","7.2","<0.001","1.2"
"Deep Bay","DM5","2024-11-18","1","Bottom Water","<0.1","0.023","0.7","63","4.3","66","70","0.31","0.12","0.03","7.7","0.7","30.2","1.8","1.9","6.6","25.6","0.45","0.1","0.53","0.15","9.9","<0.001","1.1"
"Deep Bay","DM5","2024-12-15","1","Surface Water","1.2","0.1","7.9","103","7.8","73","120","0.2","0.009","<0.002","7.8","3","31.9","1.7","0.56","10","20.1","0.31","0.28","0.49","0.06","8.3","0.002","1.8"
"Deep Bay","DM5","2024-12-15","1","Middle Water","1.2","0.1","7.2","86","6.4","63","100","0.19","0.009","0.012","7.8","2.5","31.3","1.7","0.53","12","20.7","0.3","0.68","0.88","0.06","9.8","0.002","2"
"Deep Bay","DM5","2024-12-15","1","Bottom Water","1.5","0.1","6.6","80","6","40","70","0.24","0.008","0.009","7.8","2.9","31.3","1.7","0.16","8","20.7","0.35","0.25","0.5","0.06","9.6","0.002","1.4"
"Eastern Buffer","EM1","2024-01-15","1","Surface Water","0.6","0.051","5.7","108","8","130","240","0.041","0.005","0.002","7.8","0.6","33.3","3.1","0.15","8.6","20.3","0.1","0.14","0.19","0.03","7.2","0.001","1.2"
"Eastern Buffer","EM1","2024-01-15","1","Middle Water","0.9","0.041","5.2","84","6.2","43","67","0.036","0.004","<0.002","7.8","1.3","33.4","3.1","0.14","7.2","20.1","0.08","0.16","0.2","0.04","2.8","<0.001","1.2"
"Eastern Buffer","EM1","2024-01-15","1","Bottom Water","0.6","0.026","5.3","86","6.5","11","22","0.026","0.002","0.003","7.8","2.2","33.5","3.1","0.17","2.8","20","0.05","0.2","0.23","0.04","3.2","<0.001","0.8"
"Eastern Buffer","EM1","2024-02-03","1","Surface Water","0.5","0.025","1.4","78","5.9","<1","1","0.038","0.003","0.008","8","<0.2","34","5","0.4","1.6","19.1","0.07","0.2","0.24","0.03","0.3","<0.001","0.5"
"Eastern Buffer","EM1","2024-02-03","1","Middle Water","0.4","0.024","1","93","7.1","1","1","0.013","<0.002","<0.002","8","<0.2","34","5","0.37","2.4","19.1","0.04","0.2","0.22","0.04","0.3","<0.001","0.6"
"Eastern Buffer","EM1","2024-02-03","1","Bottom Water","0.4","0.023","1.2","93","7","<1","1","0.009","0.004","<0.002","8","<0.2","34.1","5","0.36","1.9","19.1","0.04","0.17","0.18","0.03","0.5","<0.001","<0.5"
"Eastern Buffer","EM1","2024-03-06","1","Surface Water","1.8","0.071","0.7","90","6.7","9","48","0.07","0.007","0.011","7.6","<0.2","34.1","3.1","0.54","0.5","20.2","0.15","0.22","0.3","0.05","2.6","<0.001","<0.5"
"Eastern Buffer","EM1","2024-03-06","1","Middle Water","1.9","0.071","0.6","93","6.9","140","220","0.055","0.006","0.005","7.6","<0.2","34.1","3.1","0.46","<0.5","19.9","0.13","0.45","0.51","0.05","2.5","<0.001","<0.5"
"Eastern Buffer","EM1","2024-03-06","1","Bottom Water","0.3","0.048","0.9","94","7","130","170","0.034","0.002","<0.002","7.7","0.6","34.3","3.1","0.37","3.6","19.7","0.08","0.14","0.18","0.04","2.5","<0.001","<0.5"
"Eastern Buffer","EM1","2024-04-11","1","Surface Water","0.4","0.043","1.8","100","7","6","14","0.058","<0.002","0.005","7.6","<0.2","33.6","2.9","0.26","2","23.6","0.1","0.19","0.25","0.06","2.6","<0.001","0.8"
"Eastern Buffer","EM1","2024-04-11","1","Middle Water","0.3","0.039","2.1","75","5.3","10","31","0.058","<0.002","0.004","7.6","<0.2","33.6","2.9","0.26","1.6","23.6","0.1","0.13","0.19","0.05","2.5","<0.001","0.8"
"Eastern Buffer","EM1","2024-04-11","1","Bottom Water","0.4","0.015","0.5","77","5.4","7","14","0.02","<0.002","<0.002","7.6","<0.2","33.9","2.9","0.26","2.6","23.5","0.04","0.08","0.1","0.05","3","<0.001","1.2"
"Eastern Buffer","EM1","2024-05-17","1","Surface Water","1.2","<0.005","1.9","84","5.7","<1","6","0.004","<0.002","0.004","8.2","<0.2","31.7","3.6","0.09","2.6","25.8","0.01","0.13","0.14","0.07","0.7","<0.001","0.6"
"Eastern Buffer","EM1","2024-05-17","1","Middle Water","<0.1","0.007","2.2","88","6","<1","3","0.009","<0.002","<0.002","8.2","<0.2","31.8","3.6","0.09","3.5","25.7","0.02","0.23","0.24","0.07","0.6","<0.001","0.8"
"Eastern Buffer","EM1","2024-05-17","1","Bottom Water","<0.1","<0.005","1.8","77","5.3","5","14","0.008","<0.002","0.003","8.2","<0.2","31.8","3.6","0.09","6.3","25.7","0.02","0.17","0.18","0.08","0.6","<0.001","1.9"
"Eastern Buffer","EM1","2024-06-21","1","Surface Water","2.9","0.053","36","84","5.7","330","2400","0.36","0.05","0.011","8.4","6.4","25.5","1.9","0.46","14","27.9","0.46","0.34","0.75","0.05","2.8","0.007","4"
"Eastern Buffer","EM1","2024-06-21","1","Middle Water","1","0.036","7.3","91","6.2","240","460","0.097","0.036","0.002","8.1","2.6","32.9","1.9","0.62","8.4","25.5","0.17","0.16","0.29","0.06","2.9","0.002","1.2"
"Eastern Buffer","EM1","2024-06-21","1","Bottom Water","0.5","0.027","3.1","92","6.3","130","220","0.065","0.033","0.009","8.1","1.4","33.9","1.9","0.66","14","24.9","0.13","0.16","0.26","0.06","2.5","0.001","2.7"
"Eastern Buffer","EM1","2024-07-04","1","Surface Water","1.9","0.04","38","97","6.8","80","460","0.47","0.029","<0.002","7.7","3.5","22.4","4.5","0.59","4.5","27.8","0.54","0.35","0.85","0.07","3.8","0.001","1.6"
"Eastern Buffer","EM1","2024-07-04","1","Middle Water","0.3","0.03","3.7","42","3","390","610","0.12","0.02","0.012","7.3","2.1","34","4.5","1.1","4.9","23.1","0.17","0.14","0.28","0.12","4.3","<0.001","1.1"
"Eastern Buffer","EM1","2024-07-04","1","Bottom Water","<0.1","0.026","1.7","42","2.9","180","340","0.1","0.022","0.01","7.3","1.4","34.2","4.5","1.1","3.3","23","0.15","0.13","0.25","0.14","4.2","<0.001","0.6"
"Eastern Buffer","EM1","2024-08-05","1","Surface Water","0.8","0.026","8","73","5.7","410","1200","0.15","0.018","0.006","8.1","2.3","31.9","2.7","0.46","17","25.1","0.19","0.32","0.49","0.11","1.9","0.001","5"
"Eastern Buffer","EM1","2024-08-05","1","Middle Water","0.9","<0.005","1.7","46","3.3","230","410","0.13","0.01","0.008","7.9","1.1","34.1","2.7","1.1","2.6","22.9","0.15","0.21","0.35","0.1","2.1","<0.001","1.3"
"Eastern Buffer","EM1","2024-08-05","1","Bottom Water","1","0.008","0.9","46","3.3","55","130","0.12","0.01","0.008","7.9","0.9","34.3","2.7","1.1","2.3","22.8","0.14","0.17","0.3","0.11","2.2","<0.001","0.7"
"Eastern Buffer","EM1","2024-09-14","1","Surface Water","2.4","0.16","11","93","6","60","210","0.12","0.025","0.027","8.1","10","30.6","1.8","0.86","5.3","29.3","0.31","0.46","0.61","0.15","2.9","0.011","2.1"
"Eastern Buffer","EM1","2024-09-14","1","Middle Water","1.7","0.17","6.1","71","4.6","80","280","0.11","0.022","0.022","7.9","6.5","31","1.8","1.1","8.4","28.9","0.3","0.32","0.45","0.14","5.6","0.009","2.4"
"Eastern Buffer","EM1","2024-09-14","1","Bottom Water","1.5","0.16","4.5","65","4.3","150","240","0.069","0.023","0.018","7.9","5","31.3","1.8","1.2","4.2","28.7","0.25","0.29","0.38","0.14","5.9","0.007","1.6"
"Eastern Buffer","EM1","2024-10-07","1","Surface Water","0.2","0.046","1.9","95","6.2","7","15","0.042","0.008","0.008","7.8","0.8","32.5","1.6","0.64","4","28.7","0.1","0.19","0.24","0.22","3","0.002","1.3"
"Eastern Buffer","EM1","2024-10-07","1","Middle Water","<0.1","0.053","<0.2","72","4.7","17","41","0.042","0.008","0.007","7.8","2.7","32.5","1.6","0.64","3","28.6","0.1","0.18","0.23","0.31","3.2","0.002","1"
"Eastern Buffer","EM1","2024-10-07","1","Bottom Water","<0.1","0.04","1.2","83","5.4","18","30","0.04","0.008","0.006","7.8","0.3","32.6","1.6","0.68","3","28.5","0.09","0.18","0.23","0.24","3.6","0.001","0.9"
"Eastern Buffer","EM1","2024-11-06","1","Surface Water","0.7","0.026","1.1","80","5.4","22","51","0.076","0.051","0.009","7.8","1.1","32.6","2.3","0.83","15","26.3","0.15","0.09","0.22","0.11","2.1","<0.001","1.1"
"Eastern Buffer","EM1","2024-11-06","1","Middle Water","0.9","0.018","1.7","69","4.7","31","61","0.044","0.054","<0.002","7.8","<0.2","32.5","2.3","0.76","19","26.2","0.12","0.13","0.23","0.17","2.7","<0.001","2.2"
"Eastern Buffer","EM1","2024-11-06","1","Bottom Water","0.7","0.015","1.1","68","4.6","48","79","0.042","0.049","<0.002","7.8","1","32.7","2.3","0.74","10","26.2","0.11","0.1","0.19","0.11","7.9","<0.001","1.3"
"Eastern Buffer","EM1","2024-12-10","1","Surface Water","0.4","0.072","3.5","88","6.4","120","170","0.19","0.01","0.011","7.8","1.7","31.6","2.7","0.64","6","21.9","0.27","0.19","0.39","0.06","2.8","0.002","1.2"
"Eastern Buffer","EM1","2024-12-10","1","Middle Water","<0.1","0.059","1.9","85","6.2","200","250","0.17","0.01","0.014","7.8","0.4","31.8","2.7","0.65","4.9","21.8","0.24","0.2","0.38","0.06","3.2","0.001","1.2"
"Eastern Buffer","EM1","2024-12-10","1","Bottom Water","0.3","0.058","1.8","79","5.8","270","520","0.18","0.009","0.014","7.8","1.2","31.8","2.7","0.64","5.5","21.8","0.25","0.12","0.31","0.04","3.2","0.001","1.3"
"Eastern Buffer","EM2","2024-01-15","1","Surface Water","0.5","0.035","5.7","88","6.5","7","13","0.036","0.004","0.005","7.8","0.8","33.4","3.5","0.14","8.2","20.1","0.08","0.15","0.19","0.04","3","<0.001","1.6"
"Eastern Buffer","EM2","2024-01-15","1","Middle Water","0.6","0.03","5.4","107","8","38","100","0.025","<0.002","<0.002","7.8","1.4","33.5","3.5","0.13","4","20","0.06","0.12","0.15","0.03","2.8","<0.001","0.8"
"Eastern Buffer","EM2","2024-01-15","1","Bottom Water","0.3","0.013","3.8","104","7.8","9","19","0.009","<0.002","<0.002","7.8","2.1","33.8","3.5","0.17","7.6","20","0.02","0.16","0.17","0.03","5.9","<0.001","1.3"
"Eastern Buffer","EM2","2024-02-03","1","Surface Water","0.3","0.015","1","91","6.9","<1","2","0.021","<0.002","<0.002","8","<0.2","34.1","4.9","0.34","3.4","19.1","0.04","0.14","0.16","0.04","0.2","<0.001","1.1"
"Eastern Buffer","EM2","2024-02-03","1","Middle Water","0.3","0.018","1.1","94","7.1","<1","<1","0.008","<0.002","<0.002","8","<0.2","34.1","4.9","0.32","2","19.1","0.03","0.13","0.14","0.03","0.2","<0.001","<0.5"
"Eastern Buffer","EM2","2024-02-03","1","Bottom Water","0.3","0.018","1","93","7","<1","<1","0.009","<0.002","<0.002","8","<0.2","34.1","4.9","0.35","2.7","19.1","0.03","0.2","0.21","0.03","0.4","<0.001","<0.5"
"Eastern Buffer","EM2","2024-03-06","1","Surface Water","1.9","0.055","0.9","95","7","4","16","0.046","0.003","<0.002","7.7","<0.2","34.2","3.5","0.42","2.3","20.1","0.1","0.15","0.2","0.04","2.4","<0.001","<0.5"
"Eastern Buffer","EM2","2024-03-06","1","Middle Water","1.9","0.051","0.5","94","7","82","140","0.036","0.004","0.002","7.7","<0.2","34.2","3.5","0.43","<0.5","19.7","0.09","0.19","0.23","0.04","2.4","<0.001","<0.5"
"Eastern Buffer","EM2","2024-03-06","1","Bottom Water","1.9","0.035","0.5","95","7.1","14","24","0.022","<0.002","0.003","7.7","<0.2","34.4","3.5","0.34","1.6","19.7","0.06","0.12","0.14","0.04","2.7","<0.001","<0.5"
"Eastern Buffer","EM2","2024-04-11","1","Surface Water","0.4","0.036","1.4","101","7","1","3","0.055","<0.002","0.005","7.6","<0.2","33.6","3","0.26","3.8","23.7","0.09","0.16","0.22","0.05","2.7","<0.001","0.9"
"Eastern Buffer","EM2","2024-04-11","1","Middle Water","0.4","0.022","1.1","74","5.2","20","27","0.035","<0.002","<0.002","7.6","<0.2","33.7","3","0.25","2.8","23.5","0.06","0.16","0.2","0.06","2.7","<0.001","1"
"Eastern Buffer","EM2","2024-04-11","1","Bottom Water","0.3","0.007","0.7","92","6.4","5","11","0.016","<0.002","0.002","7.6","0.3","34.1","3","0.26","1","23.5","0.03","0.15","0.17","0.06","3.3","<0.001","0.8"
"Eastern Buffer","EM2","2024-05-17","1","Surface Water","<0.1","0.01","2.2","82","5.6","<1","7","0.013","<0.002","<0.002","8.2","<0.2","31.8","3.4","0.11","1.4","25.8","0.03","0.13","0.15","0.07","1.1","<0.001","<0.5"
"Eastern Buffer","EM2","2024-05-17","1","Middle Water","<0.1","0.006","1.3","86","5.9","<1","6","0.009","0.002","0.005","8.2","<0.2","31.9","3.4","0.1","6.9","25.7","0.02","0.19","0.2","0.08","0.8","<0.001","1.9"
"Eastern Buffer","EM2","2024-05-17","1","Bottom Water","<0.1","<0.005","1.8","79","5.4","3","4","0.008","<0.002","0.031","8.2","<0.2","32","3.4","0.1","4.5","25.7","0.02","0.15","0.16","0.08","2.3","<0.001","1.1"
"Eastern Buffer","EM2","2024-06-21","1","Surface Water","3.2","0.051","35","85","5.7","350","1500","0.32","0.046","0.009","8.3","8.1","27.7","2.1","0.25","6.2","27.4","0.42","0.36","0.73","0.05","2.5","0.005","1.8"
"Eastern Buffer","EM2","2024-06-21","1","Middle Water","1.3","0.034","13","84","5.7","210","580","0.13","0.037","0.006","8.1","2.1","31.5","2.1","0.52","13","26","0.2","0.2","0.37","0.06","2.5","0.002","2.4"
"Eastern Buffer","EM2","2024-06-21","1","Bottom Water","0.5","0.024","1.7","57","3.9","300","500","0.054","0.031","0.008","8","0.7","32.8","2.1","0.67","13","25.1","0.11","0.12","0.21","0.06","2.7","0.001","2.2"
"Eastern Buffer","EM2","2024-07-04","1","Surface Water","2.4","0.034","29","102","7","420","1100","0.39","0.029","<0.002","7.7","5.8","24.1","2.4","0.46","7","27.7","0.45","0.31","0.73","0.09","4.1","<0.001","1.9"
"Eastern Buffer","EM2","2024-07-04","1","Middle Water","0.4","0.044","5.5","66","4.6","370","590","0.15","0.021","0.009","7.3","2.4","32.1","2.4","1","2.9","24","0.22","0.2","0.37","0.13","3.7","<0.001","0.6"
"Eastern Buffer","EM2","2024-07-04","1","Bottom Water","0.4","0.018","1","46","3.2","20","40","0.093","0.02","0.011","7.3","0.6","34.4","2.4","1.1","5.3","22.9","0.13","0.15","0.26","0.14","4.6","<0.001","1"
"Eastern Buffer","EM2","2024-08-05","1","Surface Water","1","0.036","5.6","79","5.3","58","130","0.16","0.023","<0.002","8.2","2.4","31.1","2.6","0.28","3","26.6","0.22","0.34","0.52","0.1","3.1","0.003","1.2"
"Eastern Buffer","EM2","2024-08-05","1","Middle Water","<0.1","0.011","1.3","56","3.9","80","120","0.14","0.012","0.008","8","0.8","33.7","2.6","0.9","2.6","23.4","0.16","0.2","0.35","0.1","2.4","<0.001","2.3"
"Eastern Buffer","EM2","2024-08-05","1","Bottom Water","<0.1","0.009","1","47","3.3","7","16","0.12","0.009","0.009","7.9","0.8","34.3","2.6","1.1","4","22.8","0.14","0.23","0.36","0.1","4.7","<0.001","1"
"Eastern Buffer","EM2","2024-09-14","1","Surface Water","2.2","0.17","9.8","86","5.6","130","390","0.12","0.022","0.024","8","6.6","30.9","2","0.89","6.5","29","0.31","0.39","0.53","0.15","4","0.01","3.5"
"Eastern Buffer","EM2","2024-09-14","1","Middle Water","1.1","0.13","4.1","61","4","230","480","0.08","0.023","0.018","7.9","4","31.3","2","1.1","4","28.7","0.23","0.33","0.43","0.14","5","0.006","1.1"
"Eastern Buffer","EM2","2024-09-14","1","Bottom Water","0.7","0.098","2.1","64","4.2","280","580","0.06","0.031","0.019","7.9","1.3","32.2","2","1.3","4.8","28.3","0.19","0.23","0.32","0.15","6.3","0.004","2.4"
"Eastern Buffer","EM2","2024-10-07","1","Surface Water","<0.1","0.023","2","83","5.3","9","37","0.037","0.008","0.007","7.8","0.8","32.5","1.8","0.67","6.8","28.7","0.07","0.18","0.23","0.21","2.9","<0.001","3.1"
"Eastern Buffer","EM2","2024-10-07","1","Middle Water","<0.1","0.027","1.8","60","3.9","46","82","0.036","0.009","0.007","7.8","0.5","32.5","1.8","0.69","4.5","28.6","0.07","0.15","0.2","0.22","2.7","<0.001","2.6"
"Eastern Buffer","EM2","2024-10-07","1","Bottom Water","<0.1","0.021","1.3","64","4.1","41","64","0.033","0.01","0.006","7.8","0.3","32.6","1.8","0.73","5.2","28.5","0.06","0.14","0.18","0.28","4.1","<0.001","1.8"
"Eastern Buffer","EM2","2024-11-06","1","Surface Water","0.8","0.017","2.2","77","5.2","8","27","0.067","0.052","0.011","7.8","<0.2","32.6","2.5","0.76","18","26.2","0.14","0.11","0.23","0.11","2.6","<0.001","1.8"
"Eastern Buffer","EM2","2024-11-06","1","Middle Water","0.8","0.007","1.5","65","4.4","33","87","0.049","0.051","0.004","7.8","0.7","32.6","2.5","0.81","12","26.1","0.11","0.13","0.23","0.12","2.5","<0.001","1.7"
"Eastern Buffer","EM2","2024-11-06","1","Bottom Water","1.1","0.054","1","66","4.4","20","50","0.06","0.048","<0.002","7.8","1","32.7","2.5","0.74","17","26.2","0.16","0.29","0.4","0.15","5.6","0.002","1.2"
"Eastern Buffer","EM2","2024-12-10","1","Surface Water","0.8","0.061","4","91","6.7","200","370","0.17","0.009","0.005","7.8","2.8","31.6","2.4","0.59","4.3","21.6","0.24","0.2","0.38","0.05","2.3","0.001","1.2"
"Eastern Buffer","EM2","2024-12-10","1","Middle Water","0.3","0.052","4","92","6.7","130","210","0.16","0.007","0.013","7.8","1.9","31.9","2.4","0.63","4.4","21.8","0.22","0.16","0.33","0.04","2.6","0.001","1.4"
"Eastern Buffer","EM2","2024-12-10","1","Bottom Water","0.5","0.052","2.8","92","6.7","130","240","0.15","0.006","0.014","7.8","0.2","32","2.4","0.62","4.2","21.9","0.21","0.15","0.31","0.05","5.9","0.001","0.9"
"Eastern Buffer","EM3","2024-01-15","1","Surface Water","0.3","0.007","2.2","88","6.7","<1","<1","0.006","<0.002","<0.002","7.8","0.6","31","3","0.17","8.3","20.2","0.02","0.17","0.18","0.03","3.5","<0.001","1.2"
"Eastern Buffer","EM3","2024-01-15","1","Middle Water","0.2","0.01","2.3","86","6.4","4","5","0.006","<0.002","<0.002","7.8","0.4","33.9","3","0.15","3.3","20.2","0.02","0.11","0.12","0.03","3.2","<0.001","0.7"
"Eastern Buffer","EM3","2024-01-15","1","Bottom Water","0.1","0.007","2.2","102","7.6","<1","1","0.006","<0.002","<0.002","7.8","0.3","34","3","0.16","3.7","20.4","0.02","<0.05","0.06","0.03","3.6","<0.001","<0.5"
"Eastern Buffer","EM3","2024-02-03","1","Surface Water","0.5","0.028","1.4","86","6.5","2","3","0.04","<0.002","<0.002","8","<0.2","34.1","4.2","0.35","2.6","19.1","0.07","0.14","0.18","0.03","0.2","<0.001","0.7"
"Eastern Buffer","EM3","2024-02-03","1","Middle Water","0.3","0.023","1.3","93","7","1","1","0.013","<0.002","<0.002","8","<0.2","34.1","4.2","0.37","3.2","19","0.04","0.13","0.15","0.03","0.3","<0.001","0.6"
"Eastern Buffer","EM3","2024-02-03","1","Bottom Water","0.4","0.015","1.1","93","7.1","2","2","0.009","<0.002","0.004","8.1","<0.2","34.2","4.2","0.34","4.1","19","0.03","0.18","0.19","0.03","0.5","<0.001","0.8"
"Eastern Buffer","EM3","2024-03-06","1","Surface Water","2","0.059","0.3","67","5","4","15","0.05","0.006","0.01","7.6","<0.2","34.4","3.4","0.48","0.6","20.4","0.12","0.24","0.3","0.04","2.5","<0.001","<0.5"
"Eastern Buffer","EM3","2024-03-06","1","Middle Water","2.1","0.03","0.6","98","7.3","4","14","0.014","<0.002","<0.002","7.7","<0.2","34.4","3.4","0.25","0.6","20","0.05","0.13","0.15","0.04","2.4","<0.001","<0.5"
"Eastern Buffer","EM3","2024-03-06","1","Bottom Water","1.9","0.028","0.5","96","7.2","<1","1","0.012","<0.002","<0.002","7.7","<0.2","34.4","3.4","0.31","1","19.8","0.04","0.16","0.17","0.04","2.6","<0.001","<0.5"
"Eastern Buffer","EM3","2024-04-11","1","Surface Water","0.5","0.032","0.8","91","6.4","2","3","0.053","<0.002","0.004","7.6","0.6","33.6","4.5","0.25","2.7","23.6","0.09","0.13","0.19","0.05","2.4","<0.001","0.5"
"Eastern Buffer","EM3","2024-04-11","1","Middle Water","0.4","0.013","1.4","95","6.7","2","3","0.019","<0.002","<0.002","7.6","<0.2","34.1","4.5","0.25","4.5","23.4","0.03","0.13","0.15","0.05","2.6","<0.001","2"
"Eastern Buffer","EM3","2024-04-11","1","Bottom Water","0.2","0.007","0.9","96","6.7","1","2","0.013","<0.002","<0.002","7.6","<0.2","34.1","4.5","0.24","4.1","23.4","0.02","0.09","0.11","0.05","3.2","<0.001","1.1"
"Eastern Buffer","EM3","2024-05-17","1","Surface Water","<0.1","0.009","0.9","79","5.4","<1","<1","0.01","<0.002","<0.002","8.2","<0.2","31.9","3.4","0.09","2.2","25.7","0.02","0.15","0.16","0.07","0.8","<0.001","0.5"
"Eastern Buffer","EM3","2024-05-17","1","Middle Water","<0.1","0.009","1.2","73","5","2","3","0.007","<0.002","<0.002","8.2","<0.2","31.9","3.4","0.09","4.2","25.7","0.02","0.15","0.16","0.07","1","<0.001","1.1"
"Eastern Buffer","EM3","2024-05-17","1","Bottom Water","<0.1","0.009","1.6","83","5.6","1","1","0.012","<0.002","<0.002","8.2","<0.2","32","3.4","0.12","3","25.7","0.02","0.21","0.22","0.03","1.6","<0.001","0.8"
"Eastern Buffer","EM3","2024-06-21","1","Surface Water","3.4","0.048","32","90","6.1","59","150","0.27","0.047","<0.002","8.3","10","29.3","2.1","0.07","5.2","27.1","0.37","0.35","0.67","0.06","1.9","0.004","1.2"
"Eastern Buffer","EM3","2024-06-21","1","Middle Water","0.9","0.025","8","95","6.4","30","78","0.038","0.013","<0.002","8.1","1.5","32.4","2.1","0.21","9.7","26.4","0.08","0.14","0.19","0.05","0.6","0.002","1.2"
"Eastern Buffer","EM3","2024-06-21","1","Bottom Water","0.3","0.01","1.4","83","5.6","11","21","0.039","0.022","0.002","8","<0.2","33.9","2.1","0.61","6.4","25.3","0.07","0.16","0.22","0.07","1.3","<0.001","0.6"
"Eastern Buffer","EM3","2024-07-04","1","Surface Water","1.6","0.005","37","101","6.9","140","230","0.26","0.029","<0.002","7.7","4","28","2.6","0.23","6.5","26.7","0.29","0.3","0.59","0.09","3.3","<0.001","2"
"Eastern Buffer","EM3","2024-07-04","1","Middle Water","0.9","0.025","3.7","76","5.2","230","360","0.11","0.019","0.006","7.3","1.8","31.5","2.6","0.97","1.8","25.1","0.15","0.17","0.3","0.14","3","<0.001","0.5"
"Eastern Buffer","EM3","2024-07-04","1","Bottom Water","0.2","0.012","1","75","5.2","4","11","0.084","0.014","0.008","7.3","<0.2","34.1","2.6","1","3","23.5","0.11","0.12","0.22","0.13","4","<0.001","0.6"
"Eastern Buffer","EM3","2024-08-05","1","Surface Water","1.3","0.037","12","122","8.3","45","160","0.068","0.009","<0.002","8.2","4.2","31.8","2.5","0.14","3.2","25.8","0.11","0.35","0.43","0.1","8.2","0.003","1.8"
"Eastern Buffer","EM3","2024-08-05","1","Middle Water","<0.1","0.011","0.8","44","3.1","5","10","0.12","0.01","0.004","8","0.4","34.3","2.5","0.96","2.8","23","0.14","0.18","0.31","0.11","2.4","<0.001","1.7"
"Eastern Buffer","EM3","2024-08-05","1","Bottom Water","0.1","0.009","4","53","3.7","30","59","0.096","0.011","0.009","8","2.4","34.4","2.5","0.84","1.6","22.7","0.12","0.21","0.32","0.11","4","<0.001","0.6"
"Eastern Buffer","EM3","2024-09-14","1","Surface Water","1.7","0.12","6.4","124","8","37","97","0.054","0.012","0.009","8.1","5.7","31.2","2","0.73","2.4","29.4","0.19","0.3","0.37","0.11","2.2","0.008","1.3"
"Eastern Buffer","EM3","2024-09-14","1","Middle Water","1.5","0.11","4.9","81","5.2","61","120","0.045","0.009","0.011","8","4.8","31.4","2","0.66","2.8","29","0.16","0.28","0.33","0.13","1.3","0.006","1.4"
"Eastern Buffer","EM3","2024-09-14","1","Bottom Water","1","0.078","3.1","83","5.5","56","94","0.04","0.007","0.01","7.8","3","33.2","2","0.72","2.4","27.4","0.13","0.19","0.24","0.13","3.7","0.003","1.7"
"Eastern Buffer","EM3","2024-10-07","1","Surface Water","<0.1","0.015","1.6","91","5.9","1","1","0.023","0.009","0.005","7.8","<0.2","32.7","1.6","0.75","1","28.3","0.05","0.13","0.16","0.21","4.9","<0.001","0.7"
"Eastern Buffer","EM3","2024-10-07","1","Middle Water","<0.1","0.014","1.3","63","4.1","1","2","0.025","0.01","0.01","7.8","<0.2","32.7","1.6","0.8","4.6","28.5","0.05","0.11","0.15","0.23","3.5","<0.001","1.4"
"Eastern Buffer","EM3","2024-10-07","1","Bottom Water","0.2","0.018","1.2","71","4.6","1","2","0.023","0.011","0.007","7.8","0.3","32.7","1.6","0.79","5","28.5","0.05","0.13","0.16","0.23","4.2","<0.001","1.3"
"Eastern Buffer","EM3","2024-11-06","1","Surface Water","0.8","0.028","1.2","73","5","<1","1","0.02","0.037","0.003","7.8","0.7","32.6","2.8","0.72","23","25.9","0.09","0.11","0.17","0.12","2.5","<0.001","0.9"
"Eastern Buffer","EM3","2024-11-06","1","Middle Water","0.7","0.011","1.2","73","4.9","<1","<1","0.021","0.039","0.003","7.8","0.4","32.8","2.8","0.66","2.5","25.9","0.07","0.14","0.2","0.13","4.1","<0.001","0.7"
"Eastern Buffer","EM3","2024-11-06","1","Bottom Water","0.7","0.008","1.7","82","5.6","<1","1","0.015","0.032","<0.002","7.8","<0.2","32.8","2.8","0.7","13","26","0.06","0.18","0.23","0.13","4.6","<0.001","0.6"
"Eastern Buffer","EM3","2024-12-10","1","Surface Water","1.3","0.048","2.8","106","8","59","92","0.14","0.006","0.013","7.8","1.3","26.5","3.1","0.51","3.9","21.4","0.19","0.17","0.32","0.05","1.2","0.001","1.4"
"Eastern Buffer","EM3","2024-12-10","1","Middle Water","0.5","0.048","6.4","93","6.8","110","160","0.13","0.009","0.005","7.8","2","32","3.1","0.63","2.5","21.8","0.19","0.16","0.3","0.14","1.6","0.001","0.9"
"Eastern Buffer","EM3","2024-12-10","1","Bottom Water","0.4","0.049","2.6","94","6.9","140","150","0.13","0.005","0.012","7.8","1.4","32","3.1","0.63","3.4","21.8","0.18","0.19","0.33","0.05","1.7","0.001","1"
"Eastern Buffer","ET1","2024-01-15","1","Surface Water","0.7","0.046","8.2","108","8","29","70","0.048","0.004","0.002","7.9","0.7","33.2","2.8","0.16","3.9","20.3","0.1","0.18","0.23","0.04","3.9","0.001","1.3"
"Eastern Buffer","ET1","2024-01-15","1","Middle Water","0.6","0.038","7.4","129","9.6","74","210","0.043","0.002","0.002","7.9","0.9","33.2","2.8","0.15","1.8","20","0.08","0.23","0.28","0.04","2.9","<0.001","<0.5"
"Eastern Buffer","ET1","2024-01-15","1","Bottom Water","0.5","0.042","6.5","149","11.1","110","260","0.043","0.005","0.002","7.8","1","33.2","2.8","0.14","1.6","20","0.09","0.19","0.24","0.06","2.9","<0.001","0.6"
"Eastern Buffer","ET1","2024-03-06","1","Surface Water","2.1","0.082","0.6","88","6.5","53","180","0.085","0.012","0.02","7.6","<0.2","33.7","3.3","0.64","1.2","20.5","0.18","0.27","0.37","0.06","2.4","0.001","<0.5"
"Eastern Buffer","ET1","2024-03-06","1","Middle Water","1.9","0.068","0.5","89","6.6","80","140","0.075","0.009","0.017","7.6","<0.2","33.9","3.3","0.58","5","20.1","0.15","0.19","0.27","0.05","2.4","<0.001","0.8"
"Eastern Buffer","ET1","2024-03-06","1","Bottom Water","1.8","0.068","0.3","89","6.6","81","120","0.072","0.008","0.014","7.6","<0.2","34","3.3","0.63","3.9","19.9","0.15","0.18","0.26","0.05","2.6","<0.001","0.7"
"Eastern Buffer","ET1","2024-05-17","1","Surface Water","0.3","0.005","5.1","96","6.5","80","180","0.019","<0.002","0.004","8.2","0.5","31.5","2.1","0.14","5.2","26","0.03","0.17","0.19","0.04","1.8","<0.001","1.7"
"Eastern Buffer","ET1","2024-05-17","1","Middle Water","0.3","0.006","5.6","107","7.3","130","280","0.015","<0.002","<0.002","8.2","0.6","31.6","2.1","0.1","2.2","26.1","0.02","0.22","0.24","0.04","2.1","<0.001","0.6"
"Eastern Buffer","ET1","2024-05-17","1","Bottom Water","<0.1","0.021","5.5","86","5.8","170","250","0.015","<0.002","<0.002","8.2","1.1","31.6","2.1","0.18","5.4","26","0.04","0.29","0.31","0.04","2.8","0.001","1.5"
"Eastern Buffer","ET1","2024-07-04","1","Surface Water","2.7","0.009","19","173","11.7","170","620","0.29","0.026","<0.002","7.9","3.1","24.5","2.3","0.09","2.9","28.6","0.33","0.29","0.61","0.05","2.8","<0.001","1.4"
"Eastern Buffer","ET1","2024-07-04","1","Middle Water","2.6","0.009","13","185","12.6","340","1400","0.27","0.025","<0.002","7.8","5.6","25.9","2.3","0.09","5.2","27.6","0.3","0.3","0.6","0.05","3","<0.001","1.6"
"Eastern Buffer","ET1","2024-07-04","1","Bottom Water","0.9","0.022","14","123","8.5","240","590","0.12","0.019","<0.002","7.5","2.9","30.5","2.3","0.82","4","25.2","0.16","0.2","0.34","0.07","3.2","<0.001","1.2"
"Eastern Buffer","ET1","2024-09-14","1","Surface Water","1.8","0.12","2.8","131","8.4","42","80","0.033","<0.002","0.007","8.2","2.7","30.9","1.9","0.41","2.1","29.9","0.16","0.27","0.31","0.13","1.4","0.011","0.8"
"Eastern Buffer","ET1","2024-09-14","1","Middle Water","1.7","0.095","4.3","115","7.4","70","420","0.024","0.002","0.008","8.1","4.1","31","1.9","0.45","3.4","29.6","0.12","0.22","0.25","0.12","2.3","0.007","1.6"
"Eastern Buffer","ET1","2024-09-14","1","Bottom Water","1.1","0.1","4.6","104","6.7","120","390","0.032","0.003","0.008","8","2.4","31","1.9","0.64","2.6","29.5","0.14","0.23","0.27","0.18","2.8","0.006","1.4"
"Eastern Buffer","ET1","2024-11-06","1","Surface Water","1.9","0.036","12","90","6.1","260","2200","0.065","0.019","<0.002","7.9","7.7","32","2.1","0.45","8.9","26.4","0.12","0.21","0.29","0.2","1.9","0.001","2"
"Eastern Buffer","ET1","2024-11-06","1","Middle Water","1.7","0.067","11","94","6.3","200","1700","0.073","0.023","<0.002","7.8","3.8","32.2","2.1","0.52","6.2","26.4","0.16","0.25","0.35","0.09","2.3","0.002","1.9"
"Eastern Buffer","ET1","2024-11-06","1","Bottom Water","0.3","0.042","4.1","84","5.7","220","660","0.08","0.041","<0.002","7.8","4","32.3","2.1","0.8","8","26.3","0.16","0.26","0.38","0.1","2.8","0.001","1.6"
"Eastern Buffer","ET2","2024-01-15","1","Surface Water","0.4","0.12","2.8","91","6.8","4600","8800","0.073","0.009","0.012","7.7","0.8","32.5","3.5","0.28","1.4","19.9","0.2","0.32","0.4","0.05","2.5","0.002","0.6"
"Eastern Buffer","ET2","2024-01-15","1","Middle Water","0.4","0.12","3.5","96","7.2","5500","10000","0.07","0.009","0.009","7.7","0.3","32.8","3.5","0.23","<0.5","19.9","0.2","0.27","0.35","0.05","2.5","0.002","<0.5"
"Eastern Buffer","ET2","2024-01-15","1","Bottom Water","0.4","0.053","3.7","101","7.6","200","230","0.039","0.004","0.006","7.7","0.2","33.3","3.5","0.18","1.6","19.8","0.1","0.17","0.21","0.04","2.6","<0.001","0.6"
"Eastern Buffer","ET2","2024-03-06","1","Surface Water","2.1","0.082","0.7","113","8.3","2100","3900","0.069","0.007","0.016","7.5","<0.2","33.7","3.1","0.53","4.7","21","0.16","0.21","0.29","0.05","2.6","<0.001","0.7"
"Eastern Buffer","ET2","2024-03-06","1","Middle Water","2.1","0.084","0.2","158","11.7","1100","2100","0.068","0.007","0.012","7.5","<0.2","34","3.1","0.53","4.4","20","0.16","0.27","0.35","0.08","2.6","<0.001","0.9"
"Eastern Buffer","ET2","2024-03-06","1","Bottom Water","1.8","0.06","0.3","69","5.1","1000","1800","0.052","0.004","0.013","7.5","<0.2","34.2","3.1","0.49","11","19.8","0.12","0.13","0.19","0.05","2.8","<0.001","2.2"
"Eastern Buffer","ET2","2024-05-17","1","Surface Water","<0.1","0.036","2.9","104","7.1","800","1200","0.036","0.002","0.004","8.1","<0.2","31.4","3.8","0.2","3.3","25.9","0.07","0.19","0.23","0.04","1.4","0.002","0.9"
"Eastern Buffer","ET2","2024-05-17","1","Middle Water","<0.1","0.035","2.7","68","4.6","190","620","0.031","<0.002","<0.002","8.1","<0.2","31.6","3.8","0.21","6.2","25.9","0.07","0.21","0.24","0.04","1.7","0.002","1.6"
"Eastern Buffer","ET2","2024-05-17","1","Bottom Water","<0.1","0.042","2.6","55","3.8","620","990","0.026","<0.002","0.003","8.1","0.3","31.7","3.8","0.23","3.9","25.8","0.07","0.19","0.22","0.04","1.7","0.002","1.2"
"Eastern Buffer","ET2","2024-07-04","1","Surface Water","3.1","0.039","34","111","7.7","2300","6000","0.42","0.033","<0.002","7.7","5.4","22.5","1.6","0.14","6.4","27.9","0.49","0.36","0.81","0.06","3.7","0.001","2.4"
"Eastern Buffer","ET2","2024-07-04","1","Middle Water","3","0.043","33","98","6.8","1200","3400","0.43","0.031","<0.002","7.6","4.2","22.6","1.6","0.16","7.1","27.8","0.5","0.34","0.8","0.06","3.8","0.001","2.2"
"Eastern Buffer","ET2","2024-07-04","1","Bottom Water","1.9","0.06","47","94","6.5","1900","4900","0.42","0.031","<0.002","7.5","8.7","23.1","1.6","0.22","2.4","27.5","0.51","0.36","0.81","0.06","3.7","0.001","<0.5"
"Eastern Buffer","ET2","2024-09-14","1","Surface Water","1.5","0.22","3.2","67","4.4","3400","5300","0.12","0.02","0.026","7.8","3.9","30.3","2.3","1.2","4.8","29.2","0.36","0.38","0.52","0.16","0.6","0.009","1.6"
"Eastern Buffer","ET2","2024-09-14","1","Middle Water","0.9","0.2","2.8","52","3.4","400","1000","0.12","0.021","0.028","7.8","3","30.6","2.3","1.3","3.5","29.1","0.34","0.39","0.53","0.15","1.9","0.008","1.2"
"Eastern Buffer","ET2","2024-09-14","1","Bottom Water","0.4","0.17","2","50","3.2","1500","1800","0.093","0.026","0.025","7.8","1.5","31","2.3","1.4","3.3","28.8","0.29","0.35","0.47","0.15","2.2","0.006","1.8"
"Eastern Buffer","ET2","2024-11-06","1","Surface Water","0.2","0.078","1.4","111","7.5","6400","12000","0.12","0.051","0.006","7.6","<0.2","31.8","1.7","1.1","6.7","26.3","0.25","0.22","0.39","0.12","2.2","0.002","0.9"
"Eastern Buffer","ET2","2024-11-06","1","Middle Water","0.1","0.064","1.1","63","4.2","4200","7900","0.11","0.055","0.012","7.6","1.1","32","1.7","1.1","3.5","26.4","0.23","0.16","0.33","0.12","2.2","0.001","0.7"
"Eastern Buffer","ET2","2024-11-06","1","Bottom Water","0.2","0.033","1.4","50","3.4","1500","2600","0.087","0.06","0.013","7.6","0.3","32.1","1.7","0.95","3.2","26.3","0.18","0.12","0.27","0.1","2.5","<0.001","<0.5"
"Junk Bay","JM3","2024-01-15","1","Surface Water","0.5","0.06","5.3","109","8.3","130","250","0.052","0.007","0.005","7.8","0.5","31.2","3.1","0.15","2.4","19.8","0.12","0.18","0.24","0.03","2.9","0.001","0.8"
"Junk Bay","JM3","2024-01-15","1","Middle Water","0.6","0.055","5.2","149","11.1","110","140","0.045","0.005","0.003","7.8","2.4","33.3","3.1","0.16","2.4","19.8","0.11","0.18","0.23","0.03","2.9","<0.001","0.6"
"Junk Bay","JM3","2024-01-15","1","Bottom Water","0.5","0.04","3.6","110","8.2","51","97","0.039","0.004","0.004","7.8","3.1","33.3","3.1","0.15","2.1","19.8","0.08","0.22","0.26","0.03","2.9","<0.001","<0.5"
"Junk Bay","JM3","2024-02-03","1","Surface Water","0.4","0.06","0.9","76","5.7","33","40","0.051","0.007","0.012","8","<0.2","33.9","3.1","0.47","1.3","19.2","0.12","0.19","0.25","0.04","0.4","0.002","<0.5"
"Junk Bay","JM3","2024-02-03","1","Middle Water","0.5","0.053","1.1","90","6.8","14","14","0.048","0.005","<0.002","8","<0.2","33.9","3.1","0.47","1.8","19.2","0.11","0.17","0.22","0.04","0.3","0.001","<0.5"
"Junk Bay","JM3","2024-02-03","1","Bottom Water","0.2","0.052","0.9","90","6.8","20","23","0.046","0.006","<0.002","8","<0.2","34","3.1","0.47","1.6","19.1","0.1","0.19","0.24","0.04","0.3","0.001","0.6"
"Junk Bay","JM3","2024-03-06","1","Surface Water","2","0.071","0.7","90","6.6","18","61","0.082","0.007","0.009","7.6","<0.2","34","3.3","0.54","1.1","20.3","0.16","0.21","0.3","0.04","2.5","<0.001","<0.5"
"Junk Bay","JM3","2024-03-06","1","Middle Water","2","0.063","1.1","92","6.8","16","100","0.061","0.006","0.009","7.6","<0.2","34.1","3.3","0.48","0.8","19.8","0.13","0.24","0.31","0.04","2.7","<0.001","0.8"
"Junk Bay","JM3","2024-03-06","1","Bottom Water","1.9","0.051","1","93","6.9","140","210","0.042","0.003","0.006","7.6","<0.2","34.2","3.3","0.41","1.2","19.8","0.1","0.18","0.23","0.04","2.6","<0.001","<0.5"
"Junk Bay","JM3","2024-04-11","1","Surface Water","0.5","0.032","1.6","94","6.5","3","18","0.052","0.002","0.005","7.6","<0.2","33.5","3.8","0.28","2.5","23.8","0.09","0.2","0.25","0.05","2.5","<0.001","0.6"
"Junk Bay","JM3","2024-04-11","1","Middle Water","0.4","0.037","1","76","5.4","14","36","0.046","<0.002","0.005","7.6","<0.2","33.6","3.8","0.28","2.6","23.5","0.09","0.21","0.26","0.05","2.4","<0.001","0.8"
"Junk Bay","JM3","2024-04-11","1","Bottom Water","0.4","0.025","0.9","79","5.5","8","11","0.032","<0.002","0.003","7.6","<0.2","33.7","3.8","0.29","4.4","23.5","0.06","0.14","0.17","0.04","2.6","<0.001","1.6"
"Junk Bay","JM3","2024-05-17","1","Surface Water","<0.1","0.014","2.4","81","5.5","3","28","0.016","<0.002","<0.002","8.2","<0.2","31.6","3.4","0.12","5.3","25.6","0.03","0.17","0.19","0.05","0.9","0.001","1.7"
"Junk Bay","JM3","2024-05-17","1","Middle Water","<0.1","0.013","1.8","80","5.4","9","28","0.013","<0.002","<0.002","8.2","1","31.7","3.4","0.08","1.9","25.8","0.03","0.2","0.22","0.06","0.8","<0.001","0.8"
"Junk Bay","JM3","2024-05-17","1","Bottom Water","<0.1","0.011","2","80","5.5","13","26","0.009","<0.002","<0.002","8.2","<0.2","31.8","3.4","0.13","3.3","25.7","0.02","0.15","0.16","0.07","2.3","<0.001","0.7"
"Junk Bay","JM3","2024-06-21","1","Surface Water","2.9","0.036","38","89","6","33","180","0.18","0.031","<0.002","8.4","8.3","27.6","1.6","<0.05","6","27.8","0.25","0.38","0.59","0.06","2.3","0.005","2.3"
"Junk Bay","JM3","2024-06-21","1","Middle Water","2.2","0.031","24","128","8.6","130","190","0.12","0.026","<0.002","8.2","6.5","31","1.6","0.18","4.1","26.4","0.18","0.39","0.54","0.06","1.8","0.002","1.3"
"Junk Bay","JM3","2024-06-21","1","Bottom Water","0.9","0.025","12","113","7.6","70","120","0.072","0.024","<0.002","8.1","3.6","32.1","1.6","0.35","2.4","26.3","0.12","0.19","0.29","0.06","0.9","0.001","<0.5"
"Junk Bay","JM3","2024-07-04","1","Surface Water","1.9","0.018","26","109","7.5","7","34","0.3","0.029","<0.002","7.9","2.7","23.9","2.9","0.09","6.8","28.4","0.35","0.28","0.61","0.06","2.8","<0.001","1.4"
"Junk Bay","JM3","2024-07-04","1","Middle Water","1.4","0.012","28","126","8.7","66","120","0.18","0.022","<0.002","7.3","4.4","25.3","2.9","0.39","3.9","27.5","0.21","0.29","0.49","0.09","3.1","<0.001","1.5"
"Junk Bay","JM3","2024-07-04","1","Bottom Water","0.4","0.013","14","114","7.8","110","130","0.17","0.023","<0.002","7.3","3.6","26.6","2.9","0.56","6.1","27.4","0.21","0.2","0.39","0.09","3.5","<0.001","1.4"
"Junk Bay","JM3","2024-08-05","1","Surface Water","1.9","0.051","8.3","129","8.7","10","21","0.092","0.011","0.022","8.2","3.3","31.4","2.6","0.11","2.8","26.4","0.15","0.34","0.44","0.07","3.9","0.004","1.8"
"Junk Bay","JM3","2024-08-05","1","Middle Water","1.5","0.025","11","107","7.4","20","64","0.09","0.015","<0.002","8","5","32.8","2.6","0.14","4.8","24.4","0.13","0.36","0.47","0.07","2.8","0.001","2.2"
"Junk Bay","JM3","2024-08-05","1","Bottom Water","0.3","0.012","3.2","55","3.8","47","90","0.14","0.01","0.01","8","1.5","33.9","2.6","1","1.6","23.3","0.16","0.29","0.44","0.08","3.8","<0.001","0.8"
"Junk Bay","JM3","2024-09-14","1","Surface Water","1.1","0.18","7.4","98","6.3","11","19","0.077","0.005","0.011","8.1","0.6","31.2","2.2","0.4","4.4","29.6","0.26","0.33","0.41","0.1","0.1","0.014","1.1"
"Junk Bay","JM3","2024-09-14","1","Middle Water","1","0.072","8.7","96","6.2","7","19","0.059","0.004","0.003","8","3.2","31.3","2.2","0.42","5.2","29.4","0.14","0.26","0.32","0.11","0.8","0.004","1.6"
"Junk Bay","JM3","2024-09-14","1","Bottom Water","0.9","0.086","11","81","5.2","9","28","0.064","0.009","<0.002","7.9","6","31.5","2.2","0.76","6.7","29.2","0.16","0.3","0.37","0.12","5.2","0.004","1.7"
"Junk Bay","JM3","2024-10-07","1","Surface Water","0.4","0.075","1.8","93","6","25","74","0.062","0.004","0.007","7.8","0.8","32.3","1.6","0.66","4.2","28.7","0.14","0.2","0.27","0.17","3.4","0.003","1.2"
"Junk Bay","JM3","2024-10-07","1","Middle Water","0.3","0.062","1.6","68","4.4","53","90","0.053","0.01","0.009","7.8","0.9","32.4","1.6","0.67","5.1","28.7","0.13","0.21","0.27","0.2","5.1","0.002","1.1"
"Junk Bay","JM3","2024-10-07","1","Bottom Water","0.4","0.059","1.7","62","4","90","130","0.05","0.009","0.009","7.8","0.6","32.4","1.6","0.72","5.6","28.7","0.12","0.25","0.31","0.2","4.7","0.002","1.3"
"Junk Bay","JM3","2024-11-06","1","Surface Water","0.3","0.037","1.8","92","6.2","31","94","0.086","0.055","0.013","7.8","0.4","32.6","2.1","0.9","5.6","26.3","0.18","0.13","0.27","0.11","2.3","0.001","1"
"Junk Bay","JM3","2024-11-06","1","Middle Water","0.2","0.045","1.6","71","4.8","51","140","0.084","0.054","0.009","7.8","0.9","32.5","2.1","0.81","3.5","26.3","0.18","0.18","0.32","0.1","2.7","0.001","<0.5"
"Junk Bay","JM3","2024-11-06","1","Bottom Water","0.2","0.023","1.5","62","4.2","94","140","0.071","0.056","0.006","7.8","0.7","32.5","2.1","0.82","3.4","26.2","0.15","0.2","0.33","0.11","3.2","<0.001","0.6"
"Junk Bay","JM3","2024-12-10","1","Surface Water","0.3","0.09","3.7","97","7.1","13","28","0.15","0.01","0.014","7.8","0.6","31.7","1.8","0.76","4.3","21.9","0.25","0.25","0.41","0.05","2.5","0.002","0.8"
"Junk Bay","JM3","2024-12-10","1","Middle Water","0.3","0.097","5.3","92","6.7","20","35","0.13","0.011","0.002","7.8","0.9","31.8","1.8","0.72","3.4","21.8","0.24","0.27","0.41","0.05","3","0.002","0.6"
"Junk Bay","JM3","2024-12-10","1","Bottom Water","0.3","0.07","2.8","82","6","16","31","0.097","0.009","0.004","7.8","0.9","31.8","1.8","0.75","5.3","21.8","0.18","0.26","0.37","0.1","3.3","0.001","0.9"
"Junk Bay","JM4","2024-01-15","1","Surface Water","0.7","0.047","5.1","106","7.9","34","77","0.041","0.005","0.003","7.8","<0.2","33.3","3.5","0.15","4.2","19.9","0.09","0.22","0.27","0.03","2.9","<0.001","0.8"
"Junk Bay","JM4","2024-01-15","1","Middle Water","0.5","0.019","4.6","106","7.9","62","110","0.016","<0.002","<0.002","7.8","2","33.6","3.5","0.19","4.2","19.9","0.04","0.05","0.07","0.03","3.6","<0.001","0.7"
"Junk Bay","JM4","2024-01-15","1","Bottom Water","0.6","0.018","3.8","103","7.7","120","210","0.015","<0.002","<0.002","7.8","2.8","33.7","3.5","0.18","6.3","19.9","0.04","0.19","0.21","0.03","5.6","<0.001","1"
"Junk Bay","JM4","2024-02-03","1","Surface Water","<0.1","0.067","1","90","6.8","7","10","0.061","0.009","<0.002","8","<0.2","33.9","4.7","0.5","1.7","19.3","0.14","0.2","0.27","0.04","0.3","0.002","<0.5"
"Junk Bay","JM4","2024-02-03","1","Middle Water","<0.1","0.062","1.2","91","6.9","5","8","0.05","0.006","<0.002","8","<0.2","34","4.7","0.48","3.5","19.1","0.12","0.19","0.25","0.04","0.2","0.002","0.8"
"Junk Bay","JM4","2024-02-03","1","Bottom Water","0.2","0.039","0.6","92","6.9","4","5","0.022","0.004","<0.002","8","<0.2","34.1","4.7","0.44","1.4","19","0.07","0.14","0.17","0.04","0.5","0.001","0.5"
"Junk Bay","JM4","2024-03-06","1","Surface Water","2","0.07","1.1","60","4.5","22","94","0.069","0.006","0.003","7.6","<0.2","34.1","3.4","0.5","1.1","20.2","0.15","0.21","0.29","0.04","2.5","<0.001","<0.5"
"Junk Bay","JM4","2024-03-06","1","Middle Water","1.9","0.055","0.9","93","7","44","110","0.045","0.004","0.005","7.6","<0.2","34.2","3.4","0.43","0.7","19.9","0.1","0.22","0.27","0.04","2.5","<0.001","<0.5"
"Junk Bay","JM4","2024-03-06","1","Bottom Water","0.3","0.047","2.1","94","7","130","180","0.035","0.003","0.007","7.6","<0.2","34.2","3.4","0.4","0.8","19.7","0.09","0.19","0.23","0.04","2.4","<0.001","0.5"
"Junk Bay","JM4","2024-04-11","1","Surface Water","0.6","0.03","1.3","106","7.4","4","4","0.046","<0.002","0.003","7.6","0.3","33.7","3.4","0.29","2.8","23.5","0.08","0.15","0.2","0.04","6.4","<0.001","0.6"
"Junk Bay","JM4","2024-04-11","1","Middle Water","0.6","0.027","1.1","76","5.3","10","19","0.033","<0.002","0.004","7.6","0.3","33.8","3.4","0.28","3.6","23.5","0.06","0.18","0.22","0.05","2.9","<0.001","1.1"
"Junk Bay","JM4","2024-04-11","1","Bottom Water","0.5","0.016","0.7","61","4.2","7","10","0.024","<0.002","0.002","7.6","0.3","33.8","3.4","0.29","1.6","23.5","0.04","0.18","0.21","0.05","3","<0.001","0.9"
"Junk Bay","JM4","2024-05-17","1","Surface Water","<0.1","0.01","2","87","5.9","1","4","0.014","<0.002","<0.002","8.2","0.3","31.8","3.7","0.08","3.9","25.9","0.03","0.14","0.16","0.05","1.1","<0.001","1.5"
"Junk Bay","JM4","2024-05-17","1","Middle Water","<0.1","0.014","1.7","82","5.6","1","8","0.012","<0.002","<0.002","8.2","0.5","31.8","3.7","0.12","4.6","25.8","0.03","0.13","0.14","0.07","0.6","0.001","1.4"
"Junk Bay","JM4","2024-05-17","1","Bottom Water","<0.1","0.009","1.1","88","6","1","5","0.009","<0.002","<0.002","8.2","<0.2","31.9","3.7","0.09","3.1","25.7","0.02","0.15","0.16","0.06","0.7","<0.001","0.9"
"Junk Bay","JM4","2024-06-21","1","Surface Water","3.2","0.05","35","81","5.5","190","780","0.28","0.044","0.002","8.2","7.2","29.5","2.5","0.16","6.8","26.7","0.37","0.39","0.71","0.07","1.9","0.004","2.1"
"Junk Bay","JM4","2024-06-21","1","Middle Water","1.3","0.038","14","71","4.9","200","370","0.13","0.033","<0.002","8","4.3","32.8","2.5","0.45","3.2","25.3","0.2","0.24","0.4","0.06","1.6","0.002","0.8"
"Junk Bay","JM4","2024-06-21","1","Bottom Water","1.3","0.042","12","62","4.2","250","550","0.13","0.034","0.002","8","3.6","34.2","2.5","0.46","2.8","24.7","0.21","0.23","0.39","0.07","4.7","0.002","0.7"
"Junk Bay","JM4","2024-07-04","1","Surface Water","1.9","0.034","37","115","8.2","180","1200","0.3","0.029","<0.002","7.8","7.4","14.9","2.8","0.1","7.1","28.2","0.36","0.36","0.69","0.08","3.2","0.001","1.4"
"Junk Bay","JM4","2024-07-04","1","Middle Water","<0.1","0.017","1.8","127","8.9","260","480","0.11","0.02","0.007","7.3","1.3","33.1","2.8","1","2.7","23.6","0.15","0.13","0.26","0.12","3.9","<0.001","0.6"
"Junk Bay","JM4","2024-07-04","1","Bottom Water","<0.1","0.076","1.1","91","6.4","260","450","0.1","0.021","0.012","7.2","0.3","34.1","2.8","1.1","5.6","23.2","0.2","0.12","0.24","0.69","4.1","<0.001","0.6"
"Junk Bay","JM4","2024-08-05","1","Surface Water","0.7","0.029","6.2","66","5","240","590","0.14","0.021","0.005","8.1","4.2","32.3","2.6","0.58","6","24.6","0.19","0.27","0.43","0.08","2.8","0.001","2.2"
"Junk Bay","JM4","2024-08-05","1","Middle Water","0.3","0.011","4.8","57","4","98","150","0.13","0.016","0.019","8","2.3","33.6","2.6","0.9","2.8","23.5","0.16","0.22","0.37","0.08","2.8","<0.001","1"
"Junk Bay","JM4","2024-08-05","1","Bottom Water","<0.1","0.01","1","46","3.3","9","18","0.12","0.007","0.012","7.9","1","34.3","2.6","1.1","11","22.8","0.14","0.21","0.34","0.08","3.8","<0.001","2.8"
"Junk Bay","JM4","2024-09-14","1","Surface Water","1.4","0.11","9","90","5.8","190","430","0.14","0.021","0.015","8","4.9","31","1.8","0.79","8.1","29.1","0.27","0.33","0.49","0.14","3.3","0.007","2"
"Junk Bay","JM4","2024-09-14","1","Middle Water","0.9","0.13","11","74","4.8","50","270","0.12","0.021","0.01","8","6.2","31.2","1.8","0.85","8.8","29","0.27","0.35","0.49","0.14","3.1","0.007","1.9"
"Junk Bay","JM4","2024-09-14","1","Bottom Water","0.5","0.093","9.6","66","4.3","170","270","0.089","0.019","<0.002","7.9","5.1","31.2","1.8","1","3.4","28.9","0.2","0.27","0.38","0.13","6.4","0.004","0.9"
"Junk Bay","JM4","2024-10-07","1","Surface Water","0.4","0.047","1.7","88","5.9","7","29","0.049","0.009","0.009","7.8","0.5","25.8","1.9","0.66","3.4","28.5","0.11","0.23","0.29","0.18","3.1","0.002","1.1"
"Junk Bay","JM4","2024-10-07","1","Middle Water","2","0.041","1.5","64","4.1","32","81","0.041","0.009","0.008","7.8","0.6","32.4","1.9","0.65","4.9","28.6","0.09","0.16","0.21","0.2","2.9","0.001","3.4"
"Junk Bay","JM4","2024-10-07","1","Bottom Water","0.5","0.037","1.2","61","4","58","80","0.04","0.008","0.006","7.8","0.7","32.5","1.9","0.67","3.4","28.5","0.09","0.18","0.23","0.19","6.1","0.001","1"
"Junk Bay","JM4","2024-11-06","1","Surface Water","0.2","0.02","0.7","67","4.5","69","120","0.084","0.053","0.013","7.8","0.4","32.5","2.2","0.77","7.4","26.1","0.16","0.13","0.27","0.15","3.3","<0.001","3.8"
"Junk Bay","JM4","2024-11-06","1","Middle Water","0.1","0.036","2","65","4.4","61","110","0.079","0.054","0.013","7.8","<0.2","32.5","2.2","0.87","4.5","26.2","0.17","0.14","0.27","0.1","2.9","0.001","0.8"
"Junk Bay","JM4","2024-11-06","1","Bottom Water","<0.1","0.013","1.3","63","4.3","49","100","0.061","0.051","0.01","7.8","0.7","32.7","2.2","0.8","6.7","26.1","0.13","0.12","0.23","0.13","9.6","<0.001","1.2"
"Junk Bay","JM4","2024-12-10","1","Surface Water","0.4","0.076","3.6","91","6.6","82","160","0.17","0.009","0.013","7.8","1.4","31.6","2.5","0.72","4.2","21.9","0.26","0.24","0.42","0.05","2.7","0.002","<0.5"
"Junk Bay","JM4","2024-12-10","1","Middle Water","0.3","0.067","4","91","6.6","120","240","0.16","0.012","0.015","7.8","1.1","31.8","2.5","0.76","1.4","21.8","0.24","0.23","0.4","0.05","3.8","0.001","<0.5"
"Junk Bay","JM4","2024-12-10","1","Bottom Water","0.2","0.058","3.2","88","6.4","210","400","0.1","0.013","0.002","7.8","1.2","31.8","2.5","0.81","4.5","21.9","0.17","0.22","0.33","0.21","4.7","0.001","0.6"
"Mirs Bay","MM1","2024-01-10","1","Surface Water","1.9","0.027","1.8","91","6.8","55","67","0.018","<0.002","<0.002","8.1","1.9","33","2.4","0.15","7.5","20.2","0.05","0.12","0.14","0.02","0.6","0.001","2"
"Mirs Bay","MM1","2024-01-10","1","Middle Water","2","0.027","2.2","110","8.2","75","110","0.015","<0.002","<0.002","8.1","1.2","33","2.4","0.14","2.6","20.2","0.04","0.08","0.1","0.02","0.6","0.001","<0.5"
"Mirs Bay","MM1","2024-01-10","1","Bottom Water","2.2","0.021","3","105","7.9","90","130","0.011","<0.002","<0.002","8.1","0.5","33.3","2.4","0.15","4.4","19.8","0.03","0.1","0.11","0.03","1","<0.001","1.2"
"Mirs Bay","MM1","2024-02-23","1","Surface Water","2.6","0.02","8","109","7.9","4","13","0.016","<0.002","<0.002","8.3","<0.2","33.4","2","0.37","3.5","21.5","0.04","0.17","0.19","0.05","0.5","0.001","1"
"Mirs Bay","MM1","2024-02-23","1","Middle Water","<0.1","0.022","7.7","113","8.3","5","9","0.016","<0.002","<0.002","8.3","1.1","33.6","2","0.37","2.6","20.9","0.04","0.21","0.23","0.04","0.4","0.001","0.6"
"Mirs Bay","MM1","2024-02-23","1","Bottom Water","<0.1","0.022","7.5","100","7.4","9","13","0.014","<0.002","<0.002","8.2","2.2","33.7","2","0.43","5.9","20.3","0.04","0.24","0.26","0.04","0.4","0.001","1.1"
"Mirs Bay","MM1","2024-03-22","1","Surface Water","1.1","0.029","5","114","8.4","1","3","0.01","<0.002","<0.002","8","0.4","33.7","2","0.27","5.2","21","0.04","0.19","0.2","0.07","2.6","0.001","1.4"
"Mirs Bay","MM1","2024-03-22","1","Middle Water","1","0.028","5.6","111","8.3","<1","<1","0.012","<0.002","<0.002","8","2.2","34","2","0.25","5","19.8","0.04","0.23","0.24","0.07","2.2","<0.001","1.2"
"Mirs Bay","MM1","2024-03-22","1","Bottom Water","1.2","0.029","4.6","101","7.6","1","4","0.013","<0.002","<0.002","8","1.9","34","2","0.29","10","19.7","0.04","0.24","0.26","0.07","2.2","<0.001","2.9"
"Mirs Bay","MM1","2024-04-25","1","Surface Water","0.5","0.074","2.6","98","6.7","120","410","0.11","0.003","0.004","8.1","0.3","30.8","2.7","0.82","4.4","25.4","0.19","0.26","0.37","0.06","2.3","0.004","1.2"
"Mirs Bay","MM1","2024-04-25","1","Middle Water","0.3","0.034","1.1","84","5.7","64","170","0.073","<0.002","<0.002","8.2","<0.2","31.6","2.7","0.48","3","25.4","0.11","0.34","0.42","0.06","2.1","0.002","0.9"
"Mirs Bay","MM1","2024-04-25","1","Bottom Water","0.3","0.036","0.9","77","5.3","70","150","0.064","<0.002","<0.002","8.2","<0.2","32.3","2.7","0.52","4.5","25.3","0.1","0.23","0.3","0.06","2.8","0.002","1.6"
"Mirs Bay","MM1","2024-05-13","1","Surface Water","0.6","0.014","3","84","5.7","25","110","0.058","0.003","0.003","8.2","0.7","30.3","2.2","0.57","1.2","26.8","0.08","0.11","0.17","0.05","2.7","0.001","0.8"
"Mirs Bay","MM1","2024-05-13","1","Middle Water","1.6","0.01","4.5","92","6.2","7","42","0.049","0.002","<0.002","8.2","0.9","31","2.2","0.26","4.1","26.4","0.06","0.14","0.19","0.05","3.2","<0.001","1.8"
"Mirs Bay","MM1","2024-05-13","1","Bottom Water","1.6","0.014","3.9","89","6","2","36","0.052","0.003","<0.002","8.2","1.1","31.1","2.2","0.24","3.6","26.3","0.07","0.17","0.23","0.05","3.2","0.001","1.2"
"Mirs Bay","MM1","2024-06-14","1","Surface Water","1.8","0.26","1.5","65","4.4","26000","62000","0.15","0.011","<0.002","8","0.2","29.4","1.9","2","5.8","26.9","0.42","0.43","0.59","0.06","4.9","0.014","1.6"
"Mirs Bay","MM1","2024-06-14","1","Middle Water","1","0.089","2.6","79","5.3","15000","31000","0.08","0.029","<0.002","8","0.3","30","1.9","1.1","4.8","26.8","0.2","0.21","0.32","0.05","4.9","0.005","1.4"
"Mirs Bay","MM1","2024-06-14","1","Bottom Water","0.7","0.033","2.9","70","4.7","1900","4600","0.046","0.04","0.006","8","0.6","30.4","1.9","0.82","3.8","26.6","0.12","0.18","0.27","0.05","4.9","0.002","1.2"
"Mirs Bay","MM1","2024-07-18","1","Surface Water","0.9","0.023","4.8","93","6","2","7","0.21","<0.002","<0.002","8.4","0.8","25.5","1.5","0.71","3.2","31.3","0.24","0.23","0.44","0.05","2.8","0.004","1.1"
"Mirs Bay","MM1","2024-07-18","1","Middle Water","1","0.018","3","100","6.4","3","15","0.21","<0.002","0.007","8.4","3","25.5","1.5","0.68","5.7","31.3","0.23","0.38","0.59","0.06","2.6","0.003","2.5"
"Mirs Bay","MM1","2024-07-18","1","Bottom Water","0.8","0.016","3.4","80","5.1","5","14","0.2","<0.002","0.006","8.4","<0.2","25.5","1.5","0.69","15","31.2","0.22","0.28","0.48","0.03","3.2","0.002","11"
"Mirs Bay","MM1","2024-08-15","1","Surface Water","1.1","0.008","5.1","93","6.2","<1","3","0.028","<0.002","0.005","8.3","1","33.5","2.4","0.42","1.4","26.2","0.04","0.3","0.33","0.09","1.3","<0.001","0.5"
"Mirs Bay","MM1","2024-08-15","1","Middle Water","1.4","0.007","9.5","91","6.2","2","9","0.037","<0.002","0.007","8.1","1.7","33.5","2.4","0.47","1.5","25.5","0.05","0.2","0.24","0.11","2.1","<0.001","<0.5"
"Mirs Bay","MM1","2024-08-15","1","Bottom Water","0.9","0.009","7.2","74","5.1","6","22","0.066","0.004","0.012","7.9","1.5","34.4","2.4","0.82","7","24.2","0.08","0.19","0.26","0.13","3","<0.001","4.3"
"Mirs Bay","MM1","2024-09-11","1","Surface Water","0.7","0.015","15","76","4.9","<1","<1","0.03","<0.002","<0.002","8.1","5.5","28.7","1.7","1.7","8.4","30.5","0.05","0.3","0.33","0.08","2.9","0.001","2.7"
"Mirs Bay","MM1","2024-09-11","1","Middle Water","<0.1","0.072","4.9","79","5.1","2","2","0.051","<0.002","0.007","8","3.6","30.3","1.7","1.1","3.6","29.5","0.13","0.22","0.27","0.06","2.3","0.005","1.3"
"Mirs Bay","MM1","2024-09-11","1","Bottom Water","0.2","0.059","5.8","70","4.5","1","2","0.044","<0.002","<0.002","8","5.4","30.6","1.7","1.1","5.8","29.1","0.11","0.27","0.32","0.08","2.6","0.004","1.8"
"Mirs Bay","MM1","2024-10-23","1","Surface Water","0.4","0.028","5.1","107","7","80","140","0.022","0.007","0.009","7.8","4.4","31.9","1.8","0.63","4.1","28.1","0.06","0.2","0.23","0.25","4.6","0.001","1"
"Mirs Bay","MM1","2024-10-23","1","Middle Water","0.4","0.011","5.5","83","5.4","85","240","0.025","<0.002","0.01","7.8","3","31.9","1.8","0.59","3.4","28.3","0.04","0.22","0.25","0.17","3.1","<0.001","0.9"
"Mirs Bay","MM1","2024-10-23","1","Bottom Water","0.3","0.016","5.7","81","5.3","150","320","0.024","<0.002","0.009","7.8","2.1","31.9","1.8","0.59","4.2","28.3","0.04","0.17","0.2","0.12","3.1","<0.001","1.2"
"Mirs Bay","MM1","2024-11-21","1","Surface Water","0.2","0.077","0.7","96","6.8","240","800","0.14","0.011","0.012","7.8","0.6","31.3","2.4","1.7","4.6","24.2","0.23","0.31","0.46","0.06","2.1","0.002","2"
"Mirs Bay","MM1","2024-11-21","1","Middle Water","0.2","0.046","0.9","78","5.4","84","210","0.075","0.014","0.006","7.9","0.6","31.6","2.4","0.96","6","24.5","0.14","0.17","0.26","0.06","2.4","0.001","1"
"Mirs Bay","MM1","2024-11-21","1","Bottom Water","0.2","0.046","1.1","75","5.2","63","120","0.059","0.015","0.007","7.9","0.3","31.8","2.4","0.84","3.8","24.7","0.12","0.15","0.22","0.05","2.7","0.001","0.6"
"Mirs Bay","MM1","2024-12-08","1","Surface Water","0.8","0.007","3.2","98","7.1","<1","<1","0.034","<0.002","<0.002","7.8","0.9","32.3","2.2","0.22","1.9","21.9","0.04","0.11","0.15","0.04","1.6","<0.001","<0.5"
"Mirs Bay","MM1","2024-12-08","1","Middle Water","1","0.01","2.1","96","7","<1","2","0.035","0.003","<0.002","7.8","1.4","32.1","2.2","0.2","2.2","22.2","0.05","0.16","0.2","0.05","1.8","<0.001","<0.5"
"Mirs Bay","MM1","2024-12-08","1","Bottom Water","1.1","0.009","3.2","93","6.7","<1","<1","0.032","<0.002","<0.002","7.8","1.4","32.1","2.2","0.22","2.8","22.1","0.04","0.18","0.21","0.05","2","<0.001","0.8"
"Mirs Bay","MM13","2024-01-19","1","Surface Water","<0.1","<0.005","1.3","94","6.7","<1","<1","0.01","<0.002","<0.002","8.1","1.2","34.4","2.5","0.07","3.8","21.6","0.02","0.12","0.13","0.02","0.7","<0.001","0.9"
"Mirs Bay","MM13","2024-01-19","1","Middle Water","<0.1","<0.005","1.3","94","6.8","<1","<1","0.014","<0.002","<0.002","8.1","<0.2","34.4","2.5","0.1","3.8","21.5","0.02","0.06","0.08","0.03","0.6","<0.001","1.2"
"Mirs Bay","MM13","2024-01-19","1","Bottom Water","<0.1","<0.005","0.7","94","6.9","<1","<1","0.009","<0.002","<0.002","8.1","<0.2","34.2","2.5","0.12","3.8","20.8","0.02","0.07","0.08","0.03","1.9","<0.001","0.9"
"Mirs Bay","MM13","2024-02-15","1","Surface Water","0.3","0.032","0.6","100","7.5","<1","<1","0.027","<0.002","0.005","8.2","<0.2","34.1","4.3","0.55","1.3","19","0.06","0.23","0.26","0.03","0.3","0.001","<0.5"
"Mirs Bay","MM13","2024-02-15","1","Middle Water","0.3","0.022","0.9","93","7.1","<1","<1","0.031","<0.002","0.003","8.2","<0.2","34","4.3","0.59","1.7","18.4","0.06","0.24","0.27","0.04","0.4","<0.001","<0.5"
"Mirs Bay","MM13","2024-02-15","1","Bottom Water","0.3","0.029","0.9","93","7","<1","<1","0.017","<0.002","<0.002","8.2","<0.2","34.4","4.3","0.58","1.8","19.2","0.05","0.22","0.24","0.04","1.1","0.001","0.7"
"Mirs Bay","MM13","2024-03-18","1","Surface Water","0.2","0.012","0.6","72","5.3","<1","<1","0.014","<0.002","<0.002","8","<0.2","34.4","3.9","0.22","10","20.8","0.03","0.17","0.19","0.04","0.9","<0.001","2"
"Mirs Bay","MM13","2024-03-18","1","Middle Water","0.1","0.02","0.2","97","7.2","<1","<1","0.012","<0.002","<0.002","8","<0.2","34.4","3.9","0.23","1.2","20.3","0.03","0.18","0.19","0.04","0.6","<0.001","<0.5"
"Mirs Bay","MM13","2024-03-18","1","Bottom Water","<0.1","0.012","0.6","97","7.2","<1","<1","0.011","<0.002","<0.002","8","<0.2","34.4","3.9","0.24","0.8","19.9","0.03","0.1","0.11","0.04","0.5","<0.001","<0.5"
"Mirs Bay","MM13","2024-04-08","1","Surface Water","0.2","<0.005","0.8","93","6.4","<1","1","0.007","<0.002","<0.002","8.2","<0.2","34.2","3.1","0.16","<0.5","24.4","0.01","0.13","0.14","0.04","0.8","<0.001","<0.5"
"Mirs Bay","MM13","2024-04-08","1","Middle Water","0.4","<0.005","0.7","96","6.7","<1","<1","0.01","<0.002","<0.002","8.2","<0.2","34.2","3.1","0.16","7","23.4","0.02","0.25","0.26","0.05","1.8","<0.001","0.9"
"Mirs Bay","MM13","2024-04-08","1","Bottom Water","0.3","<0.005","0.9","94","6.6","<1","1","0.008","<0.002","<0.002","8.2","<0.2","34.2","3.1","0.19","3.4","23.4","0.02","0.14","0.15","0.04","2.4","<0.001","0.8"
"Mirs Bay","MM13","2024-05-24","1","Surface Water","0.1","0.007","1.2","74","5.1","<1","1","0.015","<0.002","<0.002","8.1","<0.2","32.3","3.5","0.28","1.4","25.1","0.02","0.12","0.14","0.05","2.6","<0.001","0.6"
"Mirs Bay","MM13","2024-05-24","1","Middle Water","<0.1","0.011","0.8","83","5.7","<1","<1","0.015","<0.002","<0.002","8.1","<0.2","32.9","3.5","0.31","5","25.3","0.03","0.12","0.14","0.06","1.8","<0.001","1.4"
"Mirs Bay","MM13","2024-05-24","1","Bottom Water","0.3","0.018","0.9","80","5.4","<1","<1","0.014","<0.002","<0.002","8.1","<0.2","33.3","3.5","0.36","3.9","25.4","0.03","0.11","0.13","0.05","3.7","0.001","1.2"
"Mirs Bay","MM13","2024-06-12","1","Surface Water","<0.1","0.011","0.9","76","5","<1","11","0.022","<0.002","<0.002","8.1","<0.2","32","6","0.45","1.6","27.2","0.04","0.2","0.22","0.05","0.2","<0.001","<0.5"
"Mirs Bay","MM13","2024-06-12","1","Middle Water","<0.1","0.02","0.7","66","4.3","2","2","0.019","<0.002","<0.002","8.1","<0.2","33.5","6","0.41","1","27.2","0.04","0.19","0.21","0.05","0.6","0.001","<0.5"
"Mirs Bay","MM13","2024-06-12","1","Bottom Water","<0.1","0.009","0.5","83","5.5","<1","<1","0.011","<0.002","<0.002","8.1","<0.2","33.8","6","0.29","2","26.8","0.02","0.12","0.13","0.05","2.4","<0.001","0.5"
"Mirs Bay","MM13","2024-07-19","1","Surface Water","0.7","0.057","1.7","87","5.6","<1","<1","0.12","<0.002","<0.002","8.3","<0.2","28.4","2.2","0.57","4.6","30.2","0.18","0.24","0.36","0.04","0.9","0.007","2"
"Mirs Bay","MM13","2024-07-19","1","Middle Water","0.3","0.02","0.5","78","5.1","<1","<1","0.11","<0.002","<0.002","7.9","<0.2","31.9","2.2","0.52","2.2","28.1","0.13","0.18","0.29","0.05","0.9","<0.001","1"
"Mirs Bay","MM13","2024-07-19","1","Bottom Water","<0.1","0.009","<0.2","68","4.6","<1","<1","0.087","0.022","0.015","8","<0.2","34.6","2.2","1.2","1.7","24.3","0.12","0.12","0.23","0.06","7.5","<0.001","0.8"
"Mirs Bay","MM13","2024-08-12","1","Surface Water","1.8","<0.005","9.6","123","8.3","<1","1","0.037","<0.002","0.004","8.4","2.2","31","2.8","<0.05","2.5","26.6","0.04","0.33","0.37","0.14","1.4","<0.001","1.2"
"Mirs Bay","MM13","2024-08-12","1","Middle Water","1","<0.005","6.6","97","6.7","<1","3","0.05","<0.002","0.009","8","3","32.4","2.8","0.16","2.9","25.2","0.06","0.29","0.34","0.15","1.1","<0.001","1.4"
"Mirs Bay","MM13","2024-08-12","1","Bottom Water","<0.1","<0.005","6.3","98","6.9","<1","1","0.06","0.003","0.011","8.1","2.7","34","2.8","0.3","7.9","23.1","0.07","0.18","0.24","0.21","5.1","<0.001","2.5"
"Mirs Bay","MM13","2024-09-12","1","Surface Water","<0.1","0.013","0.6","82","5.2","3","3","0.026","<0.002","<0.002","8.1","<0.2","32.3","4.1","0.55","7.1","29.2","0.04","0.19","0.22","0.08","0.7","<0.001","4"
"Mirs Bay","MM13","2024-09-12","1","Middle Water","<0.1","0.028","1.3","79","5.1","<1","<1","0.027","<0.002","0.004","8","<0.2","32.9","4.1","0.58","0.7","28.9","0.06","0.12","0.15","0.1","1.2","0.002","<0.5"
"Mirs Bay","MM13","2024-09-12","1","Bottom Water","<0.1","0.012","1.1","79","5.2","<1","<1","0.016","<0.002","0.003","7.9","<0.2","34.2","4.1","0.54","1.7","26.9","0.03","0.12","0.14","0.11","3.1","<0.001","0.6"
"Mirs Bay","MM13","2024-10-14","1","Surface Water","<0.1","0.028","2.1","76","5","<1","<1","0.02","0.007","<0.002","7.9","<0.2","32.5","2.4","0.75","5","28","0.06","0.14","0.17","0.2","2.2","0.001","<0.5"
"Mirs Bay","MM13","2024-10-14","1","Middle Water","<0.1","0.031","1.3","67","4.4","<1","<1","0.025","0.01","<0.002","7.9","<0.2","32.6","2.4","0.73","5.7","27.9","0.07","0.15","0.19","0.36","1.6","0.001","0.9"
"Mirs Bay","MM13","2024-10-14","1","Bottom Water","<0.1","0.026","1.5","83","5.5","<1","<1","0.023","0.009","<0.002","7.9","<0.2","32.6","2.4","0.76","11","27.8","0.06","0.12","0.15","0.13","3.1","0.001","2.3"
"Mirs Bay","MM13","2024-11-22","1","Surface Water","<0.1","0.01","0.9","75","5.4","1","3","0.23","<0.002","0.024","7.9","<0.2","31.7","1.9","1.9","11","22.9","0.24","0.15","0.38","0.12","9.6","<0.001","1"
"Mirs Bay","MM13","2024-11-22","1","Middle Water","<0.1","0.01","0.5","64","4.6","<1","<1","0.23","0.003","0.023","7.9","<0.2","31.6","1.9","1.9","5.8","23.2","0.24","0.07","0.3","0.12","9.7","<0.001","0.5"
"Mirs Bay","MM13","2024-11-22","1","Bottom Water","<0.1","0.014","0.7","71","5","1","2","0.23","<0.002","0.023","7.9","<0.2","31.6","1.9","1.9","5.2","23.2","0.25","0.13","0.36","0.15","11.6","<0.001","0.6"
"Mirs Bay","MM13","2024-12-09","1","Surface Water","0.8","0.01","2.6","100","8","<1","<1","0.18","0.005","0.016","7.8","0.5","18.3","3","1.3","11","21","0.2","0.11","0.3","0.06","6.2","<0.001","2"
"Mirs Bay","MM13","2024-12-09","1","Middle Water","0.3","0.011","2.9","79","5.8","3","4","0.19","0.005","0.017","7.8","1.6","31.7","3","1.3","4","21.4","0.21","0.15","0.35","0.06","2.5","<0.001","0.8"
"Mirs Bay","MM13","2024-12-09","1","Bottom Water","0.8","<0.005","3.7","80","5.9","1","3","0.095","0.006","0.017","7.8","2.2","32","3","1.2","8.1","21.5","0.11","0.16","0.26","0.06","9.3","<0.001","1.9"
"Mirs Bay","MM14","2024-01-19","1","Surface Water","<0.1","<0.005","1.3","92","6.7","<1","<1","0.009","<0.002","<0.002","8.1","0.5","34.3","2.1","0.17","2.8","21.2","0.02","0.08","0.09","0.02","1","<0.001","1"
"Mirs Bay","MM14","2024-01-19","1","Middle Water","<0.1","<0.005","1.6","95","6.9","<1","<1","0.014","<0.002","<0.002","8.1","<0.2","34.3","2.1","0.16","5.6","21.1","0.02","0.08","0.1","0.03","0.9","<0.001","1.8"
"Mirs Bay","MM14","2024-01-19","1","Bottom Water","<0.1","<0.005","0.7","94","6.9","<1","<1","0.01","<0.002","<0.002","8.1","0.2","34.3","2.1","0.17","4.8","21","0.02","<0.05","0.06","0.03","1.2","<0.001","1"
"Mirs Bay","MM14","2024-02-15","1","Surface Water","0.3","0.032","0.6","84","6.2","<1","<1","0.012","<0.002","<0.002","8.2","<0.2","34.5","5.1","0.23","1.6","20.6","0.05","0.21","0.22","0.03","0.1","0.002","<0.5"
"Mirs Bay","MM14","2024-02-15","1","Middle Water","0.2","0.011","0.8","95","7.3","<1","<1","0.008","<0.002","<0.002","8.2","<0.2","34.3","5.1","0.22","0.5","18.7","0.02","0.23","0.24","0.04","0.5","<0.001","<0.5"
"Mirs Bay","MM14","2024-02-15","1","Bottom Water","0.3","0.01","0.8","92","6.9","<1","<1","0.013","<0.002","<0.002","8.2","<0.2","34.4","5.1","0.37","2.1","19","0.03","0.18","0.2","0.05","0.9","<0.001","<0.5"
"Mirs Bay","MM14","2024-03-18","1","Surface Water","<0.1","0.014","0.4","93","6.8","<1","<1","0.012","<0.002","<0.002","8","<0.2","34.4","4.2","0.27","9.3","20.8","0.03","0.08","0.09","0.04","2.2","<0.001","2"
"Mirs Bay","MM14","2024-03-18","1","Middle Water","<0.1","0.016","0.7","91","6.7","<1","<1","0.012","<0.002","<0.002","8","<0.2","34.4","4.2","0.22","2.7","20.2","0.03","0.07","0.08","0.03","0.8","<0.001","<0.5"
"Mirs Bay","MM14","2024-03-18","1","Bottom Water","<0.1","0.014","0.3","94","7","<1","<1","0.01","<0.002","<0.002","8","<0.2","34.4","4.2","0.24","3.6","19.6","0.03","0.06","0.07","0.03","2.2","<0.001","0.9"
"Mirs Bay","MM14","2024-04-08","1","Surface Water","0.5","<0.005","0.8","94","6.5","<1","16","0.008","<0.002","<0.002","8.2","<0.2","34.2","3.7","0.14","0.8","24.3","0.02","0.18","0.19","0.05","0.6","<0.001","<0.5"
"Mirs Bay","MM14","2024-04-08","1","Middle Water","0.4","0.007","0.5","94","6.5","<1","1","0.011","<0.002","<0.002","8.2","<0.2","34.2","3.7","0.18","1.2","23.7","0.02","0.14","0.15","0.04","0.8","<0.001","0.6"
"Mirs Bay","MM14","2024-04-08","1","Bottom Water","0.3","0.007","0.8","91","6.4","<1","<1","0.009","<0.002","<0.002","8.2","<0.2","34.2","3.7","0.17","0.7","23.2","0.02","0.18","0.19","0.05","3.4","<0.001","0.5"
"Mirs Bay","MM14","2024-05-24","1","Surface Water","0.2","0.028","0.9","84","5.8","<1","2","0.021","<0.002","<0.002","8.1","<0.2","31.6","3.4","0.32","1.9","25.2","0.05","0.13","0.15","0.05","1.1","0.002","0.7"
"Mirs Bay","MM14","2024-05-24","1","Middle Water","<0.1","0.02","1.1","72","4.9","<1","3","0.019","<0.002","<0.002","8.1","<0.2","32.2","3.4","0.31","4.2","25.3","0.04","0.12","0.14","0.06","1.3","0.001","1.5"
"Mirs Bay","MM14","2024-05-24","1","Bottom Water","0.2","0.015","0.5","78","5.3","<1","2","0.014","<0.002","<0.002","8.1","<0.2","33.3","3.4","0.3","2.1","25.5","0.03","0.1","0.12","0.06","2.2","<0.001","0.9"
"Mirs Bay","MM14","2024-06-12","1","Surface Water","<0.1","0.01","1.5","77","5.1","1","9","0.022","<0.002","<0.002","8.1","<0.2","32.1","4.2","0.4","0.7","27.2","0.03","0.2","0.22","0.05","0.3","<0.001","<0.5"
"Mirs Bay","MM14","2024-06-12","1","Middle Water","<0.1","0.015","1","71","4.8","3","3","0.023","<0.002","<0.002","8.1","<0.2","32.3","4.2","0.42","1.2","26.3","0.04","0.16","0.19","0.04","0.3","<0.001","<0.5"
"Mirs Bay","MM14","2024-06-12","1","Bottom Water","<0.1","0.023","0.7","68","4.5","<1","<1","0.02","<0.002","<0.002","8.1","<0.2","33.2","4.2","0.41","1","26.7","0.05","0.19","0.21","0.05","2.5","0.001","<0.5"
"Mirs Bay","MM14","2024-07-19","1","Surface Water","1","0.038","2.4","80","5.2","1","1","0.14","<0.002","<0.002","8.4","<0.2","27.5","2.2","0.59","3.5","30.3","0.18","0.25","0.39","0.04","12.5","0.005","1.7"
"Mirs Bay","MM14","2024-07-19","1","Middle Water","0.5","0.023","1.1","72","4.7","<1","<1","0.13","0.003","<0.002","8","<0.2","27.7","2.2","0.68","3.6","29.9","0.16","0.26","0.39","0.05","0.5","0.001","1.3"
"Mirs Bay","MM14","2024-07-19","1","Bottom Water","<0.1","<0.005","0.4","77","5.3","1","5","0.13","0.019","0.019","8","<0.2","34.1","2.2","1.3","3.8","24.1","0.15","0.1","0.25","0.09","7","<0.001","1.6"
"Mirs Bay","MM14","2024-08-12","1","Surface Water","1.3","<0.005","3.8","98","6.6","1","1","0.025","<0.002","0.011","8.3","3.1","33.4","2.3","<0.05","3.1","25.6","0.03","0.2","0.23","0.13","1.8","<0.001","0.8"
"Mirs Bay","MM14","2024-08-12","1","Middle Water","0.7","<0.005","5.8","71","4.9","<1","1","0.025","<0.002","0.012","8","2","34.4","2.3","<0.05","4.9","24.2","0.03","0.19","0.22","0.14","2.6","<0.001","1.8"
"Mirs Bay","MM14","2024-08-12","1","Bottom Water","<0.1","<0.005","3.3","88","6.2","<1","3","0.07","<0.002","0.011","8","1","34.9","2.3","0.47","5.1","23.4","0.08","0.2","0.27","0.19","4.4","<0.001","1.3"
"Mirs Bay","MM14","2024-09-12","1","Surface Water","0.2","0.014","0.6","84","5.3","5","5","0.025","<0.002","<0.002","8.1","<0.2","32","5.3","0.58","2.1","29.7","0.04","0.2","0.23","0.08","0.4","0.001","0.7"
"Mirs Bay","MM14","2024-09-12","1","Middle Water","0.1","0.015","0.8","82","5.3","<1","<1","0.022","<0.002","0.003","8","<0.2","32.4","5.3","0.6","1.8","28.6","0.04","0.12","0.14","0.09","0.8","<0.001","<0.5"
"Mirs Bay","MM14","2024-09-12","1","Bottom Water","0.1","0.027","0.6","70","4.6","<1","<1","0.02","<0.002","0.004","7.9","<0.2","33.9","5.3","0.55","1.7","26.8","0.05","0.13","0.15","0.11","4.1","<0.001","0.8"
"Mirs Bay","MM14","2024-10-14","1","Surface Water","<0.1","0.024","1.7","82","5.4","<1","<1","0.02","0.009","<0.002","7.9","<0.2","32.6","2.4","0.86","6.3","28","0.05","0.15","0.18","0.14","2.5","<0.001","1"
"Mirs Bay","MM14","2024-10-14","1","Middle Water","<0.1","0.027","1.6","81","5.3","<1","<1","0.024","0.008","<0.002","7.9","<0.2","32.6","2.4","0.79","6.9","28","0.06","0.18","0.21","0.37","2.1","0.001","1.3"
"Mirs Bay","MM14","2024-10-14","1","Bottom Water","<0.1","0.027","1.4","73","4.7","<1","10","0.02","0.013","<0.002","7.9","<0.2","32.6","2.4","0.77","12","27.9","0.06","0.15","0.18","0.12","2.7","0.001","2.6"
"Mirs Bay","MM14","2024-11-22","1","Surface Water","<0.1","0.007","0.8","74","5.2","<1","4","0.2","0.009","0.021","7.9","0.3","32","2.1","1.9","4.7","23.2","0.22","0.11","0.32","0.11","4","<0.001","<0.5"
"Mirs Bay","MM14","2024-11-22","1","Middle Water","<0.1","0.012","0.6","74","5.2","<1","<1","0.2","0.013","0.019","7.9","0.4","31.9","2.1","1.9","4","23.5","0.23","0.06","0.27","0.12","4.2","<0.001","0.6"
"Mirs Bay","MM14","2024-11-22","1","Bottom Water","<0.1","0.014","0.7","80","5.7","<1","<1","0.21","0.009","0.021","7.9","<0.2","31.9","2.1","2","4","23.6","0.23","0.11","0.33","0.1","4.7","<0.001","<0.5"
"Mirs Bay","MM14","2024-12-09","1","Surface Water","0.8","<0.005","4.3","118","8.7","<1","<1","0.17","0.005","0.014","7.8","2.3","31.7","3.2","1.2","1.7","21.2","0.18","0.13","0.31","0.07","1.7","<0.001","<0.5"
"Mirs Bay","MM14","2024-12-09","1","Middle Water","1","0.009","3.3","85","6.3","<1","<1","0.16","0.004","0.014","7.8","2.3","31.9","3.2","1.1","2","21.3","0.17","0.15","0.31","0.06","2","<0.001","0.6"
"Mirs Bay","MM14","2024-12-09","1","Bottom Water","0.9","0.017","5.8","91","6.7","1","1","0.14","0.004","0.01","7.8","2.4","32","3.2","0.99","5.5","21.5","0.16","0.14","0.28","0.06","3.4","<0.001","1.4"
"Mirs Bay","MM15","2024-01-19","1","Surface Water","<0.1","<0.005","1.3","92","6.7","<1","<1","0.012","<0.002","<0.002","8.1","<0.2","34.3","2.3","0.19","3.4","21","0.02","0.09","0.1","0.03","1.3","<0.001","1.2"
"Mirs Bay","MM15","2024-01-19","1","Middle Water","<0.1","<0.005","1.4","95","7","<1","<1","0.012","<0.002","<0.002","8.1","<0.2","34.2","2.3","0.2","2.4","20.7","0.02","0.06","0.07","0.03","1","<0.001","1.1"
"Mirs Bay","MM15","2024-01-19","1","Bottom Water","<0.1","<0.005","0.6","92","6.8","<1","<1","0.016","<0.002","<0.002","8.1","<0.2","34.1","2.3","0.27","2.2","20.1","0.02","<0.05","0.07","0.03","3.8","<0.001","0.7"
"Mirs Bay","MM15","2024-02-15","1","Surface Water","0.9","0.031","0.7","101","7.6","<1","<1","0.014","<0.002","0.012","8.2","<0.2","34","3.7","0.58","1.5","19.6","0.05","0.27","0.29","0.03","0.3","0.001","<0.5"
"Mirs Bay","MM15","2024-02-15","1","Middle Water","0.7","0.027","0.9","94","7.2","<1","<1","0.015","<0.002","0.005","8.2","<0.2","33.9","3.7","0.59","0.7","18.2","0.04","0.21","0.23","0.03","0.3","0.001","0.6"
"Mirs Bay","MM15","2024-02-15","1","Bottom Water","<0.1","0.023","0.6","90","6.9","<1","<1","0.018","<0.002","0.005","8.2","<0.2","34.1","3.7","0.68","1.6","18.4","0.04","0.25","0.27","0.03","1.6","<0.001","0.7"
"Mirs Bay","MM15","2024-03-18","1","Surface Water","<0.1","0.011","0.3","110","8.1","<1","<1","0.01","<0.002","<0.002","8","<0.2","34.4","3.7","0.23","6.4","20.7","0.02","0.06","0.07","0.03","7.6","<0.001","1"
"Mirs Bay","MM15","2024-03-18","1","Middle Water","<0.1","0.01","0.3","99","7.3","<1","1","0.016","<0.002","<0.002","8","<0.2","34.4","3.7","0.25","0.9","20.5","0.03","0.18","0.2","0.04","0.5","<0.001","<0.5"
"Mirs Bay","MM15","2024-03-18","1","Bottom Water","<0.1","0.011","<0.2","93","7","<1","<1","0.01","<0.002","<0.002","8","<0.2","34.3","3.7","0.25","1.4","19.5","0.02","0.11","0.12","0.04","1.9","<0.001","0.8"
"Mirs Bay","MM15","2024-04-08","1","Surface Water","0.4","0.009","0.8","91","6.4","3","29","0.015","<0.002","<0.002","8.2","<0.2","34.1","3.1","0.23","1.3","23.4","0.03","0.14","0.16","0.04","0.8","<0.001","0.6"
"Mirs Bay","MM15","2024-04-08","1","Middle Water","0.3","0.008","0.9","92","6.4","<1","<1","0.007","<0.002","<0.002","8.2","<0.2","34.2","3.1","0.27","0.8","23.2","0.02","0.14","0.15","0.05","1.4","<0.001","<0.5"
"Mirs Bay","MM15","2024-04-08","1","Bottom Water","0.3","0.008","0.8","90","6.3","<1","<1","0.012","<0.002","<0.002","8.2","<0.2","34.2","3.1","0.26","2","23.2","0.02","0.16","0.17","0.05","2.3","<0.001","0.9"
"Mirs Bay","MM15","2024-05-24","1","Surface Water","0.3","0.038","2.1","73","5","<1","8","0.025","<0.002","<0.002","8.1","<0.2","31.5","2.6","0.31","3.6","25.5","0.07","0.09","0.12","0.05","2.2","0.002","1.4"
"Mirs Bay","MM15","2024-05-24","1","Middle Water","0.2","0.013","0.9","71","4.9","<1","4","0.02","<0.002","<0.002","8.1","<0.2","31.9","2.6","0.31","3.2","25.5","0.04","0.11","0.13","0.05","0.4","<0.001","1"
"Mirs Bay","MM15","2024-05-24","1","Bottom Water","1.9","0.024","0.7","83","5.7","<1","1","0.019","<0.002","<0.002","8.1","<0.2","32.5","2.6","0.3","1.4","25.4","0.05","0.15","0.17","0.05","5.7","0.001","0.7"
"Mirs Bay","MM15","2024-06-12","1","Surface Water","<0.1","0.012","0.5","66","4.5","<1","3","0.016","<0.002","<0.002","8.1","<0.2","31.2","5.9","0.47","0.7","26.9","0.03","0.15","0.17","0.05","0.1","<0.001","<0.5"
"Mirs Bay","MM15","2024-06-12","1","Middle Water","<0.1","0.012","0.7","85","5.7","5","9","0.017","<0.002","<0.002","8.1","<0.2","32.6","5.9","0.44","2.7","26","0.03","0.15","0.17","0.05","1.1","<0.001","1.9"
"Mirs Bay","MM15","2024-06-12","1","Bottom Water","0.4","0.023","0.7","84","5.6","1","3","0.015","0.003","<0.002","8.1","<0.2","33.3","5.9","0.42","1.2","26.3","0.04","0.17","0.19","0.06","2.8","0.001","<0.5"
"Mirs Bay","MM15","2024-07-19","1","Surface Water","0.7","0.039","2.1","92","5.9","<1","1","0.082","<0.002","<0.002","8.3","0.3","28.2","2.8","0.73","5.4","30.3","0.12","0.23","0.31","0.04","1.1","0.005","2.1"
"Mirs Bay","MM15","2024-07-19","1","Middle Water","0.7","0.022","0.9","74","4.8","<1","<1","0.095","<0.002","<0.002","8","<0.2","28.2","2.8","0.67","3.9","30.1","0.12","0.21","0.31","0.05","0.3","0.001","1.4"
"Mirs Bay","MM15","2024-07-19","1","Bottom Water","<0.1","0.006","<0.2","74","5","<1","3","0.12","0.01","0.018","7.9","<0.2","31.3","2.8","1.3","5.3","26.4","0.14","0.08","0.21","0.05","7.3","<0.001","1.4"
"Mirs Bay","MM15","2024-08-12","1","Surface Water","<0.1","<0.005","0.3","80","5.3","<1","5","0.028","<0.002","0.004","8.2","<0.2","32.1","5.5","0.18","3.2","27.1","0.04","0.18","0.21","0.12","0.4","<0.001","0.6"
"Mirs Bay","MM15","2024-08-12","1","Middle Water","0.4","0.006","4.5","76","5.3","<1","5","0.045","<0.002","0.012","8","1.4","34.9","5.5","0.31","2.7","23.4","0.05","0.24","0.29","0.15","1.8","<0.001","0.8"
"Mirs Bay","MM15","2024-08-12","1","Bottom Water","<0.1","0.006","2.8","63","4.3","<1","3","0.069","0.005","0.012","8","0.6","34.6","5.5","0.53","3.9","23.7","0.08","0.12","0.19","0.92","4.1","<0.001","0.8"
"Mirs Bay","MM15","2024-09-12","1","Surface Water","0.7","0.037","1.6","91","5.8","<1","<1","0.03","<0.002","<0.002","8.2","<0.2","31","4.1","0.47","6.1","30","0.07","0.12","0.15","0.07","0.5","0.003","1.6"
"Mirs Bay","MM15","2024-09-12","1","Middle Water","0.2","0.018","1","95","6","<1","<1","0.022","<0.002","0.022","8","<0.2","32.3","4.1","0.56","3.2","29.7","0.04","0.12","0.14","0.09","0.2","0.001","1.2"
"Mirs Bay","MM15","2024-09-12","1","Bottom Water","1.5","0.011","1.5","57","3.8","<1","<1","0.017","<0.002","0.002","7.8","<0.2","34","4.1","0.54","1.1","26.6","0.03","0.12","0.14","0.1","5.9","<0.001","0.5"
"Mirs Bay","MM15","2024-10-14","1","Surface Water","<0.1","0.037","1.9","76","5","<1","<1","0.028","0.009","<0.002","7.9","<0.2","32.6","2.8","0.77","6.3","28.1","0.07","0.15","0.19","0.18","2","0.001","0.8"
"Mirs Bay","MM15","2024-10-14","1","Middle Water","<0.1","0.037","1.6","75","4.9","<1","<1","0.026","0.007","<0.002","7.8","<0.2","32.6","2.8","0.77","5.1","28","0.07","0.16","0.19","0.38","2.3","0.001","<0.5"
"Mirs Bay","MM15","2024-10-14","1","Bottom Water","<0.1","0.041","0.9","80","5.2","<1","<1","0.023","0.008","0.003","7.8","<0.2","32.6","2.8","0.77","11","28","0.07","0.23","0.26","0.14","2.9","0.002","2.2"
"Mirs Bay","MM15","2024-11-22","1","Surface Water","0.2","0.01","0.5","89","6.3","<1","2","0.19","0.014","0.019","7.9","0.5","32.4","1.9","1.9","7","23.4","0.21","0.07","0.27","0.11","6.2","<0.001","0.9"
"Mirs Bay","MM15","2024-11-22","1","Middle Water","<0.1","0.016","0.3","76","5.3","<1","<1","0.19","0.013","0.019","7.8","<0.2","32.1","1.9","1.9","3.9","23.9","0.22","0.06","0.26","0.1","6.6","<0.001","<0.5"
"Mirs Bay","MM15","2024-11-22","1","Bottom Water","<0.1","0.01","0.4","72","5","<1","1","0.19","0.013","0.02","7.8","<0.2","32.1","1.9","1.9","5.3","23.9","0.21","0.08","0.28","0.11","11.8","<0.001","1.2"
"Mirs Bay","MM15","2024-12-09","1","Surface Water","1","0.005","5.5","78","6","1","1","0.11","0.003","0.012","7.7","3.5","26.2","2.8","0.91","2.2","20.4","0.12","0.09","0.2","0.06","1.8","<0.001","0.7"
"Mirs Bay","MM15","2024-12-09","1","Middle Water","0.8","0.011","4.8","84","6.2","220","220","0.11","0.004","0.011","7.8","2.3","32","2.8","0.94","2.6","21.5","0.13","0.44","0.55","0.06","2.2","<0.001","0.8"
"Mirs Bay","MM15","2024-12-09","1","Bottom Water","0.6","0.021","7.4","90","6.5","2","2","0.047","<0.002","0.003","7.8","3.2","32.2","2.8","0.44","8.7","21.8","0.07","0.18","0.23","0.05","12.6","<0.001","1.6"
"Mirs Bay","MM16","2024-01-19","1","Surface Water","<0.1","<0.005","1.1","83","6.2","<1","2","0.009","<0.002","<0.002","8","<0.2","33.9","3.2","0.26","4","20.2","0.02","0.06","0.07","0.02","0.5","<0.001","1.1"
"Mirs Bay","MM16","2024-01-19","1","Middle Water","<0.1","<0.005","0.8","97","7.1","<1","<1","0.009","<0.002","<0.002","8.1","<0.2","34.2","3.2","0.2","2.2","20.5","0.02","0.06","0.07","0.03","0.4","<0.001","0.9"
"Mirs Bay","MM16","2024-01-19","1","Bottom Water","<0.1","<0.005","0.9","94","6.9","<1","<1","0.011","<0.002","<0.002","8.1","0.2","34.2","3.2","0.22","8.8","20.7","0.02","0.08","0.09","0.03","3","<0.001","1.8"
"Mirs Bay","MM16","2024-02-15","1","Surface Water","0.2","0.017","1","98","7.4","<1","<1","0.008","<0.002","0.003","8.1","<0.2","34","4.3","0.58","1.5","19.2","0.03","0.22","0.23","0.03","0.3","<0.001","<0.5"
"Mirs Bay","MM16","2024-02-15","1","Middle Water","0.4","0.028","1.1","95","7.3","<1","<1","0.011","<0.002","0.006","8.1","<0.2","34","4.3","0.59","1.5","18.4","0.04","0.26","0.27","0.03","0.5","<0.001","<0.5"
"Mirs Bay","MM16","2024-02-15","1","Bottom Water","<0.1","0.023","1","90","6.9","<1","<1","0.012","<0.002","0.004","8.1","<0.2","34","4.3","0.57","1.9","18.2","0.04","0.24","0.25","0.03","1.3","<0.001","0.7"
"Mirs Bay","MM16","2024-03-18","1","Surface Water","0.5","0.014","0.6","79","5.9","<1","32","0.013","<0.002","<0.002","7.9","0.2","34.4","3.9","0.3","2.2","20.3","0.03","0.13","0.15","0.04","0.8","<0.001","<0.5"
"Mirs Bay","MM16","2024-03-18","1","Middle Water","<0.1","0.018","0.8","94","7.1","<1","<1","0.015","<0.002","<0.002","7.9","<0.2","34.3","3.9","0.39","16","19.4","0.04","0.08","0.1","0.03","1","<0.001","12"
"Mirs Bay","MM16","2024-03-18","1","Bottom Water","<0.1","0.021","0.9","90","6.8","<1","<1","0.013","<0.002","0.003","7.9","0.2","34.3","3.9","0.43","1.7","19.3","0.04","0.05","0.07","0.03","1.7","<0.001","<0.5"
"Mirs Bay","MM16","2024-04-08","1","Surface Water","0.5","0.014","0.8","82","5.7","2","35","0.019","<0.002","<0.002","8.1","<0.2","33.9","3.8","0.25","<0.5","23.5","0.04","0.24","0.26","0.04","0.5","<0.001","<0.5"
"Mirs Bay","MM16","2024-04-08","1","Middle Water","0.5","0.015","0.9","94","6.6","<1","2","0.022","<0.002","<0.002","8.1","<0.2","34","3.8","0.25","<0.5","23.3","0.04","0.19","0.21","0.05","0.7","<0.001","<0.5"
"Mirs Bay","MM16","2024-04-08","1","Bottom Water","0.3","0.01","0.9","90","6.4","<1","3","0.02","<0.002","<0.002","8.1","<0.2","34.2","3.8","0.27","1.4","22.8","0.03","0.18","0.2","0.05","1.8","<0.001","0.6"
"Mirs Bay","MM16","2024-05-24","1","Surface Water","2.3","0.029","1","98","6.7","<1","8","0.021","<0.002","<0.002","8.1","<0.2","31.5","3.7","0.38","1.4","25.6","0.05","0.12","0.14","0.05","7","0.002","0.7"
"Mirs Bay","MM16","2024-05-24","1","Middle Water","2.3","0.03","0.9","76","5.2","<1","2","0.025","<0.002","<0.002","8.1","<0.2","31.6","3.7","0.24","1","25.7","0.06","0.11","0.14","0.05","0.5","0.002","0.6"
"Mirs Bay","MM16","2024-05-24","1","Bottom Water","2","0.024","1.2","82","5.6","<1","19","0.022","<0.002","<0.002","8.1","<0.2","32.4","3.7","0.31","1.4","25.4","0.05","0.15","0.17","0.05","2.1","0.001","0.6"
"Mirs Bay","MM16","2024-06-12","1","Surface Water","0.5","0.021","1","85","5.7","1","6","0.024","0.003","<0.002","8.1","<0.2","30.8","6.3","0.49","2.6","27.3","0.05","0.2","0.23","0.04","0.1","0.001","0.6"
"Mirs Bay","MM16","2024-06-12","1","Middle Water","0.5","0.017","0.5","93","6.3","28","34","0.022","0.002","<0.002","8.1","<0.2","31.8","6.3","0.47","2.2","26","0.04","0.24","0.26","0.04","0.3","<0.001","<0.5"
"Mirs Bay","MM16","2024-06-12","1","Bottom Water","0.4","0.027","0.6","80","5.4","2","8","0.029","0.002","0.002","8","<0.2","33","6.3","0.46","1.7","25.9","0.06","0.09","0.12","0.04","3.8","0.001","<0.5"
"Mirs Bay","MM16","2024-07-19","1","Surface Water","1.2","0.037","1.6","86","5.6","<1","<1","0.18","<0.002","0.002","8.3","<0.2","26.2","2.5","0.42","4.6","30.5","0.22","0.24","0.42","0.03","1.2","0.005","1.6"
"Mirs Bay","MM16","2024-07-19","1","Middle Water","1","0.015","1.7","69","4.5","1","1","0.15","<0.002","<0.002","8","<0.2","26.7","2.5","0.51","1.2","30.3","0.17","0.2","0.35","0.04","0.4","<0.001","0.6"
"Mirs Bay","MM16","2024-07-19","1","Bottom Water","<0.1","0.012","0.3","69","4.7","<1","1","0.1","0.017","0.018","7.8","<0.2","31.2","2.5","1.3","6","26.1","0.13","0.12","0.24","0.06","9.8","<0.001","1.9"
"Mirs Bay","MM16","2024-08-12","1","Surface Water","0.2","<0.005","0.3","110","7.2","1","13","0.025","<0.002","<0.002","8.1","<0.2","31","4.5","0.12","3.2","28.2","0.03","0.16","0.19","0.12","0.4","<0.001","0.5"
"Mirs Bay","MM16","2024-08-12","1","Middle Water","<0.1","<0.005","1.7","73","5.1","1","8","0.029","<0.002","0.012","7.9","<0.2","34.8","4.5","0.42","5.1","23","0.04","0.15","0.18","0.15","2.3","<0.001","1"
"Mirs Bay","MM16","2024-08-12","1","Bottom Water","<0.1","0.009","3.3","60","4.2","<1","2","0.023","0.004","0.012","7.9","0.7","34.6","4.5","0.47","6","23","0.04","0.14","0.17","0.16","3.4","<0.001","1.5"
"Mirs Bay","MM16","2024-09-12","1","Surface Water","2.2","0.015","1.1","81","5.1","<1","<1","0.03","<0.002","0.002","8.1","0.3","30.8","3.7","0.57","4.7","30","0.05","0.15","0.18","0.09","0.1","0.001","1.3"
"Mirs Bay","MM16","2024-09-12","1","Middle Water","2.3","0.057","1.7","96","6.2","<1","<1","0.023","<0.002","0.01","8","<0.2","31.9","3.7","0.57","3.8","29.2","0.08","0.17","0.2","0.11","0.3","0.003","1.4"
"Mirs Bay","MM16","2024-09-12","1","Bottom Water","2","0.034","1.1","61","4","<1","1","0.021","<0.002","0.006","7.8","<0.2","32.8","3.7","0.54","2.9","28.1","0.06","0.13","0.15","0.1","5.7","0.001","1"
"Mirs Bay","MM16","2024-10-14","1","Surface Water","<0.1","0.048","2.7","85","5.5","<1","<1","0.022","0.003","<0.002","7.8","<0.2","32.6","2.6","0.42","6.8","28.1","0.07","0.15","0.18","0.12","1.5","0.001","1.1"
"Mirs Bay","MM16","2024-10-14","1","Middle Water","<0.1","0.034","2.5","82","5.4","<1","<1","0.017","0.004","<0.002","7.8","<0.2","32.6","2.6","0.44","4.6","28","0.06","0.15","0.17","0.39","1.3","0.001","0.9"
"Mirs Bay","MM16","2024-10-14","1","Bottom Water","<0.1","0.029","1.4","63","4.1","<1","<1","0.019","0.004","0.002","7.7","0.4","32.6","2.6","0.53","11","28","0.05","0.16","0.18","0.17","2.5","<0.001","2.8"
"Mirs Bay","MM16","2024-11-22","1","Surface Water","<0.1","0.016","0.5","79","5.5","1","4","0.1","0.026","0.01","7.8","0.4","32.4","2.7","1.3","3.4","23.8","0.14","0.17","0.3","0.09","3.9","<0.001","0.5"
"Mirs Bay","MM16","2024-11-22","1","Middle Water","<0.1","0.016","0.4","76","5.3","<1","1","0.08","0.028","0.009","7.8","0.3","32.4","2.7","1.1","3.6","23.9","0.12","0.09","0.2","0.1","2.2","<0.001","<0.5"
"Mirs Bay","MM16","2024-11-22","1","Bottom Water","<0.1","<0.005","0.7","76","5.3","<1","<1","0.073","0.028","0.008","7.8","0.5","32.5","2.7","1","3.8","24","0.11","0.1","0.2","0.12","6.5","<0.001","0.5"
"Mirs Bay","MM16","2024-12-09","1","Surface Water","0.7","0.015","6.2","112","8.2","<1","<1","0.09","0.005","0.011","7.7","3.7","31.3","3.5","0.82","2.5","21.5","0.11","0.15","0.25","0.06","2.5","<0.001","0.6"
"Mirs Bay","MM16","2024-12-09","1","Middle Water","0.8","0.009","6.5","95","7","<1","<1","0.088","0.006","0.012","7.7","2.9","32.2","3.5","0.74","3.3","21.6","0.1","0.2","0.29","0.05","1.5","<0.001","0.6"
"Mirs Bay","MM16","2024-12-09","1","Bottom Water","1","0.02","8","96","7","<1","<1","0.013","<0.002","<0.002","7.7","5.6","32.3","3.5","0.24","6.6","21.7","0.04","0.2","0.22","0.05","3.6","<0.001","1.6"
"Mirs Bay","MM17","2024-01-10","1","Surface Water","1.1","0.015","0.7","86","6.5","<1","<1","0.006","<0.002","<0.002","8.1","0.6","33.4","2.8","0.18","8.3","19.4","0.02","0.07","0.08","0.02","0.3","<0.001","1.2"
"Mirs Bay","MM17","2024-01-10","1","Middle Water","2.2","0.013","0.9","99","7.5","<1","<1","0.005","<0.002","<0.002","8.1","0.3","33.4","2.8","0.18","0.9","19.4","0.02","0.12","0.13","0.03","0.3","<0.001","<0.5"
"Mirs Bay","MM17","2024-01-10","1","Bottom Water","1.8","0.011","0.8","99","7.5","<1","<1","0.007","<0.002","0.006","8.1","<0.2","33.4","2.8","0.16","1.2","19.4","0.02","0.06","0.07","0.03","0.5","<0.001","0.6"
"Mirs Bay","MM17","2024-02-23","1","Surface Water","2.2","0.011","0.4","98","7.3","<1","<1","0.022","<0.002","<0.002","8.2","<0.2","33.9","3.9","0.44","5","19.9","0.04","0.13","0.15","0.03","0.1","<0.001","0.8"
"Mirs Bay","MM17","2024-02-23","1","Middle Water","2","0.008","0.9","99","7.3","<1","<1","0.013","<0.002","<0.002","8.2","<0.2","33.9","3.9","0.41","1","19.9","0.02","0.25","0.27","0.04","0.1","<0.001","<0.5"
"Mirs Bay","MM17","2024-02-23","1","Bottom Water","2.5","0.009","1","95","7.2","<1","<1","0.01","<0.002","<0.002","8.2","<0.2","33.9","3.9","0.47","1.4","18.9","0.02","0.2","0.21","0.04","0.1","<0.001","<0.5"
"Mirs Bay","MM17","2024-03-22","1","Surface Water","0.5","0.02","0.8","100","7.5","<1","<1","0.009","<0.002","<0.002","7.9","<0.2","34.1","6.5","0.34","2.5","19.5","0.03","0.1","0.11","0.07","0.4","<0.001","0.5"
"Mirs Bay","MM17","2024-03-22","1","Middle Water","0.4","0.019","0.5","96","7.2","<1","<1","0.008","<0.002","<0.002","7.9","0.2","34.1","6.5","0.35","3","19.3","0.03","0.07","0.08","0.1","0.6","<0.001","<0.5"
"Mirs Bay","MM17","2024-03-22","1","Bottom Water","0.3","0.02","1.2","94","7.1","<1","<1","0.008","<0.002","<0.002","7.9","<0.2","34.2","6.5","0.35","3.4","19.3","0.03","0.11","0.12","0.08","0.8","<0.001","0.8"
"Mirs Bay","MM17","2024-04-25","1","Surface Water","0.6","0.028","1.7","86","5.9","2","49","0.038","<0.002","<0.002","8.2","<0.2","32.8","3.7","0.31","4","25.1","0.07","0.18","0.22","0.06","0.5","0.002","1.4"
"Mirs Bay","MM17","2024-04-25","1","Middle Water","<0.1","<0.005","1","83","5.7","<1","37","0.02","<0.002","<0.002","8.2","<0.2","33.3","3.7","0.28","3.2","25.2","0.03","0.24","0.26","0.06","0.4","<0.001","1.3"
"Mirs Bay","MM17","2024-04-25","1","Bottom Water","<0.1","0.013","0.5","93","6.3","<1","3","0.013","<0.002","<0.002","8.2","<0.2","33.8","3.7","0.29","2.4","25.1","0.03","0.15","0.17","0.07","0.4","<0.001","0.9"
"Mirs Bay","MM17","2024-05-13","1","Surface Water","2.5","0.011","3.4","79","5.3","<1","<1","0.026","<0.002","<0.002","8.2","0.7","31.1","2.9","<0.05","<0.5","26.5","0.04","0.16","0.19","0.05","0.8","<0.001","<0.5"
"Mirs Bay","MM17","2024-05-13","1","Middle Water","4.1","0.015","3.7","112","7.6","<1","3","0.025","<0.002","<0.002","8.2","1.2","31.3","2.9","<0.05","4.7","26.2","0.04","0.14","0.17","0.05","0.6","0.001","1.7"
"Mirs Bay","MM17","2024-05-13","1","Bottom Water","2.5","0.016","3.7","94","6.4","<1","1","0.025","<0.002","<0.002","8.1","0.2","31.8","2.9","0.07","4.7","25.6","0.04","0.12","0.15","0.05","1.2","<0.001","1.9"
"Mirs Bay","MM17","2024-06-14","1","Surface Water","0.6","0.028","1.7","75","5.1","<1","9","0.027","0.005","0.003","8.1","0.4","28.2","2.2","0.5","1.4","27","0.06","0.11","0.14","0.03","5.5","0.002","<0.5"
"Mirs Bay","MM17","2024-06-14","1","Middle Water","0.4","0.024","1.4","64","4.3","1","2","0.021","0.004","<0.002","8","<0.2","29.4","2.2","0.51","3.1","26.7","0.05","0.15","0.18","0.04","5.4","0.001","1.8"
"Mirs Bay","MM17","2024-06-14","1","Bottom Water","0.5","0.027","1.2","56","3.8","<1","7","0.015","0.004","<0.002","8","<0.2","30.1","2.2","0.52","1.7","26.3","0.05","0.09","0.11","0.05","5.5","0.001","0.7"
"Mirs Bay","MM17","2024-07-18","1","Surface Water","1","0.012","5.1","104","6.7","<1","3","0.18","<0.002","<0.002","8.4","1.5","26.2","2.1","0.42","1.7","30.6","0.19","0.31","0.49","0.06","1.4","0.002","0.8"
"Mirs Bay","MM17","2024-07-18","1","Middle Water","0.8","0.019","5.2","75","4.9","<1","<1","0.17","<0.002","0.006","8.3","1.5","26.1","2.1","0.4","5.8","30.5","0.19","0.27","0.44","0.05","1.1","0.002","1.7"
"Mirs Bay","MM17","2024-07-18","1","Bottom Water","0.7","0.032","2.9","72","4.7","<1","<1","0.1","<0.002","<0.002","7.7","1.4","27.4","2.1","0.52","5.9","29.2","0.13","0.23","0.33","0.03","1","0.001","1.4"
"Mirs Bay","MM17","2024-08-15","1","Surface Water","0.2","0.005","0.9","102","6.7","<1","2","0.046","<0.002","<0.002","8.3","<0.2","32.7","2.8","0.12","<0.5","27.3","0.05","0.28","0.33","0.09","0.3","<0.001","<0.5"
"Mirs Bay","MM17","2024-08-15","1","Middle Water","0.6","0.008","2.5","83","5.7","<1","1","0.07","0.008","0.016","8","1.2","34.1","2.8","0.72","0.8","24.3","0.09","0.22","0.3","0.12","0.8","<0.001","0.6"
"Mirs Bay","MM17","2024-08-15","1","Bottom Water","0.9","0.012","2.6","78","5.4","<1","<1","0.094","0.009","0.019","7.9","2.2","34.6","2.8","0.99","1.8","23.6","0.12","0.24","0.34","0.15","1.5","<0.001","0.6"
"Mirs Bay","MM17","2024-09-11","1","Surface Water","0.3","0.03","2.5","100","6.4","<1","<1","0.034","<0.002","<0.002","8.2","0.7","29.6","2.2","0.71","5.9","30.3","0.07","0.15","0.19","0.23","0.9","0.003","1.3"
"Mirs Bay","MM17","2024-09-11","1","Middle Water","<0.1","0.043","2.8","98","6.3","<1","<1","0.033","<0.002","<0.002","8","1.3","30.8","2.2","0.61","4.7","29.3","0.08","0.17","0.21","0.06","0.4","0.003","1"
"Mirs Bay","MM17","2024-09-11","1","Bottom Water","1","0.057","0.9","71","4.6","<1","<1","0.043","<0.002","0.005","7.9","<0.2","31.8","2.2","0.86","4.2","28.3","0.1","0.15","0.2","0.08","2.2","0.002","0.7"
"Mirs Bay","MM17","2024-10-23","1","Surface Water","<0.1","0.007","2.1","93","6","<1","2","0.027","<0.002","0.011","7.8","1.3","32.4","1.9","0.62","4.6","28","0.04","0.23","0.26","0.17","2.2","<0.001","1.8"
"Mirs Bay","MM17","2024-10-23","1","Middle Water","<0.1","0.014","1.9","70","4.6","<1","<1","0.026","<0.002","0.011","7.8","1","32.3","1.9","0.6","1.4","27.9","0.04","0.22","0.25","0.17","1.9","<0.001","0.5"
"Mirs Bay","MM17","2024-10-23","1","Bottom Water","<0.1","0.007","1.6","67","4.4","<1","<1","0.025","<0.002","0.013","7.8","1.4","32.4","1.9","0.53","4.8","28.1","0.03","0.12","0.15","0.12","2.1","<0.001","1.1"
"Mirs Bay","MM17","2024-11-21","1","Surface Water","0.4","0.032","1","107","7.5","6","23","0.038","0.019","0.012","7.9","0.7","32.6","2","0.6","2.8","23.6","0.09","0.13","0.19","0.06","2.7","<0.001","0.6"
"Mirs Bay","MM17","2024-11-21","1","Middle Water","0.6","0.026","1","79","5.5","2","9","0.033","0.021","0.012","7.8","0.3","32.4","2","0.61","3.8","24","0.08","0.11","0.16","0.05","2.5","<0.001","0.6"
"Mirs Bay","MM17","2024-11-21","1","Bottom Water","0.3","0.013","1","83","5.8","<1","2","0.033","0.019","0.008","7.8","0.6","32.5","2","0.61","3.7","24.1","0.07","0.1","0.15","0.05","4.1","<0.001","<0.5"
"Mirs Bay","MM17","2024-12-08","1","Surface Water","1.3","0.012","6.5","96","7","<1","3","0.039","<0.002","0.003","7.8","2","32.3","1.8","0.28","3.6","21.6","0.05","0.14","0.18","0.05","4","<0.001","1.1"
"Mirs Bay","MM17","2024-12-08","1","Middle Water","1.2","0.014","2.2","87","6.3","<1","<1","0.035","<0.002","0.002","7.8","1","32.1","1.8","0.23","4.9","21.6","0.05","0.17","0.21","0.06","3.4","<0.001","1.4"
"Mirs Bay","MM17","2024-12-08","1","Bottom Water","1","0.012","7.1","94","6.8","<1","<1","0.032","<0.002","<0.002","7.8","3","32.2","1.8","0.28","4","21.8","0.05","0.2","0.23","0.06","8.3","<0.001","1.4"
"Mirs Bay","MM19","2024-01-19","1","Surface Water","<0.1","<0.005","1.2","95","7.1","<1","<1","0.01","<0.002","<0.002","8.1","<0.2","33.8","3.7","0.34","5.4","20","0.02","0.09","0.1","0.03","0.2","<0.001","1.5"
"Mirs Bay","MM19","2024-01-19","1","Middle Water","<0.1","<0.005","1","93","7","<1","1","0.01","<0.002","<0.002","8.1","<0.2","33.7","3.7","0.28","1.5","19.8","0.02","<0.05","0.06","0.03","0.2","<0.001","0.7"
"Mirs Bay","MM19","2024-01-19","1","Bottom Water","<0.1","<0.005","0.8","92","6.9","<1","1","0.009","<0.002","<0.002","8.1","<0.2","33.9","3.7","0.23","5.4","19.9","0.02","0.06","0.07","0.03","0.6","<0.001","1.7"
"Mirs Bay","MM19","2024-02-15","1","Surface Water","0.4","0.03","0.8","90","6.7","<1","1","0.021","<0.002","0.003","8.2","<0.2","34","3.8","0.56","1.5","19.9","0.05","0.29","0.31","0.04","0.2","0.001","<0.5"
"Mirs Bay","MM19","2024-02-15","1","Middle Water","0.3","0.039","0.3","94","7.2","<1","<1","0.018","<0.002","0.006","8.2","0.2","34","3.8","0.54","2","18.6","0.06","0.27","0.29","0.04","0.2","0.002","0.7"
"Mirs Bay","MM19","2024-02-15","1","Bottom Water","<0.1","0.023","1.2","93","7.1","<1","<1","0.016","<0.002","0.004","8.2","<0.2","34","3.8","0.54","<0.5","18.5","0.04","0.24","0.26","0.03","0.5","<0.001","<0.5"
"Mirs Bay","MM19","2024-03-18","1","Surface Water","<0.1","0.014","0.6","112","8.2","<1","<1","0.013","<0.002","<0.002","8","<0.2","34.4","4.2","0.21","2.1","20.8","0.03","0.08","0.1","0.04","6.8","<0.001","0.6"
"Mirs Bay","MM19","2024-03-18","1","Middle Water","<0.1","0.016","0.7","96","7.1","1","1","0.012","<0.002","<0.002","8","<0.2","34.4","4.2","0.19","1.7","20.1","0.03","0.07","0.08","0.03","0.7","<0.001","<0.5"
"Mirs Bay","MM19","2024-03-18","1","Bottom Water","<0.1","0.013","0.3","93","7","<1","<1","0.012","<0.002","<0.002","8","<0.2","34.3","4.2","0.3","2.1","19.7","0.03","0.12","0.13","0.03","2.1","<0.001","0.5"
"Mirs Bay","MM19","2024-04-08","1","Surface Water","0.3","0.011","0.6","99","6.9","<1","3","0.041","<0.002","<0.002","8.2","<0.2","33.5","3.5","0.21","1","23.9","0.05","0.19","0.23","0.04","0.3","<0.001","0.7"
"Mirs Bay","MM19","2024-04-08","1","Middle Water","0.4","0.008","0.6","93","6.5","<1","<1","0.034","<0.002","<0.002","8.2","<0.2","33.9","3.5","0.23","1.4","23.3","0.04","0.25","0.29","0.05","0.7","<0.001","<0.5"
"Mirs Bay","MM19","2024-04-08","1","Bottom Water","0.3","0.011","0.6","90","6.4","<1","1","0.029","<0.002","<0.002","8.2","<0.2","34","3.5","0.22","0.8","23.2","0.04","0.16","0.19","0.06","1.3","<0.001","<0.5"
"Mirs Bay","MM19","2024-05-24","1","Surface Water","2.3","0.028","1.2","92","6.3","<1","<1","0.021","<0.002","<0.002","8.2","<0.2","31.7","4.2","0.3","1","25.5","0.05","0.1","0.12","0.05","0.5","0.002","0.6"
"Mirs Bay","MM19","2024-05-24","1","Middle Water","2.5","0.019","0.8","78","5.3","<1","2","0.016","<0.002","<0.002","8.2","<0.2","32.1","4.2","0.31","1.3","25.4","0.04","0.12","0.14","0.05","0.6","0.001","0.8"
"Mirs Bay","MM19","2024-05-24","1","Bottom Water","2.6","0.024","0.8","82","5.6","<1","1","0.02","<0.002","<0.002","8.1","<0.2","32.9","4.2","0.43","4.7","25.4","0.05","0.08","0.1","0.06","6.2","0.001","1.1"
"Mirs Bay","MM19","2024-06-12","1","Surface Water","0.5","0.02","1.6","83","5.5","<1","9","0.035","0.003","<0.002","8.1","<0.2","32","4.6","0.5","1.9","27.2","0.06","0.17","0.21","0.04","0.5","0.001","0.6"
"Mirs Bay","MM19","2024-06-12","1","Middle Water","0.6","0.016","1.3","63","4.2","<1","1","0.029","<0.002","<0.002","8.1","<0.2","32.6","4.6","0.45","1.9","26.4","0.05","0.13","0.16","0.05","1","<0.001","<0.5"
"Mirs Bay","MM19","2024-06-12","1","Bottom Water","0.8","0.014","1.3","67","4.5","<1","<1","0.027","0.003","<0.002","8.1","<0.2","33.5","4.6","0.44","1.1","26.7","0.04","0.12","0.15","0.04","3.1","<0.001","<0.5"
"Mirs Bay","MM19","2024-07-19","1","Surface Water","1.4","0.02","3.5","81","5.3","1","5","0.23","0.003","0.003","8.4","0.5","26","2.3","0.48","1.6","30.1","0.25","0.29","0.52","0.04","1.8","0.003","1.4"
"Mirs Bay","MM19","2024-07-19","1","Middle Water","0.6","0.043","1.2","60","3.9","5","9","0.18","0.006","<0.002","7.9","<0.2","26.1","2.3","0.66","4.2","29.8","0.23","0.18","0.37","0.03","1.1","0.002","1.2"
"Mirs Bay","MM19","2024-07-19","1","Bottom Water","<0.1","0.005","0.2","66","4.5","1","1","0.12","0.025","0.016","7.9","<0.2","28.9","2.3","1.5","3","26.4","0.15","0.09","0.24","0.05","5.7","<0.001","1.2"
"Mirs Bay","MM19","2024-08-12","1","Surface Water","0.4","<0.005","1.9","71","4.8","<1","<1","0.023","<0.002","0.01","8.3","<0.2","33.9","2.8","0.5","2.6","24.9","0.03","0.28","0.31","0.14","1.4","<0.001","1.4"
"Mirs Bay","MM19","2024-08-12","1","Middle Water","0.3","<0.005","4.2","84","5.9","<1","3","0.051","0.004","0.016","8","1.6","34.4","2.8","0.57","3.8","23.6","0.06","0.26","0.32","0.14","2.2","<0.001","1.1"
"Mirs Bay","MM19","2024-08-12","1","Bottom Water","<0.1","<0.005","2.6","58","4.1","<1","<1","0.065","0.003","0.011","8","0.6","34.6","2.8","0.66","<0.5","22.8","0.07","0.19","0.26","0.17","5.3","<0.001","<0.5"
"Mirs Bay","MM19","2024-09-12","1","Surface Water","1.4","0.038","1.5","87","5.5","<1","<1","0.02","<0.002","0.007","8.1","<0.2","31.7","2.8","0.54","5","30","0.06","0.12","0.14","0.09","0.9","0.003","1.3"
"Mirs Bay","MM19","2024-09-12","1","Middle Water","2","0.069","1.8","80","5.2","<1","<1","0.018","<0.002","0.005","8","0.2","32.4","2.8","0.51","1.9","28.6","0.09","0.14","0.16","0.1","1.1","0.004","0.9"
"Mirs Bay","MM19","2024-09-12","1","Bottom Water","2","0.032","1.8","54","3.6","<1","<1","0.022","0.003","0.005","7.9","<0.2","34.5","2.8","0.58","3.1","25.5","0.06","0.14","0.17","0.1","6.8","0.001","1.2"
"Mirs Bay","MM19","2024-10-14","1","Surface Water","<0.1","0.033","2","83","5.4","<1","<1","0.016","0.006","<0.002","7.9","<0.2","32.6","2.6","0.62","5.9","28.2","0.06","0.14","0.16","0.11","1.9","0.001","1"
"Mirs Bay","MM19","2024-10-14","1","Middle Water","<0.1","0.034","1.8","84","5.5","<1","<1","0.016","0.005","0.003","7.9","<0.2","32.7","2.6","0.57","7.6","28","0.06","0.2","0.22","0.18","1.5","0.001","1.2"
"Mirs Bay","MM19","2024-10-14","1","Bottom Water","<0.1","0.033","0.9","75","4.9","<1","<1","0.02","0.005","0.002","7.9","<0.2","32.7","2.6","0.72","5.5","28","0.06","0.16","0.19","0.25","2.8","0.001","1.3"
"Mirs Bay","MM19","2024-11-22","1","Surface Water","<0.1","0.01","0.6","86","6","<1","3","0.19","0.013","0.02","7.9","<0.2","32.1","2.3","1.9","4.4","24","0.21","<0.05","0.25","0.09","31.8","<0.001","0.7"
"Mirs Bay","MM19","2024-11-22","1","Middle Water","<0.1","0.02","0.6","71","5","1","1","0.19","0.013","0.016","7.9","<0.2","32.1","2.3","1.9","3.1","24","0.22","<0.05","0.25","0.11","3.4","<0.001","0.5"
"Mirs Bay","MM19","2024-11-22","1","Bottom Water","<0.1","0.007","0.7","62","4.3","<1","<1","0.19","0.013","0.019","7.9","<0.2","32.1","2.3","1.9","2.6","24","0.21","<0.05","0.25","0.11","4.1","<0.001","<0.5"
"Mirs Bay","MM19","2024-12-09","1","Surface Water","1.1","0.014","2.4","104","7.6","<1","1","0.15","0.01","0.014","7.8","0.9","32","2.6","1.3","3.5","21.7","0.17","0.12","0.28","0.06","2","<0.001","1.9"
"Mirs Bay","MM19","2024-12-09","1","Middle Water","0.7","0.017","3.2","89","6.5","<1","<1","0.15","0.009","0.013","7.8","2.8","32.1","2.6","1.2","2.9","21.7","0.18","0.15","0.31","0.06","2.7","<0.001","1"
"Mirs Bay","MM19","2024-12-09","1","Bottom Water","0.9","0.009","3.5","95","6.9","<1","<1","0.12","0.006","0.009","7.8","2.8","32.1","2.6","1.1","3.1","21.7","0.14","0.14","0.27","0.05","3.5","<0.001","0.6"
"Mirs Bay","MM2","2024-01-10","1","Surface Water","2.1","0.016","1.9","71","5.3","<1","<1","0.008","<0.002","<0.002","8.2","1.2","33.3","2","0.17","6.8","19.9","0.03","0.07","0.08","0.02","0.7","<0.001","1.2"
"Mirs Bay","MM2","2024-01-10","1","Middle Water","2.3","0.014","1.4","101","7.6","<1","<1","0.006","<0.002","<0.002","8.2","1.2","33.3","2","0.17","2.5","19.8","0.02","0.11","0.12","0.03","0.7","<0.001","<0.5"
"Mirs Bay","MM2","2024-01-10","1","Bottom Water","2.4","0.018","2.4","103","7.7","<1","1","0.005","<0.002","<0.002","8.1","<0.2","33.3","2","0.14","4","19.7","0.03","0.08","0.09","0.03","0.7","<0.001","1.2"
"Mirs Bay","MM2","2024-02-23","1","Surface Water","2.3","0.014","1.5","81","6","<1","2","0.015","<0.002","<0.002","8.2","<0.2","33.8","2.8","0.39","7.2","20.6","0.03","0.18","0.2","0.03","0.2","<0.001","1.5"
"Mirs Bay","MM2","2024-02-23","1","Middle Water","2.2","0.017","2.7","100","7.4","<1","<1","0.01","<0.002","<0.002","8.2","<0.2","33.8","2.8","0.38","4.4","20.6","0.03","0.17","0.18","0.04","0.4","<0.001","0.9"
"Mirs Bay","MM2","2024-02-23","1","Bottom Water","3.5","0.018","2.5","92","6.9","<1","<1","0.012","<0.002","<0.002","8.2","0.5","33.9","2.8","0.39","3.5","19.8","0.03","0.21","0.22","0.04","0.7","<0.001","0.6"
"Mirs Bay","MM2","2024-03-22","1","Surface Water","0.9","0.026","2.5","106","7.9","<1","<1","0.011","<0.002","<0.002","8","<0.2","34","2.4","0.29","3.6","20.4","0.04","0.21","0.22","0.08","1.3","<0.001","0.7"
"Mirs Bay","MM2","2024-03-22","1","Middle Water","0.8","0.023","1.8","103","7.7","<1","<1","0.007","<0.002","<0.002","8","0.7","34.1","2.4","0.32","4.8","19.8","0.03","0.09","0.1","0.06","1.5","<0.001","0.9"
"Mirs Bay","MM2","2024-03-22","1","Bottom Water","0.7","0.022","2.1","95","7.1","<1","<1","0.008","<0.002","<0.002","8","0.4","34.2","2.4","0.36","5.4","19.5","0.03","0.1","0.11","0.08","2.6","<0.001","4.5"
"Mirs Bay","MM2","2024-04-25","1","Surface Water","1","0.046","6","100","6.9","9","28","0.094","<0.002","<0.002","8.2","0.9","31.1","3","0.42","4.3","25.2","0.14","0.26","0.36","0.06","1.7","0.003","1.6"
"Mirs Bay","MM2","2024-04-25","1","Middle Water","<0.1","0.034","0.7","82","5.6","17","68","0.044","<0.002","<0.002","8.2","<0.2","32.5","3","0.42","6","25.2","0.08","0.21","0.26","0.06","1.9","0.002","2"
"Mirs Bay","MM2","2024-04-25","1","Bottom Water","<0.1","0.03","1.3","86","5.8","9","29","0.035","<0.002","0.003","8.2","<0.2","33.4","3","0.35","9.5","25.4","0.07","0.26","0.3","0.06","2.4","0.002","2.7"
"Mirs Bay","MM2","2024-05-13","1","Surface Water","1.7","0.011","4","87","5.8","2","12","0.074","<0.002","<0.002","8.2","0.3","30.2","2.1","0.27","5.6","27","0.09","0.16","0.24","0.05","1.3","<0.001","2.4"
"Mirs Bay","MM2","2024-05-13","1","Middle Water","1.9","0.009","6.1","98","6.6","7","19","0.047","<0.002","<0.002","8.2","1","30.9","2.1","0.13","3.9","26.5","0.06","0.14","0.19","0.05","1.6","<0.001","1.9"
"Mirs Bay","MM2","2024-05-13","1","Bottom Water","1.7","0.015","4.5","96","6.5","3","9","0.047","<0.002","<0.002","8.2","1","31.3","2.1","0.18","2.6","26.1","0.06","0.17","0.22","0.05","2.9","0.001","1.6"
"Mirs Bay","MM2","2024-06-14","1","Surface Water","1.1","0.035","2.8","94","6.3","80","220","0.039","0.009","<0.002","8.1","<0.2","28.2","1.8","0.48","1.3","27.4","0.08","0.11","0.16","0.04","5","0.003","<0.5"
"Mirs Bay","MM2","2024-06-14","1","Middle Water","0.7","0.025","5","90","6.1","38","90","0.041","0.012","<0.002","8","0.8","30","1.8","0.46","3.7","26.9","0.08","0.16","0.21","0.04","4.9","0.001","1.1"
"Mirs Bay","MM2","2024-06-14","1","Bottom Water","0.7","0.034","3.1","66","4.5","28","100","0.043","0.039","0.004","8","1.3","29.9","1.8","0.75","4.8","26.7","0.12","0.15","0.23","0.05","5","0.002","0.9"
"Mirs Bay","MM2","2024-07-18","1","Surface Water","1.3","0.013","2.9","105","6.8","<1","1","0.21","<0.002","<0.002","8.5","1.3","25.5","2","0.4","6","31","0.23","0.32","0.53","0.13","1.4","0.002","2"
"Mirs Bay","MM2","2024-07-18","1","Middle Water","1.1","0.024","5.7","84","5.4","1","9","0.2","<0.002","0.007","8.4","1.3","25.6","2","0.46","2.3","30.9","0.23","0.32","0.52","0.05","2.6","0.004","0.7"
"Mirs Bay","MM2","2024-07-18","1","Bottom Water","0.4","0.02","4.6","66","4.3","1","5","0.19","0.008","<0.002","8.2","1.4","25.6","2","0.82","5.8","30.8","0.22","0.22","0.42","0.07","4.8","0.002","1.7"
"Mirs Bay","MM2","2024-08-15","1","Surface Water","0.4","0.012","2.4","79","5.2","<1","1","0.037","<0.002","0.002","8.3","0.2","32.2","2.2","0.18","1.3","27.8","0.05","0.19","0.23","0.09","0.7","0.001","0.6"
"Mirs Bay","MM2","2024-08-15","1","Middle Water","0.9","0.006","6.5","84","5.8","3","4","0.066","<0.002","0.008","8","1.8","34.1","2.2","0.51","4.6","24.3","0.07","0.23","0.3","0.12","2.6","<0.001","1.5"
"Mirs Bay","MM2","2024-08-15","1","Bottom Water","0.5","0.008","2.9","79","5.4","1","1","0.066","0.005","0.015","7.9","1.1","34.5","2.2","0.91","4.6","23.9","0.08","0.24","0.31","0.14","1.9","<0.001","0.8"
"Mirs Bay","MM2","2024-09-11","1","Surface Water","0.7","0.033","6.4","119","7.6","<1","1","0.03","<0.002","<0.002","8.2","1.3","28.6","1.8","0.86","4.8","30.9","0.07","0.17","0.2","0.09","1.5","0.004","1.5"
"Mirs Bay","MM2","2024-09-11","1","Middle Water","1","0.053","2.9","85","5.5","<1","2","0.045","<0.002","0.003","8","2.1","29","1.8","0.86","3.8","30.1","0.1","0.17","0.22","0.06","1.9","0.004","1"
"Mirs Bay","MM2","2024-09-11","1","Bottom Water","0.8","0.052","2.5","93","6","1","2","0.044","<0.002","<0.002","8","1.8","30.9","1.8","0.87","4.2","28.9","0.1","0.16","0.21","0.07","3.1","0.003","0.9"
"Mirs Bay","MM2","2024-10-23","1","Surface Water","0.1","<0.005","2.8","72","4.7","1","2","0.023","<0.002","0.014","7.9","1.8","32.3","2.6","0.4","3.3","28.2","0.03","0.22","0.25","0.16","1.8","<0.001","1.1"
"Mirs Bay","MM2","2024-10-23","1","Middle Water","0.1","0.008","2.9","70","4.5","<1","<1","0.023","<0.002","0.012","7.9","1","32.1","2.6","0.45","2.2","28.3","0.03","0.14","0.17","0.12","1.7","<0.001","0.8"
"Mirs Bay","MM2","2024-10-23","1","Bottom Water","<0.1","0.011","1.9","82","5.3","<1","<1","0.023","<0.002","0.011","7.8","1.8","32.3","2.6","0.52","4.8","28.2","0.04","0.15","0.18","0.13","2","<0.001","1.5"
"Mirs Bay","MM2","2024-11-21","1","Surface Water","0.5","0.056","1.3","89","6.2","11","37","0.066","0.01","0.012","7.9","1.2","31.9","2.6","0.67","2.4","24.3","0.13","0.17","0.25","0.05","1.7","0.002","0.7"
"Mirs Bay","MM2","2024-11-21","1","Middle Water","0.2","0.048","0.7","74","5.1","31","68","0.06","0.01","0.008","7.9","0.7","31.8","2.6","0.67","3","24.3","0.12","0.21","0.28","0.08","2","0.002","0.7"
"Mirs Bay","MM2","2024-11-21","1","Bottom Water","0.1","0.04","0.9","69","4.9","11","34","0.048","0.009","0.011","7.9","0.9","32","2.6","0.69","3.9","24.1","0.1","0.14","0.2","0.05","1.7","0.001","0.6"
"Mirs Bay","MM2","2024-12-08","1","Surface Water","1.1","<0.005","3.4","102","7.3","<1","21","0.031","<0.002","<0.002","7.8","1.1","32.2","1.7","0.17","4.5","22.2","0.04","0.18","0.21","0.04","3.1","<0.001","1.1"
"Mirs Bay","MM2","2024-12-08","1","Middle Water","1.2","0.007","3.5","84","6.1","1","2","0.03","<0.002","<0.002","7.8","1.3","31.8","1.7","0.15","11","22.2","0.04","0.14","0.17","0.05","2.9","<0.001","2"
"Mirs Bay","MM2","2024-12-08","1","Bottom Water","1.1","<0.005","3.1","77","5.6","<1","<1","0.029","<0.002","<0.002","7.8","2.2","31.9","1.7","0.19","4.1","22","0.04","0.19","0.22","0.05","4","<0.001","1"
"Mirs Bay","MM3","2024-01-10","1","Surface Water","2.5","0.019","0.7","84","6.3","<1","2","0.008","<0.002","<0.002","8.1","0.4","33.4","2.2","0.21","5.6","19.6","0.03","0.07","0.08","0.02","0.5","<0.001","1"
"Mirs Bay","MM3","2024-01-10","1","Middle Water","2.5","0.013","0.7","100","7.5","<1","<1","0.006","<0.002","<0.002","8.1","0.7","33.4","2.2","0.17","2.4","19.6","0.02","0.12","0.13","0.03","0.9","<0.001","<0.5"
"Mirs Bay","MM3","2024-01-10","1","Bottom Water","2.8","0.02","0.9","99","7.5","<1","<1","0.005","<0.002","<0.002","8.1","<0.2","33.4","2.2","0.21","1.6","19.6","0.03","0.11","0.12","0.03","1.5","<0.001","0.6"
"Mirs Bay","MM3","2024-02-23","1","Surface Water","2.4","0.044","0.3","97","7.2","<1","2","0.017","<0.002","<0.002","8.2","<0.2","33.9","3.7","0.46","3.5","20.5","0.06","0.13","0.15","0.03","0.2","0.002","0.6"
"Mirs Bay","MM3","2024-02-23","1","Middle Water","2.6","0.012","0.9","99","7.3","<1","<1","0.011","<0.002","<0.002","8.2","<0.2","33.9","3.7","0.43","1.2","20.4","0.03","0.15","0.16","0.04","0.1","<0.001","<0.5"
"Mirs Bay","MM3","2024-02-23","1","Bottom Water","2.5","0.014","0.5","97","7.2","<1","<1","0.009","<0.002","<0.002","8.2","<0.2","33.9","3.7","0.42","1.8","20.2","0.03","0.21","0.22","0.04","0.4","<0.001","<0.5"
"Mirs Bay","MM3","2024-03-22","1","Surface Water","0.8","0.022","0.7","97","7.2","<1","<1","0.008","<0.002","<0.002","8","0.5","34.1","2.4","0.34","3.6","19.9","0.03","0.09","0.1","0.07","1.4","<0.001","1"
"Mirs Bay","MM3","2024-03-22","1","Middle Water","0.7","0.021","1.8","98","7.3","<1","<1","0.008","<0.002","<0.002","8","<0.2","34.2","2.4","0.35","3","19.6","0.03","0.13","0.14","0.06","1.4","<0.001","0.6"
"Mirs Bay","MM3","2024-03-22","1","Bottom Water","0.5","0.019","0.7","97","7.3","<1","<1","0.008","<0.002","<0.002","8","<0.2","34.2","2.4","0.38","2.4","19.5","0.03","0.07","0.08","0.07","1","<0.001","<0.5"
"Mirs Bay","MM3","2024-04-25","1","Surface Water","0.4","0.02","1.1","92","6.3","90","170","0.065","<0.002","<0.002","8.3","<0.2","31.8","3.1","0.27","2","25.1","0.09","0.17","0.24","0.05","0.5","0.002","0.7"
"Mirs Bay","MM3","2024-04-25","1","Middle Water","0.3","0.015","0.7","82","5.6","6","18","0.043","<0.002","<0.002","8.3","<0.2","32.6","3.1","0.24","1.7","25.1","0.06","0.15","0.2","0.06","0.4","0.001","0.9"
"Mirs Bay","MM3","2024-04-25","1","Bottom Water","<0.1","0.021","<0.2","88","6","10","26","0.028","<0.002","<0.002","8.3","<0.2","33.7","3.1","0.4","2","25.1","0.05","0.2","0.23","0.07","3.6","0.002","1"
"Mirs Bay","MM3","2024-05-13","1","Surface Water","0.6","0.02","3.1","86","5.7","<1","<1","0.021","<0.002","<0.002","8.3","0.4","30.9","2.7","<0.05","1.2","27.1","0.04","0.13","0.15","0.05","1.1","0.002","0.9"
"Mirs Bay","MM3","2024-05-13","1","Middle Water","0.9","0.01","3.4","109","7.4","<1","<1","0.023","<0.002","<0.002","8.2","1.2","31.2","2.7","<0.05","2.1","26.3","0.04","0.14","0.17","0.05","1.9","<0.001","1.2"
"Mirs Bay","MM3","2024-05-13","1","Bottom Water","1.7","0.015","4.3","83","5.6","<1","<1","0.031","<0.002","<0.002","8.1","1.7","32","2.7","0.08","1.2","25.4","0.05","0.15","0.18","0.05","3.2","<0.001","0.9"
"Mirs Bay","MM3","2024-06-14","1","Surface Water","0.7","0.029","1","76","5.1","70","270","0.036","0.003","<0.002","8.1","<0.2","28.2","2.6","0.95","2.1","27.8","0.07","0.13","0.17","0.04","4.8","0.002","<0.5"
"Mirs Bay","MM3","2024-06-14","1","Middle Water","0.6","0.031","1.3","67","4.5","80","120","0.037","0.016","<0.002","8","<0.2","29.3","2.6","0.88","1.6","27.2","0.08","0.17","0.22","0.04","4.5","0.002","<0.5"
"Mirs Bay","MM3","2024-06-14","1","Bottom Water","0.5","0.024","1","55","3.7","57","80","0.033","0.029","0.004","7.9","<0.2","29.2","2.6","0.86","2.8","27.2","0.09","0.09","0.15","0.04","4.4","0.001","<0.5"
"Mirs Bay","MM3","2024-07-18","1","Surface Water","1.1","0.009","4.4","97","6.3","<1","2","0.24","0.003","0.008","8.5","1.5","25.2","1.8","0.37","5.5","30.9","0.25","0.29","0.53","0.03","1.5","0.002","2"
"Mirs Bay","MM3","2024-07-18","1","Middle Water","1.1","0.015","5","93","6.1","2","4","0.23","0.003","0.007","8.3","1.9","25.7","1.8","0.44","6.9","30.4","0.25","0.33","0.56","0.05","2.2","0.002","2.3"
"Mirs Bay","MM3","2024-07-18","1","Bottom Water","0.6","0.017","4.3","87","5.9","2","2","0.19","0.013","<0.002","7.8","0.8","28.2","1.8","0.9","3.4","27.3","0.22","0.2","0.4","0.04","2.5","<0.001","1.8"
"Mirs Bay","MM3","2024-08-15","1","Surface Water","0.8","0.009","4.7","95","6.3","<1","4","0.031","<0.002","0.005","8.3","0.9","32.5","2.1","0.25","1.7","27.3","0.04","0.2","0.23","0.1","1","<0.001","0.5"
"Mirs Bay","MM3","2024-08-15","1","Middle Water","0.5","0.01","3.3","75","5.2","3","5","0.052","0.005","0.012","8","1.2","34.7","2.1","0.7","2.4","23.6","0.07","0.23","0.29","0.12","1.3","<0.001","0.6"
"Mirs Bay","MM3","2024-08-15","1","Bottom Water","0.2","0.015","2.2","66","4.6","<1","<1","0.053","0.009","0.02","7.9","1.5","34.9","2.1","1.1","4.4","23.5","0.08","0.19","0.25","0.15","2.6","<0.001","1.4"
"Mirs Bay","MM3","2024-09-11","1","Surface Water","0.2","0.036","7.2","93","6","<1","<1","0.032","<0.002","<0.002","8.2","4.7","29.9","2","0.79","3.7","29.7","0.07","0.19","0.22","0.1","2.1","0.003","0.8"
"Mirs Bay","MM3","2024-09-11","1","Middle Water","0.4","0.042","2.3","78","5","2","3","0.042","<0.002","0.002","8.1","1.4","30.5","2","0.72","5.9","29.2","0.09","0.18","0.22","0.07","0.9","0.003","1.2"
"Mirs Bay","MM3","2024-09-11","1","Bottom Water","0.2","0.052","1.7","82","5.3","<1","2","0.038","<0.002","0.002","8","1.5","31.6","2","0.78","3","28.7","0.09","0.22","0.26","0.08","3.8","0.003","0.8"
"Mirs Bay","MM3","2024-10-23","1","Surface Water","<0.1","0.007","3.4","81","5.3","<1","1","0.033","<0.002","0.015","7.9","1.3","32.5","2","0.42","4.7","28.1","0.04","0.18","0.22","0.15","2.9","<0.001","1.4"
"Mirs Bay","MM3","2024-10-23","1","Middle Water","<0.1","0.01","2.5","77","5","<1","1","0.021","<0.002","0.014","7.9","1.9","32.4","2","0.44","6.3","28.2","0.03","0.15","0.17","0.12","2.4","<0.001","1.8"
"Mirs Bay","MM3","2024-10-23","1","Bottom Water","<0.1","0.005","2.4","76","5","<1","<1","0.054","0.004","0.011","7.8","1.6","32.5","2","0.44","6","28.2","0.06","0.13","0.19","0.12","2.7","<0.001","1.6"
"Mirs Bay","MM3","2024-11-21","1","Surface Water","0.1","0.03","1.1","113","7.9","41","90","0.04","0.013","0.01","7.9","0.7","32.3","2.1","0.63","7","24.2","0.08","0.11","0.16","0.05","3.5","<0.001","1"
"Mirs Bay","MM3","2024-11-21","1","Middle Water","<0.1","0.032","1","67","4.7","27","90","0.037","0.014","0.012","7.9","<0.2","32.2","2.1","0.61","3.7","24.2","0.08","0.13","0.18","0.05","3.5","0.001","<0.5"
"Mirs Bay","MM3","2024-11-21","1","Bottom Water","0.5","0.031","0.8","81","5.6","42","110","0.036","0.014","0.013","7.9","<0.2","32.4","2.1","0.61","5.7","24.3","0.08","0.11","0.16","0.06","4.9","<0.001","0.9"
"Mirs Bay","MM3","2024-12-08","1","Surface Water","1","<0.005","3.5","92","6.7","<1","<1","0.021","<0.002","<0.002","7.8","1.1","32.3","1.5","0.17","4.5","21.7","0.03","0.14","0.16","0.04","4","<0.001","<0.5"
"Mirs Bay","MM3","2024-12-08","1","Middle Water","<0.1","<0.005","4.1","75","5.5","<1","<1","0.032","<0.002","<0.002","7.8","1.5","32","1.5","0.17","6.9","21.7","0.04","0.14","0.17","0.04","4.9","<0.001","1"
"Mirs Bay","MM3","2024-12-08","1","Bottom Water","1","0.008","3.2","73","5.4","<1","<1","0.024","<0.002","<0.002","7.8","2.6","32","1.5","0.22","11","21.4","0.03","0.17","0.2","0.05","2.6","<0.001","2.1"
"Mirs Bay","MM4","2024-01-10","1","Surface Water","3.1","0.015","0.7","93","7","<1","<1","0.007","<0.002","0.003","8.1","0.5","33.4","2.4","0.23","6.8","19.4","0.02","0.12","0.13","0.02","1.2","<0.001","0.9"
"Mirs Bay","MM4","2024-01-10","1","Middle Water","3.3","0.014","1","97","7.3","<1","<1","0.006","<0.002","<0.002","8.1","0.5","33.4","2.4","0.22","2.5","19.4","0.02","0.09","0.1","0.03","0.7","<0.001","0.6"
"Mirs Bay","MM4","2024-01-10","1","Bottom Water","0.8","0.013","0.8","97","7.3","<1","<1","0.008","<0.002","<0.002","8.1","<0.2","33.4","2.4","0.2","3.4","19.4","0.02","0.06","0.07","0.03","0.9","<0.001","<0.5"
"Mirs Bay","MM4","2024-02-23","1","Surface Water","3.3","0.025","0.9","84","6.2","<1","<1","0.012","<0.002","<0.002","8.2","<0.2","33.9","3.5","0.45","1.6","20.6","0.04","0.16","0.17","0.04","0.1","0.001","<0.5"
"Mirs Bay","MM4","2024-02-23","1","Middle Water","3.1","0.014","0.5","97","7.2","<1","<1","0.011","<0.002","<0.002","8.2","<0.2","34","3.5","0.4","2.5","20","0.03","0.18","0.19","0.04","0.1","<0.001","<0.5"
"Mirs Bay","MM4","2024-02-23","1","Bottom Water","1.2","0.011","0.9","89","6.8","<1","<1","0.009","<0.002","<0.002","8.2","0.5","34","3.5","0.43","1.8","18.7","0.02","0.16","0.17","0.04","0.3","<0.001","<0.5"
"Mirs Bay","MM4","2024-03-22","1","Surface Water","0.4","0.019","0.4","100","7.5","<1","<1","0.009","<0.002","<0.002","8","0.3","34.2","3.9","0.37","5.6","19.8","0.03","0.07","0.08","0.08","0.5","<0.001","2"
"Mirs Bay","MM4","2024-03-22","1","Middle Water","0.5","0.021","0.8","93","7","<1","<1","0.009","<0.002","<0.002","8","<0.2","34.2","3.9","0.38","4.6","19.4","0.03","0.06","0.07","0.06","0.8","<0.001","1.4"
"Mirs Bay","MM4","2024-03-22","1","Bottom Water","0.6","0.021","1.1","89","6.7","<1","<1","0.007","<0.002","<0.002","8","<0.2","34.2","3.9","0.41","4.5","19.2","0.03","0.1","0.11","0.08","2.5","<0.001","<0.5"
"Mirs Bay","MM4","2024-04-25","1","Surface Water","0.3","0.01","1.6","91","6.2","38","50","0.058","<0.002","<0.002","8.3","<0.2","32.6","3.6","0.28","1.7","25","0.07","0.21","0.27","0.07","0.6","<0.001","0.7"
"Mirs Bay","MM4","2024-04-25","1","Middle Water","<0.1","<0.005","0.9","96","6.5","<1","2","0.021","<0.002","<0.002","8.3","<0.2","33.3","3.6","0.27","3.5","25.1","0.03","0.16","0.18","0.06","0.3","<0.001","1.2"
"Mirs Bay","MM4","2024-04-25","1","Bottom Water","<0.1","0.035","0.8","81","5.5","1","16","0.024","<0.002","0.002","8.2","<0.2","33.9","3.6","0.63","3.6","24.6","0.06","0.25","0.28","0.08","2.7","0.002","1.4"
"Mirs Bay","MM4","2024-05-13","1","Surface Water","1.5","0.016","1.5","88","5.9","<1","<1","0.011","<0.002","<0.002","8.3","0.3","31.3","3.6","<0.05","2.6","26.6","0.03","0.14","0.15","0.05","0.4","0.001","1.3"
"Mirs Bay","MM4","2024-05-13","1","Middle Water","1.4","0.012","1.4","112","7.6","<1","<1","0.013","<0.002","<0.002","8.2","<0.2","31.5","3.6","<0.05","0.8","26","0.03","0.12","0.14","0.05","1.4","<0.001","<0.5"
"Mirs Bay","MM4","2024-05-13","1","Bottom Water","2.2","0.011","2.1","82","5.6","<1","<1","0.016","<0.002","<0.002","8.1","0.4","31.9","3.6","<0.05","1.6","25.4","0.03","0.14","0.16","0.05","2.5","<0.001","0.7"
"Mirs Bay","MM4","2024-06-14","1","Surface Water","0.5","0.025","1.1","97","6.5","2","10","0.021","0.004","<0.002","8.1","<0.2","29.9","2.8","0.58","0.9","27.2","0.05","0.1","0.13","0.04","5.4","0.002","<0.5"
"Mirs Bay","MM4","2024-06-14","1","Middle Water","0.4","0.015","1.2","66","4.4","1","8","0.02","<0.002","<0.002","8","<0.2","30.6","2.8","0.58","1.1","26.7","0.04","0.13","0.15","0.03","5.3","<0.001","<0.5"
"Mirs Bay","MM4","2024-06-14","1","Bottom Water","0.5","0.024","0.9","53","3.6","<1","2","0.021","0.008","<0.002","8","<0.2","30.6","2.8","0.63","4.2","26.7","0.05","0.13","0.16","0.06","5.7","0.001","1"
"Mirs Bay","MM4","2024-07-18","1","Surface Water","0.9","0.009","4.2","92","6","<1","2","0.2","<0.002","0.007","8.4","0.7","26.1","2.7","0.41","1.7","30.6","0.21","0.26","0.46","0.05","1.1","0.001","0.9"
"Mirs Bay","MM4","2024-07-18","1","Middle Water","1.1","0.032","4.1","86","5.6","<1","1","0.19","<0.002","0.006","8.3","1.3","26.6","2.7","0.44","5.2","30.2","0.22","0.33","0.52","0.06","1.8","0.003","1.7"
"Mirs Bay","MM4","2024-07-18","1","Bottom Water","0.1","0.02","1","78","5.4","<1","<1","0.13","0.02","<0.002","7.8","0.5","31.5","2.7","1.2","3","25.4","0.17","0.2","0.35","0.05","4.4","<0.001","0.8"
"Mirs Bay","MM4","2024-08-15","1","Surface Water","0.6","0.015","2.1","71","4.6","<1","<1","0.031","0.003","0.007","8.4","<0.2","32.1","2.9","0.14","1.9","28.1","0.05","0.26","0.29","0.1","1.3","0.002","0.7"
"Mirs Bay","MM4","2024-08-15","1","Middle Water","0.4","0.014","1.7","68","4.7","<1","<1","0.035","<0.002","0.007","8.1","0.4","34.6","2.9","0.43","3.6","23.8","0.05","0.17","0.21","0.11","0.3","<0.001","0.9"
"Mirs Bay","MM4","2024-08-15","1","Bottom Water","0.4","0.018","1.3","60","4.2","1","1","0.057","0.009","0.017","7.9","1.2","34.8","2.9","1.1","1.5","24.3","0.08","0.25","0.32","0.15","1.1","<0.001","0.6"
"Mirs Bay","MM4","2024-09-11","1","Surface Water","0.7","0.036","2.8","103","6.6","<1","1","0.042","<0.002","0.002","8.2","0.7","30.2","2.8","0.98","3.9","29.9","0.08","0.17","0.21","0.1","1.1","0.003","0.7"
"Mirs Bay","MM4","2024-09-11","1","Middle Water","0.5","0.039","1.5","92","5.9","<1","<1","0.042","<0.002","<0.002","8.1","<0.2","31.3","2.8","0.77","1.5","29","0.08","0.18","0.22","0.07","1.2","0.003","<0.5"
"Mirs Bay","MM4","2024-09-11","1","Bottom Water","<0.1","0.054","1.2","65","4.2","<1","<1","0.039","0.003","0.007","7.9","0.4","32","2.8","0.79","2.6","28.5","0.1","0.13","0.17","0.08","8.2","0.003","0.6"
"Mirs Bay","MM4","2024-10-23","1","Surface Water","<0.1","0.011","1.8","100","6.6","<1","2","0.027","<0.002","0.011","7.9","1.6","32.5","1.8","0.46","3.8","27.9","0.04","0.21","0.24","0.17","4.5","<0.001","0.8"
"Mirs Bay","MM4","2024-10-23","1","Middle Water","<0.1","<0.005","1.6","66","4.3","1","2","0.024","<0.002","0.011","7.9","0.9","32.4","1.8","0.43","5","27.9","0.03","0.14","0.17","0.11","2.7","<0.001","1.4"
"Mirs Bay","MM4","2024-10-23","1","Bottom Water","<0.1","0.007","2.5","73","4.8","<1","<1","0.024","<0.002","0.013","7.8","1.3","32.5","1.8","0.4","9","28.2","0.03","0.12","0.15","0.11","4.7","<0.001","3.2"
"Mirs Bay","MM4","2024-11-21","1","Surface Water","0.2","0.012","0.8","115","8.1","13","79","0.076","0.029","0.009","7.9","0.4","32.1","2","1.1","11","23.9","0.12","0.09","0.2","0.05","2.4","<0.001","1.1"
"Mirs Bay","MM4","2024-11-21","1","Middle Water","0.3","0.019","0.8","79","5.5","14","81","0.077","0.029","0.009","7.9","0.5","32.3","2","1.1","2","24.1","0.13","0.12","0.23","0.07","2.6","<0.001","<0.5"
"Mirs Bay","MM4","2024-11-21","1","Bottom Water","0.5","0.011","0.7","81","5.6","24","80","0.077","0.03","0.012","7.9","<0.2","32.4","2","1.1","3.5","24.3","0.12","0.06","0.17","0.1","2.4","<0.001","<0.5"
"Mirs Bay","MM4","2024-12-08","1","Surface Water","1.3","0.049","4.2","92","6.8","<1","2","0.032","<0.002","0.004","7.9","2.5","32.7","1.7","0.14","4.3","21","0.08","0.19","0.22","0.05","2.7","0.001","<0.5"
"Mirs Bay","MM4","2024-12-08","1","Middle Water","1.2","0.007","5.8","92","6.7","<1","<1","0.031","<0.002","<0.002","7.9","1.9","32.2","1.7","0.15","9.6","21.7","0.04","0.15","0.18","0.06","2.3","<0.001","2"
"Mirs Bay","MM4","2024-12-08","1","Bottom Water","1.3","0.006","5.5","90","6.6","<1","<1","0.028","<0.002","0.002","7.8","3.1","32.1","1.7","0.13","12","21.8","0.04","0.18","0.21","0.06","2.4","<0.001","2.4"
"Mirs Bay","MM5","2024-01-10","1","Surface Water","0.9","0.005","0.6","89","6.7","<1","<1","0.005","<0.002","<0.002","8.1","0.3","33.4","4","0.16","8.2","19.3","0.01","0.07","0.08","0.02","0.2","<0.001","1.2"
"Mirs Bay","MM5","2024-01-10","1","Middle Water","0.8","0.01","0.8","101","7.6","<1","<1","0.006","<0.002","<0.002","8.1","0.2","33.4","4","0.16","1.8","19.3","0.02","0.05","0.06","0.03","0.2","<0.001","1"
"Mirs Bay","MM5","2024-01-10","1","Bottom Water","0.7","0.011","0.7","93","7","<1","<1","0.006","<0.002","<0.002","8.1","<0.2","33.5","4","0.18","1.2","19.2","0.02","0.12","0.13","0.03","1.1","<0.001","<0.5"
"Mirs Bay","MM5","2024-02-23","1","Surface Water","0.7","0.017","0.9","95","7.1","<1","<1","0.015","<0.002","<0.002","8.2","<0.2","34","5","0.36","3.4","20.4","0.03","0.13","0.15","0.03","0.1","<0.001","0.7"
"Mirs Bay","MM5","2024-02-23","1","Middle Water","1.1","0.015","0.5","97","7.2","<1","<1","0.009","<0.002","0.004","8.2","<0.2","34","5","0.34","2.5","20.2","0.03","0.21","0.22","0.04","0.1","<0.001","<0.5"
"Mirs Bay","MM5","2024-02-23","1","Bottom Water","1.1","0.012","0.6","89","6.8","<1","<1","0.01","<0.002","<0.002","8.2","<0.2","34","5","0.38","6.8","18.7","0.02","0.19","0.2","0.04","0.4","<0.001","1.1"
"Mirs Bay","MM5","2024-03-22","1","Surface Water","0.4","0.02","1","100","7.5","<1","<1","0.008","<0.002","<0.002","8","<0.2","34.1","6.6","0.32","1.9","19.6","0.03","0.09","0.1","0.06","0.5","<0.001","<0.5"
"Mirs Bay","MM5","2024-03-22","1","Middle Water","0.4","0.019","0.5","96","7.2","<1","<1","0.008","<0.002","<0.002","8","0.4","34.2","6.6","0.32","2.8","19.5","0.03","0.21","0.22","0.07","0.6","<0.001","0.7"
"Mirs Bay","MM5","2024-03-22","1","Bottom Water","0.5","0.015","0.7","88","6.6","<1","<1","0.008","<0.002","<0.002","8","<0.2","34.2","6.6","0.36","9.1","19.2","0.03","0.25","0.26","0.09","2.3","<0.001","1.8"
"Mirs Bay","MM5","2024-04-25","1","Surface Water","0.4","0.036","0.5","101","7","1","2","0.057","<0.002","<0.002","8.2","<0.2","32.8","6.3","0.25","3","24.9","0.1","0.27","0.33","0.06","0.9","0.003","1.3"
"Mirs Bay","MM5","2024-04-25","1","Middle Water","0.1","0.009","0.3","96","6.6","<1","52","0.031","<0.002","<0.002","8.2","<0.2","33.3","6.3","0.25","3.2","25","0.04","0.16","0.19","0.06","0.3","<0.001","1.2"
"Mirs Bay","MM5","2024-04-25","1","Bottom Water","<0.1","0.023","0.8","86","5.9","<1","10","0.022","<0.002","<0.002","8.2","<0.2","33.9","6.3","0.51","1.8","24.5","0.05","0.18","0.2","0.09","3.8","0.001","0.9"
"Mirs Bay","MM5","2024-05-13","1","Surface Water","2","0.024","1.5","95","6.4","2","2","0.012","<0.002","<0.002","8.3","<0.2","31.3","4","<0.05","2.2","26.6","0.04","0.15","0.16","0.05","0.5","0.002","1"
"Mirs Bay","MM5","2024-05-13","1","Middle Water","2.3","0.016","1.7","109","7.4","<1","<1","0.013","<0.002","<0.002","8.2","<0.2","31.6","4","<0.05","1.6","26.2","0.03","0.11","0.13","0.05","0.5","0.001","0.8"
"Mirs Bay","MM5","2024-05-13","1","Bottom Water","2.3","0.02","2.3","87","6","<1","1","0.02","<0.002","<0.002","8.1","<0.2","31.9","4","0.17","1.3","25.4","0.04","0.17","0.19","0.05","1.8","0.001","0.8"
"Mirs Bay","MM5","2024-06-14","1","Surface Water","0.8","0.02","1.8","71","5","<1","8","0.032","<0.002","<0.002","8.1","<0.2","28.7","2.6","0.51","5.8","27.1","0.05","0.1","0.13","0.04","4.6","0.001","2.9"
"Mirs Bay","MM5","2024-06-14","1","Middle Water","0.5","0.026","1.4","57","3.9","<1","7","0.016","0.003","<0.002","8","<0.2","28.9","2.6","0.52","3.2","27.1","0.05","0.11","0.13","0.04","4.5","0.001","1.2"
"Mirs Bay","MM5","2024-06-14","1","Bottom Water","0.6","0.022","1.6","50","3.4","<1","1","0.014","0.003","<0.002","8","<0.2","29.3","2.6","0.51","1.8","26.6","0.04","0.14","0.16","0.06","4.7","0.001","0.6"
"Mirs Bay","MM5","2024-07-18","1","Surface Water","0.9","0.014","3.7","76","4.9","<1","2","0.2","<0.002","0.004","8.4","0.7","26.3","2.5","0.42","1.4","30.4","0.22","0.29","0.49","0.37","0.9","0.002","0.6"
"Mirs Bay","MM5","2024-07-18","1","Middle Water","1","0.018","3.3","77","5","<1","<1","0.18","0.004","<0.002","8.1","0.7","26.5","2.5","0.53","3.4","30.2","0.2","0.24","0.42","0.03","0.6","0.002","1.3"
"Mirs Bay","MM5","2024-07-18","1","Bottom Water","<0.1","0.013","1.4","68","4.5","<1","<1","0.12","0.016","<0.002","7.7","<0.2","29.7","2.5","1.1","4.2","27.5","0.15","0.15","0.29","0.04","12.8","<0.001","1.4"
"Mirs Bay","MM5","2024-08-15","1","Surface Water","<0.1","0.007","1","92","6","<1","5","0.034","<0.002","0.003","8.3","<0.2","31.8","4.4","0.15","3.9","28.6","0.04","0.17","0.21","0.09","0.4","<0.001","0.8"
"Mirs Bay","MM5","2024-08-15","1","Middle Water","0.2","0.006","0.5","70","4.8","<1","2","0.031","0.006","0.004","8.1","0.2","34.2","4.4","0.43","3","25","0.04","0.12","0.16","0.11","0.2","<0.001","0.7"
"Mirs Bay","MM5","2024-08-15","1","Bottom Water","0.4","<0.005","0.8","64","4.4","1","3","0.04","0.005","0.006","8","<0.2","34.6","4.4","0.52","1.7","24.2","0.05","0.19","0.24","0.14","2","<0.001","<0.5"
"Mirs Bay","MM5","2024-09-11","1","Surface Water","0.6","0.042","2.1","96","6.2","<1","<1","0.036","<0.002","0.002","8.2","1.1","30.2","2.8","0.7","2.3","30","0.08","0.19","0.23","0.11","0.8","0.004","1.3"
"Mirs Bay","MM5","2024-09-11","1","Middle Water","1.1","0.05","3.3","67","4.3","<1","<1","0.028","<0.002","<0.002","8.1","0.3","30.4","2.8","0.75","1.4","29.5","0.08","0.14","0.17","0.06","0.5","0.003","<0.5"
"Mirs Bay","MM5","2024-09-11","1","Bottom Water","<0.1","0.042","1.5","80","5.2","<1","<1","0.03","<0.002","<0.002","7.9","0.6","32","2.8","0.59","1","28.6","0.07","0.16","0.19","0.07","3.2","0.002","<0.5"
"Mirs Bay","MM5","2024-10-23","1","Surface Water","<0.1","0.007","1.5","81","5.3","<1","6","0.026","<0.002","0.01","7.8","1.4","32.4","2","0.38","5.2","27.9","0.04","0.16","0.19","0.16","3.4","<0.001","1.3"
"Mirs Bay","MM5","2024-10-23","1","Middle Water","<0.1","0.006","1.4","75","4.9","<1","<1","0.022","<0.002","0.01","7.8","0.9","32.4","2","0.4","4.6","28.1","0.03","0.12","0.14","0.11","3.9","<0.001","1.2"
"Mirs Bay","MM5","2024-10-23","1","Bottom Water","<0.1","0.007","2.2","73","4.8","2","4","0.025","<0.002","0.012","7.8","1","32.5","2","0.44","5.4","28.2","0.03","0.14","0.17","0.12","7.3","<0.001","1.2"
"Mirs Bay","MM5","2024-11-21","1","Surface Water","0.6","0.021","0.4","94","6.6","5","11","0.083","0.023","0.009","7.9","<0.2","32.5","2.2","1.1","9.3","24.2","0.13","0.11","0.22","0.05","4.1","<0.001","1.1"
"Mirs Bay","MM5","2024-11-21","1","Middle Water","<0.1","0.012","1","83","5.8","<1","<1","0.081","0.023","0.009","7.8","0.4","32.5","2.2","1","4.1","24.3","0.12","0.14","0.24","0.05","4.9","<0.001","<0.5"
"Mirs Bay","MM5","2024-11-21","1","Bottom Water","0.3","0.007","0.8","79","5.5","1","4","0.077","0.021","0.011","7.8","0.6","32.5","2.2","1.1","6","24.3","0.11","0.09","0.19","0.06","5.6","<0.001","0.6"
"Mirs Bay","MM5","2024-12-08","1","Surface Water","1.3","0.017","8.8","96","7.1","<1","<1","0.042","<0.002","<0.002","7.8","2","32.5","1.6","0.25","3.7","20.9","0.06","0.13","0.17","0.05","3","<0.001","0.7"
"Mirs Bay","MM5","2024-12-08","1","Middle Water","1.3","0.01","11","79","5.8","<1","<1","0.033","<0.002","0.003","7.8","2.3","32","1.6","0.25","5.4","21.5","0.05","0.19","0.23","0.06","4","<0.001","1.4"
"Mirs Bay","MM5","2024-12-08","1","Bottom Water","1.4","0.016","8.6","78","5.7","<1","<1","0.032","<0.002","0.002","7.8","5.9","32.1","1.6","0.27","11","21.8","0.05","0.18","0.21","0.13","4.2","<0.001","2.8"
"Mirs Bay","MM6","2024-01-10","1","Surface Water","1","0.012","1","86","6.5","<1","<1","0.007","<0.002","<0.002","8","0.5","33.3","3.1","0.15","6.2","19.3","0.02","0.08","0.09","0.02","0.3","<0.001","1.4"
"Mirs Bay","MM6","2024-01-10","1","Middle Water","1","0.017","1.3","100","7.5","<1","<1","0.018","<0.002","<0.002","8","0.3","33.3","3.1","0.14","2.5","19.3","0.04","0.07","0.09","0.03","0.4","<0.001","0.8"
"Mirs Bay","MM6","2024-01-10","1","Bottom Water","1","0.014","1.4","98","7.4","<1","1","0.007","<0.002","<0.002","8","<0.2","33.4","3.1","0.16","1.2","19.2","0.02","0.09","0.1","0.03","0.6","<0.001","<0.5"
"Mirs Bay","MM6","2024-02-23","1","Surface Water","1.4","0.009","1","81","6.1","2","7","0.01","<0.002","<0.002","8.1","<0.2","33.8","3.8","0.51","1.8","19.7","0.02","0.15","0.16","0.03","0.1","<0.001","<0.5"
"Mirs Bay","MM6","2024-02-23","1","Middle Water","1.5","0.011","0.9","93","7","<1","<1","0.014","<0.002","<0.002","8.1","<0.2","33.9","3.8","0.56","2.1","19.4","0.03","0.16","0.18","0.04","0.2","<0.001","<0.5"
"Mirs Bay","MM6","2024-02-23","1","Bottom Water","2.2","0.023","0.9","89","6.8","1","1","0.012","<0.002","<0.002","8.1","<0.2","33.9","3.8","0.52","1.6","19","0.04","0.19","0.2","0.04","0.3","<0.001","<0.5"
"Mirs Bay","MM6","2024-03-22","1","Surface Water","0.3","0.027","1","90","6.7","<1","<1","0.009","<0.002","<0.002","7.9","0.3","34.1","3.4","0.38","4.8","19.9","0.04","0.15","0.16","0.05","0.7","<0.001","0.8"
"Mirs Bay","MM6","2024-03-22","1","Middle Water","0.3","0.017","1.4","96","7.2","<1","<1","0.014","<0.002","<0.002","7.9","0.3","34.2","3.4","0.38","3","19.6","0.03","0.13","0.15","0.08","1.1","<0.001","0.6"
"Mirs Bay","MM6","2024-03-22","1","Bottom Water","0.5","0.014","1.1","89","6.7","<1","<1","0.008","<0.002","<0.002","7.9","<0.2","34.2","3.4","0.41","3.3","19.3","0.02","0.11","0.12","0.09","1.6","<0.001","0.6"
"Mirs Bay","MM6","2024-04-25","1","Surface Water","0.3","0.15","1.7","110","7.6","14","35","0.051","<0.002","<0.002","8.2","<0.2","31.7","3.6","0.53","4.2","24.9","0.2","0.18","0.23","0.06","0.8","0.009","1.2"
"Mirs Bay","MM6","2024-04-25","1","Middle Water","0.1","0.015","0.5","81","5.6","1","5","0.027","<0.002","<0.002","8.2","<0.2","33.2","3.6","0.46","2.8","24.9","0.04","0.23","0.26","0.06","0.8","<0.001","1.1"
"Mirs Bay","MM6","2024-04-25","1","Bottom Water","<0.1","0.021","0.5","87","5.9","1","29","0.026","<0.002","<0.002","8.1","<0.2","33.5","3.6","0.43","0.7","24.8","0.05","0.21","0.24","0.07","1.3","0.001","<0.5"
"Mirs Bay","MM6","2024-05-13","1","Surface Water","2.7","0.013","3.5","101","6.9","<1","<1","0.051","<0.002","<0.002","8.1","<0.2","30.4","3.5","<0.05","1.3","26.5","0.07","0.15","0.2","0.06","0.6","<0.001","0.7"
"Mirs Bay","MM6","2024-05-13","1","Middle Water","3.5","0.05","2.8","92","6.2","<1","1","0.049","<0.002","<0.002","8.2","0.2","30.8","3.5","0.06","1.4","26.4","0.1","0.14","0.19","0.05","0.7","0.003","1"
"Mirs Bay","MM6","2024-05-13","1","Bottom Water","3.4","0.018","3.5","112","7.6","<1","<1","0.037","<0.002","<0.002","8.2","<0.2","31.3","3.5","0.06","1.4","26.1","0.06","0.2","0.24","0.05","0.6","0.001","0.9"
"Mirs Bay","MM6","2024-06-14","1","Surface Water","0.5","0.02","2.4","91","6.1","1","28","0.023","<0.002","<0.002","8.1","<0.2","29.5","2.2","0.59","2.8","27.3","0.05","0.11","0.14","0.04","5.5","0.001","1"
"Mirs Bay","MM6","2024-06-14","1","Middle Water","0.6","0.028","1.5","66","4.5","2","12","0.016","0.002","<0.002","8.1","<0.2","29.5","2.2","0.57","6.4","27.2","0.05","0.16","0.18","0.05","5.3","0.002","2.4"
"Mirs Bay","MM6","2024-06-14","1","Bottom Water","0.5","0.024","1.9","57","3.8","1","24","0.018","0.014","0.003","7.9","<0.2","29.5","2.2","0.59","1.3","27","0.06","0.13","0.16","0.05","5.4","0.001","<0.5"
"Mirs Bay","MM6","2024-07-18","1","Surface Water","0.7","0.025","4.3","97","6.3","<1","<1","0.13","<0.002","<0.002","8.3","1","26.5","2.3","0.53","2.9","30.6","0.16","0.25","0.38","0.05","1.3","0.003","0.7"
"Mirs Bay","MM6","2024-07-18","1","Middle Water","1.2","0.017","4.4","96","6.2","1","2","0.14","<0.002","<0.002","8.3","1.3","26.9","2.3","0.52","2.1","30.5","0.16","0.27","0.41","0.03","1.2","0.002","0.8"
"Mirs Bay","MM6","2024-07-18","1","Bottom Water","0.5","0.065","2.2","88","5.7","<1","1","0.093","0.002","<0.002","8","0.5","27.5","2.3","0.49","2.8","30.3","0.16","0.25","0.35","0.06","2.1","0.004","1.3"
"Mirs Bay","MM6","2024-08-15","1","Surface Water","0.2","<0.005","1","108","7.2","1","14","0.031","0.004","0.003","8.1","0.4","32.2","2.8","0.56","1.3","27","0.04","0.2","0.24","0.08","0.5","<0.001","<0.5"
"Mirs Bay","MM6","2024-08-15","1","Middle Water","0.6","<0.005","2.3","73","5","<1","3","0.03","<0.002","0.005","7.9","0.6","34","2.8","0.25","1.4","24.7","0.04","0.18","0.21","0.11","1.2","<0.001","<0.5"
"Mirs Bay","MM6","2024-08-15","1","Bottom Water","0.3","<0.005","6.3","64","4.4","<1","2","0.087","0.004","0.019","7.8","2.5","35","2.8","0.67","2.2","23.5","0.1","0.24","0.33","0.17","2","<0.001","0.8"
"Mirs Bay","MM6","2024-09-11","1","Surface Water","3.8","0.012","3.2","99","6.4","<1","<1","0.033","<0.002","0.003","8.1","<0.2","30.1","2.6","0.83","2.1","30.1","0.05","0.13","0.17","0.1","0.1","<0.001","0.6"
"Mirs Bay","MM6","2024-09-11","1","Middle Water","0.3","0.04","2.6","93","6","<1","1","0.029","<0.002","<0.002","8","0.5","30.8","2.6","0.64","4.4","29.5","0.07","0.14","0.17","0.07","0.6","0.002","0.8"
"Mirs Bay","MM6","2024-09-11","1","Bottom Water","<0.1","0.038","2.7","82","5.3","<1","<1","0.036","<0.002","0.002","7.9","<0.2","30.9","2.6","0.7","0.9","29.4","0.08","0.14","0.18","0.07","1.5","0.002","<0.5"
"Mirs Bay","MM6","2024-10-23","1","Surface Water","0.2","<0.005","2.3","78","5.1","<1","<1","0.027","<0.002","0.012","7.7","1.2","32.4","2.2","0.51","4.8","27.7","0.03","0.18","0.21","0.17","2.8","<0.001","1.2"
"Mirs Bay","MM6","2024-10-23","1","Middle Water","<0.1","<0.005","1.8","71","4.6","<1","1","0.023","<0.002","0.015","7.7","1.7","32.4","2.2","0.54","5.4","27.9","0.03","0.13","0.16","0.12","2.8","<0.001","1.3"
"Mirs Bay","MM6","2024-10-23","1","Bottom Water","<0.1","<0.005","2.1","74","4.9","<1","<1","0.021","<0.002","0.011","7.7","1.7","32.4","2.2","0.49","7.2","28","0.03","0.17","0.19","0.13","3.4","<0.001","1.4"
"Mirs Bay","MM6","2024-11-21","1","Surface Water","0.5","0.033","1.3","109","7.6","10","67","0.051","0.011","0.009","7.7","0.9","32.3","1.9","0.84","12","23.9","0.1","0.11","0.17","0.07","4.2","<0.001","1.5"
"Mirs Bay","MM6","2024-11-21","1","Middle Water","0.3","0.027","1.1","76","5.3","1","9","0.052","0.011","0.01","7.8","1","32.2","1.9","0.82","5","23.7","0.09","0.1","0.16","0.05","4.9","<0.001","0.6"
"Mirs Bay","MM6","2024-11-21","1","Bottom Water","0.5","0.021","1.2","73","5.1","<1","5","0.049","0.012","0.01","7.8","0.9","32.3","1.9","0.84","9.4","23.9","0.08","0.13","0.19","0.08","5.7","<0.001","1"
"Mirs Bay","MM6","2024-12-08","1","Surface Water","1.2","<0.005","5.6","113","8.4","<1","260","0.028","<0.002","<0.002","7.6","1.7","29.7","1.7","0.11","5.5","21.2","0.04","0.18","0.21","0.05","4.2","<0.001","1"
"Mirs Bay","MM6","2024-12-08","1","Middle Water","1.2","0.011","6.5","96","7","<1","<1","0.036","<0.002","0.003","7.7","2.6","32.2","1.7","0.21","7.4","21.5","0.05","0.19","0.23","0.05","5.6","<0.001","1.8"
"Mirs Bay","MM6","2024-12-08","1","Bottom Water","1.2","<0.005","5.8","80","5.9","<1","<1","0.028","<0.002","<0.002","7.7","3.3","32.1","1.7","0.11","10","21.4","0.04","0.15","0.18","0.06","4.8","<0.001","2"
"Mirs Bay","MM7","2024-01-10","1","Surface Water","1","0.015","0.9","88","6.6","<1","<1","0.005","<0.002","<0.002","8.1","0.8","33.3","2.8","0.17","1.9","19.7","0.02","0.09","0.1","0.02","0.4","<0.001","<0.5"
"Mirs Bay","MM7","2024-01-10","1","Middle Water","1","0.013","1.1","103","7.8","<1","<1","0.005","<0.002","<0.002","8.1","0.3","33.3","2.8","0.14","2.4","19.6","0.02","0.07","0.08","0.03","0.5","<0.001","1"
"Mirs Bay","MM7","2024-01-10","1","Bottom Water","1.3","0.013","1.2","88","6.7","<1","<1","0.005","<0.002","<0.002","8.1","<0.2","33.3","2.8","0.17","1.5","19.4","0.02","0.07","0.08","0.03","1","<0.001","<0.5"
"Mirs Bay","MM7","2024-02-23","1","Surface Water","1.8","0.008","1.9","102","7.5","<1","<1","0.01","<0.002","<0.002","8.2","0.4","33.8","3.1","0.35","2","20.7","0.02","0.17","0.18","0.03","0.2","<0.001","<0.5"
"Mirs Bay","MM7","2024-02-23","1","Middle Water","1.6","0.013","1.8","98","7.3","<1","<1","0.01","<0.002","<0.002","8.2","<0.2","33.8","3.1","0.41","0.9","20.1","0.03","0.17","0.18","0.03","0.3","<0.001","<0.5"
"Mirs Bay","MM7","2024-02-23","1","Bottom Water","2.2","0.012","2.1","92","7","<1","<1","0.009","<0.002","<0.002","8.2","0.3","33.8","3.1","0.42","0.6","19.3","0.02","0.2","0.21","0.04","0.4","<0.001","<0.5"
"Mirs Bay","MM7","2024-03-22","1","Surface Water","0.7","0.017","1.7","106","7.8","<1","<1","0.007","<0.002","<0.002","8","0.6","34","2.1","0.25","5.3","20.6","0.03","0.18","0.19","0.11","0.9","<0.001","1.2"
"Mirs Bay","MM7","2024-03-22","1","Middle Water","0.6","0.017","2.1","103","7.7","<1","<1","0.008","<0.002","<0.002","8","0.2","34.1","2.1","0.31","3.4","19.7","0.03","0.12","0.13","0.07","1.3","<0.001","1"
"Mirs Bay","MM7","2024-03-22","1","Bottom Water","0.7","0.014","2.9","92","6.9","<1","<1","0.007","<0.002","<0.002","8","<0.2","34.1","2.1","0.33","7.3","19.4","0.02","0.22","0.23","0.09","2.5","<0.001","1.6"
"Mirs Bay","MM7","2024-04-25","1","Surface Water","0.7","0.023","3.4","99","6.8","20","60","0.071","<0.002","<0.002","8.2","0.2","31.7","3.2","0.29","1.5","25.3","0.1","0.23","0.3","0.05","0.8","0.002","0.7"
"Mirs Bay","MM7","2024-04-25","1","Middle Water","<0.1","0.019","0.8","88","6","1","19","0.034","<0.002","<0.002","8.2","<0.2","33.2","3.2","0.32","2.3","25.4","0.06","0.21","0.25","0.08","1.2","0.001","1.1"
"Mirs Bay","MM7","2024-04-25","1","Bottom Water","<0.1","0.034","1.2","85","5.8","<1","4","0.024","<0.002","<0.002","8.2","<0.2","33.8","3.2","0.33","2.4","25.5","0.06","0.2","0.23","0.07","1.9","0.002","2"
"Mirs Bay","MM7","2024-05-13","1","Surface Water","3.2","0.01","3.4","87","5.8","<1","<1","0.05","<0.002","<0.002","8.2","0.4","30.7","3","0.14","2","27.2","0.06","0.19","0.24","0.06","0.7","<0.001","0.8"
"Mirs Bay","MM7","2024-05-13","1","Middle Water","2.6","0.023","4","92","6.2","<1","<1","0.041","<0.002","<0.002","8.2","0.3","31","3","0.1","1.3","26.5","0.07","0.15","0.19","0.05","1.2","0.002","1"
"Mirs Bay","MM7","2024-05-13","1","Bottom Water","2.9","0.013","6.1","87","5.9","<1","<1","0.038","<0.002","<0.002","8.1","1","31.7","3","0.21","3.2","25.6","0.05","0.16","0.2","0.05","1.9","<0.001","2.1"
"Mirs Bay","MM7","2024-06-14","1","Surface Water","1","0.028","3.1","85","5.7","1","7","0.029","<0.002","<0.002","8.2","0.5","27.6","2.6","0.23","2.6","27.8","0.06","0.18","0.21","0.05","4.6","0.002","0.8"
"Mirs Bay","MM7","2024-06-14","1","Middle Water","0.9","0.029","3.3","76","5.1","2","4","0.022","0.004","<0.002","8.1","0.2","29.8","2.6","0.33","1","27.1","0.06","0.12","0.15","0.04","4.6","0.002","0.6"
"Mirs Bay","MM7","2024-06-14","1","Bottom Water","0.6","0.037","1.3","60","4.1","1","7","0.037","0.029","<0.002","7.9","0.3","30.3","2.6","0.75","1.4","26.7","0.1","0.15","0.22","0.06","4.5","0.001","<0.5"
"Mirs Bay","MM7","2024-07-18","1","Surface Water","1.4","0.012","6","99","6.4","<1","1","0.17","<0.002","<0.002","8.5","1.4","26","1.9","0.38","1.6","31","0.18","0.33","0.5","0.05","1.7","0.002","1.4"
"Mirs Bay","MM7","2024-07-18","1","Middle Water","1.2","0.048","4.9","76","4.9","<1","<1","0.17","<0.002","0.003","8.4","0.8","26","1.9","0.39","5.9","30.9","0.22","0.29","0.46","0.04","1.9","0.007","1.9"
"Mirs Bay","MM7","2024-07-18","1","Bottom Water","0.9","0.062","3.4","76","4.9","<1","1","0.099","0.002","<0.002","7.8","0.6","26","1.9","0.52","5.6","30.8","0.16","0.25","0.35","0.03","3.5","0.003","2"
"Mirs Bay","MM7","2024-08-15","1","Surface Water","0.7","<0.005","1.5","92","6.1","<1","7","0.036","<0.002","0.004","8.3","0.5","32.2","2.7","0.14","4.4","27.6","0.04","0.18","0.22","0.1","0.9","<0.001","1"
"Mirs Bay","MM7","2024-08-15","1","Middle Water","1.1","0.005","4.5","80","5.5","<1","<1","0.033","<0.002","0.004","8","1.6","34.2","2.7","0.23","4.6","24.1","0.04","0.21","0.25","0.11","2.3","<0.001","1.4"
"Mirs Bay","MM7","2024-08-15","1","Bottom Water","0.5","0.024","4","66","4.6","<1","2","0.075","0.006","0.03","7.8","1.2","34.7","2.7","1.5","1.5","23.7","0.11","0.36","0.44","0.19","5.1","<0.001","0.8"
"Mirs Bay","MM7","2024-09-11","1","Surface Water","<0.1","0.014","2.1","75","4.8","<1","<1","0.039","<0.002","<0.002","8.2","0.3","29.4","2.4","0.68","6.2","30.4","0.06","0.15","0.19","0.05","0.8","0.001","1.2"
"Mirs Bay","MM7","2024-09-11","1","Middle Water","<0.1","0.053","2.8","81","5.2","<1","<1","0.039","<0.002","<0.002","8.1","0.7","30.5","2.4","0.74","5","29.5","0.09","0.15","0.19","0.07","1.4","0.004","1.4"
"Mirs Bay","MM7","2024-09-11","1","Bottom Water","<0.1","0.052","1.7","95","6.2","<1","1","0.036","<0.002","0.003","8","0.2","31.3","2.4","0.71","2.9","28.8","0.09","0.16","0.2","0.08","3.7","0.003","1"
"Mirs Bay","MM7","2024-10-23","1","Surface Water","0.3","0.005","2.1","93","6","<1","1","0.024","<0.002","0.014","7.8","1.2","32.3","2.2","0.51","3.4","28.2","0.03","0.2","0.23","0.17","1.1","<0.001","1.2"
"Mirs Bay","MM7","2024-10-23","1","Middle Water","0.6","0.006","1.8","73","4.8","<1","<1","0.026","<0.002","0.012","7.8","1.3","32.3","2.2","0.53","7.2","28.3","0.03","0.17","0.2","0.13","1.2","<0.001","4.2"
"Mirs Bay","MM7","2024-10-23","1","Bottom Water","0.3","0.01","1.8","59","3.9","<1","1","0.024","<0.002","0.01","7.8","1.2","32.1","2.2","0.55","4.3","28.1","0.04","0.18","0.21","0.13","2.6","<0.001","1"
"Mirs Bay","MM7","2024-11-21","1","Surface Water","0.6","0.03","2.1","103","7.2","<1","3","0.03","0.004","0.009","7.7","1","32.2","2.5","0.53","7.8","24.1","0.06","0.14","0.17","0.05","2","<0.001","0.9"
"Mirs Bay","MM7","2024-11-21","1","Middle Water","0.6","0.036","2","75","5.3","<1","2","0.03","0.003","0.008","7.8","0.8","32.1","2.5","0.53","3.2","24.2","0.07","0.18","0.21","0.05","2.2","<0.001","0.6"
"Mirs Bay","MM7","2024-11-21","1","Bottom Water","0.5","0.032","1.4","60","4.2","<1","2","0.029","0.003","0.004","7.8","1.1","32","2.5","0.54","4.2","24.1","0.06","0.1","0.13","0.08","3.7","<0.001","<0.5"
"Mirs Bay","MM7","2024-12-08","1","Surface Water","1.1","<0.005","2.6","92","6.7","<1","1","0.03","<0.002","<0.002","7.8","1.8","32.3","1.6","0.17","5.3","21.6","0.04","0.15","0.18","0.04","3.3","<0.001","1"
"Mirs Bay","MM7","2024-12-08","1","Middle Water","0.9","0.01","2.1","84","6.1","<1","<1","0.03","<0.002","0.003","7.8","1.9","32.1","1.6","0.21","4.1","21.9","0.04","0.19","0.22","0.06","2.6","<0.001","1"
"Mirs Bay","MM7","2024-12-08","1","Bottom Water","1","0.011","2.8","67","4.9","<1","<1","0.033","<0.002","<0.002","7.8","1.9","32.4","1.6","0.22","7.3","21.6","0.05","0.11","0.15","0.05","2.6","<0.001","1.4"
"Mirs Bay","MM8","2024-01-19","1","Surface Water","<0.1","<0.005","0.9","96","6.9","<1","1","0.01","<0.002","<0.002","8.2","<0.2","34.3","2.5","0.14","2.6","21.5","0.02","<0.05","0.06","0.05","0.7","<0.001","1"
"Mirs Bay","MM8","2024-01-19","1","Middle Water","<0.1","<0.005","0.8","95","6.9","<1","<1","0.01","<0.002","<0.002","8.1","<0.2","34.3","2.5","0.14","4.8","21.3","0.02","0.07","0.08","0.03","0.9","<0.001","0.9"
"Mirs Bay","MM8","2024-01-19","1","Bottom Water","<0.1","<0.005","0.9","90","6.6","<1","<1","0.011","<0.002","<0.002","8.1","<0.2","34.1","2.5","0.14","3.2","20.4","0.02","0.09","0.1","<0.02","6.3","<0.001","0.9"
"Mirs Bay","MM8","2024-02-15","1","Surface Water","1.2","0.06","1.3","84","6.3","<1","<1","0.022","<0.002","0.011","8.2","0.4","34.2","3.5","0.59","1.7","19.7","0.08","0.35","0.37","0.05","0.3","0.003","0.9"
"Mirs Bay","MM8","2024-02-15","1","Middle Water","0.6","0.028","1.3","92","7.1","<1","<1","0.019","<0.002","0.004","8.2","<0.2","34","3.5","0.56","2.2","18.5","0.05","0.29","0.31","0.03","0.2","0.001","0.8"
"Mirs Bay","MM8","2024-02-15","1","Bottom Water","0.5","0.028","0.6","92","7","<1","<1","0.017","<0.002","0.006","8.2","<0.2","34","3.5","0.62","0.8","18.4","0.05","0.22","0.24","0.04","0.8","0.001","0.6"
"Mirs Bay","MM8","2024-03-18","1","Surface Water","<0.1","0.014","0.5","109","7.9","<1","2","0.011","<0.002","<0.002","8.1","<0.2","34.4","5.9","0.28","0.7","20.9","0.03","0.07","0.08","0.03","1.4","<0.001","<0.5"
"Mirs Bay","MM8","2024-03-18","1","Middle Water","<0.1","0.013","<0.2","93","6.9","<1","<1","0.01","<0.002","<0.002","8","<0.2","34.4","5.9","0.27","3.3","20.4","0.03","0.05","0.06","0.03","0.5","<0.001","0.6"
"Mirs Bay","MM8","2024-03-18","1","Bottom Water","<0.1","0.011","<0.2","94","7","<1","<1","0.01","<0.002","<0.002","8","<0.2","34.4","5.9","0.26","3.6","20","0.02","0.12","0.13","0.03","1","<0.001","0.5"
"Mirs Bay","MM8","2024-04-08","1","Surface Water","0.3","0.009","0.3","93","6.5","1","5","0.038","<0.002","<0.002","8.2","<0.2","33.6","2.2","0.2","2.2","24.2","0.05","0.13","0.17","0.05","0.2","<0.001","1.6"
"Mirs Bay","MM8","2024-04-08","1","Middle Water","0.4","0.011","0.9","94","6.5","<1","2","0.028","<0.002","<0.002","8.2","<0.2","34.1","2.2","0.21","1.5","23.9","0.04","0.26","0.29","0.05","0.4","<0.001","0.8"
"Mirs Bay","MM8","2024-04-08","1","Bottom Water","0.2","0.007","0.6","92","6.5","<1","2","0.011","<0.002","<0.002","8.2","<0.2","34.1","2.2","0.22","1.7","23.1","0.02","0.14","0.15","0.05","1.8","<0.001","1.2"
"Mirs Bay","MM8","2024-05-24","1","Surface Water","0.2","0.026","1.1","90","6.2","<1","1","0.02","<0.002","<0.002","8.2","<0.2","31.9","4.7","0.29","2.2","25.4","0.05","0.14","0.16","0.05","0.5","0.002","1.4"
"Mirs Bay","MM8","2024-05-24","1","Middle Water","<0.1","0.013","0.5","82","5.6","<1","<1","0.014","<0.002","<0.002","8.2","<0.2","32.7","4.7","0.29","2.6","25.4","0.03","0.14","0.16","0.06","0.9","<0.001","1.1"
"Mirs Bay","MM8","2024-05-24","1","Bottom Water","<0.1","0.012","1.3","77","5.2","<1","3","0.014","<0.002","<0.002","8.1","<0.2","33.4","4.7","0.32","5.3","25.5","0.03","0.11","0.13","0.06","3.8","<0.001","1.9"
"Mirs Bay","MM8","2024-06-12","1","Surface Water","0.4","0.025","1.7","72","4.8","<1","5","0.081","0.01","0.008","8.1","<0.2","31.2","5.7","0.72","1.3","27.2","0.12","0.24","0.33","0.05","0.6","0.002","<0.5"
"Mirs Bay","MM8","2024-06-12","1","Middle Water","<0.1","0.022","1.6","70","4.7","1","1","0.075","0.007","<0.002","8.1","<0.2","32.7","5.7","0.7","1.6","26.4","0.1","0.21","0.29","0.05","1.5","0.001","<0.5"
"Mirs Bay","MM8","2024-06-12","1","Bottom Water","<0.1","0.017","1.1","87","5.7","2","4","0.043","0.005","<0.002","8.1","<0.2","33.6","5.7","0.5","1","26.8","0.07","0.12","0.17","0.04","3.7","<0.001","<0.5"
"Mirs Bay","MM8","2024-07-19","1","Surface Water","0.5","0.026","0.8","93","6","1","2","0.12","<0.002","<0.002","8.3","<0.2","28.7","2.2","0.53","3","30","0.15","0.24","0.36","0.05","0.1","0.003","1.4"
"Mirs Bay","MM8","2024-07-19","1","Middle Water","0.4","0.024","0.3","61","4","<1","1","0.11","<0.002","0.004","7.9","<0.2","29.3","2.2","0.5","7.8","29.6","0.14","0.23","0.34","0.03","2.3","0.001","7.8"
"Mirs Bay","MM8","2024-07-19","1","Bottom Water","<0.1","0.012","0.3","60","4.1","1","3","0.098","0.027","0.016","8","<0.2","33","2.2","1.2","5.6","25.3","0.14","0.12","0.25","0.07","8.2","<0.001","1.4"
"Mirs Bay","MM8","2024-08-12","1","Surface Water","2.2","0.006","16","90","6.1","<1","4","0.046","<0.002","0.003","8.4","4","31.8","2.2","<0.05","2.4","26.1","0.05","0.27","0.32","0.09","1.6","<0.001","1.5"
"Mirs Bay","MM8","2024-08-12","1","Middle Water","0.8","0.006","9","72","5","2","8","0.061","<0.002","0.011","8","4.8","34.9","2.2","0.22","5","23.4","0.07","0.29","0.35","0.15","2.1","<0.001","1.9"
"Mirs Bay","MM8","2024-08-12","1","Bottom Water","<0.1","<0.005","5.9","85","5.9","<1","3","0.073","0.005","0.009","8","2.2","34.8","2.2","0.44","7.2","23","0.08","0.21","0.29","0.12","5.9","<0.001","3.2"
"Mirs Bay","MM8","2024-09-12","1","Surface Water","0.6","0.036","2","97","6.2","<1","<1","0.021","<0.002","0.008","8.1","0.2","31.8","3.1","0.55","5","29.5","0.06","0.15","0.17","0.1","1.3","0.003","1.5"
"Mirs Bay","MM8","2024-09-12","1","Middle Water","0.5","0.042","1.7","88","5.6","<1","<1","0.017","<0.002","0.004","8","<0.2","32.6","3.1","0.5","1.6","28.8","0.06","0.16","0.18","0.1","0.7","0.002","0.6"
"Mirs Bay","MM8","2024-09-12","1","Bottom Water","0.2","0.02","1.9","52","3.6","<1","<1","0.02","0.004","0.004","7.8","<0.2","34.5","3.1","0.63","4","24.6","0.04","0.17","0.19","0.11","9.2","<0.001","1.4"
"Mirs Bay","MM8","2024-10-14","1","Surface Water","<0.1","0.043","1.6","76","4.9","<1","4","0.028","0.012","0.003","7.9","<0.2","32.6","2.5","0.75","6.1","28.1","0.08","0.23","0.27","0.13","2.5","0.002","1"
"Mirs Bay","MM8","2024-10-14","1","Middle Water","<0.1","0.027","1.6","78","5.1","<1","<1","0.022","0.009","0.004","7.9","<0.2","32.6","2.5","0.76","5.1","28","0.06","0.12","0.15","0.13","2.3","0.001","0.8"
"Mirs Bay","MM8","2024-10-14","1","Bottom Water","<0.1","0.043","0.7","77","5","<1","<1","0.022","0.009","0.004","7.9","0.2","32.7","2.5","0.73","7.3","28","0.07","0.13","0.16","0.14","3.6","0.002","1.9"
"Mirs Bay","MM8","2024-11-22","1","Surface Water","<0.1","0.017","0.9","112","7.9","<1","<1","0.21","0.006","0.023","7.9","<0.2","31.6","1.9","1.9","5.2","23.6","0.23","0.23","0.45","0.15","6.8","<0.001","0.6"
"Mirs Bay","MM8","2024-11-22","1","Middle Water","<0.1","0.011","1","84","5.9","<1","<1","0.21","0.005","0.021","7.9","<0.2","31.8","1.9","1.9","5.2","23.6","0.23","<0.05","0.27","0.11","6.4","<0.001","0.6"
"Mirs Bay","MM8","2024-11-22","1","Bottom Water","<0.1","0.008","0.5","77","5.4","<1","2","0.5","0.046","0.024","7.9","0.3","31.9","1.9","4.3","8.6","23.7","0.55","0.65","1.2","0.14","8","<0.001","0.8"
"Mirs Bay","MM8","2024-12-09","1","Surface Water","0.5","0.007","4.1","90","6.6","<1","<1","0.16","0.005","0.014","7.8","2.9","31.9","3.8","1.2","2.7","21.4","0.17","0.16","0.33","0.05","0.9","<0.001","0.8"
"Mirs Bay","MM8","2024-12-09","1","Middle Water","0.6","0.008","4","94","6.9","<1","<1","0.11","0.005","0.006","7.8","1.8","31.9","3.8","1.2","2.7","21.4","0.12","0.14","0.26","0.06","1.1","<0.001","0.8"
"Mirs Bay","MM8","2024-12-09","1","Bottom Water","0.6","0.01","6.4","91","6.6","<1","<1","0.1","0.004","0.004","7.8","1.2","32","3.8","1","7.7","21.5","0.11","0.17","0.27","0.04","6.6","<0.001","1.1"
"North Western","NM1","2024-01-17","1","Surface Water","3.2","0.064","5","73","5.5","45","100","0.19","0.016","0.011","8","<0.2","31.2","2.4","0.3","2","20.2","0.27","0.19","0.4","0.03","0.6","0.002","0.8"
"North Western","NM1","2024-01-17","1","Middle Water","1.1","0.074","3.3","99","7.4","170","240","0.18","0.016","<0.002","8.1","<0.2","31.5","2.4","0.28","2.4","20.1","0.27","0.21","0.41","0.03","0.5","0.003","0.9"
"North Western","NM1","2024-01-17","1","Bottom Water","1.2","0.069","3.5","98","7.4","81","98","0.19","0.017","<0.002","8.1","<0.2","31.6","2.4","0.31","2.6","20.1","0.28","0.18","0.39","0.04","0.6","0.003","1.3"
"North Western","NM1","2024-02-24","1","Surface Water","0.4","0.16","1.7","74","5.6","3800","8400","0.2","0.003","0.016","8.1","0.2","32.1","2.8","0.8","1.6","20.3","0.36","0.35","0.55","0.05","0.5","0.006","<0.5"
"North Western","NM1","2024-02-24","1","Middle Water","0.7","0.16","1.9","86","6.4","5300","12000","0.2","0.003","0.012","8.1","0.2","32.3","2.8","0.74","3.8","20.3","0.36","0.31","0.51","0.05","0.5","0.006","1.2"
"North Western","NM1","2024-02-24","1","Bottom Water","0.8","0.18","1.2","85","6.3","7400","18000","0.18","0.003","0.016","8.1","<0.2","32.7","2.8","0.76","3.8","20.3","0.36","0.34","0.52","0.05","0.6","0.007","0.7"
"North Western","NM1","2024-03-14","1","Surface Water","0.2","0.16","0.2","76","5.7","1700","2100","0.14","0.008","0.018","7.8","<0.2","33.3","1.6","0.73","4.8","19.6","0.31","0.31","0.46","0.06","7.8","0.003","0.6"
"North Western","NM1","2024-03-14","1","Middle Water","0.3","0.16","0.5","85","6.4","2400","3200","0.14","0.005","0.017","7.8","0.5","33.3","1.6","0.68","9.9","19.6","0.31","0.3","0.45","0.07","8.8","0.003","1.1"
"North Western","NM1","2024-03-14","1","Bottom Water","0.3","0.16","1.1","85","6.4","2000","3700","0.13","0.005","0.016","7.8","0.5","33.3","1.6","0.67","13","19.6","0.3","0.31","0.45","0.07","9.9","0.003","1.5"
"North Western","NM1","2024-04-18","1","Surface Water","1.5","0.032","7.1","91","6.5","40","81","0.45","0.038","<0.002","8.4","1","20.2","3.3","2.1","3.4","27","0.52","0.28","0.77","0.06","1.3","0.004","1.4"
"North Western","NM1","2024-04-18","1","Middle Water","1.3","0.075","5.4","78","5.4","2200","3100","0.45","0.025","0.004","8.2","0.6","32.1","3.3","1.6","1.5","24.5","0.55","0.4","0.88","0.07","2.6","0.004","0.7"
"North Western","NM1","2024-04-18","1","Bottom Water","0.8","0.12","1.6","75","5.2","3700","7400","0.21","0.009","0.018","8.2","1.5","32.7","3.3","0.7","2.4","24.4","0.34","0.3","0.52","0.09","4.7","0.007","0.6"
"North Western","NM1","2024-05-16","1","Surface Water","3.6","0.06","37","111","8","80","120","0.43","0.022","0.014","8.4","7.7","21.9","2.2","1.1","6.6","25.9","0.51","0.39","0.84","0.06","3.6","0.007","2.4"
"North Western","NM1","2024-05-16","1","Middle Water","2.4","0.064","15","89","6.1","190","350","0.29","0.016","0.002","8.1","2.3","30.4","2.2","0.9","5","25.8","0.37","0.29","0.6","0.06","2.5","0.004","1.4"
"North Western","NM1","2024-05-16","1","Bottom Water","1.9","0.07","7.8","85","5.8","2400","3300","0.16","0.011","0.005","8.1","1.4","30.7","2.2","0.53","3.4","25.8","0.24","0.25","0.42","0.07","4.7","0.004","0.6"
"North Western","NM1","2024-06-20","1","Surface Water","0.7","0.017","2.4","106","7.8","190","530","1.3","0.13","0.033","7.8","1.4","8.8","2.1","8.9","4.3","28.9","1.45","0.26","1.69","0.05","6.5","<0.001","0.6"
"North Western","NM1","2024-06-20","1","Middle Water","0.5","0.015","1","64","4.6","340","710","1.1","0.12","0.029","8","1.1","18.3","2.1","6.7","3.6","27.4","1.24","0.18","1.4","0.06","3.6","<0.001","0.6"
"North Western","NM1","2024-06-20","1","Bottom Water","0.4","0.022","1","61","4.1","430","720","0.6","0.11","0.027","8","0.4","31.8","2.1","4.2","1.7","26.4","0.73","0.2","0.91","0.07","9.8","0.001","<0.5"
"North Western","NM1","2024-07-15","1","Surface Water","1.7","0.018","27","108","7.5","<1","<1","0.78","0.026","0.002","8.2","5.8","16.1","1.9","5.4","5.9","29.6","0.82","0.35","1.16","0.04","2.2","0.002","1.8"
"North Western","NM1","2024-07-15","1","Middle Water","1.4","0.058","7.9","80","5.6","26","57","0.5","0.03","0.016","7.8","2.2","25.7","1.9","4.3","5.3","26.7","0.59","0.28","0.81","0.09","3.6","0.002","1"
"North Western","NM1","2024-07-15","1","Bottom Water","0.4","0.023","1.5","80","5.5","42","84","0.2","0.029","0.02","7.7","1.6","29.8","1.9","2.1","5.5","26.1","0.25","0.09","0.32","0.07","7.3","<0.001","0.6"
"North Western","NM1","2024-08-14","1","Surface Water","0.8","0.006","16","77","5.3","3","7","0.7","0.095","0.035","8.1","7","20.4","1.7","3.8","5.8","28.4","0.8","0.3","1.1","0.06","2.8","<0.001","1.8"
"North Western","NM1","2024-08-14","1","Middle Water","0.7","0.03","5.3","57","4","48","97","0.36","0.03","0.019","7.9","3.5","27.3","1.7","2.1","4.9","25.6","0.42","0.27","0.66","0.11","4.4","0.001","2.4"
"North Western","NM1","2024-08-14","1","Bottom Water","0.4","0.014","2.2","67","4.7","87","140","0.16","0.022","0.018","7.9","2.8","28.6","1.7","1.5","15","25.5","0.2","0.22","0.4","0.15","6.8","<0.001","2.5"
"North Western","NM1","2024-09-23","1","Surface Water","<0.1","0.064","1.4","116","7.7","62","90","0.37","0.15","0.03","7.7","<0.2","26.1","1.6","3.5","3.6","28.9","0.58","0.11","0.63","0.08","3.8","0.002","0.8"
"North Western","NM1","2024-09-23","1","Middle Water","0.2","0.16","1.5","49","3.2","590","880","0.3","0.11","0.03","7.8","<0.2","28.5","1.6","2.1","3.6","29.1","0.57","0.29","0.7","0.08","5.4","0.006","0.6"
"North Western","NM1","2024-09-23","1","Bottom Water","<0.1","0.12","1.6","59","3.9","1300","2700","0.23","0.09","0.02","7.9","<0.2","29.7","1.6","2.1","16","29.2","0.44","0.19","0.51","0.07","11.5","0.005","2.7"
"North Western","NM1","2024-10-16","1","Surface Water","1","0.12","2.6","93","6.1","24","59","0.15","0.039","0.011","7.6","1","31.1","1.7","1.5","1.4","28.5","0.31","0.24","0.43","0.17","6","0.003","<0.5"
"North Western","NM1","2024-10-16","1","Middle Water","0.7","0.15","1.3","60","3.9","90","150","0.13","0.039","0.011","7.7","0.8","31.7","1.7","1.5","5.4","28.4","0.32","0.25","0.42","0.17","7.9","0.004","0.8"
"North Western","NM1","2024-10-16","1","Bottom Water","0.5","0.15","1.1","45","2.9","64","110","0.12","0.039","0.013","7.7","1","31.8","1.7","1.4","6.9","28.4","0.31","0.25","0.41","0.16","15.9","0.004","1"
"North Western","NM1","2024-11-20","1","Surface Water","<0.1","0.062","0.9","99","6.9","330","1100","0.22","0.12","0.028","7.6","0.4","30.9","2","1.6","7.2","24.5","0.4","0.22","0.56","0.09","6","0.001","1"
"North Western","NM1","2024-11-20","1","Middle Water","0.4","0.065","0.8","71","4.9","390","670","0.21","0.12","0.024","7.6","0.6","31.7","2","1.5","13","25.1","0.4","0.39","0.72","0.1","11.1","0.001","1.4"
"North Western","NM1","2024-11-20","1","Bottom Water","0.1","0.046","1.1","66","4.5","330","640","0.22","0.12","0.027","7.6","0.7","31.8","2","1.5","13","25.2","0.39","0.31","0.65","0.14","13.8","<0.001","1.4"
"North Western","NM1","2024-12-04","1","Surface Water","0.7","0.087","1.6","72","5.2","210","380","0.28","0.027","0.025","7.6","1","31.9","1.8","1.9","7.1","22.5","0.39","0.22","0.53","0.09","0.8","0.001","0.7"
"North Western","NM1","2024-12-04","1","Middle Water","0.4","0.095","1.3","66","4.8","200","300","0.28","0.026","0.028","7.6","0.3","31.9","1.8","1.9","9","22.4","0.4","0.21","0.52","0.08","6.1","0.001","<0.5"
"North Western","NM1","2024-12-04","1","Bottom Water","0.5","0.084","2.1","63","4.6","220","400","0.28","0.028","0.027","7.5","1.1","31.9","1.8","1.9","16","22.4","0.39","0.21","0.52","0.08","9.1","0.001","2.2"
"North Western","NM2","2024-01-17","1","Surface Water","0.3","0.06","3","100","7.5","8","12","0.21","0.018","<0.002","8.1","<0.2","30.8","2.3","0.34","3.3","20.4","0.29","0.19","0.42","0.04","0.7","0.003","0.9"
"North Western","NM2","2024-01-17","1","Middle Water","0.1","0.078","3.2","99","7.5","10","20","0.21","0.019","<0.002","8.1","1.7","30.8","2.3","0.36","3.4","20.2","0.31","0.19","0.42","0.04","0.8","0.003","1.2"
"North Western","NM2","2024-01-17","1","Bottom Water","<0.1","0.058","2.8","99","7.5","43","73","0.2","0.018","<0.002","8.1","<0.2","31","2.3","0.37","3.5","20.1","0.28","0.17","0.39","0.04","0.9","0.002","1.3"
"North Western","NM2","2024-02-24","1","Surface Water","0.7","0.12","1.6","77","5.8","300","520","0.28","0.005","0.013","8.1","<0.2","30.9","2.4","0.98","3.4","20.4","0.41","0.24","0.53","0.04","0.5","0.005","0.6"
"North Western","NM2","2024-02-24","1","Middle Water","0.5","0.15","0.8","87","6.5","480","790","0.3","0.006","0.018","8.1","<0.2","31.8","2.4","0.88","1.7","20.4","0.46","0.25","0.56","0.05","0.4","0.006","0.6"
"North Western","NM2","2024-02-24","1","Bottom Water","0.6","0.15","1.5","85","6.4","660","1000","0.24","0.003","0.014","8.1","<0.2","32.1","2.4","0.83","2.7","20.4","0.39","0.34","0.58","0.05","0.6","0.006","0.5"
"North Western","NM2","2024-03-14","1","Surface Water","0.4","0.15","0.3","66","5","1100","1600","0.17","0.006","0.017","7.9","<0.2","33","1.7","0.71","11","19.6","0.33","0.32","0.5","0.06","7.6","0.003","1.6"
"North Western","NM2","2024-03-14","1","Middle Water","0.4","0.15","0.3","85","6.4","1600","1900","0.16","0.006","0.018","7.9","0.4","33","1.7","0.76","8.6","19.5","0.32","0.32","0.49","0.07","10.5","0.003","1"
"North Western","NM2","2024-03-14","1","Bottom Water","0.2","0.15","0.5","85","6.4","810","1200","0.16","0.005","0.018","7.9","0.5","33","1.7","0.78","10","19.5","0.32","0.82","0.99","0.06","8.5","0.003","1.1"
"North Western","NM2","2024-04-18","1","Surface Water","1.3","0.029","8.7","89","6.4","18","26","0.45","0.036","<0.002","8.5","2.6","21.3","3","2","1.8","26.7","0.52","0.35","0.84","0.06","1.7","0.004","0.9"
"North Western","NM2","2024-04-18","1","Middle Water","1.5","0.034","9.1","113","8","63","120","0.78","0.034","<0.002","8.4","3.5","23.1","3","2.1","1.6","26.2","0.85","0.27","1.08","0.05","2.6","0.004","1.4"
"North Western","NM2","2024-04-18","1","Bottom Water","1","0.08","5.3","85","5.9","4000","8700","0.41","0.019","<0.002","8.3","3","30.4","3","1.2","4","24.9","0.51","0.22","0.65","0.06","2.4","0.006","1.2"
"North Western","NM2","2024-05-16","1","Surface Water","3.9","0.048","29","93","6.7","2","5","0.47","0.024","<0.002","8.4","4.5","21.5","1.8","1.5","6.1","26.1","0.54","0.32","0.81","0.05","0.9","0.005","2.2"
"North Western","NM2","2024-05-16","1","Middle Water","3.3","0.049","19","108","7.6","10","22","0.42","0.021","0.002","8.1","6.1","25.4","1.8","1.4","7.4","26.1","0.49","0.28","0.72","0.05","3.1","0.003","2.3"
"North Western","NM2","2024-05-16","1","Bottom Water","3.4","0.063","13","93","6.4","800","1000","0.28","0.016","0.005","8.1","2.2","29.5","1.8","0.88","6.4","25.9","0.36","0.24","0.54","0.06","2.7","0.004","1.5"
"North Western","NM2","2024-06-20","1","Surface Water","0.5","0.013","1.1","60","4.4","250","900","1.3","0.13","0.036","7.8","<0.2","10.9","1.8","7.6","5.5","28.4","1.44","0.21","1.64","0.06","7.6","<0.001","0.9"
"North Western","NM2","2024-06-20","1","Middle Water","0.4","0.017","1.1","60","4.4","140","540","1","0.13","0.033","7.9","1.1","11.8","1.8","7.5","9.2","28","1.15","0.14","1.27","0.06","4.6","<0.001","3.4"
"North Western","NM2","2024-06-20","1","Bottom Water","0.3","0.012","0.5","60","4.3","170","340","0.64","0.11","0.031","8","0.5","19.2","1.8","4.2","8.2","27.1","0.76","0.13","0.88","0.07","15","<0.001","1.1"
"North Western","NM2","2024-07-15","1","Surface Water","1.5","0.029","8.7","94","6.6","<1","8","0.97","0.045","0.012","8.1","2.9","15.1","1.6","6.4","1.9","29.4","1.04","0.31","1.33","0.06","2.5","0.003","0.5"
"North Western","NM2","2024-07-15","1","Middle Water","1.1","0.025","10","133","9.2","9","21","0.81","0.037","0.01","8","2.4","19.1","1.6","5.9","5","28.8","0.87","0.17","1.02","0.1","2.1","0.001","0.6"
"North Western","NM2","2024-07-15","1","Bottom Water","0.8","0.055","5.3","79","5.5","49","120","0.77","0.043","0.014","7.8","2","23.3","1.6","5.2","2.3","27.3","0.87","0.21","1.02","0.07","4","0.002","<0.5"
"North Western","NM2","2024-08-14","1","Surface Water","0.6","0.008","6.1","96","6.8","26","110","1.2","0.079","0.022","8.2","5.2","16.1","1.9","5.8","2.8","28.9","1.29","0.23","1.51","0.06","3.5","<0.001","0.8"
"North Western","NM2","2024-08-14","1","Middle Water","0.8","0.01","7.7","71","5","14","84","1","0.065","0.018","8.1","5.2","16","1.9","5.2","3.4","28.8","1.08","0.27","1.34","0.07","3","<0.001","0.9"
"North Western","NM2","2024-08-14","1","Bottom Water","0.5","0.024","4.4","73","5.2","19","53","0.68","0.047","0.019","8","3.8","19.6","1.9","3.8","4.5","27.1","0.75","0.31","1.04","0.1","4.2","0.001","0.8"
"North Western","NM2","2024-09-23","1","Surface Water","0.1","0.13","1.3","98","6.5","15","33","0.18","0.091","0.014","7.9","<0.2","25.5","1.9","1.9","2.9","28.9","0.4","0.14","0.41","0.09","5","0.006","0.8"
"North Western","NM2","2024-09-23","1","Middle Water","0.2","0.13","1.3","64","4.2","55","120","0.37","0.14","0.032","7.9","<0.2","26.3","1.9","3.3","3.8","29","0.64","0.16","0.67","0.09","5.7","0.006","0.5"
"North Western","NM2","2024-09-23","1","Bottom Water","0.1","0.14","1.6","55","3.7","190","290","0.34","0.12","0.026","7.9","<0.2","27.1","1.9","2.1","10","29.1","0.6","0.16","0.62","0.07","6.4","0.006","1.4"
"North Western","NM2","2024-10-16","1","Surface Water","0.8","0.11","1.3","95","6.2","80","150","0.15","0.042","0.019","7.8","0.9","31.2","1.7","1.6","5.2","28.5","0.3","0.18","0.37","0.16","3.5","0.004","0.8"
"North Western","NM2","2024-10-16","1","Middle Water","0.7","0.13","1.7","63","4.1","59","150","0.15","0.041","0.023","7.8","0.8","31.2","1.7","1.4","7.6","28.5","0.32","0.22","0.41","0.16","7.1","0.004","1"
"North Western","NM2","2024-10-16","1","Bottom Water","0.4","0.13","1.5","66","4.3","80","160","0.14","0.04","0.022","7.7","1","31.4","1.7","1.4","8.1","28.4","0.31","0.25","0.43","0.16","8.2","0.004","1.1"
"North Western","NM2","2024-11-20","1","Surface Water","0.2","0.044","0.6","101","7.1","100","160","0.25","0.12","0.033","7.7","0.3","30.9","2","1.8","6.8","24.5","0.41","0.14","0.51","0.07","4.6","<0.001","1.1"
"North Western","NM2","2024-11-20","1","Middle Water","0.1","0.023","<0.2","72","5","90","130","0.24","0.11","0.025","7.7","<0.2","31.1","2","1.6","9.6","24.7","0.37","0.21","0.56","0.09","7.8","<0.001","1.2"
"North Western","NM2","2024-11-20","1","Bottom Water","<0.1","0.014","1","56","3.9","80","210","0.24","0.11","0.025","7.7","0.2","30.8","2","1.7","13","24.5","0.36","0.15","0.5","0.08","14.8","<0.001","1.2"
"North Western","NM2","2024-12-04","1","Surface Water","0.6","0.039","3.3","110","8.1","26","57","0.3","0.034","0.024","7.7","0.9","29.5","1.6","1.9","6.3","22.1","0.37","0.24","0.57","0.07","2.3","<0.001","0.6"
"North Western","NM2","2024-12-04","1","Middle Water","0.6","0.046","3.2","78","5.7","29","52","0.31","0.033","0.025","7.6","0.4","31.4","1.6","1.9","4.6","22.2","0.39","0.16","0.5","0.07","6.4","<0.001","4.4"
"North Western","NM2","2024-12-04","1","Bottom Water","0.5","0.042","2.9","73","5.3","46","88","0.29","0.033","0.057","7.6","0.8","31.5","1.6","1.9","18","22.2","0.37","0.15","0.47","0.08","8.5","<0.001","2.3"
"North Western","NM3","2024-01-17","1","Surface Water","0.2","0.058","3.1","102","7.7","3","7","0.22","0.02","<0.002","8.2","<0.2","30.6","2.8","0.36","2.3","20.5","0.3","0.15","0.39","0.03","0.7","0.003","1"
"North Western","NM3","2024-01-17","1","Middle Water","<0.1","0.062","3.6","100","7.5","23","43","0.21","0.018","<0.002","8.1","<0.2","30.8","2.8","0.36","3","20.2","0.29","0.18","0.41","0.04","1.1","0.003","0.9"
"North Western","NM3","2024-01-17","1","Bottom Water","0.1","0.065","3.6","100","7.5","37","69","0.21","0.017","0.004","8.1","<0.2","30.9","2.8","0.39","3.4","20.2","0.29","0.17","0.4","0.04","1.4","0.003","1.2"
"North Western","NM3","2024-02-24","1","Surface Water","0.7","0.13","2","89","6.7","200","330","0.32","0.006","0.014","8.1","<0.2","30.5","3","1.1","2.7","20.7","0.46","0.24","0.57","0.04","0.6","0.005","0.6"
"North Western","NM3","2024-02-24","1","Middle Water","0.7","0.16","0.5","87","6.5","380","740","0.29","0.008","0.015","8.1","<0.2","31.4","3","0.96","1.4","20.5","0.46","0.28","0.58","0.05","0.4","0.007","<0.5"
"North Western","NM3","2024-02-24","1","Bottom Water","0.5","0.14","1","85","6.4","630","1200","0.26","0.004","0.014","8.1","<0.2","31.9","3","0.89","3.2","20.5","0.4","0.32","0.58","0.05","0.4","0.006","0.5"
"North Western","NM3","2024-03-14","1","Surface Water","0.2","0.14","0.7","75","5.7","46","64","0.19","0.006","0.017","7.9","<0.2","32.5","1.6","0.79","0.7","19.5","0.34","0.23","0.43","0.05","3.4","0.003","<0.5"
"North Western","NM3","2024-03-14","1","Middle Water","0.2","0.13","<0.2","87","6.6","130","190","0.18","0.006","0.017","7.9","<0.2","32.9","1.6","0.8","2.5","19.5","0.32","0.29","0.48","0.06","3.8","0.003","<0.5"
"North Western","NM3","2024-03-14","1","Bottom Water","0.3","0.15","0.4","86","6.5","270","470","0.18","0.006","0.018","7.9","<0.2","32.9","1.6","0.8","4.6","19.5","0.34","0.38","0.57","0.06","7.1","0.003","0.5"
"North Western","NM3","2024-04-18","1","Surface Water","1.7","0.036","9.1","100","7.2","8","13","0.95","0.043","0.018","8.5","1.4","18.2","2.4","3.1","2.5","26.8","1.03","0.32","1.31","0.05","1.9","0.005","1.1"
"North Western","NM3","2024-04-18","1","Middle Water","1.2","0.055","7.9","97","6.8","20","49","0.8","0.033","<0.002","8.2","2.7","26.9","2.4","2.1","2.8","25.3","0.89","0.27","1.1","0.05","5.3","0.004","1.3"
"North Western","NM3","2024-04-18","1","Bottom Water","0.9","0.085","4.1","79","5.5","80","110","0.47","0.024","<0.002","8.2","1.9","31.1","2.4","1.9","1.8","24.7","0.58","0.24","0.73","0.05","4.7","0.006","0.8"
"North Western","NM3","2024-05-16","1","Surface Water","4.4","0.043","26","92","6.7","5","11","0.47","0.026","<0.002","8.3","8.6","21.2","1.8","1.9","7.3","25.8","0.54","0.31","0.81","0.05","16.5","0.004","2.6"
"North Western","NM3","2024-05-16","1","Middle Water","3.4","0.047","21","108","7.6","7","17","0.47","0.024","0.002","8.1","5.5","24.7","1.8","1.7","6.4","26.2","0.54","0.31","0.8","0.05","3.2","0.003","2"
"North Western","NM3","2024-05-16","1","Bottom Water","3.1","0.07","12","98","6.7","32","53","0.35","0.02","0.006","8.1","3.5","28.9","1.8","1.3","6","25.9","0.44","0.25","0.62","0.07","3.5","0.004","1.6"
"North Western","NM3","2024-06-20","1","Surface Water","0.9","0.014","2.7","78","5.8","990","2200","1.4","0.13","0.032","7.8","<0.2","6.9","1.4","9.4","8.9","28.7","1.54","0.21","1.74","0.05","47.4","<0.001","1.4"
"North Western","NM3","2024-06-20","1","Middle Water","0.9","0.025","1.1","55","4.1","260","1000","0.9","0.12","0.031","7.9","0.9","7.2","1.4","5.9","4.7","28.2","1.05","0.15","1.17","0.07","5.2","0.001","0.7"
"North Western","NM3","2024-06-20","1","Bottom Water","0.7","0.01","1.3","59","4.4","170","630","0.5","0.11","0.036","8","<0.2","12.4","1.4","3.5","5.6","27.4","0.62","0.12","0.73","0.08","5.9","<0.001","0.8"
"North Western","NM3","2024-07-15","1","Surface Water","1.5","0.023","11","100","7","2","15","1","0.038","0.008","8.2","3.9","13.9","1.7","6.5","3.6","29.7","1.06","0.31","1.35","0.05","3.1","0.003","1.1"
"North Western","NM3","2024-07-15","1","Middle Water","1","0.048","7","90","6.3","14","42","0.9","0.043","0.015","7.8","3.4","19.9","1.7","6.5","2.6","28.3","0.99","0.21","1.15","0.06","4.1","0.002","0.6"
"North Western","NM3","2024-07-15","1","Bottom Water","1","0.057","4","72","5","18","62","0.8","0.049","0.027","7.8","2.4","22.1","1.7","6","1.7","27.6","0.91","0.16","1.01","0.07","4.4","0.002","1.4"
"North Western","NM3","2024-08-14","1","Surface Water","0.6","0.005","11","76","5.5","50","140","1.4","0.084","0.029","8.2","<0.2","11","2","6.4","3.9","29.4","1.49","0.26","1.74","0.06","4.4","<0.001","1"
"North Western","NM3","2024-08-14","1","Middle Water","0.7","0.026","3.2","69","5.1","39","110","0.58","0.042","0.019","7.9","1.4","14.1","2","3.4","2.6","27.3","0.65","0.28","0.9","0.1","5.3","0.001","0.5"
"North Western","NM3","2024-08-14","1","Bottom Water","0.7","0.028","3.5","64","4.7","85","220","0.57","0.042","0.027","7.9","0.9","16.3","2","3.4","4.8","26.2","0.64","0.2","0.81","0.12","5.6","0.001","0.8"
"North Western","NM3","2024-09-23","1","Surface Water","0.2","0.13","1.2","110","7.4","18","43","0.37","0.15","0.034","7.9","<0.2","26","1.8","3.5","3","28.5","0.65","0.15","0.67","0.09","4.7","0.006","0.8"
"North Western","NM3","2024-09-23","1","Middle Water","0.3","0.14","1.4","59","3.9","68","150","0.37","0.14","0.032","7.9","<0.2","26.6","1.8","3","1.6","29","0.65","0.15","0.66","0.09","6.5","0.006","0.6"
"North Western","NM3","2024-09-23","1","Bottom Water","<0.1","0.15","1.5","63","4.1","330","470","0.28","0.1","0.025","7.9","<0.2","28.9","1.8","2","14","29","0.53","0.21","0.59","0.08","11.3","0.007","2"
"North Western","NM3","2024-10-16","1","Surface Water","0.9","0.08","3.8","95","6.2","61","160","0.19","0.035","0.006","7.8","2.5","30.2","1.3","1.4","14","28.6","0.31","0.18","0.41","0.15","9.1","0.003","2.3"
"North Western","NM3","2024-10-16","1","Middle Water","0.6","0.078","3.7","68","4.5","140","390","0.18","0.037","0.005","7.8","1","30.4","1.3","1.3","7.9","28.5","0.3","0.23","0.45","0.15","11.1","0.003","1.2"
"North Western","NM3","2024-10-16","1","Bottom Water","0.6","0.11","2.3","68","4.5","160","410","0.17","0.039","0.009","7.8","1.9","30.6","1.3","1.4","12","28.4","0.32","0.21","0.42","0.14","13.2","0.004","1.6"
"North Western","NM3","2024-11-20","1","Surface Water","<0.1","0.044","0.3","70","4.9","80","160","0.24","0.12","0.03","7.7","<0.2","30.7","1.9","1.7","4.9","24.3","0.4","0.16","0.52","0.08","6","<0.001","0.8"
"North Western","NM3","2024-11-20","1","Middle Water","<0.1","0.037","<0.2","69","4.8","90","280","0.24","0.11","0.028","7.7","<0.2","31","1.9","1.6","13","24.3","0.39","0.21","0.56","0.09","9.6","<0.001","1.7"
"North Western","NM3","2024-11-20","1","Bottom Water","<0.1","0.035","1.5","69","4.8","130","200","0.25","0.11","0.027","7.7","<0.2","31.2","1.9","1.7","17","24.7","0.4","0.2","0.56","0.08","30.5","<0.001","1.8"
"North Western","NM3","2024-12-04","1","Surface Water","0.6","0.044","2.6","87","6.3","5","11","0.32","0.039","0.026","7.7","1.3","31.2","1.8","2.1","3.6","22.1","0.4","0.23","0.59","0.09","0.1","<0.001","0.7"
"North Western","NM3","2024-12-04","1","Middle Water","0.6","0.042","2.1","78","5.7","9","14","0.32","0.039","0.025","7.6","1.3","31.3","1.8","2","4.4","22.1","0.4","0.14","0.5","0.08","8.7","<0.001","1"
"North Western","NM3","2024-12-04","1","Bottom Water","0.4","0.041","2.4","67","4.8","19","40","0.31","0.038","0.026","7.6","1","31.3","1.8","2","10","22.1","0.39","0.17","0.52","0.08","14.4","<0.001","1.3"
"North Western","NM5","2024-01-17","1","Surface Water","0.3","0.089","0.9","94","7.1","6","7","0.31","0.025","<0.002","8.1","0.6","29.5","2.4","0.57","3.5","20.5","0.42","0.18","0.52","0.04","0.9","0.004","1.6"
"North Western","NM5","2024-01-17","1","Middle Water","0.3","0.095","2.6","99","7.4","5","15","0.27","0.023","0.01","8.1","2.3","30.4","2.4","0.52","5.1","20.3","0.39","0.21","0.5","0.05","1.1","0.004","1.4"
"North Western","NM5","2024-01-17","1","Bottom Water","0.8","0.077","3.2","100","7.6","6","24","0.28","0.022","0.011","8.1","1.3","30.7","2.4","0.48","3.7","20.3","0.38","0.19","0.49","0.04","3.2","0.003","1.3"
"North Western","NM5","2024-02-24","1","Surface Water","0.7","0.12","1.4","82","6.2","110","290","0.34","0.007","0.008","8.1","0.3","30.2","2.3","1.1","3.3","20.6","0.47","0.24","0.59","0.04","0.6","0.005","0.8"
"North Western","NM5","2024-02-24","1","Middle Water","0.8","0.13","1","86","6.4","700","1300","0.44","0.011","0.016","8.1","<0.2","30.9","2.3","1.4","2.3","20.6","0.58","0.27","0.72","0.05","0.5","0.005","0.6"
"North Western","NM5","2024-02-24","1","Bottom Water","0.4","0.15","0.7","85","6.3","720","1000","0.31","0.005","0.019","8.1","<0.2","31.4","2.3","1.1","5.4","20.6","0.47","0.3","0.62","0.05","0.6","0.006","0.7"
"North Western","NM5","2024-03-14","1","Surface Water","0.3","0.11","0.5","83","6.3","6","6","0.26","0.007","0.019","7.9","<0.2","31.6","1.6","1.1","9","19.6","0.38","0.27","0.54","0.06","8.5","0.003","1.2"
"North Western","NM5","2024-03-14","1","Middle Water","0.3","0.12","0.5","89","6.7","10","12","0.24","0.007","0.018","7.9","<0.2","32.3","1.6","1","12","19.6","0.37","0.29","0.54","0.06","8.2","0.003","5.4"
"North Western","NM5","2024-03-14","1","Bottom Water","0.5","0.12","0.3","87","6.6","56","90","0.21","0.006","0.017","7.9","0.4","32.3","1.6","0.89","14","19.5","0.34","0.24","0.46","0.07","13.7","0.003","1.9"
"North Western","NM5","2024-04-18","1","Surface Water","1.6","0.032","5.7","115","8.4","16","21","0.95","0.045","<0.002","8.5","<0.2","15.9","2.5","3.5","3.5","27","1.03","0.42","1.42","0.05","2.8","0.005","1.3"
"North Western","NM5","2024-04-18","1","Middle Water","0.9","0.086","4.7","81","5.7","64","150","0.46","0.026","<0.002","8.2","2.5","27.5","2.5","2","0.7","25.3","0.57","0.26","0.75","0.05","3","0.006","0.6"
"North Western","NM5","2024-04-18","1","Bottom Water","0.7","0.11","2.7","66","4.6","170","310","0.38","0.016","0.009","8.1","1.1","30.9","2.5","1.5","1.5","24.6","0.51","0.26","0.66","0.06","7.1","0.006","<0.5"
"North Western","NM5","2024-05-16","1","Surface Water","4","0.032","28","89","6.7","30","90","0.74","0.032","0.02","8.4","5","12.4","1.6","3.8","6.3","26.3","0.8","0.33","1.1","0.05","38.9","0.004","2.2"
"North Western","NM5","2024-05-16","1","Middle Water","3.2","0.06","11","100","7","54","110","0.47","0.023","0.009","8.1","2.6","26.8","1.6","2.1","5.4","26","0.55","0.32","0.81","0.06","3.4","0.003","1.6"
"North Western","NM5","2024-05-16","1","Bottom Water","0.6","0.086","5.3","80","5.5","230","440","0.3","0.018","0.006","8.1","0.4","28.9","1.6","1.3","4.9","25.9","0.4","0.27","0.59","0.08","11.3","0.005","1"
"North Western","NM5","2024-06-20","1","Surface Water","0.9","0.016","2.9","64","4.8","1000","3200","1.5","0.12","0.031","7.7","<0.2","4.5","1.5","11","13","28.6","1.64","0.24","1.86","0.16","15","<0.001","1.8"
"North Western","NM5","2024-06-20","1","Middle Water","0.9","0.029","0.8","54","4.1","1000","2300","0.88","0.12","0.036","7.9","0.7","6.3","1.5","6.2","5","28","1.03","0.17","1.17","0.08","6.1","0.001","0.9"
"North Western","NM5","2024-06-20","1","Bottom Water","0.7","0.041","0.4","71","4.9","580","1100","0.51","0.11","0.021","8","0.3","26.8","1.5","3.6","8.1","26.9","0.66","0.16","0.78","0.09","11.3","0.002","1"
"North Western","NM5","2024-07-15","1","Surface Water","1.6","0.009","7.8","92","6.5","2","19","1","0.045","0.01","8.2","4.4","13.4","1.5","7.2","4.2","29.9","1.05","0.29","1.34","0.05","3.3","<0.001","0.6"
"North Western","NM5","2024-07-15","1","Middle Water","1.2","0.033","3.1","75","5.3","80","160","0.81","0.051","0.022","7.7","1.9","13.6","1.5","5.6","2.5","29.7","0.89","0.17","1.03","0.06","3.3","0.001","0.6"
"North Western","NM5","2024-07-15","1","Bottom Water","1.3","0.093","1.5","89","6.3","2300","5500","0.34","0.023","0.023","7.8","1.1","20.1","1.5","2.2","1.6","27.2","0.46","0.18","0.54","0.09","5.1","0.003","<0.5"
"North Western","NM5","2024-08-14","1","Surface Water","1","0.009","3.8","98","7.1","100","380","1.6","0.092","0.036","8","2.7","8.5","1.9","8.3","2.5","29.5","1.7","0.31","2","0.06","5.3","<0.001","0.6"
"North Western","NM5","2024-08-14","1","Middle Water","0.7","0.026","3.5","61","4.4","48","200","0.64","0.047","0.022","7.9","1.4","20.1","1.9","3.8","4.7","27.2","0.71","0.29","0.98","0.1","5.5","0.001","1"
"North Western","NM5","2024-08-14","1","Bottom Water","0.5","0.035","1.9","55","3.9","80","190","0.29","0.026","0.022","7.9","1.9","25","1.9","2","10","25.9","0.35","0.24","0.56","0.14","9.5","0.001","1.7"
"North Western","NM5","2024-09-23","1","Surface Water","0.2","0.066","1.2","104","7","30","110","0.39","0.17","0.043","7.8","<0.2","24.6","1.7","3.9","3.6","29.1","0.63","0.11","0.67","0.09","4.8","0.003","0.7"
"North Western","NM5","2024-09-23","1","Middle Water","<0.1","0.12","1","57","3.8","55","110","0.4","0.15","0.034","7.9","<0.2","25.8","1.7","3.7","2.8","29","0.67","0.18","0.73","0.07","6.6","0.005","0.5"
"North Western","NM5","2024-09-23","1","Bottom Water","<0.1","0.15","1.2","60","4","100","210","0.34","0.12","0.028","7.9","<0.2","28.5","1.7","2.1","14","29","0.61","0.2","0.66","0.09","30.4","0.007","1.4"
"North Western","NM5","2024-10-16","1","Surface Water","0.6","0.081","2.1","88","5.8","36","110","0.22","0.04","0.018","7.8","0.9","29.8","1.2","1.7","8.7","28.7","0.34","0.19","0.45","0.15","12.3","0.003","1.2"
"North Western","NM5","2024-10-16","1","Middle Water","0.4","0.075","1.8","56","3.7","47","100","0.22","0.04","0.019","7.8","1.1","29.8","1.2","1.5","6.6","28.6","0.34","0.22","0.48","0.15","10.9","0.003","1"
"North Western","NM5","2024-10-16","1","Bottom Water","0.6","0.074","1.7","63","4.2","31","81","0.21","0.039","0.016","7.8","1.2","29.8","1.2","1.4","9.6","28.5","0.32","0.18","0.43","0.14","22.4","0.003","1"
"North Western","NM5","2024-11-20","1","Surface Water","0.3","0.066","0.4","80","5.8","100","250","0.3","0.12","0.039","7.7","<0.2","29.8","1.7","1.9","6.2","23.5","0.49","0.26","0.68","0.1","6.5","0.001","1.1"
"North Western","NM5","2024-11-20","1","Middle Water","<0.1","0.043","0.6","62","4.4","80","230","0.28","0.13","0.031","7.7","0.3","30.2","1.7","1.8","7.2","24.3","0.45","0.19","0.6","0.09","7.7","<0.001","1.3"
"North Western","NM5","2024-11-20","1","Bottom Water","0.4","0.054","2.5","71","4.9","100","160","0.25","0.12","0.03","7.7","<0.2","31.1","1.7","1.7","15","25","0.42","0.23","0.6","0.1","25.3","0.001","1.7"
"North Western","NM5","2024-12-04","1","Surface Water","0.6","0.035","3","93","6.9","2","8","0.39","0.053","0.028","7.7","0.7","28.6","1.9","2.1","2","22.2","0.48","0.23","0.67","0.08","3.1","<0.001","0.7"
"North Western","NM5","2024-12-04","1","Middle Water","0.4","0.043","2.6","80","5.8","8","22","0.37","0.052","0.029","7.6","0.5","30.7","1.9","2.1","6.5","22.1","0.47","0.13","0.55","0.08","5.2","<0.001","1"
"North Western","NM5","2024-12-04","1","Bottom Water","0.4","0.047","2.2","76","5.5","9","18","0.37","0.051","0.031","7.6","0.5","31.1","1.9","2.1","13","22.2","0.47","0.13","0.55","0.08","8.1","<0.001","1.8"
"North Western","NM6","2024-01-17","1","Surface Water","0.9","0.093","3.6","88","6.7","11","18","0.32","0.025","<0.002","8.1","<0.2","29.5","1.8","0.58","3","20.3","0.44","0.22","0.57","0.04","1","0.004","1.3"
"North Western","NM6","2024-01-17","1","Middle Water","0.8","0.076","2.9","98","7.5","15","29","0.31","0.024","<0.002","8.1","0.4","29.7","1.8","0.58","3.9","20.3","0.41","0.18","0.51","0.04","1.3","0.003","1.2"
"North Western","NM6","2024-01-17","1","Bottom Water","0.5","0.07","2.6","97","7.4","9","17","0.3","0.024","0.006","8.1","<0.2","29.7","1.8","0.52","5","20.3","0.39","0.21","0.53","0.04","1.4","0.003","1.4"
"North Western","NM6","2024-02-24","1","Surface Water","0.4","0.12","1.3","78","5.9","49","75","0.44","0.01","0.011","8.1","<0.2","28.5","1.8","1.5","3","20.6","0.57","0.21","0.66","0.05","0.9","0.005","0.7"
"North Western","NM6","2024-02-24","1","Middle Water","1.1","0.14","1.4","88","6.6","31","61","0.33","0.008","0.017","8.1","<0.2","29.4","1.8","1.1","7.4","20.7","0.48","0.23","0.57","0.05","1.2","0.006","1.3"
"North Western","NM6","2024-02-24","1","Bottom Water","0.5","0.11","1","91","6.8","27","52","0.41","0.008","0.015","8.1","<0.2","30","1.8","1.3","5.3","20.6","0.53","0.3","0.72","0.05","1.5","0.005","0.8"
"North Western","NM6","2024-03-14","1","Surface Water","0.4","0.12","0.7","89","6.8","3","6","0.32","0.008","0.02","7.9","<0.2","31","1.4","1.2","5.1","19.5","0.45","0.27","0.6","0.06","7.2","0.003","0.8"
"North Western","NM6","2024-03-14","1","Middle Water","0.4","0.12","0.6","90","6.9","3","4","0.31","0.008","0.017","7.9","<0.2","31.4","1.4","1.2","6.8","19.4","0.44","0.35","0.67","0.07","11.4","0.003","0.8"
"North Western","NM6","2024-03-14","1","Bottom Water","<0.1","0.11","0.6","93","7.1","6","42","0.29","0.007","0.022","7.9","0.4","32.3","1.4","1.1","12","19.4","0.41","0.28","0.58","0.06","26","0.003","1.6"
"North Western","NM6","2024-04-18","1","Surface Water","1.6","0.038","7.4","101","7.3","6","12","0.92","0.045","0.035","8.5","3","17.3","2.1","3.2","<0.5","26.8","1","0.32","1.29","0.06","2.3","0.006","<0.5"
"North Western","NM6","2024-04-18","1","Middle Water","1.5","0.048","8.3","99","7.1","9","9","0.9","0.041","0.029","8.3","2.9","20.6","2.1","2.9","3.5","26.4","0.99","0.27","1.21","0.04","4","0.005","1.3"
"North Western","NM6","2024-04-18","1","Bottom Water","1.2","0.056","5.7","92","6.5","10","20","0.82","0.035","<0.002","8.3","2.2","24.1","2.1","2.8","8.6","25.9","0.91","0.27","1.13","0.06","3.1","0.005","2.6"
"North Western","NM6","2024-05-16","1","Surface Water","1.3","0.022","27","70","5","6","25","0.46","0.026","0.002","8.3","4.4","21.3","1.7","1.9","8.4","26.4","0.51","0.34","0.83","0.06","3.9","0.002","2.7"
"North Western","NM6","2024-05-16","1","Middle Water","1.1","0.026","21","114","8.1","7","25","0.47","0.025","0.003","8.3","12","21.4","1.7","1.8","8.3","26.5","0.52","0.3","0.8","0.06","3.5","0.003","2.7"
"North Western","NM6","2024-05-16","1","Bottom Water","0.8","0.027","21","103","7.3","6","22","0.47","0.023","0.005","8.2","2.5","23.6","1.7","1.6","5.9","26.2","0.52","0.26","0.75","0.06","6.1","0.002","2"
"North Western","NM6","2024-06-20","1","Surface Water","0.6","0.016","1.7","78","5.9","380","1200","1.6","0.12","0.029","7.7","<0.2","4.6","1.5","11","15","28.3","1.74","0.39","2.11","0.05","15.8","<0.001","1.8"
"North Western","NM6","2024-06-20","1","Middle Water","0.8","0.015","3","76","5.8","480","1400","1.4","0.13","0.037","7.6","1","5","1.5","8.7","5","28","1.55","0.2","1.73","0.06","11.6","<0.001","0.7"
"North Western","NM6","2024-06-20","1","Bottom Water","0.8","0.02","1.2","71","5.3","540","1400","1.2","0.13","0.027","7.8","0.7","9","1.5","7.6","6.8","27.8","1.35","0.18","1.51","0.06","7","<0.001","1.1"
"North Western","NM6","2024-07-15","1","Surface Water","2.3","0.024","14","102","7.1","3","9","0.96","0.033","0.005","8.2","5.8","14.3","2.1","7.2","3.4","29.7","1.02","0.34","1.33","0.05","3.5","0.003","1"
"North Western","NM6","2024-07-15","1","Middle Water","1.7","0.02","13","134","9.4","4","16","1","0.037","0.008","8.1","4.5","14.8","2.1","8","1.4","29.6","1.06","0.22","1.26","0.05","3.2","0.002","0.5"
"North Western","NM6","2024-07-15","1","Bottom Water","1.6","0.028","6.9","93","6.5","45","93","1","0.055","0.021","7.8","2.2","19","2.1","7.6","5.3","28.4","1.08","0.19","1.25","0.09","3.9","0.001","1.2"
"North Western","NM6","2024-08-14","1","Surface Water","0.8","0.011","5.3","75","5.4","80","200","1.2","0.078","0.028","8.1","3.8","14.4","1.7","5.6","5.7","29","1.29","0.26","1.54","0.08","4.6","<0.001","1.4"
"North Western","NM6","2024-08-14","1","Middle Water","0.7","0.017","5.1","75","5.3","27","98","0.89","0.063","0.024","8","2.8","18.2","1.7","4.3","3.2","28.3","0.97","0.27","1.22","0.07","2.6","<0.001","0.8"
"North Western","NM6","2024-08-14","1","Bottom Water","0.7","0.025","3.4","70","4.9","38","89","0.79","0.059","0.025","7.9","2.3","19.5","1.7","4.6","6","27.7","0.87","0.27","1.12","0.09","4.2","0.001","1.1"
"North Western","NM6","2024-09-23","1","Surface Water","<0.1","0.12","1.1","105","7.1","22","86","0.5","0.18","0.046","7.8","<0.2","23.6","1.7","4.2","4.3","29","0.8","0.17","0.85","0.09","4.6","0.005","0.7"
"North Western","NM6","2024-09-23","1","Middle Water","<0.1","0.086","1.6","62","4.2","53","180","0.48","0.18","0.036","7.8","<0.2","24.1","1.7","4.2","3.8","29","0.75","0.11","0.77","0.07","5.8","0.004","0.7"
"North Western","NM6","2024-09-23","1","Bottom Water","<0.1","0.1","1.8","58","3.9","60","170","0.48","0.16","0.037","7.8","1.6","24.3","1.7","4.2","34","28.9","0.74","0.2","0.84","0.13","8.1","0.004","3.1"
"North Western","NM6","2024-10-16","1","Surface Water","1","0.059","2.7","106","6.9","2","7","0.2","0.036","0.011","7.9","2.3","29.9","1.8","1.5","11","28.8","0.3","0.3","0.54","0.14","11.4","0.003","2"
"North Western","NM6","2024-10-16","1","Middle Water","1","0.061","2.9","77","5.1","1","7","0.2","0.035","0.01","7.9","1.2","29.8","1.8","1.3","12","28.7","0.3","0.16","0.4","0.13","9.4","0.003","1.8"
"North Western","NM6","2024-10-16","1","Bottom Water","0.7","0.065","2.7","62","4.1","1","6","0.2","0.034","0.004","7.8","0.9","29.8","1.8","1.3","8.6","28.6","0.3","0.21","0.44","0.15","11.7","0.003","1.3"
"North Western","NM6","2024-11-20","1","Surface Water","0.5","0.044","0.4","113","8","48","90","0.3","0.12","0.038","7.7","0.3","30.2","1.7","1.9","6.6","24.1","0.46","0.26","0.68","0.1","6.5","<0.001","0.9"
"North Western","NM6","2024-11-20","1","Middle Water","0.4","0.058","0.7","77","5.4","43","130","0.29","0.12","0.036","7.7","0.3","30.4","1.7","1.9","5.4","24","0.47","0.24","0.65","0.09","6.7","0.001","0.8"
"North Western","NM6","2024-11-20","1","Bottom Water","0.5","0.045","0.6","70","4.9","38","120","0.29","0.12","0.035","7.7","0.7","30.1","1.7","1.9","7","24.5","0.46","0.22","0.63","0.09","8.3","0.001","0.9"
"North Western","NM6","2024-12-04","1","Surface Water","0.5","0.045","2.4","65","4.8","3","12","0.41","0.056","0.029","7.7","1","30.2","1.7","2.1","4.5","22.1","0.51","0.21","0.68","0.07","4.4","<0.001","0.9"
"North Western","NM6","2024-12-04","1","Middle Water","0.4","0.048","2.2","81","5.9","2","11","0.41","0.057","0.028","7.7","0.6","30.2","1.7","2.1","4.9","22.1","0.52","0.15","0.62","0.08","4.4","<0.001","0.7"
"North Western","NM6","2024-12-04","1","Bottom Water","0.4","0.047","2.1","80","5.9","2","10","0.41","0.058","0.032","7.7","0.8","30.2","1.7","2.1","5","22.1","0.52","0.17","0.64","0.07","5.2","<0.001","<0.5"
"North Western","NM8","2024-01-17","1","Surface Water","0.8","0.028","2.5","84","6.3","<1","<1","0.13","0.008","<0.002","8.2","2.2","31.7","1.4","0.34","4.7","20.2","0.17","0.19","0.33","0.03","1.1","0.001","1.3"
"North Western","NM8","2024-01-17","1","Middle Water","0.7","0.028","3.2","102","7.7","1","5","0.11","0.007","<0.002","8.2","<0.2","32.1","1.4","0.34","5.7","20.1","0.15","0.11","0.23","0.03","1.2","0.001","1.2"
"North Western","NM8","2024-01-17","1","Bottom Water","0.8","0.024","2.9","98","7.4","1","5","0.11","0.007","<0.002","8.2","<0.2","32.4","1.4","0.32","8.8","20.1","0.14","0.11","0.23","0.03","4.1","0.001","1.8"
"North Western","NM8","2024-02-24","1","Surface Water","0.8","0.069","1.8","91","6.9","2","9","0.36","0.007","0.006","8.2","1.7","29.6","1.9","1.1","3.6","20.3","0.44","0.17","0.54","0.04","1.3","0.003","0.6"
"North Western","NM8","2024-02-24","1","Middle Water","1.1","0.069","1.4","94","7.1","<1","1","0.34","0.007","0.008","8.2","<0.2","31","1.9","0.97","3.2","20.3","0.42","0.23","0.58","0.04","1.8","0.003","0.6"
"North Western","NM8","2024-02-24","1","Bottom Water","1.1","0.065","2.3","93","6.9","1","3","0.26","0.003","0.007","8.2","<0.2","32.2","1.9","0.84","11","20.4","0.33","0.27","0.53","0.04","2.4","0.003","1.6"
"North Western","NM8","2024-03-14","1","Surface Water","0.1","0.044","1.3","78","5.8","<1","1","0.055","<0.002","0.004","8","<0.2","33.9","1.8","0.46","4.6","19.9","0.1","0.16","0.22","0.06","10","0.001","0.9"
"North Western","NM8","2024-03-14","1","Middle Water","<0.1","0.035","1.9","95","7.1","3","3","0.053","<0.002","0.003","8","<0.2","34","1.8","0.45","7.2","19.7","0.09","0.2","0.26","0.05","9.3","<0.001","0.8"
"North Western","NM8","2024-03-14","1","Bottom Water","2","0.034","1.6","89","6.7","<1","<1","0.054","<0.002","<0.002","8","0.8","34","1.8","0.41","13","19.6","0.09","0.19","0.25","0.05","10.6","<0.001","1.9"
"North Western","NM8","2024-04-18","1","Surface Water","1.2","0.036","7.5","114","8.2","1","2","0.89","0.041","<0.002","8.5","1.6","17.3","2.5","2.6","2","26.8","0.97","0.28","1.21","0.05","2.9","0.006","0.8"
"North Western","NM8","2024-04-18","1","Middle Water","1.3","0.074","4.6","88","6.2","1","1","0.45","0.029","0.002","8.3","2.3","28.6","2.5","2","2.9","25.1","0.55","0.27","0.75","0.05","3.2","0.006","1.2"
"North Western","NM8","2024-04-18","1","Bottom Water","1.2","0.081","2.4","64","4.5","<1","1","0.4","0.019","<0.002","8.2","2.2","31.3","2.5","1.5","11","24.5","0.5","0.25","0.67","0.05","5.8","0.005","2.8"
"North Western","NM8","2024-05-16","1","Surface Water","1.2","0.024","10","85","5.9","<1","1","0.26","0.015","<0.002","8.3","3.1","26.5","2.1","0.61","8.1","26.4","0.3","0.26","0.54","0.06","4.1","0.002","2.4"
"North Western","NM8","2024-05-16","1","Middle Water","0.9","0.027","11","119","8.2","1","3","0.19","0.011","<0.002","8.2","3.2","29.2","2.1","0.33","7.1","26","0.23","0.23","0.43","0.06","5.3","0.002","1.9"
"North Western","NM8","2024-05-16","1","Bottom Water","0.7","0.033","11","97","6.6","1","2","0.14","0.009","0.003","8.2","1.3","30","2.1","0.26","5.8","25.9","0.18","0.25","0.4","0.07","5.1","0.002","1.5"
"North Western","NM8","2024-06-20","1","Surface Water","0.6","0.017","2","80","6.1","170","520","1.6","0.12","0.027","7.7","<0.2","3","1.4","11","8.8","28.7","1.74","0.26","1.98","0.05","15.3","<0.001","1.2"
"North Western","NM8","2024-06-20","1","Middle Water","0.8","0.012","1.5","69","5.3","90","510","1.1","0.13","0.028","7.8","0.5","3","1.4","6.7","8.1","28.6","1.24","0.19","1.42","0.06","9.4","<0.001","1.2"
"North Western","NM8","2024-06-20","1","Bottom Water","0.7","0.015","1","58","4.4","230","750","1.2","0.13","0.024","7.9","1.1","3.1","1.4","7.5","9","28.6","1.35","0.19","1.52","0.06","8","<0.001","1.2"
"North Western","NM8","2024-07-15","1","Surface Water","1.9","0.025","6.8","95","6.7","<1","<1","1.1","0.026","0.008","8.2","2.7","12.9","1.7","8.2","2.8","30","1.15","0.3","1.43","0.05","2.9","0.003","0.7"
"North Western","NM8","2024-07-15","1","Middle Water","1.7","0.012","8.4","85","6","<1","3","1.1","0.031","0.009","8.1","3.5","12.9","1.7","6.9","3","29.9","1.14","0.22","1.35","0.04","2.9","0.001","0.7"
"North Western","NM8","2024-07-15","1","Bottom Water","1.4","0.011","7.1","72","5.1","4","12","1.3","0.049","0.018","8","2.9","12.9","1.7","9.6","2.1","30","1.36","0.4","1.75","0.06","3","<0.001","0.5"
"North Western","NM8","2024-08-14","1","Surface Water","0.8","<0.005","3.7","76","5.5","19","60","1.6","0.093","0.036","8","2.1","8.4","1.7","7.1","3.2","29.6","1.7","0.25","1.94","0.06","4.4","<0.001","0.8"
"North Western","NM8","2024-08-14","1","Middle Water","0.6","<0.005","5","73","5.3","15","54","1.4","0.086","0.029","8.1","3","8.6","1.7","7.1","3.8","29.6","1.49","0.25","1.74","0.06","4.2","<0.001","0.8"
"North Western","NM8","2024-08-14","1","Bottom Water","0.8","0.009","3.4","59","4.3","30","58","1.1","0.068","0.025","7.9","2.5","9.1","1.7","6.1","2.7","29.1","1.18","0.24","1.41","0.07","3.8","<0.001","<0.5"
"North Western","NM8","2024-09-23","1","Surface Water","<0.1","0.094","1.2","115","7.7","4","12","0.39","0.13","0.029","8","0.2","25.8","1.6","3.4","1.2","28.8","0.61","0.12","0.64","0.08","6.9","0.005","<0.5"
"North Western","NM8","2024-09-23","1","Middle Water","<0.1","0.1","1.9","72","4.8","2","9","0.18","0.073","0.016","8","<0.2","27.1","1.6","1.8","2.2","28.8","0.35","0.12","0.37","0.06","17.2","0.005","<0.5"
"North Western","NM8","2024-09-23","1","Bottom Water","<0.1","0.13","2.5","72","4.7","13","46","0.3","0.089","0.019","8","1.4","28.8","1.6","2.1","62","28.8","0.52","0.25","0.64","0.15","38.5","0.007","7"
"North Western","NM8","2024-10-16","1","Surface Water","0.8","0.061","2.3","102","6.6","<1","3","0.13","0.024","0.011","7.9","1.1","31.2","1.5","1.4","7.1","28.6","0.22","0.17","0.32","0.14","8.4","0.002","1.4"
"North Western","NM8","2024-10-16","1","Middle Water","0.8","0.062","2.2","76","5","<1","<1","0.12","0.024","0.011","7.9","1.2","31.2","1.5","1.2","8","28.6","0.21","0.15","0.29","0.13","12.2","0.002","0.9"
"North Western","NM8","2024-10-16","1","Bottom Water","0.6","0.056","2.4","63","4.1","<1","<1","0.11","0.025","0.004","7.8","1.6","31.2","1.5","1.2","22","28.5","0.19","0.22","0.36","0.18","43.5","0.002","6.4"
"North Western","NM8","2024-11-20","1","Surface Water","0.3","0.005","0.6","111","7.8","7","44","0.27","0.065","0.023","7.8","0.6","30.8","1.6","1.8","15","23.8","0.34","0.16","0.5","0.09","14.8","<0.001","1.8"
"North Western","NM8","2024-11-20","1","Middle Water","0.2","0.02","1","77","5.5","10","67","0.25","0.058","0.023","7.8","0.7","30.8","1.6","1.8","18","24","0.33","0.2","0.51","0.1","31.7","<0.001","2"
"North Western","NM8","2024-11-20","1","Bottom Water","0.3","0.008","2.4","82","5.7","18","69","0.24","0.055","0.021","7.8","<0.2","31.4","1.6","1.8","29","23.9","0.3","0.17","0.47","0.14","56.8","<0.001","3.2"
"North Western","NM8","2024-12-04","1","Surface Water","0.6","0.013","2.7","105","7.7","<1","1","0.29","0.025","0.022","7.7","1.4","31.3","1.1","2.1","10","22.1","0.33","0.18","0.5","0.07","14.1","<0.001","1.2"
"North Western","NM8","2024-12-04","1","Middle Water","0.5","0.013","2.1","80","5.8","3","11","0.27","0.02","0.021","7.7","0.7","31.5","1.1","1.8","15","22.1","0.3","0.14","0.43","0.08","20.6","<0.001","2"
"North Western","NM8","2024-12-04","1","Bottom Water","0.5","0.01","2.5","79","5.7","1","12","0.25","0.018","0.02","7.7","1.3","31.6","1.1","1.9","23","22.1","0.28","0.12","0.39","0.08","40.3","<0.001","2.4"
"North Western","NT1","2024-01-17","1","Surface Water","0.7","0.091","1.6","91","6.8","170","920","0.18","0.017","0.012","8.1","0.9","30.6","1.7","0.44","2.8","20.6","0.29","0.24","0.44","0.04","0.6","0.004","1"
"North Western","NT1","2024-01-17","1","Bottom Water","0.7","0.082","1.8","98","7.3","150","640","0.18","0.017","0.008","8.1","0.5","30.8","1.7","0.4","2.9","20.4","0.28","0.22","0.42","0.04","0.7","0.003","1"
"North Western","NT1","2024-03-14","1","Surface Water","0.2","0.15","0.5","76","5.7","32","140","0.2","0.007","0.018","7.8","0.3","32.3","1.9","0.92","3.2","19.9","0.36","0.26","0.47","0.07","3.1","0.003","0.6"
"North Western","NT1","2024-03-14","1","Bottom Water","0.3","0.14","0.5","85","6.4","26","100","0.2","0.007","0.019","7.8","<0.2","32.3","1.9","0.93","3","19.8","0.35","0.28","0.49","0.06","3.4","0.003","<0.5"
"North Western","NT1","2024-05-16","1","Surface Water","1.6","0.018","20","84","6","18","71","0.47","0.027","0.004","8.4","5.4","21.2","1.7","1.7","6.6","26.5","0.52","0.35","0.85","0.04","3.5","0.002","2.7"
"North Western","NT1","2024-05-16","1","Bottom Water","0.8","0.037","18","121","8.6","55","190","0.46","0.024","0.012","8.2","5.3","22.7","1.7","1.4","6.1","26.5","0.52","0.32","0.8","0.04","4.6","0.003","2.1"
"North Western","NT1","2024-07-15","1","Surface Water","2.5","0.055","20","98","6.8","170","3100","0.87","0.037","0.034","8.2","6.1","16.5","1.5","7","3.4","29.7","0.96","0.27","1.18","0.07","3","0.006","0.6"
"North Western","NT1","2024-07-15","1","Bottom Water","2.5","0.052","17","117","8.1","230","2900","0.88","0.035","0.031","8.1","7","16.5","1.5","7","3.6","29.7","0.97","0.34","1.26","0.04","3.4","0.005","1.6"
"North Western","NT1","2024-09-23","1","Surface Water","0.5","0.31","1.3","95","6.3","250","4200","0.11","0.037","0.025","7.8","<0.2","26.4","1.8","1.5","8.4","28.9","0.46","0.35","0.5","0.12","4.9","0.012","1.8"
"North Western","NT1","2024-09-23","1","Bottom Water","<0.1","0.2","1.7","85","5.6","160","1200","0.3","0.12","0.038","7.8","<0.2","26.6","1.8","3.8","10","28.9","0.62","0.23","0.65","0.12","5.7","0.008","2.7"
"North Western","NT1","2024-11-20","1","Surface Water","1","<0.005","0.7","86","6.4","20000","110000","0.5","0.045","0.024","7.7","0.4","23.4","1.7","4.2","8.3","23.8","0.55","0.08","0.63","0.13","10.6","<0.001","4"
"North Western","NT1","2024-11-20","1","Bottom Water","0.6","0.16","0.4","96","6.8","5400","15000","0.29","0.096","0.029","7.6","0.3","28.4","1.7","2.1","8.5","24.3","0.55","0.29","0.68","0.13","9","0.003","1.1"
"Port Shelter","PM1","2024-01-24","1","Surface Water","0.6","0.006","2.3","87","6.9","<1","<1","0.009","<0.002","0.002","8","<0.2","33.6","2.5","0.49","2.8","17.3","0.02","0.11","0.12","0.02","0.6","<0.001","1.2"
"Port Shelter","PM1","2024-01-24","1","Middle Water","0.4","0.005","1.5","88","6.9","<1","1","0.01","<0.002","<0.002","8","<0.2","33.7","2.5","0.47","3","17.3","0.02","0.2","0.21","0.02","0.6","<0.001","1"
"Port Shelter","PM1","2024-01-24","1","Bottom Water","0.4","<0.005","1.8","93","7.3","<1","<1","0.009","<0.002","0.006","8","0.9","33.7","2.5","0.42","5","17.3","0.02","0.14","0.15","0.03","0.6","<0.001","1"
"Port Shelter","PM1","2024-02-17","1","Surface Water","<0.1","0.01","0.6","83","6.3","2","3","0.009","<0.002","<0.002","8.2","<0.2","33.9","3.6","0.61","1.2","19.5","0.02","0.06","0.07","0.03","0.2","<0.001","<0.5"
"Port Shelter","PM1","2024-02-17","1","Middle Water","0.3","0.017","0.8","101","7.6","1","2","0.008","<0.002","<0.002","8.2","<0.2","33.9","3.6","0.66","2.8","19.6","0.03","0.06","0.07","0.03","0.2","<0.001","0.9"
"Port Shelter","PM1","2024-02-17","1","Bottom Water","0.4","0.014","0.9","100","7.5","<1","<1","0.008","<0.002","<0.002","8.2","<0.2","33.9","3.6","0.56","1","19.6","0.02","0.1","0.11","0.03","0.3","<0.001","<0.5"
"Port Shelter","PM1","2024-03-04","1","Surface Water","1.2","0.028","2.2","87","6.7","230","410","0.045","<0.002","0.004","8.1","0.3","33.8","2.7","0.67","1.3","18.2","0.08","0.15","0.2","0.03","0.3","<0.001","0.6"
"Port Shelter","PM1","2024-03-04","1","Middle Water","0.6","0.022","1.9","87","6.7","9","190","0.025","<0.002","<0.002","8.1","<0.2","34","2.7","0.57","7.9","18.1","0.05","0.14","0.17","0.04","0.2","<0.001","1.4"
"Port Shelter","PM1","2024-03-04","1","Bottom Water","0.3","0.013","1.1","90","7","10","320","0.03","<0.002","0.003","8.1","<0.2","34","2.7","0.63","1.4","18.1","0.05","0.12","0.15","0.03","0.3","<0.001","<0.5"
"Port Shelter","PM1","2024-04-15","1","Surface Water","1.4","0.01","3.7","89","5.9","1","1","0.01","<0.002","<0.002","8.3","1.2","33.5","3","0.15","7.2","26.8","0.02","0.23","0.24","0.06","0.7","<0.001","1.6"
"Port Shelter","PM1","2024-04-15","1","Middle Water","1.1","0.011","2.2","94","6.2","<1","<1","0.012","<0.002","<0.002","8.3","0.8","33.5","3","0.31","2.1","26.9","0.03","0.22","0.23","0.06","0.9","<0.001","0.8"
"Port Shelter","PM1","2024-04-15","1","Bottom Water","1.1","0.023","1.9","102","6.9","<1","<1","0.008","<0.002","<0.002","8.2","0.6","33.8","3","0.54","3.7","25.2","0.03","0.2","0.21","0.04","1.7","0.002","1.8"
"Port Shelter","PM1","2024-05-27","1","Surface Water","1.6","0.012","4.3","76","5.2","<1","3","0.038","<0.002","<0.002","8.2","1","28.9","2.5","0.86","5.6","27.1","0.05","0.19","0.23","0.07","1.1","<0.001","1.8"
"Port Shelter","PM1","2024-05-27","1","Middle Water","1.6","0.027","2","85","5.8","1","3","0.038","<0.002","<0.002","8.2","1.3","29","2.5","0.8","2","27","0.07","0.2","0.24","0.09","1.2","0.002","1.2"
"Port Shelter","PM1","2024-05-27","1","Bottom Water","1.4","0.027","2.9","86","5.8","<1","<1","0.033","<0.002","<0.002","8.1","1.5","30.3","2.5","0.69","1.8","26.4","0.06","0.18","0.22","0.08","1","0.002","1.1"
"Port Shelter","PM1","2024-06-15","1","Surface Water","2","0.03","9.4","94","6.4","80","720","0.069","<0.002","0.003","8.2","1.6","23.1","1.7","2.1","8.6","28.3","0.1","0.34","0.41","0.04","3.8","0.003","2.4"
"Port Shelter","PM1","2024-06-15","1","Middle Water","1","0.021","7.3","92","6.2","27","290","0.017","<0.002","<0.002","8.2","1.3","26.6","1.7","0.62","1.6","28.2","0.04","0.39","0.41","0.05","3.6","0.002","<0.5"
"Port Shelter","PM1","2024-06-15","1","Bottom Water","0.9","0.022","7.4","86","5.8","35","120","0.017","<0.002","<0.002","8","1.7","28","1.7","0.65","3.9","27.9","0.04","0.42","0.44","0.05","3.5","0.001","1.1"
"Port Shelter","PM1","2024-07-08","1","Surface Water","1.2","0.011","4.9","105","6.5","2","3","0.046","0.003","<0.002","8.4","0.8","26.2","2","0.19","4","33.1","0.06","0.19","0.24","0.06","2.3","0.002","1.7"
"Port Shelter","PM1","2024-07-08","1","Middle Water","1.2","0.008","5.5","111","6.9","<1","2","0.004","<0.002","<0.002","8.4","1.2","26","2","0.07","5.3","33.1","0.01","0.47","0.48","0.06","3.9","0.001","1.2"
"Port Shelter","PM1","2024-07-08","1","Bottom Water","0.9","0.01","4.9","92","5.8","1","2","0.005","<0.002","<0.002","8.1","1.7","26.2","2","<0.05","5.2","32.7","0.02","0.2","0.21","0.05","1.7","<0.001","1.1"
"Port Shelter","PM1","2024-08-08","1","Surface Water","2.7","0.006","3","100","6.2","<1","1","0.021","<0.002","<0.002","8.4","0.3","30","2.8","0.52","2.9","31.9","0.03","0.19","0.21","0.09","1.3","<0.001","0.8"
"Port Shelter","PM1","2024-08-08","1","Middle Water","2.3","0.01","2.9","119","7.6","<1","1","0.034","<0.002","0.004","8.1","0.7","31.2","2.8","0.44","3.5","30","0.05","0.23","0.27","0.11","1.3","<0.001","1.3"
"Port Shelter","PM1","2024-08-08","1","Bottom Water","2.8","0.01","4.3","139","9","2","2","0.023","<0.002","<0.002","7.9","1.6","31.8","2.8","1.1","4.5","29","0.04","0.27","0.3","0.14","2.3","<0.001","1.6"
"Port Shelter","PM1","2024-09-09","1","Surface Water","0.8","0.05","1.7","101","6.6","4","28","0.067","<0.002","<0.002","8","0.5","28.4","2.9","1","3.2","29.5","0.12","0.25","0.32","0.08","1.1","0.003","1.2"
"Port Shelter","PM1","2024-09-09","1","Middle Water","0.6","0.05","1.6","76","4.9","1","18","0.06","<0.002","<0.002","8","<0.2","29.8","2.9","0.94","6.2","29.4","0.11","0.25","0.31","0.09","1.4","0.003","1.7"
"Port Shelter","PM1","2024-09-09","1","Bottom Water","0.6","0.077","1.3","70","4.5","3","21","0.048","<0.002","0.003","7.9","0.2","30.5","2.9","0.92","6.5","29.2","0.13","0.33","0.38","0.1","3.4","0.004","1.7"
"Port Shelter","PM1","2024-10-02","1","Surface Water","0.7","0.006","6.2","63","4","<1","4","0.023","<0.002","<0.002","7.8","0.4","32.6","2.2","0.49","4.3","28.6","0.03","0.26","0.29","0.19","2.2","<0.001","2.2"
"Port Shelter","PM1","2024-10-02","1","Middle Water","0.9","0.016","6","73","4.7","<1","2","0.019","<0.002","<0.002","7.8","0.6","32.5","2.2","0.48","3.1","28.8","0.04","0.13","0.15","0.18","2.3","<0.001","1.4"
"Port Shelter","PM1","2024-10-02","1","Bottom Water","1","0.012","4.5","59","3.8","<1","2","0.017","<0.002","<0.002","7.8","1.5","32.5","2.2","0.51","5.1","28.5","0.03","0.18","0.2","0.16","2.5","<0.001","1.5"
"Port Shelter","PM1","2024-11-11","1","Surface Water","1.1","0.027","2.1","76","5.2","5","6","0.014","<0.002","<0.002","7.9","0.6","32.8","2.3","0.21","5","25.3","0.04","0.13","0.15","0.08","2.6","<0.001","1"
"Port Shelter","PM1","2024-11-11","1","Middle Water","0.4","0.008","2","85","5.8","2","3","0.016","<0.002","<0.002","7.9","1.3","32.8","2.3","0.16","4.2","25.3","0.03","0.11","0.13","0.08","2.9","<0.001","0.5"
"Port Shelter","PM1","2024-11-11","1","Bottom Water","0.4","0.01","2.2","71","4.9","2","4","0.018","<0.002","<0.002","7.9","1.3","32.8","2.3","0.14","5.4","25.3","0.03","0.14","0.16","0.09","3.2","<0.001","1.3"
"Port Shelter","PM1","2024-12-03","1","Surface Water","1.5","0.022","6.4","101","7.3","<1","<1","0.027","<0.002","<0.002","8","3.4","32.2","3.5","0.22","7.1","22.2","0.05","0.23","0.26","0.05","1","<0.001","2.5"
"Port Shelter","PM1","2024-12-03","1","Middle Water","1.3","0.02","6.8","127","9.2","<1","1","0.037","<0.002","0.003","8","2.9","32.1","3.5","0.26","2.5","22.2","0.06","0.17","0.21","0.06","1.5","<0.001","1.8"
"Port Shelter","PM1","2024-12-03","1","Bottom Water","1.3","0.011","5.7","126","9.1","<1","1","0.028","<0.002","<0.002","8","3.4","32.2","3.5","0.3","3.6","22.1","0.04","0.21","0.24","0.04","1.6","<0.001","1.4"
"Port Shelter","PM11","2024-01-24","1","Surface Water","<0.1","0.009","1.1","111","8.4","<1","<1","0.013","<0.002","<0.002","8.1","<0.2","33.8","2.4","0.33","3.9","18.9","0.02","0.07","0.09","<0.02","0.8","<0.001","1.6"
"Port Shelter","PM11","2024-01-24","1","Middle Water","0.1","0.01","0.8","92","7","<1","<1","0.012","<0.002","0.003","8.1","<0.2","33.9","2.4","0.29","4.3","18.9","0.02","0.12","0.13","0.03","0.7","<0.001","0.8"
"Port Shelter","PM11","2024-01-24","1","Bottom Water","0.2","0.006","1.2","92","7.1","<1","<1","0.009","<0.002","0.005","8.1","<0.2","33.8","2.4","0.32","3.4","18.3","0.02","0.12","0.13","0.03","0.7","<0.001","<0.5"
"Port Shelter","PM11","2024-02-17","1","Surface Water","0.2","0.013","0.8","79","6","<1","4","0.009","<0.002","<0.002","8.2","<0.2","34","3.8","0.54","1.3","18.8","0.02","<0.05","0.06","0.03","0.3","<0.001","0.6"
"Port Shelter","PM11","2024-02-17","1","Middle Water","0.2","0.016","2.7","97","7.4","<1","<1","0.004","<0.002","0.002","8.2","<0.2","34","3.8","0.57","11","18.8","0.02","0.09","0.1","0.03","0.2","<0.001","2.7"
"Port Shelter","PM11","2024-02-17","1","Bottom Water","<0.1","0.016","1","95","7.2","<1","<1","0.008","<0.002","<0.002","8.2","<0.2","34","3.8","0.57","3.7","18.5","0.03","0.08","0.09","0.03","0.6","<0.001","0.5"
"Port Shelter","PM11","2024-03-04","1","Surface Water","0.6","0.013","0.9","77","5.8","<1","<1","0.018","<0.002","<0.002","8.1","<0.2","34.3","2.8","0.29","0.9","19.2","0.03","0.12","0.14","0.03","0.1","<0.001","<0.5"
"Port Shelter","PM11","2024-03-04","1","Middle Water","0.7","0.012","0.5","94","7.1","<1","<1","0.015","<0.002","0.003","8.1","0.5","34.3","2.8","0.34","1.3","19.3","0.03","0.1","0.12","0.03","0.2","<0.001","<0.5"
"Port Shelter","PM11","2024-03-04","1","Bottom Water","0.5","0.013","1","92","7","<1","<1","0.022","<0.002","0.003","8.1","<0.2","34.3","2.8","0.36","1","19.1","0.04","0.07","0.09","0.03","0.3","<0.001","<0.5"
"Port Shelter","PM11","2024-04-15","1","Surface Water","1.4","0.008","0.3","101","6.8","<1","<1","0.007","<0.002","<0.002","8.3","<0.2","33.9","6.4","0.33","4.8","25.8","0.02","0.16","0.17","0.05","0.2","<0.001","1.2"
"Port Shelter","PM11","2024-04-15","1","Middle Water","1.2","<0.005","0.3","94","6.5","<1","<1","0.008","<0.002","<0.002","8.3","<0.2","34.2","6.4","0.29","1.9","23.8","0.02","0.14","0.15","0.06","0.7","<0.001","0.6"
"Port Shelter","PM11","2024-04-15","1","Bottom Water","1","<0.005","1.5","87","6","<1","<1","0.008","<0.002","<0.002","8.2","<0.2","34.3","6.4","0.29","8.7","23.7","0.02","0.12","0.13","0.04","2.4","<0.001","2.4"
"Port Shelter","PM11","2024-05-27","1","Surface Water","0.5","0.007","1.1","79","5.4","<1","<1","0.022","<0.002","<0.002","8.2","<0.2","31","3.4","0.35","3.9","26.3","0.03","0.12","0.14","0.08","0.5","<0.001","1.6"
"Port Shelter","PM11","2024-05-27","1","Middle Water","0.4","<0.005","1.1","74","5","<1","2","0.016","<0.002","<0.002","8.2","<0.2","31.9","3.4","0.32","1.6","25.8","0.02","0.14","0.16","0.09","0.4","<0.001","0.7"
"Port Shelter","PM11","2024-05-27","1","Bottom Water","0.5","0.015","0.9","84","5.7","<1","<1","0.018","<0.002","<0.002","8.2","0.8","32.5","3.4","0.32","1.1","25.5","0.04","0.12","0.14","0.09","0.9","<0.001","0.6"
"Port Shelter","PM11","2024-06-15","1","Surface Water","0.3","0.012","3.4","74","5","3","3","0.016","<0.002","0.003","8.1","1.2","32","3.4","0.33","1.9","26.5","0.03","0.47","0.49","0.07","3.1","<0.001","<0.5"
"Port Shelter","PM11","2024-06-15","1","Middle Water","<0.1","0.019","1.8","56","3.8","1","1","0.015","0.004","<0.002","8.1","<0.2","32.1","3.4","0.36","1.5","26.3","0.04","0.66","0.68","0.06","3.2","0.001","<0.5"
"Port Shelter","PM11","2024-06-15","1","Bottom Water","0.1","0.011","1.3","65","4.3","<1","<1","0.017","0.007","<0.002","8.1","<0.2","33.1","3.4","0.38","2.6","26.6","0.04","0.41","0.43","0.07","3.2","<0.001","0.5"
"Port Shelter","PM11","2024-07-08","1","Surface Water","0.6","0.01","3.3","87","5.5","<1","<1","0.007","<0.002","<0.002","8.3","<0.2","28","2.9","0.08","3.1","31.4","0.02","0.21","0.22","0.06","0.9","0.001","0.7"
"Port Shelter","PM11","2024-07-08","1","Middle Water","1","0.007","2.2","89","6","<1","1","0.047","<0.002","<0.002","8","<0.2","33.3","2.9","0.12","2.4","26.4","0.06","0.19","0.24","0.07","0.7","<0.001","2.2"
"Port Shelter","PM11","2024-07-08","1","Bottom Water","0.4","0.012","3.2","72","4.9","<1","2","0.022","<0.002","<0.002","7.8","1","34","2.9","0.4","4.8","26","0.04","0.12","0.14","0.06","1.7","<0.001","0.9"
"Port Shelter","PM11","2024-08-08","1","Surface Water","1.8","0.009","1.3","88","5.7","<1","1","0.028","<0.002","<0.002","8.3","0.4","31.2","3.6","0.22","1.4","29.4","0.04","0.23","0.26","0.09","0.6","0.001","0.5"
"Port Shelter","PM11","2024-08-08","1","Middle Water","0.8","0.007","9.8","89","6.2","1","1","0.03","0.006","0.005","8","3.2","34.7","3.6","0.49","2.7","24","0.04","0.2","0.24","0.13","2.1","<0.001","1.1"
"Port Shelter","PM11","2024-08-08","1","Bottom Water","<0.1","0.005","4.1","73","5.1","<1","<1","0.11","0.002","0.01","7.9","1.8","35","3.6","1.2","6.1","23.6","0.12","0.14","0.25","0.14","3.5","<0.001","0.9"
"Port Shelter","PM11","2024-09-09","1","Surface Water","<0.1","0.052","0.7","99","6.5","2","2","0.04","<0.002","0.004","8","<0.2","30.5","3.3","0.67","4.5","28.9","0.09","0.23","0.27","0.09","1.1","0.003","1.3"
"Port Shelter","PM11","2024-09-09","1","Middle Water","<0.1","0.047","0.8","60","3.9","<1","<1","0.035","<0.002","0.003","8","<0.2","32","3.3","0.68","3.2","28.5","0.08","0.21","0.25","0.11","2.7","0.002","2.3"
"Port Shelter","PM11","2024-09-09","1","Bottom Water","<0.1","0.037","0.3","59","3.8","<1","<1","0.036","<0.002","0.013","7.9","<0.2","32.2","3.3","0.63","3.8","28.5","0.08","0.17","0.21","0.11","3.5","0.002","1"
"Port Shelter","PM11","2024-10-02","1","Surface Water","0.5","0.01","1.9","100","6.7","3","3","0.022","<0.002","<0.002","7.8","<0.2","27.6","6.5","0.34","1.8","28.6","0.03","0.16","0.18","0.12","26","<0.001","0.9"
"Port Shelter","PM11","2024-10-02","1","Middle Water","0.5","0.024","1.9","77","4.9","<1","1","0.021","<0.002","<0.002","7.8","<0.2","32.3","6.5","0.36","1.6","29.1","0.05","0.17","0.19","0.14","0.7","<0.001","0.9"
"Port Shelter","PM11","2024-10-02","1","Bottom Water","0.5","0.007","0.8","75","4.8","1","1","0.019","<0.002","<0.002","7.7","0.5","33","6.5","0.44","2.5","29.1","0.03","0.14","0.16","0.17","2.6","<0.001","1"
"Port Shelter","PM11","2024-11-11","1","Surface Water","0.6","0.048","2.7","74","5.1","7","8","0.024","<0.002","<0.002","7.8","0.8","32.8","1.8","0.19","3.7","25.2","0.07","0.11","0.14","0.09","3.1","0.001","0.6"
"Port Shelter","PM11","2024-11-11","1","Middle Water","2","0.018","0.9","75","5.1","9","13","0.1","0.021","0.01","7.8","0.5","32.7","1.8","1.2","5.8","25.4","0.14","0.11","0.23","0.09","3.7","<0.001","0.8"
"Port Shelter","PM11","2024-11-11","1","Bottom Water","0.2","0.009","1.3","62","4.2","3","3","0.073","0.02","0.009","7.8","<0.2","32.8","1.8","1.1","3.7","25.4","0.1","0.12","0.21","0.1","4.3","<0.001","<0.5"
"Port Shelter","PM11","2024-12-03","1","Surface Water","<0.1","0.011","1","109","8.2","<1","1","0.21","0.007","0.02","7.6","<0.2","27.4","4.8","2","3","22.1","0.23","0.12","0.34","0.07","3.1","<0.001","1.1"
"Port Shelter","PM11","2024-12-03","1","Middle Water","<0.1","0.014","0.8","80","5.7","<1","<1","0.21","0.005","0.018","7.7","0.8","32","4.8","1.8","2","22.3","0.23","0.1","0.32","0.08","1","<0.001","0.7"
"Port Shelter","PM11","2024-12-03","1","Bottom Water","<0.1","0.017","1","78","5.6","<1","<1","0.18","0.005","0.019","7.7","0.8","32.1","4.8","1.7","1.1","22.2","0.2","0.12","0.31","0.09","0.9","<0.001","0.5"
"Port Shelter","PM2","2024-01-24","1","Surface Water","0.4","0.008","2.2","87","6.8","6","27","0.009","<0.002","<0.002","8","<0.2","33.5","2.3","0.41","4.9","17.6","0.02","0.14","0.15","0.02","0.3","<0.001","1.3"
"Port Shelter","PM2","2024-01-24","1","Middle Water","0.3","<0.005","2","92","7.2","3","9","0.009","<0.002","0.003","8","<0.2","33.7","2.3","0.42","3.2","17.7","0.02","0.15","0.16","0.03","0.3","<0.001","0.8"
"Port Shelter","PM2","2024-01-24","1","Bottom Water","0.3","0.009","2.6","94","7.3","29","69","0.008","<0.002","0.003","8","<0.2","33.7","2.3","0.39","4.7","17.7","0.02","0.14","0.15","0.03","0.3","<0.001","1.3"
"Port Shelter","PM2","2024-02-17","1","Surface Water","0.4","0.013","0.9","82","6.2","7","12","0.009","<0.002","0.004","8.2","<0.2","33.8","4","0.57","0.9","19.4","0.02","<0.05","0.06","0.03","0.2","<0.001","0.5"
"Port Shelter","PM2","2024-02-17","1","Middle Water","0.2","0.012","0.9","98","7.4","9","24","0.008","<0.002","<0.002","8.2","0.3","33.9","4","0.54","5.6","19.4","0.02","0.06","0.07","0.03","0.2","<0.001","1.4"
"Port Shelter","PM2","2024-02-17","1","Bottom Water","0.4","0.017","0.6","99","7.5","9","18","0.008","<0.002","0.003","8.2","<0.2","33.9","4","0.52","8.1","19.1","0.03","0.05","0.06","0.03","0.2","<0.001","1.9"
"Port Shelter","PM2","2024-03-04","1","Surface Water","0.5","0.02","1.8","77","5.9","2","3","0.026","<0.002","0.002","8.1","<0.2","34","2.7","0.51","0.9","18.6","0.05","0.12","0.15","0.04","0.2","<0.001","0.6"
"Port Shelter","PM2","2024-03-04","1","Middle Water","0.5","0.012","1.6","92","7","3","4","0.026","<0.002","0.003","8.1","<0.2","34","2.7","0.56","1.5","18.6","0.04","0.22","0.25","0.04","0.2","<0.001","<0.5"
"Port Shelter","PM2","2024-03-04","1","Bottom Water","0.3","0.016","1.3","89","6.8","1","2","0.034","<0.002","0.003","8.1","<0.2","34.1","2.7","0.57","1.1","18.6","0.05","0.11","0.15","0.03","0.2","<0.001","<0.5"
"Port Shelter","PM2","2024-04-15","1","Surface Water","1.4","0.012","4.5","96","6.3","<1","4","0.012","<0.002","<0.002","8.3","1.2","33.5","2.9","0.2","6.7","26.7","0.03","0.24","0.25","0.06","0.9","0.001","1.6"
"Port Shelter","PM2","2024-04-15","1","Middle Water","0.9","0.01","1.4","100","6.7","1","9","0.014","<0.002","<0.002","8.3","0.7","33.5","2.9","0.31","6.1","26.6","0.03","0.23","0.25","0.06","0.8","<0.001","1.6"
"Port Shelter","PM2","2024-04-15","1","Bottom Water","0.6","<0.005","1.1","94","6.6","<1","<1","0.007","<0.002","<0.002","8.3","<0.2","34.1","2.9","0.49","3","23.7","0.01","0.13","0.14","0.04","0.5","<0.001","1.1"
"Port Shelter","PM2","2024-05-27","1","Surface Water","1.6","0.007","3.6","95","6.5","4","22","0.04","<0.002","<0.002","8.2","1","29.3","2.6","0.64","2.8","26.8","0.05","0.17","0.21","0.08","1.2","<0.001","0.7"
"Port Shelter","PM2","2024-05-27","1","Middle Water","1","0.032","1.9","99","6.7","11","35","0.038","<0.002","<0.002","8.2","1.4","29.6","2.6","0.64","3.4","26.7","0.07","0.19","0.23","0.09","1.1","0.002","1.4"
"Port Shelter","PM2","2024-05-27","1","Bottom Water","0.8","0.042","2.2","90","6.1","1","15","0.033","<0.002","<0.002","8.1","0.5","31","2.6","0.5","1.6","26.3","0.08","0.18","0.22","0.09","1.5","0.002","1.1"
"Port Shelter","PM2","2024-06-15","1","Surface Water","0.8","0.023","5","78","5.2","170","780","0.072","<0.002","<0.002","8.1","1.3","25.9","1.4","1.5","5.8","28.1","0.1","0.42","0.49","0.04","3.7","0.002","1.4"
"Port Shelter","PM2","2024-06-15","1","Middle Water","0.8","0.013","6.6","81","5.5","110","400","0.034","0.006","<0.002","8.1","1.2","27","1.4","0.85","4.1","28","0.05","0.7","0.74","0.05","3.5","<0.001","1"
"Port Shelter","PM2","2024-06-15","1","Bottom Water","0.5","0.012","4.3","65","4.4","95","220","0.034","0.035","0.005","7.9","0.5","27.2","1.4","1","3.8","28","0.08","0.5","0.57","0.07","3.6","<0.001","1"
"Port Shelter","PM2","2024-07-08","1","Surface Water","1.2","0.01","5.6","84","5.3","5","58","0.076","<0.002","<0.002","8.4","1.6","26.5","1.6","0.06","5.5","32.7","0.09","0.23","0.31","0.06","2.3","0.002","1.8"
"Port Shelter","PM2","2024-07-08","1","Middle Water","1","0.012","6.3","91","5.7","19","160","0.019","<0.002","<0.002","8.2","1.1","26.3","1.6","0.05","9.4","32.7","0.03","0.27","0.29","0.07","1.6","0.001","1.4"
"Port Shelter","PM2","2024-07-08","1","Bottom Water","0.6","0.02","5.1","81","5.1","5","82","0.015","<0.002","<0.002","7.9","1.6","26.5","1.6","0.29","6.2","32.2","0.04","0.15","0.17","0.06","1.4","0.001","1.1"
"Port Shelter","PM2","2024-08-08","1","Surface Water","2.3","0.011","4.4","79","4.9","30","210","0.03","<0.002","<0.002","8.4","0.5","30.3","2.6","0.52","2.5","31.2","0.04","0.24","0.27","0.1","1.3","0.002","1.1"
"Port Shelter","PM2","2024-08-08","1","Middle Water","3","0.006","6.8","99","6.3","36","210","0.025","<0.002","0.006","8.1","1.9","30.7","2.6","0.83","2.3","30.3","0.03","0.34","0.37","0.13","1.3","<0.001","1.5"
"Port Shelter","PM2","2024-08-08","1","Bottom Water","1.2","0.009","9.5","117","8","10","59","0.024","<0.002","0.004","7.8","2.8","34.6","2.6","1.6","2.6","24.5","0.04","1","1.03","0.09","1.9","<0.001","0.5"
"Port Shelter","PM2","2024-09-09","1","Surface Water","0.8","0.049","1.9","102","6.6","38","260","0.076","<0.002","<0.002","8","0.3","28.3","2.8","0.97","3.7","29.5","0.13","0.24","0.32","0.08","1","0.003","1.2"
"Port Shelter","PM2","2024-09-09","1","Middle Water","0.5","0.056","1","77","5","44","160","0.057","<0.002","0.003","8","0.3","29.6","2.8","0.74","4.6","29.5","0.12","0.27","0.33","0.1","0.9","0.003","2.2"
"Port Shelter","PM2","2024-09-09","1","Bottom Water","0.4","0.053","1.2","63","4.1","25","130","0.048","<0.002","0.003","8","<0.2","29.8","2.8","0.76","2.7","29.3","0.1","0.21","0.26","0.1","2.3","0.003","0.9"
"Port Shelter","PM2","2024-10-02","1","Surface Water","1.2","0.045","9","99","6.4","<1","25","0.023","<0.002","0.003","7.8","<0.2","32.7","2.4","0.64","3.2","29","0.07","0.41","0.44","0.14","1.8","0.001","1.7"
"Port Shelter","PM2","2024-10-02","1","Middle Water","1","0.027","7.1","67","4.3","2","25","0.024","<0.002","<0.002","7.7","2.1","32.7","2.4","0.69","3.4","29","0.05","0.18","0.21","0.15","1.5","<0.001","1.7"
"Port Shelter","PM2","2024-10-02","1","Bottom Water","1.2","0.017","9.4","58","3.7","3","20","0.018","<0.002","<0.002","7.7","1","32.6","2.4","0.63","7.8","29","0.04","0.16","0.18","0.18","2.1","<0.001","2.4"
"Port Shelter","PM2","2024-11-11","1","Surface Water","0.6","0.025","2","63","4.3","39","150","0.11","0.019","0.011","7.9","1.2","32.7","2.1","1.2","1.8","25.2","0.15","0.14","0.27","0.08","1.6","<0.001","<0.5"
"Port Shelter","PM2","2024-11-11","1","Middle Water","0.8","0.025","1.9","72","4.9","32","170","0.023","<0.002","<0.002","7.9","1.7","32.7","2.1","0.2","2.8","25.3","0.05","0.15","0.18","0.08","1.6","<0.001","0.5"
"Port Shelter","PM2","2024-11-11","1","Bottom Water","<0.1","0.015","2","65","4.4","24","220","0.022","<0.002","<0.002","7.9","1.4","32.7","2.1","0.18","4","25.2","0.04","0.13","0.15","0.1","1.7","<0.001","0.8"
"Port Shelter","PM2","2024-12-03","1","Surface Water","2","0.013","8.8","90","6.4","2","13","0.029","<0.002","<0.002","8","1.7","32.1","2.7","0.11","3.3","22.6","0.04","0.38","0.41","0.11","1.5","<0.001","1.3"
"Port Shelter","PM2","2024-12-03","1","Middle Water","2","0.009","7","123","8.9","12","53","0.029","<0.002","<0.002","8","5","32.1","2.7","0.12","2.7","22.5","0.04","0.18","0.21","0.06","1.1","<0.001","1.7"
"Port Shelter","PM2","2024-12-03","1","Bottom Water","1.4","0.014","6.9","125","9","16","78","0.049","<0.002","0.003","7.9","2.5","32.2","2.7","0.16","2.8","22.3","0.07","0.22","0.27","0.05","1.7","<0.001","1"
"Port Shelter","PM3","2024-01-24","1","Surface Water","0.3","<0.005","2.1","93","7.2","2","10","0.01","0.003","0.005","8","<0.2","33.5","2.8","0.38","1.9","17.8","0.02","0.09","0.1","0.02","0.5","<0.001","0.7"
"Port Shelter","PM3","2024-01-24","1","Middle Water","0.3","<0.005","2.3","94","7.3","<1","1","0.012","<0.002","0.005","8","<0.2","33.7","2.8","0.38","6.7","17.9","0.02","0.19","0.2","0.03","0.4","<0.001","1.4"
"Port Shelter","PM3","2024-01-24","1","Bottom Water","0.1","0.011","2.2","90","7","6","12","0.01","<0.002","<0.002","8","<0.2","33.7","2.8","0.35","3.1","17.6","0.02","0.19","0.2","0.03","0.8","<0.001","0.6"
"Port Shelter","PM3","2024-02-17","1","Surface Water","1.9","0.012","0.4","86","6.5","<1","<1","0.017","<0.002","<0.002","8.2","0.3","33.8","3.3","0.6","2","19.4","0.03","<0.05","0.07","0.03","0.2","<0.001","0.8"
"Port Shelter","PM3","2024-02-17","1","Middle Water","0.3","0.012","0.7","100","7.6","1","1","0.008","<0.002","<0.002","8.2","0.4","33.9","3.3","0.49","11","19.1","0.02","0.08","0.09","0.03","0.1","<0.001","2.8"
"Port Shelter","PM3","2024-02-17","1","Bottom Water","0.3","0.013","0.7","94","7.3","1","1","0.009","<0.002","<0.002","8.2","<0.2","33.9","3.3","0.49","0.8","18.3","0.02","0.25","0.26","0.03","0.3","<0.001","<0.5"
"Port Shelter","PM3","2024-03-04","1","Surface Water","0.5","0.019","2.4","92","7","2","2","0.03","<0.002","0.002","8.1","<0.2","34","2.8","0.56","1.7","18.7","0.05","0.15","0.18","0.04","0.8","<0.001","0.6"
"Port Shelter","PM3","2024-03-04","1","Middle Water","1.3","0.006","1.2","92","7","1","2","0.018","<0.002","<0.002","8.1","<0.2","34.1","2.8","0.6","1.2","18.6","0.03","0.11","0.13","0.04","0.3","<0.001","<0.5"
"Port Shelter","PM3","2024-03-04","1","Bottom Water","0.4","0.031","1.2","91","7","3","5","0.019","<0.002","0.002","8.1","<0.2","34.1","2.8","0.55","2.1","18.5","0.05","0.11","0.13","0.03","0.3","<0.001","0.9"
"Port Shelter","PM3","2024-04-15","1","Surface Water","1.1","0.015","1.3","92","6.1","<1","<1","0.013","<0.002","0.003","8.3","0.4","33.5","4.3","0.22","3.4","26.2","0.03","0.19","0.21","0.05","0.5","0.001","1.2"
"Port Shelter","PM3","2024-04-15","1","Middle Water","1.1","0.009","0.7","89","6.1","<1","<1","0.007","<0.002","<0.002","8.3","0.4","33.8","4.3","0.41","1.8","24.9","0.02","0.17","0.18","0.05","0.4","<0.001","1"
"Port Shelter","PM3","2024-04-15","1","Bottom Water","0.8","0.01","1.5","83","5.8","<1","<1","0.01","<0.002","<0.002","8.2","0.5","34.1","4.3","0.47","3.2","23.5","0.02","0.15","0.16","0.04","1.3","<0.001","1.1"
"Port Shelter","PM3","2024-05-27","1","Surface Water","1","0.009","2.1","89","6.1","<1","<1","0.053","<0.002","<0.002","8.2","1.1","29.1","2.6","0.73","1.9","26.8","0.06","0.16","0.22","0.08","0.9","<0.001","0.9"
"Port Shelter","PM3","2024-05-27","1","Middle Water","0.8","0.024","1.3","90","6.1","<1","<1","0.034","<0.002","<0.002","8.1","0.7","30.9","2.6","0.47","4.6","26.1","0.06","0.2","0.24","0.1","0.5","0.002","1.5"
"Port Shelter","PM3","2024-05-27","1","Bottom Water","0.9","0.043","1.3","86","5.9","<1","<1","0.035","0.004","<0.002","8.1","0.4","31.9","2.6","0.61","1.2","25.8","0.08","0.16","0.2","0.1","1","0.003","0.6"
"Port Shelter","PM3","2024-06-15","1","Surface Water","1.3","0.018","7.5","75","5","49","150","0.036","<0.002","<0.002","8.2","3.3","27.4","2.3","0.74","2.9","28","0.06","0.4","0.44","0.05","3.6","0.001","0.6"
"Port Shelter","PM3","2024-06-15","1","Middle Water","0.9","0.02","6.3","70","4.7","22","170","0.023","0.018","0.004","7.9","1.4","27.7","2.3","0.69","3.2","27.7","0.06","0.43","0.47","0.06","3.5","<0.001","0.6"
"Port Shelter","PM3","2024-06-15","1","Bottom Water","0.4","0.013","2.5","55","3.8","15","48","0.022","0.022","0.004","8.1","0.5","28.3","2.3","0.72","2.1","26.7","0.06","0.42","0.46","0.07","3.5","<0.001","0.5"
"Port Shelter","PM3","2024-07-08","1","Surface Water","0.7","0.01","4.2","106","6.7","<1","6","0.04","0.002","0.003","8.4","0.5","26.5","2","0.08","7.6","32.4","0.05","0.27","0.31","0.06","0.7","0.002","1"
"Port Shelter","PM3","2024-07-08","1","Middle Water","1","0.012","3.8","80","5.1","2","6","0.017","<0.002","<0.002","8","1.8","26.5","2","<0.05","3.4","32.1","0.03","0.26","0.28","0.07","0.6","<0.001","1.4"
"Port Shelter","PM3","2024-07-08","1","Bottom Water","0.7","0.011","2.5","79","5.3","1","6","0.013","<0.002","<0.002","7.8","1.3","29.3","2","0.4","11","27.4","0.03","0.14","0.16","0.07","1.4","<0.001","1.1"
"Port Shelter","PM3","2024-08-08","1","Surface Water","3.1","0.009","6.1","103","6.5","<1","5","0.026","<0.002","<0.002","8.4","<0.2","30.6","2.8","0.42","1.8","30.6","0.04","0.28","0.31","0.1","1","0.001","0.9"
"Port Shelter","PM3","2024-08-08","1","Middle Water","2.8","0.009","8.8","126","8.6","<1","2","0.024","<0.002","<0.002","8.1","2.9","34.1","2.8","0.82","2.4","25.2","0.04","0.26","0.29","0.13","1.1","<0.001","1.4"
"Port Shelter","PM3","2024-08-08","1","Bottom Water","1.2","0.012","9.9","92","6.4","<1","1","0.063","0.004","0.006","7.9","2.3","35.4","2.8","1.6","4.2","23.4","0.08","0.32","0.39","0.16","2.5","<0.001","0.9"
"Port Shelter","PM3","2024-09-09","1","Surface Water","0.7","0.043","1.2","99","6.4","4","33","0.056","<0.002","<0.002","8.1","0.2","28.9","3","0.87","1.8","29.4","0.1","0.25","0.31","0.07","1.7","0.003","0.8"
"Port Shelter","PM3","2024-09-09","1","Middle Water","0.3","0.033","0.7","66","4.3","1","13","0.043","<0.002","0.005","8","0.6","30","3","0.65","4.3","29.1","0.08","0.24","0.29","0.1","1.7","0.002","1.1"
"Port Shelter","PM3","2024-09-09","1","Bottom Water","0.4","0.05","0.6","61","4","1","9","0.036","<0.002","0.004","8","<0.2","31.9","3","0.66","4.4","28.6","0.09","0.21","0.25","0.11","2.8","0.003","1.2"
"Port Shelter","PM3","2024-10-02","1","Surface Water","1.1","0.018","5.2","86","5.5","1","2","0.02","<0.002","<0.002","7.8","<0.2","32.5","3.5","0.57","2","29","0.04","0.22","0.24","0.11","0.8","<0.001","1.2"
"Port Shelter","PM3","2024-10-02","1","Middle Water","0.9","0.019","4.8","61","4","<1","5","0.022","<0.002","0.007","7.8","0.6","32.6","3.5","0.51","2.2","28.2","0.04","0.14","0.16","0.14","0.9","<0.001","1.1"
"Port Shelter","PM3","2024-10-02","1","Bottom Water","0.8","0.015","7.3","52","3.4","4","9","0.022","0.005","<0.002","7.7","0.9","32.2","3.5","0.79","2.8","28.5","0.04","0.22","0.25","0.17","2.6","<0.001","1.1"
"Port Shelter","PM3","2024-11-11","1","Surface Water","<0.1","0.013","2.2","74","5","9","11","0.02","<0.002","<0.002","7.9","1.6","32.7","3.1","0.19","5.8","25.3","0.04","0.13","0.15","0.08","1.7","<0.001","1.3"
"Port Shelter","PM3","2024-11-11","1","Middle Water","<0.1","0.009","2.3","75","5.1","<1","2","0.017","<0.002","<0.002","7.9","1.7","32.7","3.1","0.14","3.4","25.3","0.03","0.15","0.17","0.08","1.7","<0.001","1"
"Port Shelter","PM3","2024-11-11","1","Bottom Water","0.3","0.009","2.5","67","4.6","1","5","0.019","<0.002","0.005","7.9","1.4","32.8","3.1","0.19","3.5","25.3","0.03","0.12","0.14","0.1","4.2","<0.001","0.8"
"Port Shelter","PM3","2024-12-03","1","Surface Water","1.9","0.024","10","95","7.2","8","20","0.034","<0.002","0.003","8","2.8","22.8","3.3","0.4","2.4","22.6","0.06","0.24","0.28","0.06","1.3","<0.001","1.3"
"Port Shelter","PM3","2024-12-03","1","Middle Water","1.6","0.034","11","116","8.3","1","20","0.04","<0.002","0.004","7.9","6.8","32.2","3.3","0.54","2.3","22.3","0.08","0.22","0.26","0.07","0.9","<0.001","1.4"
"Port Shelter","PM3","2024-12-03","1","Bottom Water","0.9","0.024","11","107","7.7","5","8","0.046","<0.002","0.004","7.9","2.4","32.2","3.3","0.29","2.5","22.2","0.07","0.21","0.26","0.05","1.1","<0.001","1.2"
"Port Shelter","PM4","2024-01-24","1","Surface Water","0.2","0.009","1.4","93","7.2","2","2","0.009","<0.002","<0.002","8.1","<0.2","33.6","2.1","0.43","7","17.7","0.02","0.15","0.16","0.02","0.5","<0.001","0.6"
"Port Shelter","PM4","2024-01-24","1","Middle Water","<0.1","0.007","1.6","87","6.8","<1","3","0.01","<0.002","0.003","8.1","<0.2","33.8","2.1","0.43","8.6","17.7","0.02","0.11","0.12","0.03","0.4","<0.001","2"
"Port Shelter","PM4","2024-01-24","1","Bottom Water","0.3","<0.005","2","92","7.2","1","1","0.008","<0.002","<0.002","8.1","0.2","33.6","2.1","0.44","2.6","17.3","0.02","0.22","0.23","0.03","0.5","<0.001","0.5"
"Port Shelter","PM4","2024-02-17","1","Surface Water","0.4","0.013","0.6","86","6.5","<1","2","0.012","<0.002","<0.002","8.2","<0.2","34","2.8","0.71","2.5","19.2","0.03","0.05","0.06","0.03","0.4","<0.001","0.8"
"Port Shelter","PM4","2024-02-17","1","Middle Water","0.4","0.02","0.5","95","7.2","<1","1","0.009","<0.002","0.004","8.2","0.2","34","2.8","0.63","7.2","19.2","0.03","0.06","0.07","0.03","0.4","<0.001","1.9"
"Port Shelter","PM4","2024-02-17","1","Bottom Water","0.7","0.015","0.5","97","7.3","<1","<1","0.009","<0.002","<0.002","8.2","<0.2","34","2.8","0.65","1.7","19.2","0.03","0.2","0.21","0.04","0.5","<0.001","<0.5"
"Port Shelter","PM4","2024-03-04","1","Surface Water","0.7","0.013","3","91","7.1","<1","<1","0.03","<0.002","<0.002","8.1","0.2","34","2.2","0.64","1.9","17.8","0.05","0.16","0.19","0.04","0.4","<0.001","0.7"
"Port Shelter","PM4","2024-03-04","1","Middle Water","0.9","0.013","2.4","91","7.1","<1","<1","0.027","<0.002","0.004","8.1","<0.2","34.1","2.2","0.66","2.1","17.8","0.04","0.16","0.19","0.04","0.4","<0.001","0.8"
"Port Shelter","PM4","2024-03-04","1","Bottom Water","0.9","0.015","3.1","91","7.1","2","3","0.028","<0.002","<0.002","8.1","<0.2","34.1","2.2","0.66","2.4","17.8","0.05","0.17","0.2","0.03","0.5","<0.001","0.9"
"Port Shelter","PM4","2024-04-15","1","Surface Water","1","0.021","0.7","86","5.7","<1","<1","0.016","<0.002","0.003","8.2","<0.2","33.7","3.3","0.42","1.4","26.7","0.04","0.18","0.2","0.06","0.9","0.002","0.8"
"Port Shelter","PM4","2024-04-15","1","Middle Water","1","0.012","1.1","80","5.3","<1","<1","0.011","<0.002","<0.002","8.2","<0.2","33.8","3.3","0.46","3.4","26.4","0.03","0.19","0.2","0.06","0.9","<0.001","1.2"
"Port Shelter","PM4","2024-04-15","1","Bottom Water","0.9","0.016","1.1","82","5.6","<1","<1","0.01","<0.002","<0.002","8.2","<0.2","33.9","3.3","0.45","4.2","25.7","0.03","0.13","0.14","0.04","1","0.001","1.2"
"Port Shelter","PM4","2024-05-27","1","Surface Water","1.1","0.012","2.7","90","6.1","1","2","0.032","<0.002","<0.002","8.2","0.9","29.5","3","0.87","1.2","26.8","0.05","0.22","0.25","0.08","1.1","<0.001","1"
"Port Shelter","PM4","2024-05-27","1","Middle Water","1.5","0.021","1.8","84","5.7","<1","2","0.029","<0.002","<0.002","8.2","1.1","29.6","3","0.78","2.6","26.7","0.05","0.15","0.18","0.09","1","0.002","1.5"
"Port Shelter","PM4","2024-05-27","1","Bottom Water","0.9","0.033","1.3","90","6.1","<1","1","0.028","<0.002","<0.002","8.1","0.7","30.9","3","0.71","1.7","26.3","0.06","0.21","0.24","0.37","1.5","0.002","0.9"
"Port Shelter","PM4","2024-06-15","1","Surface Water","0.5","0.017","3.5","97","6.7","270","1000","0.082","<0.002","<0.002","8.1","0.6","22.7","1.3","5.5","9.5","28.1","0.1","0.37","0.45","0.02","3.8","0.001","1.8"
"Port Shelter","PM4","2024-06-15","1","Middle Water","0.6","0.02","4.6","84","5.6","40","240","0.027","<0.002","<0.002","8.1","1.4","27.3","1.3","1.3","2.9","28.3","0.05","0.42","0.45","0.05","3.5","0.002","0.7"
"Port Shelter","PM4","2024-06-15","1","Bottom Water","0.3","0.02","2.9","82","5.5","88","480","0.056","<0.002","0.003","8","0.8","29.2","1.3","4.2","6.6","27.9","0.08","0.33","0.39","0.04","3.5","0.001","1.7"
"Port Shelter","PM4","2024-07-08","1","Surface Water","0.9","0.017","4.9","101","6.4","<1","6","0.037","0.002","<0.002","8.3","1.3","26.4","1.8","0.06","3.5","32.4","0.06","0.22","0.26","0.06","3","0.002","1.4"
"Port Shelter","PM4","2024-07-08","1","Middle Water","1","0.012","4","101","6.4","<1","2","0.012","<0.002","<0.002","8.2","1.8","26.6","1.8","0.07","5.1","32.2","0.03","0.19","0.2","0.05","4.5","0.001","1.6"
"Port Shelter","PM4","2024-07-08","1","Bottom Water","1","0.016","4.2","90","5.8","<1","5","0.011","<0.002","<0.002","8","1.9","28.2","1.8","0.16","6.2","30.2","0.03","0.18","0.19","0.05","2.2","0.001","1.2"
"Port Shelter","PM4","2024-08-08","1","Surface Water","2.2","<0.005","2","101","6.4","<1","30","0.026","<0.002","<0.002","8.4","0.7","30.8","3.3","0.48","1.3","30.5","0.03","0.19","0.22","0.1","1.4","<0.001","1"
"Port Shelter","PM4","2024-08-08","1","Middle Water","3","<0.005","3.7","122","7.8","1","10","0.025","<0.002","<0.002","8.3","0.4","31.1","3.3","0.54","2.1","30.1","0.03","0.19","0.22","0.11","1.7","<0.001","0.8"
"Port Shelter","PM4","2024-08-08","1","Bottom Water","2.1","0.009","6.7","110","7.4","<1","1","0.022","<0.002","0.006","8.1","1.6","33.9","3.3","0.97","6.1","25.7","0.03","0.35","0.37","0.16","3.3","<0.001","1.9"
"Port Shelter","PM4","2024-09-09","1","Surface Water","0.3","0.042","1.1","98","6.4","3","18","0.062","<0.002","<0.002","8","<0.2","27.3","2.5","1.7","1.2","29.3","0.11","0.21","0.27","0.07","1.2","0.003","<0.5"
"Port Shelter","PM4","2024-09-09","1","Middle Water","0.1","0.058","1.4","75","4.9","2","9","0.046","<0.002","<0.002","8","0.5","29.5","2.5","1.1","4.7","29.4","0.11","0.23","0.28","0.1","1.3","0.004","1.4"
"Port Shelter","PM4","2024-09-09","1","Bottom Water","0.2","0.061","1","73","4.7","1","8","0.042","<0.002","<0.002","8","0.4","30.8","2.5","1","4.6","29","0.11","0.2","0.24","0.1","1.9","0.003","1.2"
"Port Shelter","PM4","2024-10-02","1","Surface Water","0.8","0.013","3.5","68","4.4","<1","3","0.02","<0.002","<0.002","7.8","<0.2","32.3","3.8","0.55","3.2","28.6","0.04","0.25","0.27","0.12","1","<0.001","1.7"
"Port Shelter","PM4","2024-10-02","1","Middle Water","0.9","0.019","3","69","4.5","<1","3","0.019","<0.002","0.002","7.8","0.5","32.3","3.8","0.51","2.3","28.7","0.04","0.14","0.16","0.16","1","<0.001","1.2"
"Port Shelter","PM4","2024-10-02","1","Bottom Water","0.8","0.033","2.8","69","4.4","<1","3","0.018","<0.002","<0.002","7.8","0.8","32.2","3.8","0.52","2.6","28.7","0.05","0.32","0.34","0.17","1.2","0.001","1.1"
"Port Shelter","PM4","2024-11-11","1","Surface Water","0.6","0.012","2.2","88","6","6","30","0.021","<0.002","<0.002","7.9","0.6","32.8","2.4","0.34","3.9","25.3","0.04","0.11","0.13","0.08","3.8","<0.001","0.9"
"Port Shelter","PM4","2024-11-11","1","Middle Water","0.4","<0.005","3.2","81","5.5","13","58","0.03","0.002","<0.002","7.9","0.7","32.8","2.4","0.39","4.8","25.3","0.04","0.13","0.16","0.11","3.7","<0.001","0.8"
"Port Shelter","PM4","2024-11-11","1","Bottom Water","0.2","0.023","2.5","73","5","1","29","0.023","<0.002","<0.002","7.9","1.9","32.8","2.4","0.38","5.6","25.3","0.05","0.12","0.15","0.1","3.6","<0.001","0.9"
"Port Shelter","PM4","2024-12-03","1","Surface Water","0.9","0.037","4","91","6.6","<1","<1","0.097","0.002","0.008","7.8","3.1","32.1","4.5","1.2","5","22.2","0.14","0.17","0.27","0.07","1.3","<0.001","1.5"
"Port Shelter","PM4","2024-12-03","1","Middle Water","0.8","0.032","5.2","99","7.2","<1","4","0.097","<0.002","0.009","7.8","2.9","32.1","4.5","1.2","3.3","22.2","0.13","0.17","0.27","0.07","1.2","<0.001","1.6"
"Port Shelter","PM4","2024-12-03","1","Bottom Water","0.7","0.033","6.2","94","6.8","<1","<1","0.099","0.002","0.009","7.8","2.3","32.1","4.5","1.2","4.6","22.2","0.13","0.18","0.28","0.06","1.5","<0.001","1.2"
"Port Shelter","PM6","2024-01-24","1","Surface Water","0.4","0.01","2.2","97","7.5","1","9","0.011","<0.002","<0.002","7.9","<0.2","33.4","2.1","0.48","2.9","17.8","0.02","0.23","0.24","0.03","0.6","<0.001","0.7"
"Port Shelter","PM6","2024-01-24","1","Middle Water","0.2","0.007","2.2","91","7.1","<1","2","0.008","<0.002","<0.002","7.9","<0.2","33.5","2.1","0.49","7.4","17.9","0.02","0.1","0.11","0.03","0.4","<0.001","2.7"
"Port Shelter","PM6","2024-01-24","1","Bottom Water","0.2","<0.005","2.4","92","7.1","<1","<1","0.008","<0.002","<0.002","8.1","<0.2","33.6","2.1","0.43","2.4","18.1","0.02","0.12","0.13","0.03","0.4","<0.001","0.6"
"Port Shelter","PM6","2024-02-17","1","Surface Water","0.7","0.029","0.6","81","6.1","3","9","0.014","<0.002","<0.002","8.1","0.6","33.8","3.7","0.51","2","19.4","0.05","0.05","0.07","0.04","0.2","0.001","0.9"
"Port Shelter","PM6","2024-02-17","1","Middle Water","0.6","0.032","0.7","102","7.7","1","1","0.015","<0.002","0.002","8.1","0.3","33.9","3.7","0.47","13","19.3","0.05","0.1","0.12","0.03","0.2","0.001","2.9"
"Port Shelter","PM6","2024-02-17","1","Bottom Water","0.5","0.021","0.8","94","7.2","2","3","0.009","<0.002","<0.002","8.1","<0.2","33.9","3.7","0.51","1.2","18.6","0.03","0.25","0.26","0.04","0.3","<0.001","<0.5"
"Port Shelter","PM6","2024-03-04","1","Surface Water","0.7","0.039","1","72","5.5","26","34","0.052","<0.002","0.005","8","0.2","33.8","3","0.7","1.4","18.3","0.09","0.13","0.18","0.04","0.3","<0.001","<0.5"
"Port Shelter","PM6","2024-03-04","1","Middle Water","0.4","0.026","0.7","89","6.8","2","2","0.058","<0.002","0.006","8","<0.2","34","3","0.71","1.7","18.5","0.09","0.11","0.17","0.04","0.3","<0.001","<0.5"
"Port Shelter","PM6","2024-03-04","1","Bottom Water","0.5","0.024","1","90","6.9","<1","<1","0.025","<0.002","0.002","8","<0.2","34.1","3","0.66","2.2","18.6","0.05","0.17","0.2","0.03","0.3","<0.001","<0.5"
"Port Shelter","PM6","2024-04-15","1","Surface Water","1.3","0.01","2.6","90","6","<1","1","0.02","<0.002","0.074","8.2","0.8","33.4","3.3","0.21","4.4","26.5","0.03","0.24","0.26","0.08","0.8","<0.001","1.3"
"Port Shelter","PM6","2024-04-15","1","Middle Water","1","0.005","0.7","91","6.2","<1","<1","0.008","<0.002","<0.002","8.2","<0.2","33.7","3.3","0.34","3.4","25.2","0.02","0.14","0.15","0.05","0.4","<0.001","1.2"
"Port Shelter","PM6","2024-04-15","1","Bottom Water","0.8","0.009","0.9","89","6.2","<1","<1","0.014","<0.002","<0.002","8.1","0.3","34.1","3.3","0.52","1.4","23.6","0.03","0.16","0.18","0.04","0.7","<0.001","1.1"
"Port Shelter","PM6","2024-05-27","1","Surface Water","0.8","0.024","2.3","87","5.9","23","42","0.11","<0.002","<0.002","8.2","1.4","28.3","1.8","1.1","3.2","26.6","0.14","0.19","0.3","0.08","1","0.002","1.2"
"Port Shelter","PM6","2024-05-27","1","Middle Water","<0.1","0.025","0.9","81","5.5","7","15","0.046","<0.002","<0.002","8.2","0.8","30.4","1.8","0.54","1.2","26.3","0.07","0.3","0.35","0.09","0.6","0.002","0.8"
"Port Shelter","PM6","2024-05-27","1","Bottom Water","<0.1","0.052","1","77","5.3","5","11","0.049","0.005","0.008","8","0.7","31.6","1.8","0.93","7.7","25.8","0.11","0.17","0.22","0.09","4.2","0.003","1.9"
"Port Shelter","PM6","2024-06-15","1","Surface Water","0.6","0.034","4.8","103","7","120","360","0.099","0.004","0.004","8","1.8","26.8","2.1","1.9","3.1","27.5","0.14","0.7","0.8","0.05","2.2","0.002","0.8"
"Port Shelter","PM6","2024-06-15","1","Middle Water","0.5","0.025","4.5","80","5.4","43","190","0.055","0.021","0.004","7.9","1.6","31.6","2.1","1.2","1.7","26.3","0.1","0.34","0.42","0.06","1.2","<0.001","0.6"
"Port Shelter","PM6","2024-06-15","1","Bottom Water","0.2","0.015","2.6","64","4.3","9","23","0.032","0.027","0.006","8","<0.2","32.7","2.1","0.84","3.4","26.1","0.07","0.16","0.22","0.06","1.9","<0.001","0.9"
"Port Shelter","PM6","2024-07-08","1","Surface Water","1.3","0.013","5.6","99","6.3","<1","3","0.047","<0.002","0.003","8.3","1.5","26","1.5","0.2","2.8","32.3","0.06","0.35","0.4","0.07","2.2","0.002","1.1"
"Port Shelter","PM6","2024-07-08","1","Middle Water","0.8","0.043","3.2","112","7.2","<1","3","0.035","<0.002","<0.002","8.1","1.1","29.7","1.5","0.1","1.8","30.3","0.08","0.16","0.2","0.06","0.6","0.003","0.6"
"Port Shelter","PM6","2024-07-08","1","Bottom Water","0.6","0.015","2.8","96","6.4","<1","2","0.022","<0.002","<0.002","7.8","1.8","33.7","1.5","0.54","4.4","26.4","0.04","0.13","0.15","0.07","1.2","<0.001","1.2"
"Port Shelter","PM6","2024-08-08","1","Surface Water","1.6","0.007","3.3","105","6.7","1","4","0.027","<0.002","<0.002","8.2","1","29.7","2.3","0.54","2.4","30.7","0.04","0.31","0.34","0.1","1.4","<0.001","0.7"
"Port Shelter","PM6","2024-08-08","1","Middle Water","1.2","0.007","5.5","131","8.6","<1","1","0.018","0.006","0.004","7.9","1.9","32.2","2.3","0.86","4.2","27.6","0.03","0.22","0.24","0.12","2.6","<0.001","1.1"
"Port Shelter","PM6","2024-08-08","1","Bottom Water","0.4","<0.005","6.6","87","6","<1","3","0.086","0.003","0.012","7.7","1.3","35.4","2.3","1.5","2","23.6","0.09","0.24","0.33","0.15","1.6","<0.001","0.6"
"Port Shelter","PM6","2024-09-09","1","Surface Water","0.2","0.079","0.7","86","5.6","37","190","0.085","<0.002","0.005","8","0.5","29.5","2.8","1","4.2","29.4","0.17","0.27","0.36","0.09","1.3","0.004","1.4"
"Port Shelter","PM6","2024-09-09","1","Middle Water","<0.1","0.071","0.6","57","3.7","8","80","0.043","<0.002","0.004","7.9","<0.2","29.7","2.8","0.72","5.1","29.2","0.12","0.26","0.31","0.11","1.3","0.003","1.4"
"Port Shelter","PM6","2024-09-09","1","Bottom Water","<0.1","0.074","0.9","52","3.4","19","87","0.052","<0.002","0.004","7.9","<0.2","30","2.8","1.1","3.3","28.7","0.13","0.3","0.35","0.11","3","0.003","1.7"
"Port Shelter","PM6","2024-10-02","1","Surface Water","0.7","0.018","2.4","102","6.6","<1","5","0.028","<0.002","0.004","7.8","<0.2","32","5.3","0.57","1.8","28.5","0.05","0.27","0.3","0.12","0.9","<0.001","0.8"
"Port Shelter","PM6","2024-10-02","1","Middle Water","0.6","0.016","2","95","6.1","<1","1","0.024","<0.002","<0.002","7.8","<0.2","31.7","5.3","0.55","3","29","0.04","0.13","0.16","0.15","0.9","<0.001","1.2"
"Port Shelter","PM6","2024-10-02","1","Bottom Water","0.7","0.018","2.1","78","5.1","<1","<1","0.02","<0.002","0.003","7.8","1.7","31.9","5.3","0.57","2.6","28.9","0.04","0.17","0.19","0.18","1","<0.001","1.4"
"Port Shelter","PM6","2024-11-11","1","Surface Water","0.4","0.038","1.5","74","5","7","27","0.04","0.003","0.002","7.7","1.5","32.5","2.8","0.56","2.6","25.4","0.08","0.18","0.22","0.08","1.8","<0.001","<0.5"
"Port Shelter","PM6","2024-11-11","1","Middle Water","0.4","0.023","1.6","67","4.6","3","10","0.029","<0.002","<0.002","7.8","0.9","32.4","2.8","0.52","2.8","25.4","0.05","0.19","0.22","0.11","1.6","<0.001","0.5"
"Port Shelter","PM6","2024-11-11","1","Bottom Water","0.2","0.036","1.4","61","4.2","4","11","0.029","0.002","<0.002","7.8","0.8","32.5","2.8","0.62","4.4","25.4","0.07","0.16","0.19","0.09","5.3","<0.001","0.6"
"Port Shelter","PM6","2024-12-03","1","Surface Water","1.5","0.034","7.2","106","7.7","2","4","0.039","<0.002","0.006","7.8","3.7","31.6","3.2","0.31","2.8","22.2","0.08","0.22","0.26","0.06","1.8","<0.001","1.4"
"Port Shelter","PM6","2024-12-03","1","Middle Water","1.1","0.04","9.2","103","7.4","3","19","0.048","<0.002","0.005","7.7","4.9","32","3.2","0.5","3.2","22.2","0.09","0.2","0.25","0.06","1","<0.001","1.4"
"Port Shelter","PM6","2024-12-03","1","Bottom Water","0.8","0.034","7.9","88","6.4","1","6","0.071","<0.002","0.005","7.6","3","32.1","3.2","0.53","3.2","22.1","0.11","0.2","0.27","0.05","3.9","<0.001","1.2"
"Port Shelter","PM7","2024-01-24","1","Surface Water","0.3","0.011","1.4","90","6.9","<1","2","0.011","<0.002","0.003","8","<0.2","33.6","2.8","0.41","2.1","18.4","0.02","0.11","0.12","0.02","0.4","<0.001","0.6"
"Port Shelter","PM7","2024-01-24","1","Middle Water","0.1","<0.005","1.3","93","7.1","<1","<1","0.011","<0.002","<0.002","8","<0.2","33.8","2.8","0.41","3.1","18.5","0.02","0.2","0.21","0.03","0.5","<0.001","0.8"
"Port Shelter","PM7","2024-01-24","1","Bottom Water","0.1","0.012","1.4","93","7.1","<1","<1","0.009","<0.002","<0.002","8.1","<0.2","33.8","2.8","0.36","2.1","18.5","0.02","0.19","0.2","0.04","0.5","<0.001","0.6"
"Port Shelter","PM7","2024-02-17","1","Surface Water","0.4","0.021","0.4","81","6.2","<1","2","0.012","<0.002","<0.002","8.2","<0.2","34","4.8","0.5","2.2","18.9","0.04","0.14","0.15","0.04","0.1","<0.001","0.7"
"Port Shelter","PM7","2024-02-17","1","Middle Water","0.3","0.024","0.6","98","7.5","<1","1","0.009","<0.002","<0.002","8.2","<0.2","34","4.8","0.48","3.3","18.9","0.04","0.07","0.08","0.03","0.1","<0.001","0.7"
"Port Shelter","PM7","2024-02-17","1","Bottom Water","0.4","0.014","0.6","99","7.6","<1","<1","0.009","<0.002","<0.002","8.2","<0.2","33.9","4.8","0.45","4.6","18.4","0.03","0.22","0.23","0.04","0.1","<0.001","0.9"
"Port Shelter","PM7","2024-03-04","1","Surface Water","0.4","0.011","1.2","79","5.9","<1","1","0.017","<0.002","<0.002","8.1","<0.2","34.3","2.8","0.39","1","19.2","0.03","0.09","0.11","0.03","0.2","<0.001","<0.5"
"Port Shelter","PM7","2024-03-04","1","Middle Water","0.5","0.022","0.8","93","7","<1","<1","0.024","<0.002","0.003","8.1","<0.2","34.3","2.8","0.36","1.5","19.2","0.05","0.13","0.16","0.04","0.2","<0.001","<0.5"
"Port Shelter","PM7","2024-03-04","1","Bottom Water","0.4","0.017","0.9","93","7","<1","<1","0.027","<0.002","<0.002","8.1","<0.2","34.3","2.8","0.39","1.8","19.2","0.05","0.15","0.18","0.16","0.2","<0.001","1.6"
"Port Shelter","PM7","2024-04-15","1","Surface Water","1.1","0.007","0.9","91","6.1","<1","2","0.014","<0.002","<0.002","8.2","<0.2","33.5","6.8","0.23","1.2","26","0.02","0.17","0.19","0.06","0.2","<0.001","<0.5"
"Port Shelter","PM7","2024-04-15","1","Middle Water","1","<0.005","0.5","100","7","<1","<1","0.005","<0.002","<0.002","8.2","<0.2","34.1","6.8","0.34","5.2","23.7","0.01","0.14","0.15","0.04","0.3","<0.001","1.7"
"Port Shelter","PM7","2024-04-15","1","Bottom Water","0.6","<0.005","0.7","92","6.4","<1","<1","0.012","<0.002","<0.002","8.2","0.4","34.1","6.8","0.34","1.2","23.5","0.02","0.15","0.16","0.05","0.5","<0.001","0.8"
"Port Shelter","PM7","2024-05-27","1","Surface Water","<0.1","<0.005","1.5","98","6.7","1","5","0.042","<0.002","<0.002","8.2","<0.2","30","2.2","0.46","1.7","26.4","0.05","0.15","0.19","0.07","0.8","<0.001","0.7"
"Port Shelter","PM7","2024-05-27","1","Middle Water","<0.1","0.016","1","79","5.4","1","1","0.029","<0.002","0.01","8.2","0.2","31.6","2.2","0.35","1.2","25.8","0.05","0.15","0.18","0.1","0.5","0.001","0.6"
"Port Shelter","PM7","2024-05-27","1","Bottom Water","<0.1","0.017","1.2","73","5","<1","1","0.025","<0.002","<0.002","8.1","0.6","32.2","2.2","0.36","1.6","25.6","0.04","0.16","0.19","0.06","1","0.001","0.8"
"Port Shelter","PM7","2024-06-15","1","Surface Water","0.5","0.011","6","96","6.4","2","9","0.01","<0.002","<0.002","8.2","1.2","29.8","3.3","0.26","1.6","27.3","0.02","0.34","0.35","0.05","2.8","<0.001","0.7"
"Port Shelter","PM7","2024-06-15","1","Middle Water","0.3","0.01","2.6","77","5.2","1","1","0.019","0.014","<0.002","8","0.6","31.8","3.3","0.47","1.8","26.2","0.04","0.36","0.39","0.07","2.7","<0.001","<0.5"
"Port Shelter","PM7","2024-06-15","1","Bottom Water","<0.1","0.019","1.3","57","3.8","4","4","0.017","0.008","0.003","8.1","0.4","32.2","3.3","0.61","3.3","26.5","0.04","0.15","0.18","0.05","2.8","0.001","0.8"
"Port Shelter","PM7","2024-07-08","1","Surface Water","0.9","0.01","3.5","96","6.1","<1","<1","0.067","0.003","<0.002","8.4","0.5","26.7","1.6","0.08","1.1","31.7","0.08","0.3","0.37","0.06","1","0.001","0.7"
"Port Shelter","PM7","2024-07-08","1","Middle Water","0.8","0.026","1.7","84","5.4","<1","2","0.036","<0.002","<0.002","7.9","0.5","31.6","1.6","0.06","3.6","28.6","0.06","0.15","0.19","0.05","0.4","0.001","1.3"
"Port Shelter","PM7","2024-07-08","1","Bottom Water","0.6","0.019","2.1","75","5.1","<1","1","0.032","0.002","<0.002","7.7","0.7","35.1","1.6","0.59","5.6","25","0.05","0.14","0.17","0.07","2","<0.001","1.3"
"Port Shelter","PM7","2024-08-08","1","Surface Water","1.3","<0.005","2.1","83","5.3","<1","460","0.026","<0.002","<0.002","8.3","<0.2","30.4","3.5","0.34","2.6","30.2","0.03","0.17","0.2","0.1","0.6","<0.001","0.9"
"Port Shelter","PM7","2024-08-08","1","Middle Water","0.6","0.014","4.1","88","6","<1","<1","0.024","<0.002","<0.002","8.1","1","34.9","3.5","0.81","2.8","24.5","0.04","0.2","0.23","0.12","1","<0.001","0.7"
"Port Shelter","PM7","2024-08-08","1","Bottom Water","0.2","0.007","4.9","83","5.7","<1","1","0.099","0.003","0.01","7.9","1.9","34.7","3.5","1.2","3","24.1","0.11","0.18","0.28","0.14","4.1","<0.001","0.9"
"Port Shelter","PM7","2024-09-09","1","Surface Water","0.5","0.048","1.3","99","6.5","5","32","0.059","<0.002","<0.002","8","<0.2","28.7","3.6","0.66","3.6","29","0.11","0.32","0.38","0.09","2.5","0.003","1.2"
"Port Shelter","PM7","2024-09-09","1","Middle Water","<0.1","0.041","0.7","69","4.5","<1","9","0.041","<0.002","0.002","8","<0.2","30.5","3.6","0.54","4.1","28.7","0.08","0.22","0.26","0.11","1.9","0.002","1.2"
"Port Shelter","PM7","2024-09-09","1","Bottom Water","<0.1","0.035","0.7","58","3.8","<1","4","0.034","<0.002","0.004","7.9","<0.2","31.9","3.6","0.57","4.6","28.5","0.07","0.17","0.21","0.12","3.5","0.002","1.1"
"Port Shelter","PM7","2024-10-02","1","Surface Water","0.9","0.014","3.4","89","5.7","8","8","0.023","<0.002","<0.002","7.8","<0.2","31.8","3","0.37","2","29.2","0.04","0.19","0.22","0.11","3.1","<0.001","1.2"
"Port Shelter","PM7","2024-10-02","1","Middle Water","0.6","0.017","2.6","79","5.1","<1","<1","0.023","<0.002","<0.002","7.8","<0.2","31.8","3","0.41","1.3","29.2","0.04","0.12","0.15","0.13","1.4","<0.001","0.9"
"Port Shelter","PM7","2024-10-02","1","Bottom Water","0.5","0.007","2","68","4.3","<1","<1","0.02","<0.002","<0.002","7.8","1","32.2","3","0.38","4.3","29.2","0.03","0.38","0.4","0.24","1.7","<0.001","1.3"
"Port Shelter","PM7","2024-11-11","1","Surface Water","0.3","0.019","1.2","75","5.1","<1","1","0.026","<0.002","<0.002","7.8","0.6","32.8","2.5","0.51","3.5","25.3","0.05","0.11","0.14","0.08","1.8","<0.001","0.6"
"Port Shelter","PM7","2024-11-11","1","Middle Water","<0.1","0.024","1.2","69","4.7","<1","<1","0.027","0.003","<0.002","7.8","0.7","32.7","2.5","0.51","2.2","25.4","0.05","0.13","0.16","0.09","1.9","<0.001","<0.5"
"Port Shelter","PM7","2024-11-11","1","Bottom Water","0.5","0.019","0.9","66","4.5","<1","<1","0.023","0.003","<0.002","7.8","0.5","32.8","2.5","0.51","7.7","25.4","0.05","0.13","0.16","0.08","3.4","<0.001","1.4"
"Port Shelter","PM7","2024-12-03","1","Surface Water","0.7","0.026","3.6","82","5.9","<1","<1","0.14","0.004","0.011","7.7","1.8","32","5.1","1.4","1.2","22.2","0.17","0.14","0.28","0.07","0.1","<0.001","0.7"
"Port Shelter","PM7","2024-12-03","1","Middle Water","0.6","0.026","3.9","88","6.4","<1","<1","0.14","0.004","0.012","7.7","2.2","32.1","5.1","1.4","2.7","22.2","0.17","0.13","0.27","0.22","0.3","<0.001","1.3"
"Port Shelter","PM7","2024-12-03","1","Bottom Water","0.2","0.034","6.5","88","6.4","<1","<1","0.091","<0.002","0.005","7.7","2.2","32.2","5.1","0.7","3.3","22","0.13","0.2","0.29","0.05","3.2","<0.001","0.7"
"Port Shelter","PM8","2024-01-24","1","Surface Water","0.2","0.006","1","85","6.7","<1","<1","0.011","<0.002","0.006","8.1","<0.2","34","2.4","0.39","4.3","17","0.02","0.21","0.22","0.02","1","<0.001","1"
"Port Shelter","PM8","2024-01-24","1","Middle Water","<0.1","<0.005","0.9","93","7.1","<1","<1","0.01","<0.002","0.003","8.1","0.5","33.8","2.4","0.41","4.2","18.8","0.02","0.16","0.17","0.04","0.8","<0.001","1"
"Port Shelter","PM8","2024-01-24","1","Bottom Water","<0.1","0.008","1","93","7.1","<1","<1","0.01","<0.002","<0.002","8.1","<0.2","33.9","2.4","0.31","5.7","18.9","0.02","0.11","0.12","0.02","0.8","<0.001","1.1"
"Port Shelter","PM8","2024-02-17","1","Surface Water","0.5","0.015","0.8","97","7.4","<1","<1","0.009","<0.002","<0.002","8.2","<0.2","34","3.8","0.54","3.3","18.8","0.03","0.06","0.07","0.03","0.3","<0.001","0.7"
"Port Shelter","PM8","2024-02-17","1","Middle Water","0.4","0.017","0.8","99","7.5","<1","<1","0.009","<0.002","<0.002","8.2","<0.2","34","3.8","0.48","7.2","18.8","0.03","0.07","0.08","0.03","0.1","<0.001","<0.5"
"Port Shelter","PM8","2024-02-17","1","Bottom Water","0.1","0.019","0.7","94","7.2","<1","<1","0.009","<0.002","0.004","8.2","<0.2","33.9","3.8","0.52","1.4","18.2","0.03","0.23","0.24","0.04","0.5","<0.001","<0.5"
"Port Shelter","PM8","2024-03-04","1","Surface Water","0.5","0.012","0.8","92","7","<1","<1","0.029","<0.002","0.004","8.1","<0.2","34.1","3.6","0.53","1","18.7","0.04","0.1","0.13","0.03","0.2","<0.001","<0.5"
"Port Shelter","PM8","2024-03-04","1","Middle Water","0.5","0.015","0.3","92","7","<1","1","0.021","<0.002","0.004","8.1","<0.2","34.2","3.6","0.55","1.2","18.7","0.04","0.13","0.15","0.03","0.2","<0.001","<0.5"
"Port Shelter","PM8","2024-03-04","1","Bottom Water","0.5","0.014","0.9","92","7","<1","1","0.021","<0.002","0.004","8.1","<0.2","34.2","3.6","0.56","2.4","18.7","0.04","0.08","0.1","0.05","0.2","<0.001","<0.5"
"Port Shelter","PM8","2024-04-15","1","Surface Water","0.9","<0.005","0.6","79","5.4","<1","<1","0.007","<0.002","0.007","8.2","<0.2","33.8","7.6","0.26","3.5","25.4","0.01","0.17","0.18","0.05","0.1","<0.001","0.8"
"Port Shelter","PM8","2024-04-15","1","Middle Water","0.7","<0.005","0.3","101","7","<1","<1","0.004","<0.002","<0.002","8.2","<0.2","34.1","7.6","0.28","0.9","23.7","0.01","0.12","0.13","0.05","0.3","<0.001","0.7"
"Port Shelter","PM8","2024-04-15","1","Bottom Water","0.8","<0.005","1","93","6.5","<1","<1","0.011","<0.002","<0.002","8.2","0.3","34.2","7.6","0.32","2.7","23.5","0.02","0.18","0.19","0.05","0.8","<0.001","1.6"
"Port Shelter","PM8","2024-05-27","1","Surface Water","<0.1","<0.005","1.3","84","5.7","1","1","0.024","<0.002","<0.002","8.2","<0.2","30.9","3.1","0.35","0.8","26.2","0.03","0.12","0.15","0.09","0.4","<0.001","0.6"
"Port Shelter","PM8","2024-05-27","1","Middle Water","<0.1","0.011","0.6","76","5.2","<1","<1","0.022","<0.002","<0.002","8.2","0.6","31.6","3.1","0.33","0.7","25.9","0.04","0.12","0.14","0.08","0.4","<0.001","0.6"
"Port Shelter","PM8","2024-05-27","1","Bottom Water","0.5","0.01","1.1","77","5.2","<1","<1","0.018","<0.002","<0.002","8.1","0.2","32.6","3.1","0.33","1.2","25.5","0.03","0.11","0.13","0.08","2.1","<0.001","0.6"
"Port Shelter","PM8","2024-06-15","1","Surface Water","0.3","0.009","3.1","60","4","<1","3","0.031","0.048","0.01","8","0.7","32.1","3.7","1","1.3","26.3","0.09","0.48","0.56","0.07","2.9","<0.001","<0.5"
"Port Shelter","PM8","2024-06-15","1","Middle Water","0.2","0.011","2.2","46","3.1","<1","2","0.025","0.028","0.004","8.1","<0.2","32.2","3.7","0.74","3.2","26.2","0.06","0.37","0.42","0.07","2.8","<0.001","2.2"
"Port Shelter","PM8","2024-06-15","1","Bottom Water","<0.1","0.016","1.1","39","2.6","<1","1","0.016","0.011","0.003","8.1","<0.2","32.1","3.7","0.45","1.5","26.4","0.04","0.18","0.21","0.06","3","<0.001","<0.5"
"Port Shelter","PM8","2024-07-08","1","Surface Water","1.1","0.014","3.4","103","6.5","<1","<1","0.071","0.003","<0.002","8.4","0.8","27","2.7","0.06","7.6","31.9","0.09","0.22","0.29","0.06","0.8","0.002","1.1"
"Port Shelter","PM8","2024-07-08","1","Middle Water","0.6","0.016","3","84","5.6","<1","1","0.044","0.004","<0.002","7.9","0.3","30.3","2.7","0.09","6.4","27.7","0.06","0.13","0.18","0.05","0.6","<0.001","1"
"Port Shelter","PM8","2024-07-08","1","Bottom Water","0.2","0.01","1.9","69","4.7","<1","<1","0.019","<0.002","<0.002","7.8","0.7","33.5","2.7","0.46","3.6","25.8","0.03","0.11","0.13","0.07","1.9","<0.001","0.8"
"Port Shelter","PM8","2024-08-08","1","Surface Water","1","0.008","1.9","90","5.7","<1","2","0.028","<0.002","<0.002","8.3","<0.2","30.4","3.6","0.26","0.5","30.3","0.04","0.29","0.32","0.1","1.7","<0.001","<0.5"
"Port Shelter","PM8","2024-08-08","1","Middle Water","0.5","0.007","5.3","75","5.1","<1","<1","0.037","<0.002","<0.002","8.1","1.9","35.3","3.6","0.58","3.5","23.9","0.05","0.17","0.21","0.11","1.6","<0.001","1.2"
"Port Shelter","PM8","2024-08-08","1","Bottom Water","0.1","0.006","3","73","5","<1","<1","0.09","<0.002","0.007","8","1.4","35.2","3.6","1","3","23.4","0.1","0.15","0.24","0.14","4.1","<0.001","0.6"
"Port Shelter","PM8","2024-09-09","1","Surface Water","0.2","0.039","0.9","99","6.5","<1","1","0.037","<0.002","<0.002","8.1","<0.2","29.8","4.4","0.32","4.4","29.2","0.08","0.28","0.32","0.09","0.6","0.003","1.4"
"Port Shelter","PM8","2024-09-09","1","Middle Water","<0.1","0.038","1.1","72","4.7","<1","1","0.036","<0.002","<0.002","8","<0.2","30.6","4.4","0.55","5.5","28.8","0.08","0.29","0.33","0.11","2.6","0.002","1.4"
"Port Shelter","PM8","2024-09-09","1","Bottom Water","<0.1","0.05","0.6","68","4.4","<1","<1","0.033","<0.002","0.005","7.9","<0.2","32.5","4.4","0.73","7.8","28.3","0.09","0.19","0.23","0.12","5.7","0.002","1.8"
"Port Shelter","PM8","2024-10-02","1","Surface Water","0.4","0.013","2.2","92","5.9","<1","<1","0.023","<0.002","<0.002","7.8","<0.2","31.8","3.4","0.37","1.8","29.2","0.04","0.18","0.21","0.13","36.4","<0.001","0.9"
"Port Shelter","PM8","2024-10-02","1","Middle Water","0.5","0.022","2","76","4.9","2","2","0.02","<0.002","0.004","7.8","<0.2","32.1","3.4","0.39","2.1","29.2","0.04","0.15","0.17","0.14","1","<0.001","1"
"Port Shelter","PM8","2024-10-02","1","Bottom Water","0.3","0.012","2.1","62","4","<1","<1","0.017","<0.002","<0.002","7.7","<0.2","32.5","3.4","0.43","7","29.1","0.03","0.11","0.13","0.19","4.9","<0.001","1.9"
"Port Shelter","PM8","2024-11-11","1","Surface Water","0.5","0.006","0.8","95","6.5","2","7","0.082","0.026","0.01","7.8","0.7","32.8","1.9","1","4.7","25.4","0.11","0.1","0.21","0.1","5.1","<0.001","0.7"
"Port Shelter","PM8","2024-11-11","1","Middle Water","0.4","0.009","1.3","75","5.1","5","5","0.082","0.025","0.009","7.8","<0.2","32.7","1.9","1","4.6","25.4","0.12","0.14","0.25","0.1","4.4","<0.001","0.7"
"Port Shelter","PM8","2024-11-11","1","Bottom Water","0.2","0.009","1","71","4.9","32","38","0.079","0.026","0.009","7.8","0.4","32.8","1.9","1","8.3","25.5","0.11","0.11","0.22","0.1","5.2","<0.001","1.2"
"Port Shelter","PM8","2024-12-03","1","Surface Water","0.1","0.005","1.4","101","7.5","<1","<1","0.2","0.006","0.017","7.6","0.8","29","6","1.8","2.2","21.9","0.21","0.1","0.31","0.07","0.1","<0.001","0.8"
"Port Shelter","PM8","2024-12-03","1","Middle Water","0.1","0.013","1.4","92","6.6","<1","<1","0.2","0.006","0.017","7.7","0.9","32","6","1.7","2","22.2","0.22","0.1","0.31","0.06","0.6","<0.001","1.8"
"Port Shelter","PM8","2024-12-03","1","Bottom Water","0.3","0.023","5.6","101","7.3","<1","<1","0.11","0.003","0.008","7.7","1.2","32.2","6","0.91","1.8","21.9","0.14","0.13","0.24","0.05","2.4","<0.001","<0.5"
"Port Shelter","PM9","2024-01-24","1","Surface Water","0.1","0.008","1.4","94","7.2","2","3","0.01","<0.002","0.003","8","<0.2","33.8","2.2","0.36","7.3","18.1","0.02","0.13","0.14","0.02","0.9","<0.001","1.8"
"Port Shelter","PM9","2024-01-24","1","Middle Water","<0.1","0.011","2.2","93","7.1","<1","<1","0.008","0.002","0.005","8.1","<0.2","33.9","2.2","0.33","0.8","18.2","0.02","0.12","0.13","0.03","0.7","<0.001","<0.5"
"Port Shelter","PM9","2024-01-24","1","Bottom Water","0.1","<0.005","1.1","92","7.1","<1","<1","0.011","<0.002","0.005","8.1","<0.2","33.9","2.2","0.32","6.6","18.1","0.02","0.11","0.12","0.03","0.8","<0.001","1.2"
"Port Shelter","PM9","2024-02-17","1","Surface Water","0.4","0.01","0.8","98","7.4","<1","<1","0.009","<0.002","<0.002","8.2","<0.2","34","3.6","0.58","7","19","0.02","0.06","0.07","0.03","0.2","<0.001","1.6"
"Port Shelter","PM9","2024-02-17","1","Middle Water","0.3","0.016","1.4","99","7.5","<1","<1","0.009","<0.002","<0.002","8.2","<0.2","34","3.6","0.55","2.7","18.9","0.03","0.1","0.11","0.03","0.3","<0.001","<0.5"
"Port Shelter","PM9","2024-02-17","1","Bottom Water","0.4","0.029","1","98","7.4","<1","<1","0.008","<0.002","<0.002","8.2","<0.2","34","3.6","0.53","0.7","18.8","0.04","0.21","0.22","0.03","0.3","0.001","<0.5"
"Port Shelter","PM9","2024-03-04","1","Surface Water","0.6","0.016","0.9","94","7.1","1","2","0.025","<0.002","<0.002","8.1","<0.2","34.3","2.9","0.4","1.3","19.1","0.04","0.12","0.15","0.03","0.2","<0.001","<0.5"
"Port Shelter","PM9","2024-03-04","1","Middle Water","0.5","0.012","1","94","7.1","<1","<1","0.018","<0.002","<0.002","8.1","<0.2","34.3","2.9","0.38","1.4","19","0.03","0.1","0.12","0.03","0.2","<0.001","0.6"
"Port Shelter","PM9","2024-03-04","1","Bottom Water","0.6","0.009","1.1","92","7","<1","<1","0.016","<0.002","0.003","8.1","<0.2","34.3","2.9","0.48","7.2","18.6","0.03","0.09","0.11","0.08","1.7","<0.001","0.5"
"Port Shelter","PM9","2024-04-15","1","Surface Water","1.1","<0.005","0.5","100","6.7","<1","<1","0.007","<0.002","<0.002","8.3","<0.2","33.9","5.2","0.32","1.1","26.2","0.01","0.15","0.16","0.05","0.4","<0.001","<0.5"
"Port Shelter","PM9","2024-04-15","1","Middle Water","0.9","<0.005","0.7","99","6.8","<1","<1","0.003","<0.002","<0.002","8.3","<0.2","34.1","5.2","0.32","4.2","23.9","0.01","0.09","0.1","0.04","0.4","<0.001","1.2"
"Port Shelter","PM9","2024-04-15","1","Bottom Water","1.2","0.011","1.3","88","6.1","<1","<1","0.013","<0.002","<0.002","8.2","0.7","34.2","5.2","0.43","6.1","23.6","0.03","0.1","0.12","0.04","3.6","<0.001","1.8"
"Port Shelter","PM9","2024-05-27","1","Surface Water","0.4","0.017","1.4","84","5.7","<1","1","0.018","<0.002","<0.002","8.2","<0.2","31.4","3.8","0.31","1.5","26.2","0.04","0.19","0.21","0.1","0.5","0.001","0.7"
"Port Shelter","PM9","2024-05-27","1","Middle Water","0.5","0.018","1.3","88","5.9","<1","<1","0.016","<0.002","<0.002","8.2","0.3","31.5","3.8","0.32","1","26.1","0.04","0.17","0.19","0.09","0.7","0.001","0.7"
"Port Shelter","PM9","2024-05-27","1","Bottom Water","0.7","0.03","1.7","81","5.5","<1","<1","0.021","<0.002","<0.002","8.2","0.2","32.5","3.8","0.32","3.4","25.5","0.05","0.12","0.14","0.06","0.9","0.002","0.6"
"Port Shelter","PM9","2024-06-15","1","Surface Water","0.6","<0.005","4.2","82","5.5","<1","3","0.008","<0.002","<0.002","8.2","0.5","30.6","3.6","0.09","1.8","27.5","0.02","0.33","0.34","0.06","3.6","<0.001","0.6"
"Port Shelter","PM9","2024-06-15","1","Middle Water","0.5","0.015","3.7","67","4.5","<1","3","0.012","<0.002","0.003","8","1.1","30.9","3.6","0.18","2.8","27.1","0.03","0.82","0.83","0.06","3.4","<0.001","0.7"
"Port Shelter","PM9","2024-06-15","1","Bottom Water","0.2","0.008","2.7","61","4.1","<1","2","0.016","0.009","0.004","8.1","<0.2","32","3.6","0.44","2.4","26.4","0.03","0.19","0.22","0.06","3.6","<0.001","<0.5"
"Port Shelter","PM9","2024-07-08","1","Surface Water","1","0.009","3.2","84","5.3","<1","<1","0.072","0.002","<0.002","8.4","0.6","27.1","2.6","0.06","3.3","32","0.08","0.18","0.25","0.06","1.1","0.001","0.9"
"Port Shelter","PM9","2024-07-08","1","Middle Water","1","0.011","2.5","96","6.4","<1","<1","0.038","<0.002","<0.002","8","0.9","33.2","2.6","0.06","8","26.5","0.05","0.15","0.19","0.05","0.4","<0.001","1.4"
"Port Shelter","PM9","2024-07-08","1","Bottom Water","0.4","0.012","2.8","72","4.8","<1","<1","0.026","0.002","<0.002","7.8","0.6","34.5","2.6","0.57","6","25.8","0.04","0.16","0.19","0.08","2.5","<0.001","1"
"Port Shelter","PM9","2024-08-08","1","Surface Water","1.5","0.012","2","95","6.1","<1","<1","0.026","<0.002","<0.002","8.3","<0.2","28.1","3.6","0.22","1.4","30.3","0.04","0.29","0.32","0.11","0.7","0.002","0.7"
"Port Shelter","PM9","2024-08-08","1","Middle Water","1.3","<0.005","3.2","148","10","<1","<1","0.031","<0.002","<0.002","8.1","0.4","34.5","3.6","0.49","5.6","24.9","0.04","0.51","0.54","0.11","1","<0.001","1"
"Port Shelter","PM9","2024-08-08","1","Bottom Water","0.4","0.011","8.7","85","5.9","<1","<1","0.095","<0.002","0.01","8","2.8","35","3.6","1.1","3.8","23.4","0.11","0.18","0.28","0.16","2.1","<0.001","1"
"Port Shelter","PM9","2024-09-09","1","Surface Water","0.2","0.038","0.7","101","6.6","<1","4","0.038","<0.002","<0.002","8","0.3","30.9","3.3","0.73","6.2","29","0.08","0.2","0.24","0.09","0.9","0.002","1.7"
"Port Shelter","PM9","2024-09-09","1","Middle Water","<0.1","0.037","1.4","55","3.6","<1","1","0.034","<0.002","0.004","8","<0.2","31.8","3.3","0.58","4.6","28.7","0.07","0.33","0.37","0.11","1.6","0.002","1.6"
"Port Shelter","PM9","2024-09-09","1","Bottom Water","<0.1","0.03","0.9","47","3.1","<1","<1","0.032","<0.002","0.005","8","<0.2","32","3.3","0.6","3.6","28.6","0.06","0.16","0.19","0.11","2.7","0.002","1.1"
"Port Shelter","PM9","2024-10-02","1","Surface Water","0.7","0.008","2.8","68","4.4","1","1","0.022","<0.002","<0.002","7.8","<0.2","32.3","2.9","0.46","2.4","28.8","0.03","0.15","0.17","0.14","1","<0.001","1"
"Port Shelter","PM9","2024-10-02","1","Middle Water","0.7","0.015","2.1","66","4.3","<1","<1","0.019","<0.002","<0.002","7.8","<0.2","32.2","2.9","0.48","3.5","28.9","0.04","0.11","0.13","0.18","1.1","<0.001","1.2"
"Port Shelter","PM9","2024-10-02","1","Bottom Water","0.6","0.013","1.9","60","3.8","<1","<1","0.018","<0.002","0.002","7.7","0.6","32.6","2.9","0.49","3.5","29","0.03","0.15","0.17","0.19","3.1","<0.001","1.2"
"Port Shelter","PM9","2024-11-11","1","Surface Water","0.5","0.008","2.1","99","6.7","<1","2","0.016","0.005","<0.002","7.9","1.5","32.8","2.1","0.39","4.2","25.4","0.03","0.13","0.15","0.08","1.1","<0.001","0.8"
"Port Shelter","PM9","2024-11-11","1","Middle Water","0.5","0.007","2.9","75","5.1","48","64","0.028","0.008","<0.002","7.9","0.8","32.9","2.1","0.37","2.8","25.4","0.04","0.14","0.18","0.1","2.9","<0.001","<0.5"
"Port Shelter","PM9","2024-11-11","1","Bottom Water","0.5","0.014","3.1","70","4.8","4","6","0.032","0.007","<0.002","7.9","0.6","32.9","2.1","0.36","6.6","25.3","0.05","0.13","0.17","0.1","4.3","<0.001","1"
"Port Shelter","PM9","2024-12-03","1","Surface Water","<0.1","0.007","1.2","77","5.7","<1","1","0.2","0.005","0.018","7.4","0.4","28.8","5.8","1.9","1.8","22.1","0.21","0.09","0.3","0.07","0.5","<0.001","1"
"Port Shelter","PM9","2024-12-03","1","Middle Water","<0.1","0.009","0.9","78","5.6","<1","<1","0.19","0.005","0.017","7.7","0.6","32","5.8","1.8","2.6","22.3","0.2","0.25","0.45","0.06","0.4","<0.001","0.6"
"Port Shelter","PM9","2024-12-03","1","Bottom Water","<0.1","0.02","1.6","71","5.1","<1","<1","0.19","0.005","0.018","7.7","<0.2","32","5.8","1.9","2.6","22.3","0.22","0.17","0.37","0.07","0.5","<0.001","<0.5"
"Port Shelter","PT2","2024-01-24","1","Surface Water","0.6","0.012","1.4","84","6.7","79","180","0.023","<0.002","<0.002","7.9","<0.2","33.5","2.1","0.5","2.4","17","0.04","0.16","0.19","0.03","0.4","<0.001","0.6"
"Port Shelter","PT2","2024-03-04","1","Surface Water","0.8","0.029","1.5","76","5.8","2900","4600","0.038","0.003","0.006","8","<0.2","33.9","1.7","0.64","2.2","18.5","0.07","0.13","0.17","0.04","0.4","<0.001","0.5"
"Port Shelter","PT2","2024-05-27","1","Surface Water","1.5","0.045","2.8","80","5.4","120","820","0.072","<0.002","0.003","8.2","2.1","29.1","2.2","0.94","3.2","26.9","0.12","0.24","0.31","0.06","1.7","0.003","1.4"
"Port Shelter","PT2","2024-07-08","1","Surface Water","1.7","0.03","4.8","100","6.3","66","460","0.053","<0.002","<0.002","8.3","1.1","26.5","1.6","0.13","3","32.6","0.09","0.23","0.29","0.04","4","0.004","1.2"
"Port Shelter","PT2","2024-09-09","1","Surface Water","0.2","0.057","2","64","4.1","290","2700","0.085","<0.002","<0.002","8","0.3","29","2.2","0.98","5.3","29.5","0.14","0.19","0.28","0.05","1","0.003","1.7"
"Port Shelter","PT2","2024-11-11","1","Surface Water","1","0.028","2.3","87","5.9","440","1200","0.038","<0.002","0.006","7.9","0.3","32.7","2.6","0.31","2.8","25.4","0.07","0.15","0.19","0.12","2.6","<0.001","1.4"
"Port Shelter","PT3","2024-01-24","1","Surface Water","0.4","0.012","1.4","87","6.8","<1","<1","0.015","<0.002","0.005","8","<0.2","33.7","3.1","0.37","1.8","17.3","0.03","0.13","0.15","0.03","0.3","<0.001","0.5"
"Port Shelter","PT3","2024-01-24","1","Middle Water","0.5","0.008","1.5","88","6.9","<1","1","0.011","<0.002","0.005","8","0.6","33.7","3.1","0.39","4.2","17.4","0.02","0.16","0.17","0.03","0.3","<0.001","1"
"Port Shelter","PT3","2024-01-24","1","Bottom Water","0.5","<0.005","1.6","92","7.3","<1","<1","0.006","0.002","0.004","8","<0.2","33.8","3.1","0.42","2.8","16.8","0.01","0.16","0.17","0.04","0.3","<0.001","0.8"
"Port Shelter","PT3","2024-03-04","1","Surface Water","0.7","0.016","1.6","84","6.5","5","6","0.018","<0.002","0.003","8.1","<0.2","33.9","2.4","0.65","1.4","17.9","0.04","0.14","0.16","0.03","0.3","<0.001","<0.5"
"Port Shelter","PT3","2024-03-04","1","Middle Water","0.5","0.012","1.1","91","7","1","1","0.003","<0.002","<0.002","8.1","<0.2","34.1","2.4","0.59","1.4","18","0.02","0.16","0.17","0.03","0.3","<0.001","<0.5"
"Port Shelter","PT3","2024-03-04","1","Bottom Water","0.6","0.012","0.9","89","6.8","1","1","0.018","<0.002","<0.002","8.1","<0.2","34.1","2.4","0.6","2.1","18","0.03","0.13","0.15","0.03","0.3","<0.001","<0.5"
"Port Shelter","PT3","2024-05-27","1","Surface Water","1","0.018","1.2","90","6.1","<1","1","0.036","<0.002","0.003","8.2","<0.2","29.1","3.2","1","5.1","27.2","0.06","0.16","0.2","0.05","1.1","0.001","1.7"
"Port Shelter","PT3","2024-05-27","1","Middle Water","0.8","0.02","1","85","5.7","2","4","0.032","<0.002","0.002","8.2","0.7","29.3","3.2","0.92","3.2","26.9","0.05","0.12","0.15","0.05","1.2","0.001","1.4"
"Port Shelter","PT3","2024-05-27","1","Bottom Water","0.5","0.031","1.5","82","5.5","<1","1","0.029","<0.002","<0.002","8.1","1","31","3.2","0.73","2.5","26.2","0.06","0.15","0.18","0.05","1.7","0.002","1.4"
"Port Shelter","PT3","2024-07-08","1","Surface Water","1","0.013","4.2","128","8","1","3","0.018","<0.002","<0.002","8.3","1.1","26.2","1.6","0.06","3.7","32.9","0.03","0.2","0.22","0.03","2.5","0.002","0.9"
"Port Shelter","PT3","2024-07-08","1","Middle Water","1.1","0.014","5.1","99","6.2","2","6","0.017","<0.002","<0.002","8.3","2.5","26.2","1.6","<0.05","4.7","32.7","0.03","0.19","0.21","0.04","4.1","0.002","1.1"
"Port Shelter","PT3","2024-07-08","1","Bottom Water","0.9","0.015","3.2","85","5.4","<1","<1","0.021","<0.002","<0.002","8","1.1","26.2","1.6","<0.05","4.8","32.6","0.04","0.16","0.18","0.05","2.5","0.001","1.2"
"Port Shelter","PT3","2024-09-09","1","Surface Water","0.5","0.029","1.7","63","4.1","1","9","0.069","<0.002","<0.002","8.1","0.4","28.2","3.1","2","6.9","29.3","0.1","0.14","0.21","0.04","1.9","0.002","2"
"Port Shelter","PT3","2024-09-09","1","Middle Water","<0.1","0.051","2.3","78","5.1","<1","14","0.044","<0.002","<0.002","8","0.5","28.1","3.1","1.1","5","29.6","0.1","0.15","0.2","0.05","1.4","0.003","2.7"
"Port Shelter","PT3","2024-09-09","1","Bottom Water","0.2","0.048","3.6","63","4.1","<1","3","0.045","<0.002","<0.002","8","0.7","28.3","3.1","1","5.6","29.5","0.1","0.15","0.2","0.05","2.5","0.003","1.9"
"Port Shelter","PT3","2024-11-11","1","Surface Water","0.6","0.012","1","67","4.6","3","6","0.026","<0.002","0.007","7.8","<0.2","32.8","2.2","0.29","2.6","25.1","0.04","0.13","0.16","0.13","1.7","<0.001","1.2"
"Port Shelter","PT3","2024-11-11","1","Middle Water","0.4","0.051","2.3","78","5.3","2","11","0.038","<0.002","0.012","7.8","1.3","32.7","2.2","0.55","2.2","25.2","0.09","0.2","0.24","0.17","1.7","0.002","1"
"Port Shelter","PT3","2024-11-11","1","Bottom Water","0.4","0.02","1.4","63","4.3","10","18","0.021","<0.002","0.004","7.8","<0.2","32.7","2.2","0.26","3.2","25.2","0.04","0.12","0.14","0.13","2","<0.001","1.6"
"Port Shelter","PT4","2024-01-24","1","Surface Water","0.6","0.007","4.9","91","7.2","5","8","0.007","<0.002","0.003","7.8","0.3","33.2","1.7","0.42","7.6","17.2","0.02","0.19","0.2","0.04","1.1","<0.001","2"
"Port Shelter","PT4","2024-01-24","1","Bottom Water","0.7","0.012","3.9","85","6.7","7","17","0.011","<0.002","0.002","7.9","0.4","33.4","1.7","0.43","9.9","17.3","0.03","0.09","0.1","0.04","1.1","<0.001","2.6"
"Port Shelter","PT4","2024-03-04","1","Surface Water","0.8","0.054","2.2","81","6.3","11","47","0.057","0.003","0.003","7.9","0.7","33.6","1.8","0.82","2.2","18","0.11","0.19","0.25","0.04","0.4","0.001","0.8"
"Port Shelter","PT4","2024-03-04","1","Bottom Water","1","0.062","4.4","82","6.4","4","9","0.061","0.003","0.007","7.9","1.6","33.8","1.8","0.9","5.8","18","0.13","0.23","0.29","0.05","0.8","0.001","1.1"
"Port Shelter","PT4","2024-05-27","1","Surface Water","1","0.055","3","107","7.3","110","400","0.16","0.004","0.004","8.1","2.8","27.9","1.9","2.1","3.4","26.7","0.22","0.19","0.35","0.04","1.8","0.003","1.6"
"Port Shelter","PT4","2024-05-27","1","Bottom Water","0.8","0.081","2.1","81","5.5","55","110","0.07","0.004","0.007","8","<0.2","30.9","1.9","1.1","2.8","26.1","0.16","0.17","0.24","0.06","2.6","0.004","1.1"
"Port Shelter","PT4","2024-07-08","1","Surface Water","1.2","0.034","4.4","107","6.7","3","4","0.034","<0.002","<0.002","8.2","2.1","24.9","1.7","0.48","4.3","32.9","0.07","0.22","0.26","0.04","2.9","0.004","1.5"
"Port Shelter","PT4","2024-07-08","1","Bottom Water","1","0.037","4.6","105","6.6","<1","5","0.037","<0.002","<0.002","8.1","2.1","26.9","1.7","0.31","5.2","32","0.08","0.21","0.25","0.04","1.9","0.003","2.7"
"Port Shelter","PT4","2024-09-09","1","Surface Water","<0.1","0.1","1.4","117","7.7","170","1100","0.23","0.003","0.009","7.8","0.5","25.3","2.1","4.1","3.4","29.4","0.33","0.24","0.47","0.04","3","0.004","1.3"
"Port Shelter","PT4","2024-09-09","1","Bottom Water","0.9","0.094","1.1","68","4.4","45","160","0.092","<0.002","0.005","7.8","0.4","29.4","2.1","1.5","7","29.5","0.19","0.22","0.31","0.05","1.5","0.004","3"
"Port Shelter","PT4","2024-11-11","1","Surface Water","0.8","0.039","3.9","106","7.3","3","29","0.042","<0.002","0.006","7.6","2.1","32.5","2.2","0.57","2.2","25.3","0.08","0.23","0.27","0.14","2.8","<0.001","1"
"Port Shelter","PT4","2024-11-11","1","Bottom Water","0.8","0.019","1.8","70","4.8","1","13","0.023","<0.002","<0.002","7.7","<0.2","32.5","2.2","0.33","5.1","25.4","0.04","0.11","0.14","0.1","3.1","<0.001","1.6"
"Southern","SM1","2024-01-04","1","Surface Water","0.5","<0.005","<0.2","78","5.9","<1","1","0.039","0.025","0.011","8.1","<0.2","33.4","2.5","0.68","2.8","19.2","0.07","0.06","0.12","0.03","0.7","<0.001","1.3"
"Southern","SM1","2024-01-04","1","Middle Water","0.5","<0.005","0.7","96","7.3","<1","<1","0.031","0.027","0.007","8.1","<0.2","33.5","2.5","0.77","5.3","19.3","0.06","<0.05","0.11","0.02","0.6","<0.001","1.5"
"Southern","SM1","2024-01-04","1","Bottom Water","0.5","0.008","0.9","96","7.3","<1","<1","0.014","0.027","0.005","8.1","<0.2","33.5","2.5","0.78","6.1","19.2","0.05","<0.05","0.09","0.03","0.7","<0.001","1.4"
"Southern","SM1","2024-02-19","1","Surface Water","1","0.014","3","87","6.5","1","3","0.008","<0.002","<0.002","8.2","2.7","34","4.6","0.51","4","19.9","0.02","<0.05","0.06","0.03","0.2","<0.001","1"
"Southern","SM1","2024-02-19","1","Middle Water","0.4","0.016","1.1","98","7.5","<1","<1","0.019","<0.002","<0.002","8.2","0.5","34","4.6","0.5","4","19","0.04","0.07","0.09","0.03","0.1","<0.001","0.9"
"Southern","SM1","2024-02-19","1","Bottom Water","0.5","0.015","1.9","97","7.3","1","2","0.015","<0.002","0.004","8.2","0.6","34","4.6","0.54","3.8","19","0.03","0.08","0.1","0.03","0.2","<0.001","1.2"
"Southern","SM1","2024-03-07","1","Surface Water","0.9","0.033","2","97","7.2","2","3","<0.002","<0.002","<0.002","8.1","<0.2","34.3","4.3","0.32","1.4","20.4","0.04","0.14","0.14","0.03","0.1","0.001","0.8"
"Southern","SM1","2024-03-07","1","Middle Water","0.7","0.028","1.4","97","7.2","4","16","0.009","<0.002","<0.002","8.1","1.2","34.3","4.3","0.29","0.7","20.3","0.04","0.16","0.17","0.03","0.2","0.001","<0.5"
"Southern","SM1","2024-03-07","1","Bottom Water","0.9","0.026","0.9","94","7","3","8","0.012","<0.002","<0.002","8.1","<0.2","34.4","4.3","0.31","1.1","19.9","0.04","0.15","0.16","0.03","1.5","<0.001","<0.5"
"Southern","SM1","2024-04-24","1","Surface Water","0.3","0.1","1.2","108","7.5","3","11","0.27","0.011","0.009","8.1","<0.2","29.8","3.6","0.95","3.3","25.1","0.38","0.22","0.5","0.07","10.4","0.005","1.2"
"Southern","SM1","2024-04-24","1","Middle Water","0.2","0.056","0.3","77","5.3","5","10","0.12","0.003","0.007","8.1","<0.2","32","3.6","0.6","4","24.7","0.18","0.17","0.29","0.05","1.1","0.003","1.1"
"Southern","SM1","2024-04-24","1","Bottom Water","0.1","0.043","0.3","70","4.9","<1","3","0.05","<0.002","0.007","8.1","<0.2","33.9","3.6","0.63","6.6","24.2","0.1","0.14","0.19","0.05","4.1","0.002","1.6"
"Southern","SM1","2024-05-23","1","Surface Water","<0.1","0.022","1.4","88","6","2","6","0.027","<0.002","<0.002","8.2","<0.2","31.9","3.4","0.27","1.6","25.6","0.05","0.19","0.22","0.05","1","0.001","0.6"
"Southern","SM1","2024-05-23","1","Middle Water","<0.1","0.011","1.6","79","5.4","2","8","0.025","<0.002","<0.002","8.2","<0.2","32","3.4","0.28","1.4","25.6","0.04","0.11","0.14","0.07","1.1","<0.001","<0.5"
"Southern","SM1","2024-05-23","1","Bottom Water","<0.1","0.013","1.5","69","4.7","<1","1","0.021","<0.002","<0.002","8.2","<0.2","32.2","3.4","0.24","2.7","25.5","0.04","0.09","0.11","0.08","2.5","<0.001","0.7"
"Southern","SM1","2024-06-08","1","Surface Water","0.9","0.047","1.6","71","4.8","3","28","0.027","0.003","0.004","8.1","<0.2","32.2","3","0.49","2.3","25.8","0.08","0.11","0.14","0.06","1.6","0.003","0.6"
"Southern","SM1","2024-06-08","1","Middle Water","0.4","0.026","2.5","69","4.7","3","6","0.023","<0.002","<0.002","8.1","<0.2","32.2","3","0.46","3","25.8","0.05","0.1","0.13","0.07","1.6","0.002","0.7"
"Southern","SM1","2024-06-08","1","Bottom Water","0.5","0.029","1.1","62","4.2","<1","8","0.018","0.002","0.003","8.1","<0.2","32.3","3","0.42","2.4","25.8","0.05","0.09","0.11","0.07","2.6","0.002","0.6"
"Southern","SM1","2024-07-12","1","Surface Water","2.1","0.012","11","94","6.4","<1","18","0.46","0.018","<0.002","8.5","2.5","20","2","0.8","4.8","29.5","0.49","0.25","0.73","0.03","1.3","0.002","1.3"
"Southern","SM1","2024-07-12","1","Middle Water","2.2","0.013","13","109","7.5","<1","5","0.43","0.017","<0.002","8","4.2","22.6","2","0.52","3.4","28.7","0.46","0.53","0.98","0.04","1.4","<0.001","1.2"
"Southern","SM1","2024-07-12","1","Bottom Water","1","0.009","4.5","97","6.8","<1","7","0.22","0.016","0.006","7.8","2.4","27.7","2","1.2","3.4","25.5","0.25","0.19","0.43","0.07","3.2","<0.001","<0.5"
"Southern","SM1","2024-08-22","1","Surface Water","0.8","0.025","2","82","5.7","2","16","0.2","0.053","0.012","8","<0.2","31.1","2.7","1.8","1.7","25.2","0.28","0.14","0.39","0.11","1.1","0.001","0.8"
"Southern","SM1","2024-08-22","1","Middle Water","0.5","0.02","1.6","79","5.5","40","90","0.19","0.051","0.017","8","<0.2","33.1","2.7","1.7","2.3","23.8","0.26","0.17","0.41","0.13","2.6","<0.001","0.9"
"Southern","SM1","2024-08-22","1","Bottom Water","0.5","0.01","1.1","44","3.1","42","110","0.16","0.043","0.017","8","<0.2","33.9","2.7","1.5","4.5","23.5","0.21","0.09","0.29","0.13","4.4","<0.001","0.9"
"Southern","SM1","2024-09-25","1","Surface Water","0.9","0.012","3.9","78","5.1","4","53","0.075","0.002","0.004","8.1","1.7","30.7","2.7","1.8","2.7","28.7","0.09","0.16","0.24","0.05","1.6","<0.001","1"
"Southern","SM1","2024-09-25","1","Middle Water","0.5","0.02","2.4","77","5","2","27","0.19","0.094","0.018","8.1","0.2","31.4","2.7","2","2.6","28.8","0.3","0.17","0.45","0.07","1.3","0.001","1.2"
"Southern","SM1","2024-09-25","1","Bottom Water","0.4","0.025","1.1","80","5.1","<1","10","0.16","0.084","0.019","8.1","0.9","32.5","2.7","1.9","2","29.1","0.27","0.18","0.42","0.14","1.9","0.002","0.7"
"Southern","SM1","2024-10-21","1","Surface Water","1.3","0.049","1.3","74","4.8","<1","<1","0.038","0.008","0.005","7.9","0.7","32.6","2","0.78","5.9","28","0.1","0.19","0.24","0.18","1.4","0.002","0.9"
"Southern","SM1","2024-10-21","1","Middle Water","1","0.021","1","71","4.6","<1","<1","0.021","0.007","0.01","7.9","1.1","32.5","2","0.84","5.6","28","0.05","0.13","0.16","0.16","4.6","<0.001","1"
"Southern","SM1","2024-10-21","1","Bottom Water","1.1","0.024","1","69","4.5","<1","<1","0.022","0.007","0.005","7.9","0.8","32.6","2","0.87","3.4","28","0.05","0.12","0.15","0.14","6.6","<0.001","0.6"
"Southern","SM1","2024-11-28","1","Surface Water","0.7","0.014","0.7","92","6.6","<1","<1","0.21","0.004","0.023","7.9","0.4","32","2.1","2","5.8","22.6","0.23","0.08","0.29","0.12","5.3","<0.001","1.2"
"Southern","SM1","2024-11-28","1","Middle Water","0.7","0.009","0.9","75","5.4","1","1","0.21","0.008","0.027","7.9","0.6","31.8","2.1","1.9","5.8","22.7","0.23","<0.05","0.27","0.15","5.3","<0.001","0.8"
"Southern","SM1","2024-11-28","1","Bottom Water","0.5","0.012","0.6","72","5.2","<1","<1","0.2","0.007","0.025","7.9","0.6","31.9","2.1","1.8","6.3","22.7","0.22","0.08","0.29","0.13","5.8","<0.001","1.1"
"Southern","SM1","2024-12-11","1","Surface Water","1.2","0.057","8.1","97","7.1","2","5","0.068","0.002","<0.002","7.9","1.8","32.1","2.8","0.91","2.3","21.7","0.13","0.22","0.29","0.11","1.2","0.001","<0.5"
"Southern","SM1","2024-12-11","1","Middle Water","1.2","0.057","6","88","6.4","<1","1","0.073","<0.002","0.014","7.8","1.3","32.1","2.8","0.94","2.2","21.7","0.13","0.24","0.32","0.04","1.6","0.001","0.8"
"Southern","SM1","2024-12-11","1","Bottom Water","0.9","0.055","4.6","74","5.4","<1","<1","0.073","0.002","0.012","7.8","1.9","32.1","2.8","1","5.2","21.7","0.13","0.21","0.29","0.05","2.9","0.001","1.2"
"Southern","SM10","2024-01-08","1","Surface Water","0.9","0.062","5.6","90","6.7","2","5","0.13","0.037","0.007","8","1","33","3","0.36","0.5","19.9","0.23","0.16","0.33","0.04","0.4","0.002","<0.5"
"Southern","SM10","2024-01-08","1","Bottom Water","0.9","0.055","7","103","7.7","1","1","0.14","0.037","0.044","8","1.5","33","3","0.36","2.6","19.9","0.23","0.19","0.37","0.04","0.5","0.002","1"
"Southern","SM10","2024-02-16","1","Surface Water","<0.1","0.13","1.3","80","6","<1","<1","0.14","0.006","0.026","7.9","1.2","33.2","1.8","0.96","3.8","19.7","0.28","0.21","0.36","0.06","0.6","0.003","0.9"
"Southern","SM10","2024-02-16","1","Bottom Water","0.4","0.13","1.3","93","7","9","11","0.14","0.005","0.018","7.9","0.8","33.3","1.8","0.96","2.7","19.6","0.28","0.15","0.3","0.38","0.8","0.003","0.7"
"Southern","SM10","2024-03-02","1","Surface Water","<0.1","0.17","1.3","78","5.9","340","350","0.086","0.004","0.014","7.9","0.3","33.3","2.7","0.56","5.2","18.7","0.26","0.31","0.4","0.05","0.5","0.004","3.6"
"Southern","SM10","2024-03-02","1","Bottom Water","<0.1","0.17","1.5","86","6.6","360","410","0.083","0.004","0.014","7.9","<0.2","33.6","2.7","0.53","2","18.9","0.26","0.31","0.4","0.05","0.6","0.004","<0.5"
"Southern","SM10","2024-04-19","1","Surface Water","1.4","0.014","6.1","112","7.8","6","8","0.41","0.019","<0.002","7.8","2.3","26.5","2.2","1","2","26.2","0.44","0.19","0.62","0.06","3.1","<0.001","0.9"
"Southern","SM10","2024-04-19","1","Bottom Water","1.3","0.019","6.1","144","10","3","9","0.41","0.02","<0.002","7.8","0.2","26.6","2.2","1.1","2.5","25.9","0.45","0.23","0.66","0.07","3.4","<0.001","1"
"Southern","SM10","2024-05-22","1","Surface Water","<0.1","0.12","1","109","7.6","170","800","0.16","0.008","0.014","8","<0.2","29","2.1","0.67","2.5","25.8","0.29","0.25","0.42","0.06","4.5","0.006","0.8"
"Southern","SM10","2024-05-22","1","Bottom Water","<0.1","0.12","0.7","66","4.6","110","700","0.15","0.008","0.012","8","<0.2","29.5","2.1","0.68","4.2","25.7","0.28","0.35","0.51","0.07","5.2","0.006","0.9"
"Southern","SM10","2024-06-22","1","Surface Water","1.7","0.049","16","100","6.9","12","25","0.57","0.068","0.004","8.3","4.6","18.9","1.9","2.9","3.9","29.3","0.69","0.27","0.91","0.05","2.2","0.006","1.4"
"Southern","SM10","2024-06-22","1","Bottom Water","1.9","0.044","20","110","7.6","15","39","0.43","0.065","0.009","8.3","5.9","19.2","1.9","2.1","4.4","29.2","0.54","0.29","0.79","0.05","2.4","0.006","1.7"
"Southern","SM10","2024-07-11","1","Surface Water","2.1","0.055","24","95","6.4","6","16","0.29","0.019","0.005","8","8.1","23.8","1.8","0.42","5.4","28.9","0.36","0.35","0.66","0.05","4","0.004","2.2"
"Southern","SM10","2024-07-11","1","Bottom Water","1.6","0.058","27","95","6.5","21","35","0.32","0.02","0.011","7.8","9.3","24.4","1.8","0.97","5","28.3","0.4","0.38","0.72","0.07","6.3","0.002","1.1"
"Southern","SM10","2024-08-23","1","Surface Water","1","0.045","3.2","92","6.5","30","56","0.25","0.07","0.015","7.9","0.9","23.9","1.9","2","2.4","26.2","0.37","0.23","0.55","0.15","2.8","0.002","0.8"
"Southern","SM10","2024-08-23","1","Bottom Water","0.8","0.077","2.7","72","5","70","130","0.45","0.097","0.033","7.8","1.5","28.3","1.9","4.1","7.6","25.4","0.62","0.22","0.77","0.16","8.3","0.002","1.7"
"Southern","SM10","2024-09-27","1","Surface Water","0.7","0.038","21","94","6.1","5","13","0.005","<0.002","<0.002","8","2.2","29.1","2","<0.05","4.2","29.9","0.05","0.31","0.32","0.1","2","0.002","2"
"Southern","SM10","2024-09-27","1","Bottom Water","0.8","0.03","19","98","6.3","<1","2","0.24","0.05","0.011","8","5.1","29.2","2","2.1","3.6","29.9","0.32","0.27","0.56","0.1","2.2","0.002","1.7"
"Southern","SM10","2024-10-17","1","Surface Water","<0.1","0.16","1.7","88","5.7","<1","1","0.13","0.034","0.027","7.5","0.7","32.1","1.8","2","6.5","28.5","0.32","0.39","0.55","0.2","14.5","0.003","1.1"
"Southern","SM10","2024-10-17","1","Bottom Water","<0.1","0.15","1.3","68","4.4","<1","2","0.12","0.036","0.026","7.6","1.2","32.1","1.8","2","9.1","28.6","0.31","0.31","0.47","0.23","8.4","0.003","1.2"
"Southern","SM10","2024-11-25","1","Surface Water","<0.1","0.056","1.1","110","7.9","15","37","0.26","0.11","0.031","7.6","0.8","31.9","1.4","1.8","8","23.2","0.43","0.14","0.51","0.09","6.5","<0.001","1.1"
"Southern","SM10","2024-11-25","1","Bottom Water","<0.1","0.078","1.1","78","5.6","7","15","0.24","0.1","0.026","7.6","1.1","31.9","1.4","1.9","6.9","23.2","0.42","0.18","0.52","0.08","6.9","0.001","0.8"
"Southern","SM10","2024-12-13","1","Surface Water","1.3","0.053","15","90","6.7","50","80","0.14","0.006","0.012","7.7","2.9","31.6","1.4","0.12","9.2","21.1","0.2","0.2","0.35","0.04","6.4","<0.001","1.9"
"Southern","SM10","2024-12-13","1","Bottom Water","1.3","0.056","13","102","7.5","73","100","0.13","0.005","0.017","7.7","3.1","31.7","1.4","0.15","9.2","21.3","0.19","0.24","0.38","0.04","8","0.001","1.2"
"Southern","SM11","2024-01-08","1","Surface Water","1.5","0.024","7","116","8.7","<1","<1","0.032","0.006","<0.002","8.2","2.1","33.1","2.3","0.11","5","20.2","0.06","0.21","0.25","0.03","0.7","0.001","1"
"Southern","SM11","2024-01-08","1","Middle Water","1.3","0.022","6.3","123","9.2","2","2","0.034","0.007","<0.002","8.2","2.5","33.1","2.3","0.16","3.9","20.2","0.06","0.11","0.15","0.03","0.8","0.001","1.5"
"Southern","SM11","2024-01-08","1","Bottom Water","1.2","0.021","7.2","121","9.1","1","2","0.041","0.008","<0.002","8.2","3.3","33.1","2.3","0.14","4","20.2","0.07","0.14","0.19","0.04","0.8","<0.001","1.6"
"Southern","SM11","2024-02-16","1","Surface Water","0.5","0.12","2.6","84","6.3","3","3","0.12","0.005","0.015","8","1.3","33.6","2.4","0.87","3.4","19.8","0.25","0.19","0.32","0.06","0.9","0.004","1"
"Southern","SM11","2024-02-16","1","Middle Water","0.6","0.11","2.6","99","7.4","3","5","0.11","0.005","0.011","8","2.2","33.5","2.4","0.86","3.9","19.7","0.23","0.19","0.31","0.08","0.8","0.004","1.2"
"Southern","SM11","2024-02-16","1","Bottom Water","0.5","0.12","2.4","96","7.2","1","1","0.12","0.005","0.013","8","2","33.6","2.4","0.91","2.9","19.6","0.25","0.22","0.35","0.39","1","0.004","0.6"
"Southern","SM11","2024-03-02","1","Surface Water","<0.1","0.11","2.4","73","5.7","7","9","0.14","0.006","0.013","7.9","0.3","33.1","3.7","0.54","1.4","17.8","0.26","0.3","0.45","0.05","0.5","0.003","0.6"
"Southern","SM11","2024-03-02","1","Middle Water","<0.1","0.1","2.4","91","7","14","18","0.13","0.006","0.012","7.9","0.7","33.2","3.7","0.55","1.9","18.1","0.24","0.31","0.45","0.05","0.4","0.002","0.7"
"Southern","SM11","2024-03-02","1","Bottom Water","<0.1","0.11","2.4","90","7","9","10","0.13","0.006","0.013","7.9","<0.2","33.3","3.7","0.55","3.5","18.2","0.25","0.31","0.45","0.05","0.5","0.003","1.8"
"Southern","SM11","2024-04-19","1","Surface Water","1.4","<0.005","4.8","112","7.8","4","7","0.39","0.018","<0.002","7.8","3.3","26.5","2.7","0.94","2.2","26.3","0.41","0.2","0.61","0.05","4.9","<0.001","0.8"
"Southern","SM11","2024-04-19","1","Middle Water","1.5","0.012","5.2","145","10.1","6","10","0.39","0.018","0.005","7.8","2.2","26.8","2.7","0.97","1.3","26.1","0.42","0.21","0.62","0.06","2.9","<0.001","0.6"
"Southern","SM11","2024-04-19","1","Bottom Water","1.4","0.078","3.2","175","12.2","12","20","0.31","0.015","0.004","7.7","1","26.8","2.7","1.4","4.2","26","0.4","0.26","0.59","0.08","5.3","0.002","1"
"Southern","SM11","2024-05-22","1","Surface Water","<0.1","0.13","0.4","78","5.4","21","140","0.14","0.007","0.012","8.1","<0.2","29.3","1.8","0.6","3.2","25.8","0.28","0.29","0.44","0.06","2.4","0.007","0.9"
"Southern","SM11","2024-05-22","1","Middle Water","<0.1","0.12","0.6","67","4.6","43","320","0.13","0.007","0.013","8.1","<0.2","29.7","1.8","0.55","2.9","25.8","0.26","0.29","0.43","0.06","2.7","0.007","1"
"Southern","SM11","2024-05-22","1","Bottom Water","<0.1","0.12","0.6","66","4.5","39","210","0.12","0.006","0.009","8.1","<0.2","30.1","1.8","0.57","5","25.7","0.25","0.25","0.38","0.06","3.9","0.006","1"
"Southern","SM11","2024-06-22","1","Surface Water","2.9","0.031","28","108","7.4","<1","<1","0.44","0.055","<0.002","8.6","5.2","19","2.1","2.1","4.6","29.7","0.53","0.34","0.84","0.04","2.7","0.007","1.8"
"Southern","SM11","2024-06-22","1","Middle Water","2.8","0.038","28","132","9.1","26","46","0.44","0.058","0.002","8.3","9.5","20.1","2.1","2.1","5.8","29.1","0.54","0.33","0.83","0.04","2.6","0.004","2.2"
"Southern","SM11","2024-06-22","1","Bottom Water","1.7","0.079","20","116","8","25","40","0.53","0.071","0.014","7.9","6.5","19.8","2.1","3.2","3.5","29.4","0.68","0.26","0.86","0.07","1.8","0.004","0.8"
"Southern","SM11","2024-07-11","1","Surface Water","2.5","0.023","30","117","8","<1","4","0.47","0.023","<0.002","8.4","8.2","20","2.1","0.93","3.8","29.7","0.52","0.3","0.79","0.03","3.1","0.003","1.5"
"Southern","SM11","2024-07-11","1","Middle Water","2.1","0.035","30","129","8.8","1","3","0.41","0.02","<0.002","8.3","7.9","20.8","2.1","0.53","5.7","29.5","0.47","0.37","0.8","0.04","3.1","0.004","1.6"
"Southern","SM11","2024-07-11","1","Bottom Water","1.8","0.063","22","112","7.7","4","7","0.39","0.022","0.009","7.8","8.6","23","2.1","1.3","3.6","28.4","0.48","0.37","0.78","0.06","3.8","0.002","0.9"
"Southern","SM11","2024-08-23","1","Surface Water","0.6","0.024","3.2","89","6.2","4","17","0.52","0.12","0.027","7.9","0.5","26.2","2.5","4","1.8","26.5","0.66","0.18","0.82","0.14","1.9","0.001","0.6"
"Southern","SM11","2024-08-23","1","Middle Water","0.6","0.026","3.4","51","3.6","20","43","0.47","0.11","0.026","7.9","1.8","26.5","2.5","3.4","5.8","26.3","0.61","0.16","0.74","0.16","2.1","0.001","1.5"
"Southern","SM11","2024-08-23","1","Bottom Water","0.5","0.04","4.2","43","3","25","49","0.47","0.098","0.029","7.9","1.5","26.3","2.5","3.7","7","26.5","0.61","0.17","0.74","0.15","2.6","0.001","1.9"
"Southern","SM11","2024-09-27","1","Surface Water","1","0.049","19","89","5.7","1","5","0.093","0.046","0.004","8.1","3.2","29.7","2","2.1","3.8","30","0.19","0.31","0.45","0.1","2","0.004","1.7"
"Southern","SM11","2024-09-27","1","Middle Water","0.7","0.069","9.9","98","6.3","1","6","0.36","0.056","0.008","8","5.1","29.7","2","2.1","3.6","29.9","0.49","0.25","0.67","0.1","2.4","0.005","1.8"
"Southern","SM11","2024-09-27","1","Bottom Water","1.4","0.036","17","88","5.7","3","6","0.12","0.05","0.005","7.8","6.8","29.9","2","2.1","5.5","29.6","0.21","0.29","0.46","0.09","7.2","0.002","1.6"
"Southern","SM11","2024-10-17","1","Surface Water","<0.1","0.16","1.8","68","4.4","45","45","0.11","0.04","0.022","7.7","1.2","32.1","1.6","1.6","6.2","28.3","0.31","0.29","0.44","0.17","7.1","0.005","1"
"Southern","SM11","2024-10-17","1","Middle Water","<0.1","0.16","1.6","65","4.2","3","7","0.11","0.039","0.026","7.7","1.2","32","1.6","1.8","3.5","28.4","0.31","0.3","0.45","0.27","7.2","0.005","<0.5"
"Southern","SM11","2024-10-17","1","Bottom Water","<0.1","0.15","1.5","66","4.3","2","4","0.13","0.039","0.027","7.7","1.4","32","1.6","1.9","5.8","28.4","0.32","0.39","0.56","0.2","9.2","0.004","0.9"
"Southern","SM11","2024-11-25","1","Surface Water","<0.1","0.042","1.3","101","7.2","1","3","0.24","0.12","0.028","7.6","1.1","31.9","1.5","1.8","5.7","22.9","0.4","0.11","0.47","0.08","8.6","<0.001","0.8"
"Southern","SM11","2024-11-25","1","Middle Water","<0.1","0.037","1.3","80","5.7","1","2","0.23","0.12","0.028","7.7","1.3","31.9","1.5","1.7","14","23","0.39","0.17","0.52","0.08","8.7","<0.001","1.8"
"Southern","SM11","2024-11-25","1","Bottom Water","<0.1","0.043","2","78","5.6","2","7","0.23","0.12","0.027","7.7","<0.2","31.9","1.5","1.8","12","22.9","0.39","0.17","0.52","0.1","10.6","<0.001","1.5"
"Southern","SM11","2024-12-13","1","Surface Water","1.6","0.068","15","92","6.8","2","13","0.13","0.005","0.006","7.9","3.6","31.8","2","0.11","4.5","21.2","0.2","0.29","0.43","0.06","3.5","0.002","1.8"
"Southern","SM11","2024-12-13","1","Middle Water","1.9","0.068","13","101","7.4","1","4","0.12","0.005","0.015","7.9","3.1","31.7","2","0.16","6.4","21.3","0.19","0.32","0.45","0.06","3.4","0.002","1.8"
"Southern","SM11","2024-12-13","1","Bottom Water","1.6","0.07","17","93","6.9","<1","3","0.11","0.003","0.013","7.9","3.8","31.7","2","0.13","7.4","21.1","0.18","0.28","0.39","0.04","5.6","0.002","1.3"
"Southern","SM12","2024-01-08","1","Surface Water","2.1","0.01","12","130","9.7","<1","1","0.063","0.026","<0.002","8.2","10","33.1","2.1","0.06","6.6","20.1","0.1","0.08","0.17","0.03","0.7","<0.001","2.8"
"Southern","SM12","2024-01-08","1","Middle Water","1.8","0.012","21","129","9.6","<1","1","0.065","0.025","0.019","8.2","6.5","33.1","2.1","<0.05","3.8","20","0.1","0.13","0.22","0.04","0.7","<0.001","1.9"
"Southern","SM12","2024-01-08","1","Bottom Water","1.7","0.016","15","123","9.2","1","1","0.066","0.025","0.025","8.2","5.8","33.1","2.1","<0.05","4.9","20","0.11","0.13","0.22","0.03","1.1","<0.001","1.8"
"Southern","SM12","2024-02-16","1","Surface Water","0.5","0.1","2.5","90","6.8","3","7","0.11","0.004","0.009","8.1","2.4","33.6","2","0.77","4.2","19.7","0.21","0.17","0.28","0.05","0.9","0.004","1.3"
"Southern","SM12","2024-02-16","1","Middle Water","0.5","0.096","3.5","99","7.4","9","16","0.1","0.004","0.009","8.1","1.3","33.6","2","0.8","4.9","19.6","0.2","0.17","0.27","0.09","0.8","0.003","1.2"
"Southern","SM12","2024-02-16","1","Bottom Water","0.5","0.11","2.8","97","7.3","11","18","0.1","0.005","0.009","8.1","2.1","33.6","2","0.79","4","19.5","0.22","0.2","0.31","0.37","0.9","0.004","1"
"Southern","SM12","2024-03-02","1","Surface Water","<0.1","0.065","4.6","78","6.1","1","2","0.14","0.006","0.01","8","0.4","33","2.3","0.48","2","17.8","0.21","0.22","0.37","0.04","0.6","0.002","0.8"
"Southern","SM12","2024-03-02","1","Middle Water","<0.1","0.067","5.7","91","7.1","1","1","0.14","0.006","0.01","8","0.7","33.2","2.3","0.35","3.4","18","0.21","0.21","0.36","0.05","0.6","0.002","0.6"
"Southern","SM12","2024-03-02","1","Bottom Water","<0.1","0.057","6.3","93","7.2","1","1","0.14","0.006","0.006","8","0.5","33.2","2.3","0.41","3.8","18","0.2","0.2","0.35","0.05","0.6","0.001","0.7"
"Southern","SM12","2024-04-19","1","Surface Water","1.2","<0.005","3.2","119","8.3","2","4","0.41","0.02","<0.002","7.9","1","25.7","3.1","0.96","3.1","26.1","0.44","0.21","0.64","0.05","2.3","<0.001","1.2"
"Southern","SM12","2024-04-19","1","Middle Water","1.4","<0.005","2.8","120","8.4","1","2","0.42","0.021","<0.002","7.9","1.6","25.7","3.1","1","1.7","26.1","0.45","0.22","0.66","0.06","2.3","<0.001","0.7"
"Southern","SM12","2024-04-19","1","Bottom Water","1.3","<0.005","3.4","120","8.4","47","90","0.41","0.021","<0.002","7.9","<0.2","26.2","3.1","0.87","1.2","26.1","0.44","0.22","0.65","0.07","2.5","<0.001","0.6"
"Southern","SM12","2024-05-22","1","Surface Water","<0.1","0.094","0.7","92","6.3","17","55","0.097","0.004","0.006","8.1","<0.2","30.5","2.6","0.4","1","25.8","0.2","0.27","0.37","0.06","1.9","0.006","<0.5"
"Southern","SM12","2024-05-22","1","Middle Water","<0.1","0.074","1.3","97","6.6","15","74","0.065","0.003","0.006","8.1","<0.2","30.7","2.6","0.44","5","25.8","0.14","0.21","0.28","0.06","2.2","0.005","1.2"
"Southern","SM12","2024-05-22","1","Bottom Water","<0.1","0.06","0.9","71","4.8","9","43","0.046","<0.002","0.004","8.1","<0.2","31.3","2.6","0.36","3.9","25.7","0.11","0.16","0.21","0.06","2.9","0.004","0.8"
"Southern","SM12","2024-06-22","1","Surface Water","1.4","0.026","17","104","7.3","6","25","0.79","0.074","0.006","8.4","6","14","1.7","4.7","3.6","29.4","0.89","0.28","1.14","0.04","4","0.004","0.9"
"Southern","SM12","2024-06-22","1","Middle Water","1.2","0.032","15","118","8.3","12","31","0.65","0.083","0.039","8.5","5","15.4","1.7","4.3","3.7","29.2","0.77","0.23","0.96","0.04","2.7","0.006","1.1"
"Southern","SM12","2024-06-22","1","Bottom Water","1","0.03","15","99","6.9","270","490","0.61","0.083","0.009","8.1","5","15.1","1.7","3.8","4.1","29.3","0.72","0.25","0.94","0.05","2","0.002","1.2"
"Southern","SM12","2024-07-11","1","Surface Water","1","0.016","15","104","7.3","1","2","0.83","0.024","0.023","8.4","6.6","16","1.7","4.2","3.5","29.6","0.87","0.25","1.1","0.02","2.8","0.003","1.6"
"Southern","SM12","2024-07-11","1","Middle Water","2.2","0.034","26","123","8.6","2","3","0.68","0.022","<0.002","8.3","8.2","16.3","1.7","2.8","4.8","29.5","0.74","0.33","1.03","0.04","3.2","0.005","1.1"
"Southern","SM12","2024-07-11","1","Bottom Water","2.4","0.027","22","108","7.5","14","24","0.63","0.021","0.002","7.9","9.5","17.2","1.7","2.1","3.5","29","0.68","0.3","0.95","0.04","2.1","0.002","0.6"
"Southern","SM12","2024-08-23","1","Surface Water","0.4","0.021","2.4","91","6.2","16","56","0.44","0.09","0.022","8","1","26.9","2.6","3.1","2.1","26.8","0.55","0.17","0.7","0.14","1.4","0.001","0.8"
"Southern","SM12","2024-08-23","1","Middle Water","0.5","0.025","3","62","4.3","250","540","0.44","0.092","0.024","8","1.7","27.4","2.6","3.3","1.8","26.2","0.56","0.19","0.72","0.15","2","0.001","0.5"
"Southern","SM12","2024-08-23","1","Bottom Water","0.4","0.039","2.6","51","3.5","300","660","0.39","0.092","0.028","7.9","0.7","27.4","2.6","2.9","3.7","26.4","0.52","0.16","0.64","0.16","2.4","0.002","1.1"
"Southern","SM12","2024-09-27","1","Surface Water","0.6","0.023","20","93","6","51","80","0.08","0.046","0.007","8.1","1.8","30.2","1.8","2.1","3.8","29.7","0.15","0.27","0.4","0.07","1.7","0.002","1.6"
"Southern","SM12","2024-09-27","1","Middle Water","0.4","0.03","18","97","6.3","3600","5400","0.12","0.068","0.011","8.1","8.1","30.2","1.8","2.1","3.8","29.7","0.22","0.25","0.44","0.07","1.7","0.002","1.6"
"Southern","SM12","2024-09-27","1","Bottom Water","<0.1","0.024","14","86","5.5","450","730","0.091","0.05","0.006","8","4.5","30.3","1.8","2.1","4.6","29.5","0.17","0.28","0.42","0.08","2.1","0.002","1.5"
"Southern","SM12","2024-10-17","1","Surface Water","<0.1","0.16","1.5","76","4.9","<1","<1","0.11","0.04","0.023","7.7","1.2","32.1","1.9","1.7","5.1","28.3","0.31","0.29","0.44","0.17","6.8","0.005","0.7"
"Southern","SM12","2024-10-17","1","Middle Water","<0.1","0.15","1.5","71","4.6","1","5","0.1","0.04","0.022","7.7","1.1","32.1","1.9","1.7","7.2","28.4","0.29","0.36","0.5","0.23","6.4","0.004","1"
"Southern","SM12","2024-10-17","1","Bottom Water","<0.1","0.15","1.5","62","4.1","4","7","0.1","0.037","0.024","7.7","1.4","32.1","1.9","1.7","6.7","28.3","0.29","0.3","0.44","0.19","7.7","0.004","0.9"
"Southern","SM12","2024-11-25","1","Surface Water","<0.1","0.021","0.7","78","5.5","10","22","0.23","0.12","0.028","7.7","0.4","32.1","1.6","1.7","11","23.2","0.37","0.17","0.52","0.08","12.4","<0.001","1.6"
"Southern","SM12","2024-11-25","1","Middle Water","<0.1","<0.005","1","85","6.1","13","29","0.23","0.12","0.023","7.7","1","32","1.6","1.7","8.4","23.3","0.36","0.17","0.52","0.09","14.2","<0.001","0.9"
"Southern","SM12","2024-11-25","1","Bottom Water","<0.1","0.027","1.1","73","5.2","6","14","0.23","0.12","0.027","7.7","0.7","32","1.6","1.8","9.4","23.2","0.38","0.14","0.49","0.08","15.5","<0.001","1"
"Southern","SM12","2024-12-13","1","Surface Water","1.1","0.055","10","103","7.7","61","99","0.1","0.004","0.008","7.9","2.5","31.8","1.9","0.22","6.9","20.7","0.16","0.23","0.33","0.04","5","0.001","1.5"
"Southern","SM12","2024-12-13","1","Middle Water","1","0.069","10","86","6.4","69","100","0.096","0.002","0.02","7.9","3.5","31.6","1.9","0.29","5.8","21.2","0.17","0.35","0.45","0.06","4.4","0.002","1.4"
"Southern","SM12","2024-12-13","1","Bottom Water","2.5","0.054","9.5","80","6","56","96","0.089","0.003","0.018","7.9","3.5","31.5","1.9","0.27","4.8","21","0.15","0.25","0.34","0.05","4.9","0.001","1"
"Southern","SM13","2024-01-08","1","Surface Water","1.5","0.017","8.1","117","8.8","17","32","0.022","0.005","<0.002","8.2","2.1","33.3","1.9","0.09","4.2","20","0.04","0.13","0.16","0.03","1","<0.001","2.4"
"Southern","SM13","2024-01-08","1","Middle Water","1.3","0.01","9.1","124","9.3","15","20","0.018","0.005","0.011","8.2","2.8","33.3","1.9","0.11","4.9","20","0.03","0.1","0.12","0.03","1.1","<0.001","2"
"Southern","SM13","2024-01-08","1","Bottom Water","1.2","0.016","10","123","9.2","19","28","0.018","0.005","<0.002","8.2","2.9","33.3","1.9","0.08","7.4","20","0.04","0.09","0.11","0.03","1","<0.001","2.2"
"Southern","SM13","2024-02-16","1","Surface Water","0.9","0.063","3.3","102","7.7","5","9","0.058","0.002","0.005","8.1","2.8","34","2.3","0.64","<0.5","19.7","0.12","0.17","0.23","0.05","0.5","0.002","<0.5"
"Southern","SM13","2024-02-16","1","Middle Water","0.5","0.055","4.1","102","7.6","7","10","0.054","<0.002","0.008","8.1","2.6","34","2.3","0.62","7.4","19.6","0.11","0.13","0.19","0.06","0.6","0.002","1.8"
"Southern","SM13","2024-02-16","1","Bottom Water","0.6","0.048","4","102","7.7","4","7","0.052","0.002","0.005","8.1","1.5","34","2.3","0.64","3.1","19.6","0.1","0.15","0.2","0.05","0.7","0.002","1"
"Southern","SM13","2024-03-02","1","Surface Water","<0.1","0.019","1.3","91","6.8","<1","<1","0.02","<0.002","0.003","8","0.4","34.4","2","0.24","4.3","20","0.04","0.13","0.15","0.04","1.1","<0.001","0.6"
"Southern","SM13","2024-03-02","1","Middle Water","<0.1","0.013","1.3","91","6.8","<1","<1","0.01","<0.002","0.003","8","<0.2","34.4","2","0.23","4.8","20","0.03","0.11","0.12","0.04","1.1","<0.001","0.7"
"Southern","SM13","2024-03-02","1","Bottom Water","<0.1","0.014","0.8","91","6.8","<1","<1","0.024","<0.002","0.002","8.1","<0.2","34.4","2","0.26","4.2","20","0.04","0.09","0.12","0.03","1","<0.001","0.7"
"Southern","SM13","2024-04-19","1","Surface Water","1","0.013","2.8","106","7.5","2","3","0.47","0.027","<0.002","7.9","0.7","24.1","3","1.4","1.6","25.9","0.51","0.21","0.71","0.04","2.4","<0.001","<0.5"
"Southern","SM13","2024-04-19","1","Middle Water","1","0.022","1.9","92","6.5","<1","<1","0.47","0.026","0.002","7.9","0.6","24.1","3","1.4","4.2","26","0.52","0.19","0.69","0.05","2.3","<0.001","1.4"
"Southern","SM13","2024-04-19","1","Bottom Water","1.1","0.014","1.8","104","7.4","<1","2","0.46","0.024","<0.002","7.9","<0.2","24.3","3","1.2","2.2","25.9","0.5","0.22","0.7","0.06","2.3","<0.001","1"
"Southern","SM13","2024-05-22","1","Surface Water","<0.1","0.045","1.3","79","5.4","7","77","0.07","0.002","<0.002","8.2","<0.2","30.3","1.9","0.33","3","25.9","0.12","0.23","0.3","0.05","1.6","0.003","1.2"
"Southern","SM13","2024-05-22","1","Middle Water","<0.1","0.049","1.6","84","5.7","5","42","0.067","0.003","0.004","8.2","<0.2","30.7","1.9","0.3","3.2","25.8","0.12","0.2","0.27","0.06","1.7","0.003","1.1"
"Southern","SM13","2024-05-22","1","Bottom Water","<0.1","0.054","1.2","72","4.9","3","53","0.055","0.003","0.006","8.1","<0.2","31","1.9","0.34","4.2","25.8","0.11","0.37","0.43","0.06","3","0.003","1.2"
"Southern","SM13","2024-06-22","1","Surface Water","1.5","0.016","21","75","5.3","14","34","0.79","0.074","0.008","8.4","7.1","14.9","1.9","4.7","4.1","29.2","0.88","0.3","1.16","0.04","3.4","0.003","1.3"
"Southern","SM13","2024-06-22","1","Middle Water","1.9","0.036","21","141","9.9","13","39","0.73","0.072","0.005","8.5","10","15.1","1.9","4.1","4.4","29.1","0.84","0.29","1.09","0.04","3.6","0.007","1.4"
"Southern","SM13","2024-06-22","1","Bottom Water","1.5","0.027","22","104","7.3","12","24","0.77","0.072","0.006","8.4","5.2","15.5","1.9","4.5","4.4","29.2","0.87","0.51","1.35","0.04","2.9","0.004","1.4"
"Southern","SM13","2024-07-11","1","Surface Water","1.9","0.033","29","127","8.8","<1","3","0.66","0.026","<0.002","8.4","6.7","17.9","2","1.9","5.1","29.5","0.72","0.34","1.03","0.03","3.1","0.005","1.7"
"Southern","SM13","2024-07-11","1","Middle Water","2.2","0.024","30","131","9.1","1","4","0.59","0.024","<0.002","8.3","8.6","18.8","2","1.6","3.4","29.2","0.64","0.38","0.99","0.04","3.3","0.003","0.8"
"Southern","SM13","2024-07-11","1","Bottom Water","1.8","0.036","25","120","8.3","4","5","0.47","0.023","0.003","8.1","7.3","19.9","2","1.6","3.4","28.9","0.53","0.31","0.8","0.05","3","0.003","0.7"
"Southern","SM13","2024-08-23","1","Surface Water","0.8","0.031","3.6","100","6.9","18","29","0.47","0.094","0.022","8","1.5","26.9","1.9","3.2","1.9","26.5","0.6","0.13","0.69","0.14","9.7","0.002","0.7"
"Southern","SM13","2024-08-23","1","Middle Water","0.8","0.013","2.7","60","4.2","10","22","0.45","0.097","0.024","8","1.2","27","1.9","3.4","4.6","26.4","0.56","0.13","0.68","0.14","2.7","<0.001","1.4"
"Southern","SM13","2024-08-23","1","Bottom Water","0.7","0.007","3.7","51","3.5","37","76","0.39","0.094","0.025","8","0.7","27","1.9","2.9","1.7","26.5","0.49","0.15","0.63","0.15","2.5","<0.001","0.6"
"Southern","SM13","2024-09-27","1","Surface Water","0.5","0.028","18","99","6.3","1","3","0.069","0.034","0.006","8.2","6.5","29.8","2.4","1.5","3.8","29.9","0.13","0.26","0.36","0.09","1","0.003","2.8"
"Southern","SM13","2024-09-27","1","Middle Water","0.9","0.028","21","111","7.2","<1","2","0.068","0.034","0.005","8.2","4.4","29.9","2.4","1.5","3","29.7","0.13","0.26","0.36","0.07","1.2","0.003","1.5"
"Southern","SM13","2024-09-27","1","Bottom Water","0.5","0.024","20","99","6.4","<1","<1","0.1","0.045","0.007","8.1","1.8","29.9","2.4","1.6","3","29.6","0.17","0.27","0.42","0.08","0.7","0.002","1.4"
"Southern","SM13","2024-10-17","1","Surface Water","<0.1","0.13","2.3","87","5.7","21","39","0.084","0.029","0.018","7.8","1.2","32.4","1.8","1.6","8.6","28.3","0.24","0.26","0.37","0.16","6.2","0.004","1.2"
"Southern","SM13","2024-10-17","1","Middle Water","<0.1","0.14","2.5","72","4.7","21","33","0.081","0.033","0.021","7.8","1.1","32.4","1.8","1.5","8.5","28.4","0.25","0.29","0.4","0.18","6.1","0.005","1.4"
"Southern","SM13","2024-10-17","1","Bottom Water","<0.1","0.14","2.1","61","4","25","33","0.086","0.028","0.019","7.8","1.6","32.3","1.8","1.6","6.3","28.3","0.25","0.27","0.38","0.18","6.8","0.004","0.8"
"Southern","SM13","2024-11-25","1","Surface Water","<0.1","<0.005","0.5","107","7.6","2","4","0.23","0.089","0.029","7.7","<0.2","32.2","1.6","1.8","8.2","23.3","0.32","0.13","0.45","0.08","8.5","<0.001","1"
"Southern","SM13","2024-11-25","1","Middle Water","<0.1","<0.005","1","109","7.7","<1","1","0.22","0.09","0.021","7.7","0.9","32.2","1.6","1.8","13","23.3","0.32","0.13","0.44","0.09","9.3","<0.001","1.3"
"Southern","SM13","2024-11-25","1","Bottom Water","<0.1","0.006","0.9","78","5.5","<1","2","0.22","0.082","0.022","7.7","0.6","32.2","1.6","1.8","8.7","23.3","0.31","0.12","0.42","0.07","10.8","<0.001","0.8"
"Southern","SM13","2024-12-13","1","Surface Water","1.3","0.056","12","109","8","1","1","0.1","0.002","0.01","7.9","2.7","32","2","0.34","5.8","21.2","0.16","0.28","0.38","0.05","4.5","0.001","1.4"
"Southern","SM13","2024-12-13","1","Middle Water","1.1","0.057","11","125","9.2","<1","2","0.085","0.003","0.018","7.9","1.1","31.9","2","0.34","7.8","21.4","0.15","0.2","0.29","0.04","4.2","0.001","1.7"
"Southern","SM13","2024-12-13","1","Bottom Water","1.3","0.055","10","101","7.4","2","7","0.065","0.006","0.016","7.9","3","31.9","2","0.39","4.8","21.5","0.13","0.28","0.35","0.05","4.1","0.001","1.3"
"Southern","SM17","2024-01-08","1","Surface Water","0.7","0.011","4.3","91","6.9","10","14","0.03","0.011","<0.002","8.1","0.7","33.4","2.5","0.36","4.6","19.6","0.05","0.07","0.11","0.03","1.6","<0.001","1.4"
"Southern","SM17","2024-01-08","1","Middle Water","0.5","0.01","4.9","104","7.8","13","13","0.027","0.011","<0.002","8.1","1.1","33.4","2.5","0.36","6.4","19.6","0.05","0.08","0.12","0.03","1.6","<0.001","1.6"
"Southern","SM17","2024-01-08","1","Bottom Water","0.5","0.016","2","102","7.7","14","16","0.028","0.013","0.003","8.1","1.6","33.5","2.5","0.4","6.8","19.6","0.06","0.12","0.16","0.04","1.4","<0.001","1.4"
"Southern","SM17","2024-02-16","1","Surface Water","0.7","0.016","3.2","108","8.1","<1","<1","0.021","<0.002","<0.002","8.2","2.9","34.1","2.8","0.36","2.7","19.7","0.04","0.06","0.08","0.04","0.2","<0.001","1"
"Southern","SM17","2024-02-16","1","Middle Water","0.7","0.015","4.2","107","8","<1","1","0.019","<0.002","<0.002","8.2","1.2","34.1","2.8","0.39","5.6","19.5","0.04","0.2","0.22","0.08","0.4","<0.001","1.4"
"Southern","SM17","2024-02-16","1","Bottom Water","0.6","0.018","5","105","7.9","<1","<1","0.019","<0.002","<0.002","8.2","1.3","34.1","2.8","0.42","3.6","19.4","0.04","0.07","0.09","0.04","0.5","<0.001","1"
"Southern","SM17","2024-03-02","1","Surface Water","<0.1","0.024","2","95","7.2","<1","<1","0.038","<0.002","0.004","8.1","0.5","34.1","4","0.31","2.2","19.4","0.06","0.2","0.24","0.04","0.4","<0.001","0.7"
"Southern","SM17","2024-03-02","1","Middle Water","<0.1","0.027","1.7","93","7","<1","<1","0.033","<0.002","0.003","8.1","<0.2","34.2","4","0.3","2.2","19.7","0.06","0.16","0.2","0.03","0.5","<0.001","0.5"
"Southern","SM17","2024-03-02","1","Bottom Water","<0.1","0.029","1.3","93","7","1","1","0.035","<0.002","0.003","8.1","0.4","34.2","4","0.32","15","19.7","0.07","0.12","0.16","0.03","0.5","<0.001","2.5"
"Southern","SM17","2024-04-19","1","Surface Water","0.8","0.018","1.1","107","7.6","<1","<1","0.46","0.024","<0.002","7.9","<0.2","23.6","3.9","1.4","<0.5","25.9","0.5","0.16","0.64","0.07","2.3","<0.001","<0.5"
"Southern","SM17","2024-04-19","1","Middle Water","1.3","0.008","1.4","112","7.9","4","6","0.47","0.025","<0.002","7.8","0.4","25","3.9","1.4","0.9","25.9","0.5","0.17","0.67","0.06","2.2","<0.001","<0.5"
"Southern","SM17","2024-04-19","1","Bottom Water","1","0.035","1.5","90","6.2","5","13","0.24","0.01","<0.002","7.6","<0.2","32.5","3.9","0.87","1.5","24.4","0.29","0.22","0.47","0.08","2.6","<0.001","0.5"
"Southern","SM17","2024-05-22","1","Surface Water","0.3","0.069","1.4","90","6.2","3","56","0.11","0.004","<0.002","8.2","<0.2","29.6","2","0.53","1.3","26","0.18","0.23","0.34","0.05","10.1","0.005","0.8"
"Southern","SM17","2024-05-22","1","Middle Water","<0.1","0.089","1.3","72","5","7","57","0.079","0.003","0.007","8.2","<0.2","30.7","2","0.33","1.4","25.7","0.17","0.23","0.31","0.06","1.1","0.006","0.8"
"Southern","SM17","2024-05-22","1","Bottom Water","<0.1","0.069","1.5","77","5.2","4","32","0.065","0.003","0.006","8.2","<0.2","32.1","2","0.29","4.3","25.6","0.14","0.23","0.3","0.06","4.5","0.005","1.2"
"Southern","SM17","2024-06-22","1","Surface Water","0.6","0.015","9.8","83","5.9","16","46","1","0.083","0.015","8.2","2.7","15.9","1.6","6","2.8","28.7","1.1","0.17","1.25","0.04","4.6","0.001","0.6"
"Southern","SM17","2024-06-22","1","Middle Water","0.4","0.019","11","79","5.5","8","36","0.69","0.081","0.018","8.1","3.4","23","1.6","4.3","4.4","27.6","0.79","0.19","0.96","0.05","3.4","0.001","1.1"
"Southern","SM17","2024-06-22","1","Bottom Water","<0.1","0.014","5.6","52","3.5","11","25","0.34","0.077","0.011","8","1.6","32.5","1.6","2.1","4.4","26.5","0.43","0.16","0.58","0.06","4.5","<0.001","0.8"
"Southern","SM17","2024-07-11","1","Surface Water","1.6","0.012","14","102","7.1","<1","<1","1","0.025","<0.002","8.3","3.4","14.9","2","6.4","2.7","29.7","1.04","0.23","1.26","0.04","3.9","0.002","1"
"Southern","SM17","2024-07-11","1","Middle Water","1.3","0.025","17","102","7.2","<1","2","0.73","0.022","0.002","7.9","14","19.2","2","3.8","2.7","28.3","0.78","0.35","1.1","0.04","1.2","0.001","0.6"
"Southern","SM17","2024-07-11","1","Bottom Water","1.9","0.02","13","86","6","<1","3","0.48","0.021","0.006","7.9","6","20.8","2","2.1","3.6","28.3","0.52","0.29","0.79","0.05","1.3","<0.001","0.8"
"Southern","SM17","2024-08-23","1","Surface Water","0.5","0.016","1.5","89","6.1","<1","<1","0.56","0.098","0.024","8","0.4","25.3","1.8","3.8","1.8","27.4","0.67","0.12","0.78","0.13","2.6","<0.001","<0.5"
"Southern","SM17","2024-08-23","1","Middle Water","0.8","0.017","1.7","48","3.3","<1","<1","0.5","0.096","0.023","8","0.5","25.6","1.8","3.9","2.2","27","0.61","0.12","0.72","0.13","2.6","<0.001","<0.5"
"Southern","SM17","2024-08-23","1","Bottom Water","0.5","0.006","1.5","53","3.7","1","3","0.21","0.063","0.014","8.1","0.4","28.7","1.8","1.8","5.4","25.2","0.28","0.12","0.39","0.15","4.1","<0.001","1"
"Southern","SM17","2024-09-27","1","Surface Water","<0.1","0.007","6","81","5.3","<1","4","0.056","0.027","0.009","8.1","<0.2","27.1","2.3","1.4","12","29.5","0.09","0.18","0.26","0.06","2.9","<0.001","2.7"
"Southern","SM17","2024-09-27","1","Middle Water","<0.1","0.023","3","72","4.7","<1","1","0.053","0.031","0.005","8.1","1.3","27.7","2.3","1.4","4.2","29.3","0.11","0.19","0.27","0.07","3.2","0.002","1"
"Southern","SM17","2024-09-27","1","Bottom Water","<0.1","0.024","2.1","62","4.1","<1","<1","0.069","0.037","0.007","8.1","<0.2","30.5","2.3","1.4","4.4","29.1","0.13","0.2","0.31","0.07","4.5","0.002","1.3"
"Southern","SM17","2024-10-17","1","Surface Water","0.4","0.095","3","97","6.3","3","3","0.06","0.024","0.011","7.8","0.8","32.5","1.8","1.1","6.5","28.5","0.18","0.29","0.37","0.17","5.3","0.003","1.2"
"Southern","SM17","2024-10-17","1","Middle Water","0.3","0.09","2.5","66","4.3","6","10","0.056","0.022","0.012","7.8","1.4","32.4","1.8","1.1","7.5","28.3","0.17","0.3","0.38","0.17","6.3","0.003","1.2"
"Southern","SM17","2024-10-17","1","Bottom Water","<0.1","0.072","2.3","56","3.6","1","5","0.047","0.016","0.01","7.8","1.3","32.4","1.8","0.93","4","28.2","0.14","0.24","0.3","0.17","22","0.002","0.6"
"Southern","SM17","2024-11-25","1","Surface Water","0.1","0.006","2.2","95","6.7","<1","<1","0.21","0.016","0.023","7.8","<0.2","32.1","1.6","1.8","3.4","23.6","0.23","0.11","0.34","0.1","6.2","<0.001","0.8"
"Southern","SM17","2024-11-25","1","Middle Water","<0.1","<0.005","0.5","84","5.9","<1","<1","0.21","0.016","0.023","7.8","0.4","32.2","1.6","1.9","8.4","23.5","0.23","0.11","0.34","0.08","9","<0.001","0.8"
"Southern","SM17","2024-11-25","1","Bottom Water","<0.1","<0.005","0.8","77","5.4","<1","1","0.22","0.032","0.022","7.8","0.9","32.3","1.6","1.9","9.5","23.5","0.26","0.09","0.34","0.07","11","<0.001","0.8"
"Southern","SM17","2024-12-13","1","Surface Water","0.5","0.041","2.5","90","6.6","<1","4","0.18","0.012","0.016","7.8","0.3","31.8","2.4","1.4","3.6","21.5","0.23","0.17","0.36","0.05","3.5","<0.001","0.9"
"Southern","SM17","2024-12-13","1","Middle Water","0.4","0.039","1.8","87","6.4","<1","<1","0.16","0.012","0.016","7.8","0.5","32","2.4","1.6","3.1","21.5","0.21","0.15","0.32","0.06","3.6","<0.001","0.8"
"Southern","SM17","2024-12-13","1","Bottom Water","0.4","0.027","1.1","77","5.7","<1","<1","0.057","0.014","0.016","7.8","0.9","31.8","2.4","1.6","4","21.5","0.1","0.13","0.2","0.04","4.3","<0.001","0.8"
"Southern","SM18","2024-01-04","1","Surface Water","0.4","0.007","0.9","88","6.6","1","3","0.039","0.036","0.01","8.1","<0.2","33.5","2.3","0.73","2.4","19.5","0.08","0.08","0.16","0.03","0.7","<0.001","1"
"Southern","SM18","2024-01-04","1","Middle Water","0.5","<0.005","0.9","95","7.2","<1","1","0.035","0.032","0.005","8.1","<0.2","33.5","2.3","0.79","3.7","19.5","0.07","0.07","0.14","0.03","0.6","<0.001","1.3"
"Southern","SM18","2024-01-04","1","Bottom Water","0.4","0.006","0.9","95","7.2","<1","1","0.033","0.033","0.008","8.1","<0.2","33.5","2.3","0.77","2.5","19.5","0.07","<0.05","0.12","0.03","2.2","<0.001","1"
"Southern","SM18","2024-02-19","1","Surface Water","1","0.012","1.3","101","7.5","<1","4","0.02","<0.002","<0.002","8.2","1.3","34","8.2","0.49","2","19.8","0.03","0.06","0.08","0.03","0.2","<0.001","0.7"
"Southern","SM18","2024-02-19","1","Middle Water","0.7","0.01","1.3","100","7.5","<1","<1","0.012","<0.002","<0.002","8.2","0.2","34.1","8.2","0.52","2","19.4","0.02","0.06","0.07","0.03","0.1","<0.001","0.6"
"Southern","SM18","2024-02-19","1","Bottom Water","0.6","0.019","0.9","96","7.2","<1","<1","0.016","<0.002","0.004","8.2","0.3","34.1","8.2","0.51","4.1","19.2","0.04","<0.05","0.07","0.03","0.4","<0.001","1.2"
"Southern","SM18","2024-03-07","1","Surface Water","1.1","0.038","2.1","97","7.2","<1","2","0.015","<0.002","0.003","8.1","<0.2","34.4","4.9","0.24","1","20.4","0.06","0.11","0.13","0.03","0.1","0.002","<0.5"
"Southern","SM18","2024-03-07","1","Middle Water","0.8","0.024","1.7","98","7.2","<1","<1","0.009","<0.002","<0.002","8.1","0.3","34.4","4.9","0.26","<0.5","20.4","0.04","0.11","0.12","0.03","0.2","0.001","<0.5"
"Southern","SM18","2024-03-07","1","Bottom Water","1","0.024","0.9","96","7.1","<1","<1","<0.002","<0.002","<0.002","8.1","<0.2","34.4","4.9","0.23","1","20.2","0.03","0.11","0.11","0.03","0.7","<0.001","<0.5"
"Southern","SM18","2024-04-24","1","Surface Water","0.5","0.097","0.4","110","7.8","6","31","0.46","0.03","0.015","8.2","0.2","25.3","3.3","2.1","1.7","25.3","0.59","0.25","0.74","0.05","2.3","0.006","0.8"
"Southern","SM18","2024-04-24","1","Middle Water","<0.1","0.081","<0.2","70","4.8","<1","2","0.087","0.003","0.008","8.2","<0.2","32.5","3.3","0.79","4.1","24.4","0.17","0.21","0.3","0.06","2.4","0.005","1.2"
"Southern","SM18","2024-04-24","1","Bottom Water","0.1","0.064","0.5","69","4.8","1","3","0.041","<0.002","0.006","8.2","<0.2","34","3.3","0.64","12","24","0.11","0.23","0.27","0.06","10","0.004","2.5"
"Southern","SM18","2024-05-23","1","Surface Water","<0.1","0.032","1.1","68","4.6","1","110","0.028","<0.002","0.002","8.2","0.3","31.8","5.8","0.22","3.1","25.8","0.06","0.2","0.23","0.06","0.3","0.002","0.9"
"Southern","SM18","2024-05-23","1","Middle Water","<0.1","0.023","1.4","85","5.8","<1","2","0.027","<0.002","<0.002","8.2","<0.2","32","5.8","0.19","2.6","25.6","0.05","0.19","0.22","0.07","0.7","0.002","0.7"
"Southern","SM18","2024-05-23","1","Bottom Water","2.6","0.017","1.5","78","5.3","1","3","0.022","<0.002","<0.002","8.2","<0.2","32.4","5.8","0.2","<0.5","25.5","0.04","0.08","0.1","0.07","4.3","0.001","<0.5"
"Southern","SM18","2024-06-08","1","Surface Water","<0.1","0.066","2.8","87","5.9","<1","1","0.036","0.004","0.003","8.1","<0.2","32.1","2.6","0.53","2.6","26","0.11","0.09","0.13","0.05","1.7","0.004","0.6"
"Southern","SM18","2024-06-08","1","Middle Water","0.3","0.034","2.3","78","5.3","1","2","0.031","<0.002","0.003","8.1","<0.2","32.3","2.6","0.49","1.8","25.9","0.07","0.11","0.14","0.07","1.4","0.002","0.6"
"Southern","SM18","2024-06-08","1","Bottom Water","<0.1","0.024","1.7","84","5.6","<1","1","0.023","<0.002","0.004","8.1","<0.2","32.6","2.6","0.4","3.2","25.9","0.05","0.1","0.13","0.08","2.1","0.001","1.6"
"Southern","SM18","2024-07-12","1","Surface Water","1.6","0.01","13","134","9.4","<1","4","0.75","0.023","0.023","8.5","3.5","15.6","2.2","4.3","2.7","29.6","0.78","0.28","1.05","0.03","1.9","0.002","1"
"Southern","SM18","2024-07-12","1","Middle Water","0.7","0.012","6.4","103","7.1","<1","<1","0.28","0.01","0.003","8","3.3","19.7","2.2","1.5","1.8","28.6","0.3","0.17","0.46","0.05","0.7","<0.001","<0.5"
"Southern","SM18","2024-07-12","1","Bottom Water","0.7","0.02","3.2","95","6.6","<1","5","0.14","0.016","0.008","7.8","1.9","23.3","2.2","1.6","2.7","27.3","0.18","0.2","0.36","0.08","3.7","<0.001","<0.5"
"Southern","SM18","2024-08-22","1","Surface Water","1.1","0.01","2.4","97","6.7","<1","<1","0.48","0.11","0.019","8.1","<0.2","26","2.5","4","1.1","26.7","0.6","0.16","0.75","0.1","1.4","<0.001","0.7"
"Southern","SM18","2024-08-22","1","Middle Water","0.8","0.016","1.5","54","3.7","11","23","0.2","0.062","0.018","8.1","<0.2","32","2.5","1.9","2.2","24.6","0.28","0.13","0.39","0.12","2.4","<0.001","0.8"
"Southern","SM18","2024-08-22","1","Bottom Water","0.6","0.007","0.5","47","3.3","6","14","0.12","0.057","0.018","8","0.4","33.7","2.5","1.7","4.3","24.2","0.18","0.11","0.29","0.13","5.6","<0.001","0.9"
"Southern","SM18","2024-09-25","1","Surface Water","0.8","0.05","1.6","76","4.9","<1","2","0.077","0.002","0.002","8.1","0.5","30","2.5","1.8","3.1","28.9","0.13","0.21","0.29","0.21","1.3","0.003","0.9"
"Southern","SM18","2024-09-25","1","Middle Water","0.3","0.018","1.6","86","5.5","1","1","0.056","0.015","0.004","8.1","<0.2","32.4","2.5","1.2","2.1","29","0.09","0.14","0.21","0.11","0.8","0.001","0.6"
"Southern","SM18","2024-09-25","1","Bottom Water","0.2","0.03","0.8","70","4.5","1","2","0.035","0.009","0.005","8.1","0.5","33","2.5","0.8","5.5","29","0.07","0.2","0.24","0.11","11","0.002","1"
"Southern","SM18","2024-10-21","1","Surface Water","<0.1","0.046","0.8","103","6.7","<1","<1","0.045","0.024","0.007","7.9","0.7","32.7","2","0.91","4.8","28.3","0.12","0.11","0.18","0.16","4.2","0.002","0.7"
"Southern","SM18","2024-10-21","1","Middle Water","<0.1","0.037","1.1","77","5","<1","1","0.035","0.023","0.007","7.9","0.5","32.7","2","0.93","4.2","28.1","0.1","0.13","0.19","0.17","4.6","0.002","0.7"
"Southern","SM18","2024-10-21","1","Bottom Water","<0.1","0.02","0.9","65","4.2","<1","<1","0.03","0.021","0.007","7.9","0.9","32.7","2","0.82","4.4","28","0.07","0.11","0.16","0.13","13.3","<0.001","0.7"
"Southern","SM18","2024-11-28","1","Surface Water","0.6","0.011","0.8","87","6.2","<1","<1","0.21","0.003","0.028","7.9","0.7","32.1","2.1","1.9","6.6","22.9","0.22","<0.05","0.26","0.15","8","<0.001","1.4"
"Southern","SM18","2024-11-28","1","Middle Water","0.5","0.011","0.9","88","6.3","<1","1","0.21","0.003","0.026","7.9","0.5","32.1","2.1","2","7.2","22.9","0.22","<0.05","0.26","0.13","7.2","<0.001","1.3"
"Southern","SM18","2024-11-28","1","Bottom Water","0.5","0.009","0.8","80","5.7","<1","<1","0.21","0.004","0.028","7.9","0.7","32.1","2.1","1.8","25","22.9","0.22","0.09","0.3","0.09","11.3","<0.001","4"
"Southern","SM18","2024-12-11","1","Surface Water","1.5","0.05","2.9","76","5.5","1","2","0.14","0.008","0.015","7.8","0.5","32","2.2","1.5","3","22","0.2","0.2","0.35","0.14","3.1","0.001","0.7"
"Southern","SM18","2024-12-11","1","Middle Water","0.6","0.056","1.2","80","5.8","<1","<1","0.16","0.009","0.013","7.8","0.8","32.2","2.2","1.6","4.4","21.8","0.23","0.16","0.33","0.04","4","0.001","0.9"
"Southern","SM18","2024-12-11","1","Bottom Water","0.6","0.043","1.4","79","5.8","<1","<1","0.15","0.008","0.016","7.8","0.9","32.1","2.2","1.6","5.2","21.8","0.2","0.15","0.31","0.04","7.2","<0.001","1"
"Southern","SM19","2024-01-04","1","Surface Water","0.4","0.011","0.4","87","6.6","<1","<1","0.033","0.032","0.008","8.1","<0.2","33.5","2.7","0.72","3.4","19.2","0.08","0.09","0.16","0.05","0.7","<0.001","1.8"
"Southern","SM19","2024-01-04","1","Middle Water","0.3","0.006","0.5","94","7.1","<1","<1","0.031","0.031","0.006","8.1","<0.2","33.5","2.7","0.76","2.6","19.2","0.07","<0.05","0.11","0.03","0.7","<0.001","1.3"
"Southern","SM19","2024-01-04","1","Bottom Water","0.3","0.005","0.5","95","7.2","<1","<1","0.015","0.03","0.006","8.1","<0.2","33.5","2.7","0.78","3.2","19.2","0.05","<0.05","0.1","0.03","1","<0.001","1.2"
"Southern","SM19","2024-02-19","1","Surface Water","1.4","0.012","0.7","98","7.3","1","3","0.018","<0.002","<0.002","8.2","0.6","34.3","9.6","0.35","1.4","20","0.03","0.06","0.08","0.03","0.2","<0.001","0.5"
"Southern","SM19","2024-02-19","1","Middle Water","0.7","0.013","0.8","98","7.3","<1","<1","0.011","<0.002","<0.002","8.2","<0.2","34.3","9.6","0.38","1.6","19.9","0.03","0.05","0.06","0.04","0.1","<0.001","0.5"
"Southern","SM19","2024-02-19","1","Bottom Water","0.6","0.012","0.8","96","7.3","<1","<1","0.012","<0.002","<0.002","8.2","<0.2","34.1","9.6","0.5","2.3","19.3","0.03","<0.05","0.06","0.03","0.2","<0.001","<0.5"
"Southern","SM19","2024-03-07","1","Surface Water","1.1","0.025","2.4","81","6","5","9","0.003","<0.002","0.003","8.1","<0.2","34.4","3.3","0.23","0.8","20.1","0.03","0.11","0.12","0.03","0.2","0.001","0.6"
"Southern","SM19","2024-03-07","1","Middle Water","0.8","0.016","2.5","93","6.9","2","2","0.013","<0.002","0.006","8.1","<0.2","34.4","3.3","0.26","0.5","20","0.03","0.18","0.2","0.04","0.3","<0.001","0.5"
"Southern","SM19","2024-03-07","1","Bottom Water","0.8","0.026","2","93","6.9","2","3","0.004","<0.002","<0.002","8.1","<0.2","34.4","3.3","0.24","1.9","20","0.03","0.17","0.18","0.03","0.4","<0.001","<0.5"
"Southern","SM19","2024-04-24","1","Surface Water","0.5","0.13","0.2","107","7.5","8","40","0.44","0.019","0.016","8.2","<0.2","27.6","2.7","1.8","2.6","24.9","0.59","0.28","0.74","0.05","1.3","0.008","1"
"Southern","SM19","2024-04-24","1","Middle Water","<0.1","0.043","0.4","69","4.8","1","2","0.084","<0.002","0.003","8.2","<0.2","32.6","2.7","0.43","2.2","24.5","0.13","0.19","0.28","0.05","0.3","0.003","0.8"
"Southern","SM19","2024-04-24","1","Bottom Water","0.2","0.028","0.3","76","5.3","<1","1","0.028","<0.002","0.006","8.2","<0.2","34.3","2.7","0.51","7.8","23.7","0.06","0.14","0.17","0.06","8","0.002","1.5"
"Southern","SM19","2024-05-23","1","Surface Water","<0.1","0.014","1.6","92","6.3","<1","2","0.025","<0.002","<0.002","8.2","<0.2","32.2","3.3","0.26","4.6","25.5","0.04","0.12","0.15","0.07","1","<0.001","1.4"
"Southern","SM19","2024-05-23","1","Middle Water","0.5","0.018","1","80","5.4","3","9","0.029","<0.002","<0.002","8.2","<0.2","32.2","3.3","0.23","1.1","25.6","0.05","0.11","0.14","0.07","1.2","0.001","<0.5"
"Southern","SM19","2024-05-23","1","Bottom Water","<0.1","0.02","1.7","66","4.5","1","6","0.023","<0.002","<0.002","8.2","<0.2","32.7","3.3","0.28","2.2","25.5","0.05","0.11","0.14","0.08","3.5","0.001","1.2"
"Southern","SM19","2024-06-08","1","Surface Water","<0.1","0.024","1.9","71","4.8","<1","2","0.017","0.006","0.003","8.1","<0.2","32.3","2.4","0.4","<0.5","25.9","0.05","0.11","0.13","0.06","1.6","0.001","<0.5"
"Southern","SM19","2024-06-08","1","Middle Water","0.2","0.026","1.3","63","4.3","<1","<1","0.015","0.004","0.006","8.1","<0.2","32.3","2.4","0.38","3","25.9","0.05","0.11","0.13","0.07","1.7","0.002","0.8"
"Southern","SM19","2024-06-08","1","Bottom Water","0.1","0.008","1.2","59","4","<1","<1","0.015","0.002","<0.002","8.1","<0.2","32.4","2.4","0.39","3.1","25.9","0.03","0.1","0.12","0.06","4.3","<0.001","0.5"
"Southern","SM19","2024-07-12","1","Surface Water","1.3","0.01","8.2","97","6.7","<1","1","0.71","0.011","<0.002","8.5","1.6","17.2","1.9","2.8","2.3","29.3","0.73","0.23","0.95","0.03","1.3","0.002","1"
"Southern","SM19","2024-07-12","1","Middle Water","0.4","0.01","3","84","6","<1","2","0.18","0.015","0.006","7.8","1.8","18.3","1.9","1.4","1.6","28.1","0.21","0.16","0.36","0.07","0.7","<0.001","<0.5"
"Southern","SM19","2024-07-12","1","Bottom Water","0.3","0.008","0.8","90","6.4","<1","<1","0.1","0.014","0.007","7.8","0.4","22","1.9","1.4","3.8","26.5","0.12","0.14","0.25","0.08","5.8","<0.001","<0.5"
"Southern","SM19","2024-08-22","1","Surface Water","1.1","0.057","3.6","90","6.2","3","11","0.39","0.08","0.019","8","0.4","28.3","2.1","2","1.6","25.8","0.53","0.19","0.66","0.12","1.6","0.003","1"
"Southern","SM19","2024-08-22","1","Middle Water","0.6","0.013","1.3","44","3.1","6","18","0.14","0.044","0.014","8.1","<0.2","33.6","2.1","1.4","3.4","23.8","0.2","0.14","0.32","0.13","3.3","<0.001","1"
"Southern","SM19","2024-08-22","1","Bottom Water","0.5","0.007","0.4","46","3.2","<1","2","0.089","0.04","0.015","8.1","<0.2","34.2","2.1","1.3","5","23.8","0.14","0.09","0.22","0.13","8.8","<0.001","1"
"Southern","SM19","2024-09-25","1","Surface Water","0.4","0.008","2.9","79","5.1","<1","<1","0.13","0.057","0.014","8.1","<0.2","31.3","4","1.6","1.7","28.9","0.2","0.13","0.32","0.23","0.6","<0.001","0.6"
"Southern","SM19","2024-09-25","1","Middle Water","0.3","0.021","2.1","84","5.4","<1","<1","0.059","0.031","0.005","8.1","<0.2","32.1","4","0.96","2","29","0.11","0.15","0.24","0.14","0.7","0.001","0.6"
"Southern","SM19","2024-09-25","1","Bottom Water","<0.1","0.025","1.4","74","4.7","<1","3","0.029","0.019","0.012","8.1","0.3","33","4","0.91","6.4","29.1","0.07","0.19","0.24","0.12","7.1","0.002","1.6"
"Southern","SM19","2024-10-21","1","Surface Water","0.9","0.027","1.1","77","5","1","1","0.021","0.008","0.009","7.9","0.7","32.6","2.1","0.79","7.8","28","0.06","0.14","0.17","0.17","2.7","0.001","1.2"
"Southern","SM19","2024-10-21","1","Middle Water","0.6","0.015","0.9","71","4.6","1","4","0.024","0.007","0.01","7.9","0.8","32.5","2.1","0.85","2.7","28","0.05","0.16","0.19","0.16","4.4","<0.001","<0.5"
"Southern","SM19","2024-10-21","1","Bottom Water","0.7","0.019","1.1","69","4.5","<1","2","0.022","0.008","0.01","7.9","0.4","32.6","2.1","0.74","6.2","28","0.05","0.09","0.12","0.14","4.9","<0.001","2"
"Southern","SM19","2024-11-28","1","Surface Water","0.6","0.01","0.6","79","5.7","<1","<1","0.21","0.004","0.027","7.9","0.5","31.8","1.9","1.9","7.6","22.6","0.22","0.1","0.31","0.13","7","<0.001","1.2"
"Southern","SM19","2024-11-28","1","Middle Water","0.6","0.006","0.7","73","5.3","<1","1","0.21","0.006","0.027","7.9","0.6","31.7","1.9","1.9","9.6","22.7","0.22","<0.05","0.27","0.15","7.7","<0.001","1.5"
"Southern","SM19","2024-11-28","1","Bottom Water","0.6","<0.005","0.7","73","5.3","<1","1","0.22","0.003","0.028","7.9","0.7","31.9","1.9","1.7","5","22.7","0.23","0.1","0.32","0.08","13.2","<0.001","0.9"
"Southern","SM19","2024-12-11","1","Surface Water","0.9","0.052","5.2","99","7.3","2","3","0.11","0.005","0.013","7.9","0.7","31.4","3.1","1.1","3","21.6","0.17","0.23","0.35","0.04","2.5","0.001","0.7"
"Southern","SM19","2024-12-11","1","Middle Water","0.4","0.055","4.8","82","6","<1","<1","0.11","0.006","0.012","7.8","0.7","32.1","3.1","1.2","3.4","21.6","0.17","0.17","0.29","0.04","1.3","0.001","0.9"
"Southern","SM19","2024-12-11","1","Bottom Water","0.6","0.046","4.1","75","5.5","<1","1","0.12","0.006","0.013","7.8","0.7","32.1","3.1","1.3","6.3","21.6","0.17","0.19","0.32","0.04","2","0.001","1.5"
"Southern","SM2","2024-01-04","1","Surface Water","0.4","0.01","0.9","80","6.1","<1","2","0.047","0.037","0.009","8.1","<0.2","33.4","2.4","0.76","1.7","19.4","0.09","0.1","0.18","0.03","0.4","<0.001","1"
"Southern","SM2","2024-01-04","1","Middle Water","0.4","0.013","0.9","95","7.2","<1","2","0.041","0.036","0.009","8","<0.2","33.5","2.4","0.77","1.4","19.5","0.09","0.07","0.15","0.03","0.4","<0.001","0.8"
"Southern","SM2","2024-01-04","1","Bottom Water","0.4","0.011","0.6","95","7.1","<1","3","0.043","0.038","0.009","8.1","0.4","33.5","2.4","0.73","1.6","19.5","0.09","0.08","0.16","0.03","0.5","<0.001","0.7"
"Southern","SM2","2024-02-19","1","Surface Water","0.7","0.051","0.6","97","7.3","4","5","0.053","<0.002","0.006","8.2","0.4","33.9","6.7","0.49","3.4","19.6","0.11","0.08","0.14","0.04","0.6","0.002","0.8"
"Southern","SM2","2024-02-19","1","Middle Water","0.7","0.023","1.6","97","7.3","4","6","0.028","<0.002","0.004","8.2","0.4","34","6.7","0.56","3.4","19.3","0.05","0.06","0.09","0.03","0.4","<0.001","0.8"
"Southern","SM2","2024-02-19","1","Bottom Water","1","0.026","1.4","97","7.3","<1","<1","0.025","<0.002","<0.002","8.2","<0.2","34","6.7","0.58","4.7","19.2","0.05","0.08","0.11","0.03","0.2","0.001","1.2"
"Southern","SM2","2024-03-07","1","Surface Water","0.8","0.03","3","95","7","3","9","0.016","<0.002","<0.002","8","<0.2","34.4","3.2","0.25","1.2","20","0.05","0.17","0.19","0.03","0.2","<0.001","<0.5"
"Southern","SM2","2024-03-07","1","Middle Water","0.8","0.028","3.3","95","7.1","1","1","0.015","<0.002","0.002","8.1","<0.2","34.4","3.2","0.29","1.3","20","0.05","0.12","0.14","0.04","0.2","<0.001","0.5"
"Southern","SM2","2024-03-07","1","Bottom Water","0.8","0.043","1.6","95","7","<1","1","0.003","<0.002","<0.002","8.1","<0.2","34.4","3.2","0.24","2.3","20","0.05","0.12","0.13","0.03","0.3","0.002","0.6"
"Southern","SM2","2024-04-24","1","Surface Water","0.5","0.12","0.3","64","4.5","22","57","0.36","0.014","0.014","8.1","<0.2","29","3.2","1.4","3.9","24.9","0.49","0.24","0.61","0.06","1.2","0.007","1.2"
"Southern","SM2","2024-04-24","1","Middle Water","0.3","0.081","0.3","71","5","9","18","0.2","0.007","0.009","8.2","<0.2","31.3","3.2","0.86","4.1","24.6","0.29","0.2","0.41","0.05","1.7","0.005","1"
"Southern","SM2","2024-04-24","1","Bottom Water","0.2","0.045","0.6","72","5","8","10","0.11","0.002","0.005","8.2","<0.2","32.8","3.2","0.5","3.6","24.4","0.16","0.25","0.36","0.05","1.7","0.003","0.9"
"Southern","SM2","2024-05-23","1","Surface Water","<0.1","0.068","1.4","89","6","1","2","0.054","0.002","0.005","8.1","<0.2","31.5","2.8","0.34","4.8","25.7","0.12","0.22","0.28","0.06","1.6","0.004","1.2"
"Southern","SM2","2024-05-23","1","Middle Water","<0.1","0.054","1.2","72","4.9","1","3","0.046","<0.002","0.004","8.1","<0.2","31.7","2.8","0.3","1.7","25.7","0.1","0.17","0.22","0.07","1.4","0.003","<0.5"
"Southern","SM2","2024-05-23","1","Bottom Water","<0.1","0.041","1.4","69","4.7","1","7","0.04","<0.002","0.003","8.2","<0.2","31.8","2.8","0.31","1.7","25.6","0.08","0.12","0.16","0.07","1.8","0.003","0.6"
"Southern","SM2","2024-06-08","1","Surface Water","0.6","0.033","0.9","85","5.8","42","71","0.033","0.005","0.002","8.1","<0.2","32.2","2.4","0.52","2.8","26","0.07","0.1","0.14","0.06","1.9","0.002","0.7"
"Southern","SM2","2024-06-08","1","Middle Water","0.7","0.031","2.2","67","4.5","1","12","0.034","<0.002","0.003","8.1","<0.2","32.2","2.4","0.49","2.5","25.9","0.07","0.11","0.15","0.07","1.8","0.002","0.6"
"Southern","SM2","2024-06-08","1","Bottom Water","0.6","0.022","2.3","61","4.1","<1","5","0.026","0.002","<0.002","8.1","<0.2","32.3","2.4","0.46","3.2","25.9","0.05","0.13","0.16","0.08","4.2","0.001","0.7"
"Southern","SM2","2024-07-12","1","Surface Water","2.4","0.011","19","73","5","1","8","0.6","0.019","0.004","8.5","4.9","18","2","1.4","3.9","29.8","0.63","0.28","0.9","0.03","1.7","0.002","1"
"Southern","SM2","2024-07-12","1","Middle Water","2.9","0.017","21","118","8.1","8","20","0.44","0.018","<0.002","7.9","5.3","22","2","0.69","4.1","28.4","0.48","0.31","0.77","0.04","1.4","<0.001","1.2"
"Southern","SM2","2024-07-12","1","Bottom Water","1.5","0.048","4.9","102","7","3","17","0.24","0.016","0.012","7.8","3","22.2","2","1.6","5.3","28.2","0.3","0.25","0.51","0.09","2","0.002","2.1"
"Southern","SM2","2024-08-22","1","Surface Water","0.7","0.078","2.3","87","6.1","4","22","0.39","0.081","0.019","8","<0.2","28.2","2.7","2.1","1.6","25.8","0.55","0.13","0.6","0.12","1.5","0.003","0.9"
"Southern","SM2","2024-08-22","1","Middle Water","0.6","0.03","1.8","68","4.8","29","76","0.27","0.072","0.021","7.9","<0.2","30.5","2.7","1.9","1.8","24.7","0.37","0.15","0.49","0.13","1.9","0.001","0.8"
"Southern","SM2","2024-08-22","1","Bottom Water","0.8","0.018","1","42","3","18","36","0.16","0.053","0.016","8","0.6","32.4","2.7","1.7","4.8","24","0.23","0.09","0.3","0.13","5","<0.001","1"
"Southern","SM2","2024-09-25","1","Surface Water","0.5","0.024","2.2","102","6.7","24","200","0.045","0.018","0.003","8","0.8","28.9","2.4","0.84","3","28.5","0.09","0.16","0.22","0.06","1.8","0.001","0.9"
"Southern","SM2","2024-09-25","1","Middle Water","0.4","0.051","1.2","68","4.4","44","190","0.04","0.019","0.009","8","0.6","31.1","2.4","0.79","3.4","28.9","0.11","0.23","0.29","0.08","3.8","0.003","0.9"
"Southern","SM2","2024-09-25","1","Bottom Water","0.4","0.03","0.7","68","4.3","14","80","0.023","0.02","0.006","8","0.6","32.5","2.4","0.81","6","29.1","0.07","0.12","0.16","0.1","6.3","0.002","1.2"
"Southern","SM2","2024-10-21","1","Surface Water","1","0.042","1.4","73","4.7","2","3","0.041","0.024","0.008","7.8","1.1","32.5","1.9","1","9.9","28.1","0.11","0.17","0.24","0.17","4.6","0.001","1.6"
"Southern","SM2","2024-10-21","1","Middle Water","0.9","0.038","1.5","72","4.7","1","4","0.042","0.022","0.009","7.8","0.8","32.6","1.9","0.96","5.4","28","0.1","0.2","0.26","0.17","6.7","0.001","0.8"
"Southern","SM2","2024-10-21","1","Bottom Water","0.7","0.048","1.4","73","4.8","<1","1","0.04","0.024","0.011","7.8","0.9","32.6","1.9","0.97","6.2","28.1","0.11","0.13","0.19","0.15","8.1","0.002","1"
"Southern","SM2","2024-11-28","1","Surface Water","0.5","0.012","1","99","7","<1","1","0.22","0.006","0.027","7.8","0.4","32","2.3","2","4.6","22.8","0.24","<0.05","0.28","0.13","4.2","<0.001","1.9"
"Southern","SM2","2024-11-28","1","Middle Water","0.6","0.012","1","76","5.4","2","3","0.21","0.005","0.026","7.8","0.7","31.8","2.3","2.1","4.8","22.9","0.23","0.1","0.32","0.09","4.2","<0.001","1"
"Southern","SM2","2024-11-28","1","Bottom Water","0.5","0.008","1","76","5.4","<1","<1","0.21","0.006","0.028","7.8","0.4","32","2.3","1.8","12","23","0.22","0.09","0.31","0.09","5","<0.001","1.6"
"Southern","SM2","2024-12-11","1","Surface Water","0.8","0.055","4.5","90","6.6","<1","2","0.13","0.006","0.015","7.8","1.4","32.1","2.2","1","3.1","22","0.19","0.21","0.35","0.13","2.4","0.001","1"
"Southern","SM2","2024-12-11","1","Middle Water","0.9","0.053","4.8","77","5.6","5","7","0.13","0.006","0.014","7.8","1.3","32","2.2","1.1","6.2","21.8","0.19","0.32","0.46","0.05","2.4","0.001","1.2"
"Southern","SM2","2024-12-11","1","Bottom Water","0.6","0.06","3.9","77","5.6","1","1","0.13","0.005","0.011","7.8","1.3","32","2.2","1.1","5.3","21.8","0.2","0.17","0.31","0.05","3","0.001","1.1"
"Southern","SM20","2024-01-08","1","Surface Water","0.8","0.01","7.8","92","6.9","12","18","0.017","0.006","<0.002","8.2","1.7","33.4","2.4","0.2","7.1","19.8","0.03","0.11","0.13","0.03","1","<0.001","2.1"
"Southern","SM20","2024-01-08","1","Middle Water","0.8","0.011","6.2","114","8.5","4","7","0.017","0.006","0.006","8.2","1.6","33.4","2.4","0.18","5.6","19.9","0.03","0.11","0.13","0.04","1.2","<0.001","1.8"
"Southern","SM20","2024-01-08","1","Bottom Water","0.7","0.017","2.7","114","8.5","7","8","0.017","0.006","0.006","8.2","2","33.4","2.4","0.18","6.9","19.9","0.04","0.1","0.12","0.03","1.1","<0.001","2.1"
"Southern","SM20","2024-02-16","1","Surface Water","0.7","0.027","2.4","88","6.6","<1","<1","0.024","<0.002","<0.002","8.2","1.8","34.1","2.6","0.47","3.3","19.9","0.05","0.1","0.13","0.05","0.4","0.001","1.2"
"Southern","SM20","2024-02-16","1","Middle Water","0.6","0.018","2.9","109","8.1","<1","<1","0.027","<0.002","<0.002","8.2","0.8","34.1","2.6","0.48","4","19.9","0.05","0.1","0.13","0.2","0.4","<0.001","0.9"
"Southern","SM20","2024-02-16","1","Bottom Water","0.5","0.038","4.6","105","7.9","<1","1","0.047","<0.002","<0.002","8.2","1.5","34.1","2.6","0.54","3.3","19.5","0.09","0.12","0.17","0.04","0.7","0.002","0.8"
"Southern","SM20","2024-03-02","1","Surface Water","<0.1","0.022","1.3","85","6.4","1","1","0.022","<0.002","<0.002","8.1","<0.2","34.1","2","0.32","2.8","19.7","0.05","0.12","0.14","0.04","0.6","<0.001","0.5"
"Southern","SM20","2024-03-02","1","Middle Water","<0.1","0.018","1.4","86","6.4","<1","<1","0.022","<0.002","<0.002","8.1","0.6","34.3","2","0.29","3.2","19.7","0.04","0.15","0.17","0.04","0.6","<0.001","0.6"
"Southern","SM20","2024-03-02","1","Bottom Water","<0.1","0.019","1.5","93","6.9","<1","<1","0.02","<0.002","0.002","8.1","<0.2","34.3","2","0.28","3.2","19.9","0.04","0.15","0.17","0.03","1.2","<0.001","<0.5"
"Southern","SM20","2024-04-19","1","Surface Water","1.2","0.01","2.4","97","6.9","3","8","0.47","0.024","<0.002","7.9","1.1","24.6","3.4","1.3","1.7","26.2","0.5","0.19","0.68","0.05","2.3","<0.001","0.7"
"Southern","SM20","2024-04-19","1","Middle Water","1.1","0.008","2.7","112","7.9","1","2","0.46","0.025","<0.002","7.9","1","24.7","3.4","1.3","1.8","26.1","0.49","0.19","0.68","0.06","2.3","<0.001","0.7"
"Southern","SM20","2024-04-19","1","Bottom Water","1.2","0.011","3.6","140","9.9","2","8","0.37","0.019","<0.002","7.9","0.3","24.9","3.4","0.91","4.5","26.1","0.4","0.21","0.6","0.07","2.4","<0.001","1.2"
"Southern","SM20","2024-05-22","1","Surface Water","0.3","0.047","1.3","85","5.8","7","83","0.094","0.004","<0.002","8.2","<0.2","29.2","1.7","0.37","2","26.2","0.15","0.19","0.29","0.05","2","0.003","0.8"
"Southern","SM20","2024-05-22","1","Middle Water","<0.1","0.05","1.5","107","7.3","1","8","0.072","0.003","0.004","8.2","<0.2","29.4","1.7","0.31","1.6","26.1","0.13","0.18","0.26","0.06","2.5","0.004","0.6"
"Southern","SM20","2024-05-22","1","Bottom Water","<0.1","0.053","1.4","78","5.3","5","11","0.07","0.003","0.004","8.2","<0.2","30.4","1.7","0.3","2.2","25.8","0.13","0.31","0.38","0.06","1.8","0.004","0.8"
"Southern","SM20","2024-06-22","1","Surface Water","1","0.014","13","95","6.7","32","81","0.87","0.085","0.013","8.2","3.5","15.4","1.6","5.7","4.5","28.7","0.97","0.24","1.2","0.04","4.1","0.001","1.1"
"Southern","SM20","2024-06-22","1","Middle Water","0.3","0.015","11","97","6.9","18","49","0.76","0.084","0.014","8.1","2.9","16","1.6","4.2","5.6","28.5","0.86","0.21","1.05","0.04","4.1","0.001","1.2"
"Southern","SM20","2024-06-22","1","Bottom Water","0.5","0.022","12","89","6.1","15","90","0.6","0.084","0.023","8","5.4","24","1.6","4","3.2","27.5","0.71","0.28","0.96","0.06","1.9","0.001","0.7"
"Southern","SM20","2024-07-11","1","Surface Water","2.1","0.029","26","79","5.5","<1","2","0.71","0.026","<0.002","8.4","7.1","17.3","1.4","3.2","3.3","29.5","0.77","0.36","1.1","0.04","3.1","0.005","1.1"
"Southern","SM20","2024-07-11","1","Middle Water","1.7","0.029","19","149","10.4","1","3","0.68","0.026","<0.002","8.3","9.2","17.8","1.4","2.6","4.1","29.2","0.74","0.33","1.04","0.04","3.6","0.004","1.5"
"Southern","SM20","2024-07-11","1","Bottom Water","1.8","0.025","28","106","7.4","4","6","0.62","0.023","0.004","8.1","9.2","17.8","1.4","1.8","4.4","29.2","0.67","0.37","1.01","0.05","1.9","0.002","0.8"
"Southern","SM20","2024-08-23","1","Surface Water","0.8","0.006","2.8","85","5.9","3","9","0.47","0.094","0.022","8","1.2","27","1.8","3.4","3.8","26.7","0.57","0.17","0.73","0.14","3.2","<0.001","1"
"Southern","SM20","2024-08-23","1","Middle Water","0.8","0.022","2.6","77","5.3","1","6","0.5","0.099","0.023","8","1.1","26.9","1.8","3.6","3.4","26.2","0.62","0.14","0.74","0.15","3","0.001","1.3"
"Southern","SM20","2024-08-23","1","Bottom Water","0.7","0.013","2.8","51","3.6","1","1","0.45","0.094","0.026","8","0.9","27","1.8","3.1","4.3","26.4","0.56","0.13","0.67","0.16","2.8","<0.001","1"
"Southern","SM20","2024-09-27","1","Surface Water","0.2","0.014","5.3","110","7.2","3","8","0.35","0.055","0.011","8.1","1.7","28.9","2.1","2.1","3.5","29.5","0.42","0.17","0.58","0.08","3.1","0.001","1.1"
"Southern","SM20","2024-09-27","1","Middle Water","<0.1","0.016","3.4","84","5.5","<1","4","0.23","0.047","0.011","8.1","2","29.9","2.1","2","5.2","29.4","0.29","0.2","0.48","0.06","4.4","0.001","1.2"
"Southern","SM20","2024-09-27","1","Bottom Water","<0.1","0.022","2.8","75","4.8","<1","3","0.084","0.031","0.008","8","2.7","31.5","2.1","1.3","9.3","29.1","0.14","0.2","0.32","0.07","13.9","0.001","1.6"
"Southern","SM20","2024-10-17","1","Surface Water","0.3","0.12","3","87","5.6","<1","<1","0.068","0.026","0.014","7.8","0.9","32.5","1.7","1.1","5.3","28.4","0.21","0.28","0.37","0.17","6.2","0.004","0.9"
"Southern","SM20","2024-10-17","1","Middle Water","<0.1","0.11","2.4","76","4.9","<1","<1","0.062","0.024","0.015","7.8","1.9","32.5","1.7","1.2","3.2","28.4","0.2","0.26","0.35","0.17","3.6","0.004","0.5"
"Southern","SM20","2024-10-17","1","Bottom Water","0.2","0.1","2.8","70","4.5","<1","<1","0.061","0.022","0.012","7.8","1.4","32.5","1.7","1.2","5.6","28.3","0.18","0.29","0.37","0.21","3.6","0.004","2.3"
"Southern","SM20","2024-11-25","1","Surface Water","<0.1","0.007","1.2","92","6.5","<1","1","0.22","0.026","0.024","7.8","0.4","32.1","1.9","1.9","12","23.5","0.25","0.11","0.36","0.07","10.7","<0.001","1.2"
"Southern","SM20","2024-11-25","1","Middle Water","<0.1","0.023","1","107","7.6","<1","<1","0.22","0.025","0.022","7.8","0.9","32.2","1.9","1.9","9.6","23.5","0.27","0.1","0.35","0.08","12.5","<0.001","1.1"
"Southern","SM20","2024-11-25","1","Bottom Water","<0.1","0.02","1","79","5.5","<1","2","0.22","0.024","0.021","7.8","0.8","32.2","1.9","1.9","21","23.4","0.26","0.11","0.35","0.1","15.4","<0.001","7"
"Southern","SM20","2024-12-13","1","Surface Water","1.1","0.059","10","102","7.5","1","2","0.069","0.005","0.015","7.9","1.3","32","1.9","0.43","5.1","21.4","0.13","0.18","0.25","0.11","4","0.002","1.3"
"Southern","SM20","2024-12-13","1","Middle Water","1.2","0.052","4.5","100","7.3","<1","2","0.094","0.003","0.017","7.9","1","31.9","1.9","0.46","7.2","21.4","0.15","0.22","0.32","0.04","4.3","0.001","1.3"
"Southern","SM20","2024-12-13","1","Bottom Water","1.1","0.046","6.8","95","7","2","2","0.059","0.005","0.016","7.9","2.9","31.9","1.9","0.49","4.7","21.3","0.11","0.22","0.28","0.05","4.2","0.001","1.4"
"Southern","SM3","2024-01-12","1","Surface Water","0.4","0.14","4.9","95","7.1","1800","2100","0.037","0.008","0.005","7.8","0.5","33.4","2.7","0.19","1.8","19.9","0.19","0.26","0.31","0.03","2.8","0.003","0.7"
"Southern","SM3","2024-01-12","1","Middle Water","0.3","0.045","4.8","107","8","1700","2200","0.019","0.004","<0.002","7.8","0.8","33.5","2.7","0.18","2.2","19.9","0.07","0.11","0.13","0.03","3.1","<0.001","0.7"
"Southern","SM3","2024-01-12","1","Bottom Water","0.1","0.084","4","107","8","700","930","0.087","0.021","0.006","7.8","1.1","33.6","2.7","0.19","4.1","19.9","0.19","0.12","0.23","0.03","3.2","0.002","1"
"Southern","SM3","2024-02-21","1","Surface Water","1.2","0.083","1.7","96","7.1","90","110","0.065","<0.002","0.008","8.1","<0.2","33.7","7.6","0.51","2.6","20.2","0.15","0.24","0.31","0.04","0.1","0.003","0.5"
"Southern","SM3","2024-02-21","1","Middle Water","1.1","0.11","2","94","7","360","450","0.064","<0.002","0.009","8.1","<0.2","33.8","7.6","0.51","5.4","19.9","0.18","0.23","0.3","0.04","0.1","0.004","1"
"Southern","SM3","2024-02-21","1","Bottom Water","1.1","0.092","1.5","94","7.1","590","800","0.05","<0.002","0.005","8.1","<0.2","33.8","7.6","0.49","4.2","19.8","0.14","0.25","0.3","0.04","0.2","0.004","0.7"
"Southern","SM3","2024-03-15","1","Surface Water","0.8","0.099","1.5","62","4.7","9","16","0.045","<0.002","0.01","7.6","<0.2","34.1","3.7","0.41","0.8","19.8","0.15","0.23","0.28","0.04","2.5","0.001","<0.5"
"Southern","SM3","2024-03-15","1","Middle Water","0.5","0.069","3.2","95","7.1","12","16","0.04","<0.002","0.007","7.6","<0.2","34.2","3.7","0.41","1","19.8","0.11","0.17","0.21","0.04","2.6","<0.001","<0.5"
"Southern","SM3","2024-03-15","1","Bottom Water","0.7","0.061","0.5","96","7.1","9","12","0.033","<0.002","0.005","7.6","0.3","34.2","3.7","0.35","2.1","19.8","0.1","0.16","0.2","0.04","3","<0.001","<0.5"
"Southern","SM3","2024-04-17","1","Surface Water","1.9","0.02","10","105","7.2","10","31","0.17","0.011","<0.002","7.8","9.7","29.8","2.3","0.15","2.2","26.3","0.2","0.28","0.46","0.06","2.6","<0.001","1.6"
"Southern","SM3","2024-04-17","1","Middle Water","2.3","0.021","0.8","120","8.3","<1","<1","0.033","<0.002","<0.002","7.5","0.8","33.6","2.3","0.33","8.6","24.4","0.06","0.11","0.15","0.07","2.9","<0.001","3.6"
"Southern","SM3","2024-04-17","1","Bottom Water","0.4","0.016","0.9","84","5.8","<1","7","0.031","<0.002","<0.002","7.5","0.7","34.1","2.3","0.3","0.9","24.1","0.05","0.16","0.19","0.07","3.4","<0.001","0.6"
"Southern","SM3","2024-05-04","1","Surface Water","1.4","0.043","4","106","7.3","11","26","0.18","0.013","0.007","8.2","1.7","30.7","3.1","0.59","1.9","25","0.24","0.26","0.45","0.06","2.6","0.003","0.8"
"Southern","SM3","2024-05-04","1","Middle Water","0.2","0.015","4.4","95","6.5","14","37","0.1","0.006","0.003","8.2","0.9","32.2","3.1","0.3","1.6","25.1","0.12","0.29","0.4","0.07","2","<0.001","0.6"
"Southern","SM3","2024-05-04","1","Bottom Water","0.2","0.014","3.4","92","6.3","1","19","0.069","0.003","<0.002","8.2","0.7","32.4","3.1","0.24","4.2","25.1","0.09","0.23","0.3","0.07","4.5","<0.001","1"
"Southern","SM3","2024-06-19","1","Surface Water","1.8","0.079","25","102","7.2","11","1200","0.76","0.054","0.028","8.2","4.4","17.1","2.3","4","3.7","28.6","0.89","0.34","1.15","0.04","2.2","0.009","1.5"
"Southern","SM3","2024-06-19","1","Middle Water","0.6","0.029","9","88","6.2","31","63","0.28","0.056","0.006","8","1.3","23.1","2.3","1.8","3.2","26.8","0.37","0.16","0.5","0.09","3.4","0.002","0.9"
"Southern","SM3","2024-06-19","1","Bottom Water","0.1","0.014","0.6","83","5.6","4","6","0.043","0.034","0.004","8","0.6","34","2.3","0.84","4","25.5","0.09","0.1","0.18","0.06","5.1","<0.001","0.6"
"Southern","SM3","2024-07-05","1","Surface Water","1.4","0.024","21","91","6.3","14","190","0.47","0.024","0.019","8","1.7","20.4","1.9","1.2","2.9","28.9","0.52","0.3","0.79","0.04","3.9","0.001","1.4"
"Southern","SM3","2024-07-05","1","Middle Water","<0.1","0.027","3.6","110","7.6","10","24","0.17","0.002","0.008","7.2","1.1","34.1","1.9","1.6","4.3","24.2","0.2","0.11","0.28","0.1","4.2","<0.001","1"
"Southern","SM3","2024-07-05","1","Bottom Water","<0.1","0.032","2","36","2.5","2","4","0.11","<0.002","0.007","7.2","1.3","34.3","1.9","1.5","5.5","23.6","0.14","0.1","0.21","0.1","5","<0.001","1"
"Southern","SM3","2024-08-19","1","Surface Water","1.8","0.022","1.9","117","8.1","19","97","0.39","0.029","0.012","7.9","1.2","29.5","2.6","2.1","2.4","25.5","0.44","0.16","0.58","0.09","1.6","<0.001","0.6"
"Southern","SM3","2024-08-19","1","Middle Water","1.3","0.019","1.9","50","3.5","25","71","0.19","0.029","0.013","7.8","1.8","32.4","2.6","1.4","2.6","24.3","0.24","0.18","0.4","0.1","2","<0.001","0.8"
"Southern","SM3","2024-08-19","1","Bottom Water","1.7","0.018","1.4","50","3.5","11","22","0.14","0.028","0.015","7.8","1.2","33.6","2.6","1.4","8.8","23.6","0.19","0.14","0.31","0.11","2.9","<0.001","2.1"
"Southern","SM3","2024-09-04","1","Surface Water","3.5","0.038","11","98","6.5","3","10","0.051","0.005","0.006","8.1","2.3","30.5","1.8","0.13","4.4","27.9","0.09","0.21","0.27","0.06","1.4","0.003","1.8"
"Southern","SM3","2024-09-04","1","Middle Water","2.4","0.032","8.5","89","6","2","6","0.07","0.009","0.007","7.8","1.6","31.8","1.8","0.29","1.6","26.6","0.11","0.25","0.33","0.1","2.2","<0.001","0.9"
"Southern","SM3","2024-09-04","1","Bottom Water","1.9","0.025","2.2","85","5.9","2","2","0.11","0.018","0.013","7.7","1.1","33.6","1.8","1.3","6.7","24.6","0.15","0.15","0.28","0.11","6.5","<0.001","1.7"
"Southern","SM3","2024-10-03","1","Surface Water","0.3","0.03","1.4","102","6.6","<1","3","0.019","0.005","0.005","7.7","0.5","32.5","1.9","0.5","5.8","28.7","0.05","0.12","0.14","0.13","4.1","<0.001","1.7"
"Southern","SM3","2024-10-03","1","Middle Water","0.1","0.009","2.1","68","4.4","<1","<1","0.025","0.006","0.005","7.7","<0.2","32.7","1.9","0.54","4.8","28.8","0.04","0.1","0.13","0.15","5.2","<0.001","1.2"
"Southern","SM3","2024-10-03","1","Bottom Water","<0.1","0.007","1.8","81","5.2","<1","<1","0.019","0.006","0.004","7.7","<0.2","32.7","1.9","0.49","5.7","28.9","0.03","0.09","0.12","0.15","7.6","<0.001","1.4"
"Southern","SM3","2024-11-01","1","Surface Water","0.6","0.006","0.7","88","5.9","3","9","0.083","0.043","0.011","7.8","0.6","32.8","1.7","0.99","6.2","26.5","0.13","0.11","0.24","0.17","5.9","<0.001","0.9"
"Southern","SM3","2024-11-01","1","Middle Water","0.5","0.015","0.6","65","4.4","3","13","0.049","0.036","0.01","7.8","0.3","32.8","1.7","1.1","7.8","26.5","0.1","0.12","0.21","0.17","8.3","<0.001","1.1"
"Southern","SM3","2024-11-01","1","Bottom Water","0.2","0.006","0.6","75","5","<1","2","0.037","0.038","0.011","7.8","0.6","32.9","1.7","1","10","26.5","0.08","0.11","0.19","0.17","9","<0.001","1.9"
"Southern","SM3","2024-12-12","1","Surface Water","0.9","0.056","4.3","97","7.1","5","7","0.075","0.008","0.003","7.6","1.2","32","2.7","0.9","4.2","21.8","0.14","0.18","0.26","0.37","2.5","<0.001","0.8"
"Southern","SM3","2024-12-12","1","Middle Water","1","0.062","4.8","88","6.4","3","5","0.13","0.007","0.015","7.7","0.8","32","2.7","0.96","6.3","21.9","0.2","0.25","0.39","0.06","2.6","0.001","0.9"
"Southern","SM3","2024-12-12","1","Bottom Water","1","0.15","9.2","86","6.2","4","8","0.18","0.01","0.013","7.7","2.2","32","2.7","0.57","6.3","21.9","0.34","0.39","0.58","0.14","3.6","0.003","0.8"
"Southern","SM4","2024-01-04","1","Surface Water","0.7","0.068","0.9","74","5.6","3","11","0.069","0.043","0.012","8","<0.2","33.3","3.6","0.8","2.6","19.7","0.18","0.13","0.24","0.03","0.1","0.002","1.7"
"Southern","SM4","2024-01-04","1","Middle Water","0.8","0.068","1","92","6.9","<1","1","0.075","0.043","0.011","8","<0.2","33.3","3.6","0.85","1.2","19.8","0.19","0.14","0.26","0.04","0.2","0.002","1"
"Southern","SM4","2024-01-04","1","Bottom Water","0.5","0.064","0.9","92","6.9","1","1","0.089","0.044","0.016","8","0.5","33.4","3.6","0.75","1.4","19.8","0.2","0.07","0.2","0.04","0.3","0.002","0.8"
"Southern","SM4","2024-02-19","1","Surface Water","0.9","0.16","0.7","92","6.9","70","100","0.088","0.005","0.014","8","0.4","33.6","4.7","0.64","2.8","19.9","0.25","0.23","0.32","0.05","0.4","0.005","0.8"
"Southern","SM4","2024-02-19","1","Middle Water","0.7","0.099","0.6","94","7","38","53","0.071","<0.002","0.007","8.1","0.3","33.7","4.7","0.63","1.8","19.8","0.17","0.16","0.23","0.04","0.2","0.003","<0.5"
"Southern","SM4","2024-02-19","1","Bottom Water","0.8","0.069","1.1","95","7.1","7","11","0.057","<0.002","0.006","8.1","0.6","33.8","4.7","0.64","3.5","19.7","0.13","0.14","0.2","0.04","0.2","0.002","1.1"
"Southern","SM4","2024-03-07","1","Surface Water","1","0.045","1.5","82","6","3","17","0.026","<0.002","<0.002","8","0.6","34.2","3.8","0.29","<0.5","20.4","0.07","0.13","0.16","0.03","0.7","0.002","<0.5"
"Southern","SM4","2024-03-07","1","Middle Water","0.8","0.038","1.9","96","7.1","3","5","0.02","<0.002","<0.002","8","<0.2","34.3","3.8","0.25","2","20.4","0.06","0.19","0.21","0.04","0.3","0.001","0.7"
"Southern","SM4","2024-03-07","1","Bottom Water","0.8","0.04","1.4","95","7","<1","<1","0.016","<0.002","<0.002","8.1","0.6","34.3","3.8","0.24","10","20.4","0.06","0.18","0.2","0.04","0.4","0.001","1.9"
"Southern","SM4","2024-04-24","1","Surface Water","0.5","0.16","0.5","54","3.8","53","80","0.43","0.018","0.018","8.1","<0.2","28.6","3","1.9","3.6","24.9","0.61","0.38","0.83","0.06","1.9","0.008","1"
"Southern","SM4","2024-04-24","1","Middle Water","0.1","0.093","<0.2","56","3.9","46","80","0.27","0.01","0.01","8.1","<0.2","29.9","3","1.1","3","24.7","0.37","0.26","0.54","0.06","1.4","0.005","0.9"
"Southern","SM4","2024-04-24","1","Bottom Water","0.2","0.056","0.4","67","4.6","9","19","0.11","0.003","0.007","8.1","<0.2","32.4","3","0.61","3.8","24.5","0.17","0.25","0.36","0.05","2","0.003","1"
"Southern","SM4","2024-05-23","1","Surface Water","<0.1","0.1","1","106","7.3","16","51","0.07","0.002","0.007","8.1","<0.2","30.9","3.2","0.4","1.8","25.7","0.17","0.22","0.29","0.08","2.6","0.005","0.5"
"Southern","SM4","2024-05-23","1","Middle Water","<0.1","0.076","1.6","75","5.1","19","70","0.062","0.004","0.006","8.1","<0.2","31.2","3.2","0.36","2.3","25.8","0.14","0.19","0.26","0.08","1.8","0.004","0.8"
"Southern","SM4","2024-05-23","1","Bottom Water","<0.1","0.068","1","69","4.7","7","38","0.058","<0.002","0.004","8.1","<0.2","31.6","3.2","0.37","5.1","25.7","0.13","0.24","0.3","0.08","1.5","0.004","1.2"
"Southern","SM4","2024-06-08","1","Surface Water","0.8","0.094","2.2","92","6.3","9","34","0.18","0.012","0.012","8","<0.2","29.8","2.4","1.3","2","26.2","0.29","0.22","0.41","0.07","1.9","0.004","0.6"
"Southern","SM4","2024-06-08","1","Middle Water","0.5","0.08","3.3","72","4.9","1","18","0.13","0.012","0.007","8","<0.2","31","2.4","1.1","2.8","26.1","0.22","0.19","0.33","0.08","2.1","0.004","0.7"
"Southern","SM4","2024-06-08","1","Bottom Water","0.5","0.056","0.9","61","4.1","5","19","0.072","0.005","0.004","8","0.3","31.2","2.4","0.76","4","26","0.13","0.14","0.22","0.09","3.1","0.003","1"
"Southern","SM4","2024-07-12","1","Surface Water","2.7","0.025","31","107","7.3","1","3","0.44","0.02","<0.002","8.3","6.2","20.4","2","0.33","3.4","29.2","0.49","0.35","0.81","0.04","2.4","0.003","0.9"
"Southern","SM4","2024-07-12","1","Middle Water","2.4","0.021","28","128","8.7","<1","6","0.42","0.019","<0.002","8.3","8.5","21.7","2","0.3","4.9","29.1","0.46","0.42","0.86","0.06","2.5","0.002","1.4"
"Southern","SM4","2024-07-12","1","Bottom Water","2","0.046","20","108","7.4","12","31","0.36","0.018","0.004","7.8","6.1","23.1","2","0.86","4.1","28.1","0.42","0.32","0.7","0.07","1.8","0.002","1.1"
"Southern","SM4","2024-08-22","1","Surface Water","0.8","0.034","2","57","4","15","57","0.4","0.095","0.02","7.8","<0.2","28.5","2.4","2.7","2.3","25.2","0.53","0.12","0.62","0.12","2.3","<0.001","0.8"
"Southern","SM4","2024-08-22","1","Middle Water","0.7","0.043","1.4","37","2.6","42","80","0.36","0.088","0.027","7.8","<0.2","29.1","2.4","2.1","3.4","25","0.49","0.18","0.63","0.13","2.5","0.001","1.1"
"Southern","SM4","2024-08-22","1","Bottom Water","0.9","0.016","1.1","34","2.4","29","71","0.26","0.073","0.018","7.9","0.2","29.5","2.4","1.9","2.6","25","0.35","0.2","0.53","0.12","2.5","<0.001","0.8"
"Southern","SM4","2024-09-25","1","Surface Water","0.5","0.11","1.3","91","5.9","97","130","0.11","0.019","0.006","7.9","<0.2","30.2","2.3","1.7","4","28.8","0.24","0.23","0.36","0.08","2.5","0.005","0.9"
"Southern","SM4","2024-09-25","1","Middle Water","0.5","0.1","0.8","64","4.2","39","69","0.073","0.028","0.011","7.9","0.3","30.7","2.3","1.3","3.7","28.9","0.2","0.27","0.37","0.1","3.5","0.005","0.8"
"Southern","SM4","2024-09-25","1","Bottom Water","0.3","0.075","0.7","53","3.5","25","45","0.042","0.023","0.007","7.9","0.5","31.1","2.3","1","7.4","28.8","0.14","0.22","0.29","0.1","3.8","0.004","1.6"
"Southern","SM4","2024-10-21","1","Surface Water","1.1","0.16","1.7","73","4.7","82","150","0.086","0.031","0.017","7.7","0.9","32.3","1.9","1","5.2","28.3","0.28","0.33","0.45","0.18","5","0.004","0.8"
"Southern","SM4","2024-10-21","1","Middle Water","1","0.14","1.5","63","4.1","73","110","0.078","0.029","0.016","7.7","1.1","32.2","1.9","1.2","4.7","28.2","0.25","0.24","0.35","0.17","5.6","0.004","0.8"
"Southern","SM4","2024-10-21","1","Bottom Water","0.8","0.12","1.4","55","3.6","130","230","0.075","0.029","0.015","7.7","1.1","32.2","1.9","1.1","5.2","28.2","0.22","0.23","0.33","0.16","7.1","0.003","1"
"Southern","SM4","2024-11-28","1","Surface Water","0.6","0.015","1","112","8","<1","4","0.21","0.005","0.028","7.6","0.5","31.7","2","2","6","22.9","0.23","<0.05","0.27","0.13","6","<0.001","1.4"
"Southern","SM4","2024-11-28","1","Middle Water","0.6","0.009","1","80","5.7","<1","2","0.2","0.004","0.023","7.8","0.6","31.9","2","1.9","6.5","23","0.21","0.1","0.3","0.08","5.4","<0.001","1.5"
"Southern","SM4","2024-11-28","1","Bottom Water","0.5","0.009","0.8","75","5.4","<1","<1","0.21","0.004","0.026","7.8","0.6","32","2","1.8","6.6","23","0.22","0.11","0.32","0.08","5.4","<0.001","1.4"
"Southern","SM4","2024-12-11","1","Surface Water","1","0.085","7.4","64","4.6","2","5","0.14","0.007","0.016","7.7","1.8","32","2","0.85","3.9","22.1","0.23","0.23","0.38","0.04","3.7","0.002","1"
"Southern","SM4","2024-12-11","1","Middle Water","1.1","0.057","6.2","76","5.5","<1","3","0.13","0.006","0.013","7.7","1.3","32.1","2","0.92","3.1","22","0.19","0.28","0.42","0.04","1.9","0.001","0.8"
"Southern","SM4","2024-12-11","1","Bottom Water","0.8","0.072","6.6","71","5.1","1","1","0.13","0.006","0.013","7.7","2.2","32.1","2","0.93","3.1","22","0.21","0.25","0.39","0.05","3","0.001","1"
"Southern","SM5","2024-01-04","1","Surface Water","0.4","0.009","0.9","83","6.2","1","3","0.043","0.038","0.008","8.1","0.3","33.4","1.9","0.81","2.8","19.6","0.09","<0.05","0.13","0.03","1.1","<0.001","1"
"Southern","SM5","2024-01-04","1","Middle Water","0.4","0.008","0.9","94","7.1","<1","1","0.04","0.039","0.008","8.1","<0.2","33.5","1.9","0.82","3.8","19.6","0.09","0.06","0.14","0.03","1.2","<0.001","1"
"Southern","SM5","2024-01-04","1","Bottom Water","0.3","0.011","0.5","94","7.1","<1","<1","0.043","0.038","0.009","8.1","0.4","33.5","1.9","0.78","5.7","19.5","0.09","0.05","0.13","0.03","1.6","<0.001","1.6"
"Southern","SM5","2024-02-19","1","Surface Water","1","0.038","0.8","100","7.4","<1","<1","0.04","0.002","0.004","8.2","0.3","34","5.7","0.54","2.8","20.1","0.08","0.1","0.14","0.04","1.1","0.002","0.8"
"Southern","SM5","2024-02-19","1","Middle Water","0.8","0.024","1.2","100","7.5","<1","1","0.03","<0.002","0.004","8.2","0.4","34","5.7","0.48","3.2","19.9","0.06","0.07","0.1","0.04","0.2","0.001","1.1"
"Southern","SM5","2024-02-19","1","Bottom Water","1.3","0.025","2.2","100","7.5","<1","<1","0.023","<0.002","0.005","8.2","0.3","34","5.7","0.5","1.9","19.6","0.05","0.14","0.17","0.04","0.2","0.001","0.8"
"Southern","SM5","2024-03-07","1","Surface Water","0.8","0.02","1.9","95","7","<1","<1","0.004","<0.002","<0.002","8.1","<0.2","34.4","2.2","0.23","2.3","20.4","0.03","0.12","0.13","0.03","0.4","<0.001","0.8"
"Southern","SM5","2024-03-07","1","Middle Water","0.6","0.023","2.7","96","7.1","1","1","0.009","<0.002","0.01","8.1","<0.2","34.4","2.2","0.24","0.9","20.3","0.03","0.1","0.11","0.03","0.4","<0.001","<0.5"
"Southern","SM5","2024-03-07","1","Bottom Water","0.8","0.021","2.1","95","7.1","<1","<1","0.009","<0.002","<0.002","8.1","<0.2","34.4","2.2","0.25","1.6","20.2","0.03","0.15","0.16","0.03","0.8","<0.001","<0.5"
"Southern","SM5","2024-04-24","1","Surface Water","0.4","0.15","1.4","69","4.9","42","100","0.47","0.022","0.019","8.1","<0.2","25.7","2.6","2.1","3.4","25.2","0.64","0.31","0.8","0.05","2.2","0.009","1"
"Southern","SM5","2024-04-24","1","Middle Water","0.2","0.11","0.3","67","4.7","43","80","0.33","0.013","0.014","8.2","<0.2","28.3","2.6","1.4","3.3","25.5","0.45","0.26","0.6","0.06","3.1","0.007","1"
"Southern","SM5","2024-04-24","1","Bottom Water","0.2","0.12","0.3","67","4.6","49","87","0.24","0.01","0.012","8.2","<0.2","30.4","2.6","1","1.2","24.8","0.37","0.25","0.5","0.05","2","0.008","0.6"
"Southern","SM5","2024-05-23","1","Surface Water","<0.1","0.031","0.9","84","5.7","<1","1","0.034","<0.002","0.003","8.2","0.5","31.9","2.2","0.31","6.4","26.4","0.07","0.21","0.25","0.07","2.7","0.002","1.6"
"Southern","SM5","2024-05-23","1","Middle Water","<0.1","0.029","1.5","101","6.8","<1","4","0.03","<0.002","0.002","8.2","<0.2","31.9","2.2","0.3","3.8","26.2","0.06","0.16","0.19","0.08","3.2","0.002","0.9"
"Southern","SM5","2024-05-23","1","Bottom Water","<0.1","0.036","0.8","71","4.9","2","6","0.029","<0.002","0.003","8.2","<0.2","32.2","2.2","0.3","4.9","25.7","0.07","0.11","0.14","0.07","7.8","0.002","1.2"
"Southern","SM5","2024-06-08","1","Surface Water","0.7","0.03","2.3","90","6.1","<1","1","0.042","0.004","0.004","8.1","<0.2","32.1","2.2","0.61","4","26.1","0.08","0.11","0.16","0.06","2.8","0.002","1"
"Southern","SM5","2024-06-08","1","Middle Water","0.7","0.033","2.3","77","5.2","<1","<1","0.041","<0.002","0.003","8.1","<0.2","32.1","2.2","0.61","3.2","26.2","0.08","0.11","0.15","0.07","3.1","0.002","0.8"
"Southern","SM5","2024-06-08","1","Bottom Water","<0.1","0.03","0.9","75","5.1","<1","<1","0.043","<0.002","<0.002","8.1","0.4","32.2","2.2","0.61","3.6","26","0.08","0.11","0.16","0.08","7.5","0.002","0.7"
"Southern","SM5","2024-07-12","1","Surface Water","2.7","0.012","16","146","10.2","2","4","0.73","0.021","<0.002","8.5","5.9","15.4","1.7","3.2","3.2","29.8","0.76","0.31","1.06","0.03","2.2","0.003","1"
"Southern","SM5","2024-07-12","1","Middle Water","2.2","0.026","9.6","111","7.8","<1","6","0.48","0.019","<0.002","8.1","3.5","15.4","1.7","1.9","4.9","29.6","0.53","0.41","0.91","0.05","2.4","0.002","1.4"
"Southern","SM5","2024-07-12","1","Bottom Water","1.7","0.06","12","97","6.8","1","6","0.45","0.02","0.01","7.9","4.6","15.4","1.7","2.1","2.6","29.4","0.53","0.32","0.79","0.06","1.8","0.003","0.6"
"Southern","SM5","2024-08-22","1","Surface Water","1.2","0.045","2.1","98","6.7","<1","1","0.37","0.075","0.018","8","<0.2","28.5","2.4","2.1","2","26.7","0.49","0.12","0.57","0.12","1.4","0.002","0.8"
"Southern","SM5","2024-08-22","1","Middle Water","1.4","0.039","2.3","125","8.7","28","40","0.3","0.07","0.022","8","<0.2","30.3","2.4","1.9","2","25.1","0.41","0.16","0.53","0.13","1.9","0.002","0.9"
"Southern","SM5","2024-08-22","1","Bottom Water","0.9","0.019","1.2","148","10.3","8","11","0.23","0.062","0.02","8","0.3","32","2.4","2.1","2.6","24.5","0.31","0.12","0.41","0.15","2.5","<0.001","0.8"
"Southern","SM5","2024-09-25","1","Surface Water","0.5","0.045","1.8","71","4.6","<1","<1","0.12","0.053","0.015","8","<0.2","30.6","2.8","1.5","3.7","29.7","0.22","0.16","0.33","0.11","2.5","0.003","0.8"
"Southern","SM5","2024-09-25","1","Middle Water","0.5","0.032","1.1","74","4.8","<1","1","0.098","0.051","0.017","8.1","0.3","31.7","2.8","1.4","17","29.2","0.18","0.16","0.31","0.11","4.2","0.002","3"
"Southern","SM5","2024-09-25","1","Bottom Water","0.4","0.054","1.3","68","4.4","<1","2","0.079","0.043","0.012","8.1","<0.2","32.1","2.8","1.3","7.2","29.2","0.18","0.15","0.27","0.08","5.5","0.004","1.5"
"Southern","SM5","2024-10-21","1","Surface Water","2.8","0.028","1.6","88","5.7","<1","1","0.039","0.02","0.008","7.9","1.3","32.6","1.8","0.96","6.9","28.4","0.09","0.14","0.2","0.17","4.8","0.001","1.2"
"Southern","SM5","2024-10-21","1","Middle Water","2.9","0.026","2.1","78","5.1","<1","<1","0.039","0.02","0.01","7.9","<0.2","32.6","1.8","0.97","6.6","28.3","0.09","0.15","0.21","0.14","6","0.001","0.9"
"Southern","SM5","2024-10-21","1","Bottom Water","<0.1","0.029","1.5","63","4.1","<1","<1","0.037","0.02","0.008","7.9","0.9","32.5","1.8","0.92","7.4","28.2","0.09","0.12","0.18","0.14","10.9","0.001","1.3"
"Southern","SM5","2024-11-28","1","Surface Water","0.5","0.011","0.8","94","6.7","<1","1","0.21","0.003","0.027","7.9","0.7","31.9","1.7","2","5.6","22.9","0.22","<0.05","0.26","0.18","5.9","<0.001","0.9"
"Southern","SM5","2024-11-28","1","Middle Water","0.5","0.043","0.8","86","6.2","<1","1","0.21","0.004","0.027","7.9","0.7","31.9","1.7","2","7.4","23","0.26","0.08","0.29","0.09","6.8","0.001","1.4"
"Southern","SM5","2024-11-28","1","Bottom Water","0.5","0.016","0.8","75","5.4","<1","<1","0.21","0.004","0.026","7.9","0.7","31.9","1.7","1.8","7.7","22.9","0.23","0.09","0.3","0.09","6.8","<0.001","1.3"
"Southern","SM5","2024-12-11","1","Surface Water","0.9","0.046","5.4","104","7.5","1","1","0.069","0.008","0.003","7.9","1","32","2.1","0.91","3.8","22.2","0.12","0.21","0.29","0.04","2.4","0.001","1.2"
"Southern","SM5","2024-12-11","1","Middle Water","1","0.042","6.9","101","7.3","<1","<1","0.1","0.003","0.012","7.9","0.9","32.1","2.1","0.96","4.6","21.9","0.15","0.19","0.29","0.04","3.1","0.001","1.1"
"Southern","SM5","2024-12-11","1","Bottom Water","0.9","0.05","5.9","101","7.4","<1","<1","0.11","0.003","0.012","7.8","0.8","32.1","2.1","1.1","13","21.8","0.16","0.26","0.37","0.04","3.6","0.001","6.6"
"Southern","SM6","2024-01-04","1","Surface Water","0.4","<0.005","0.9","82","6.2","<1","2","0.036","0.036","0.006","8.1","<0.2","33.5","2.4","0.81","2.6","19.5","0.08","0.1","0.17","0.03","0.5","<0.001","0.8"
"Southern","SM6","2024-01-04","1","Middle Water","0.5","<0.005","0.9","95","7.2","<1","<1","0.036","0.037","0.007","8.1","<0.2","33.5","2.4","0.81","1.2","19.6","0.08","<0.05","0.12","0.03","0.5","<0.001","0.7"
"Southern","SM6","2024-01-04","1","Bottom Water","0.5","<0.005","0.4","95","7.2","<1","<1","0.047","0.036","0.012","8.1","0.4","33.5","2.4","0.72","2","19.5","0.09","<0.05","0.13","0.04","1.2","<0.001","0.8"
"Southern","SM6","2024-02-19","1","Surface Water","0.9","0.027","0.8","103","7.6","<1","<1","0.024","<0.002","0.003","8.2","<0.2","34","7.3","0.48","1","19.9","0.05","0.09","0.12","0.03","0.2","0.001","<0.5"
"Southern","SM6","2024-02-19","1","Middle Water","0.9","0.021","1","103","7.7","<1","1","0.02","<0.002","<0.002","8.2","<0.2","34","7.3","0.46","2","19.8","0.04","0.11","0.13","0.03","0.1","0.001","0.5"
"Southern","SM6","2024-02-19","1","Bottom Water","0.8","0.021","1.9","99","7.4","<1","50","0.018","<0.002","0.004","8.2","0.4","34.1","7.3","0.51","3.2","19.6","0.04","0.11","0.13","0.03","0.3","<0.001","0.8"
"Southern","SM6","2024-03-07","1","Surface Water","0.9","0.028","2.5","95","7","<1","1","0.01","<0.002","<0.002","8.1","<0.2","34.4","2.2","0.24","0.9","20.4","0.04","0.11","0.12","0.03","0.4","0.001","<0.5"
"Southern","SM6","2024-03-07","1","Middle Water","0.8","0.024","3","96","7.1","<1","1","0.008","<0.002","<0.002","8.1","<0.2","34.4","2.2","0.22","1.7","20.3","0.03","0.17","0.18","0.04","0.4","<0.001","<0.5"
"Southern","SM6","2024-03-07","1","Bottom Water","0.8","0.023","2.1","96","7.1","<1","1","0.01","<0.002","<0.002","8.1","<0.2","34.4","2.2","0.2","0.8","20.3","0.04","0.13","0.14","0.03","0.4","<0.001","0.5"
"Southern","SM6","2024-04-24","1","Surface Water","0.5","0.15","2.3","108","7.7","51","120","0.45","0.026","0.023","8.1","<0.2","24.8","2.4","2.1","5.6","25.2","0.63","0.3","0.78","0.07","2.4","0.01","1.5"
"Southern","SM6","2024-04-24","1","Middle Water","0.2","0.15","0.5","66","4.7","100","110","0.4","0.017","0.02","8.2","<0.2","26.5","2.4","1.8","4.2","25","0.57","0.3","0.72","0.06","3.2","0.009","1"
"Southern","SM6","2024-04-24","1","Bottom Water","<0.1","0.095","0.6","62","4.3","3","12","0.048","0.003","0.009","8.2","<0.2","33.1","2.4","0.9","12","24.3","0.15","0.25","0.3","0.07","11.5","0.006","2.2"
"Southern","SM6","2024-05-23","1","Surface Water","<0.1","0.12","1.3","97","6.7","3","6","0.15","0.008","0.01","8.1","<0.2","29.6","2.7","0.6","4.6","26.1","0.28","0.25","0.41","0.07","7.8","0.007","1.4"
"Southern","SM6","2024-05-23","1","Middle Water","<0.1","0.11","1.4","74","5.1","9","28","0.11","<0.002","0.008","8.2","<0.2","31.1","2.7","0.49","1.6","25.8","0.22","0.26","0.37","0.08","1.1","0.007","<0.5"
"Southern","SM6","2024-05-23","1","Bottom Water","<0.1","0.052","1.3","76","5.2","8","22","0.052","<0.002","0.003","8.2","<0.2","32","2.7","0.36","3.7","25.6","0.11","0.15","0.2","0.07","8.4","0.003","0.7"
"Southern","SM6","2024-06-08","1","Surface Water","<0.1","0.063","1.8","72","4.9","<1","5","0.17","0.014","0.008","8.1","<0.2","30.1","2.4","1.2","2.4","26.7","0.25","0.14","0.32","0.06","2.5","0.004","0.6"
"Southern","SM6","2024-06-08","1","Middle Water","<0.1","0.044","2.4","68","4.6","<1","<1","0.12","0.011","0.005","8.1","<0.2","31","2.4","1","3.4","26.5","0.18","0.13","0.26","0.07","1.5","0.003","1"
"Southern","SM6","2024-06-08","1","Bottom Water","<0.1","0.045","1.2","72","4.9","<1","<1","0.072","0.005","0.006","8.1","0.5","31.8","2.4","0.77","2.8","26.1","0.12","0.13","0.21","0.08","3.7","0.003","0.8"
"Southern","SM6","2024-07-12","1","Surface Water","1.8","0.006","15","121","8.5","1","6","0.74","0.02","<0.002","8.5","4.6","14.7","1.9","3.7","2.4","29.6","0.77","0.27","1.03","0.03","1.7","0.001","0.6"
"Southern","SM6","2024-07-12","1","Middle Water","1.8","0.05","14","96","6.8","6","16","0.44","0.02","0.012","7.8","5.4","16.1","1.9","2.1","3.6","28.5","0.51","0.33","0.79","0.06","3.5","0.002","0.7"
"Southern","SM6","2024-07-12","1","Bottom Water","1.4","0.06","2.7","89","6.5","4","16","0.18","0.014","0.02","7.8","2.1","19.3","1.9","2.1","4.4","26.5","0.25","0.28","0.47","0.11","4.5","0.002","0.6"
"Southern","SM6","2024-08-22","1","Surface Water","1.4","0.057","1.9","63","4.4","1","6","0.44","0.087","0.023","8","0.4","25.7","2.3","2.9","1.5","26.6","0.58","0.16","0.69","0.13","2","0.003","0.8"
"Southern","SM6","2024-08-22","1","Middle Water","1.1","0.032","1.6","90","6.3","29","53","0.3","0.076","0.024","8","<0.2","30.5","2.3","2.1","3.8","24.9","0.41","0.16","0.54","0.13","2","0.001","1"
"Southern","SM6","2024-08-22","1","Bottom Water","1.1","0.008","0.8","46","3.2","3","10","0.19","0.055","0.022","8","0.4","33.2","2.3","2","4.8","24.2","0.25","0.15","0.4","0.16","2.2","<0.001","1.2"
"Southern","SM6","2024-09-25","1","Surface Water","0.6","0.069","1.7","92","6","<1","<1","0.12","0.053","0.013","8","<0.2","29.5","2","1.5","3.3","29.3","0.24","0.18","0.35","0.08","2.3","0.004","0.8"
"Southern","SM6","2024-09-25","1","Middle Water","0.5","0.15","0.9","67","4.3","70","130","0.069","0.04","0.011","8","0.7","30.3","2","1.3","4.6","29.1","0.26","0.46","0.57","0.21","6.3","0.009","0.9"
"Southern","SM6","2024-09-25","1","Bottom Water","0.4","0.085","0.8","59","3.8","39","70","0.068","0.038","0.009","8.1","<0.2","32.8","2","1.2","5.9","29.1","0.19","0.28","0.39","0.13","12.3","0.006","0.5"
"Southern","SM6","2024-10-21","1","Surface Water","0.2","0.042","1.5","79","5.1","<1","<1","0.045","0.021","0.008","7.9","1.2","32.5","1.7","1","5.8","28.5","0.11","0.19","0.26","0.16","3.7","0.002","1.5"
"Southern","SM6","2024-10-21","1","Middle Water","<0.1","0.041","1.2","68","4.4","<1","<1","0.043","0.024","0.01","7.9","0.8","32.6","1.7","0.94","4.6","28.2","0.11","0.14","0.21","0.13","4.5","0.002","0.9"
"Southern","SM6","2024-10-21","1","Bottom Water","<0.1","0.044","1.3","75","4.9","<1","<1","0.036","0.022","0.008","7.9","0.8","32.7","1.7","0.92","5.2","28.1","0.1","0.12","0.18","0.14","13.2","0.002","0.8"
"Southern","SM6","2024-11-28","1","Surface Water","0.6","0.017","1","77","5.5","<1","<1","0.21","0.007","0.026","7.9","0.8","32.1","1.7","1.9","7.9","22.8","0.23","<0.05","0.27","0.13","7.2","<0.001","1"
"Southern","SM6","2024-11-28","1","Middle Water","0.5","0.012","0.7","80","5.7","<1","<1","0.22","0.01","0.025","7.9","0.7","32.1","1.7","2","8.4","22.9","0.24","0.08","0.31","0.08","7.3","<0.001","1.4"
"Southern","SM6","2024-11-28","1","Bottom Water","0.5","0.009","0.8","68","4.8","<1","1","0.22","0.012","0.027","7.9","0.6","32","1.7","1.8","10","22.9","0.24","0.13","0.36","0.08","10","<0.001","1.6"
"Southern","SM6","2024-12-11","1","Surface Water","1.2","0.047","8","117","8.5","<1","1","0.13","0.007","0.016","7.9","2","32","2.2","0.4","6.1","21.9","0.18","0.28","0.42","0.04","4.5","0.001","1.7"
"Southern","SM6","2024-12-11","1","Middle Water","1.8","0.066","10","107","7.8","1","3","0.14","0.007","0.012","7.8","4.9","32.1","2.2","0.55","9","21.7","0.21","0.35","0.5","0.05","5.2","0.002","2.3"
"Southern","SM6","2024-12-11","1","Bottom Water","1.1","0.064","6","103","7.5","1","2","0.14","0.006","0.012","7.8","2.5","32.1","2.2","0.86","9","21.7","0.21","0.22","0.37","0.04","9.7","0.001","1.8"
"Southern","SM7","2024-01-04","1","Surface Water","0.6","0.15","1.7","88","6.6","<1","3","0.1","0.047","0.023","8","<0.2","33.1","2.5","0.88","1.8","19.9","0.3","0.21","0.36","0.04","0.2","0.005","1.2"
"Southern","SM7","2024-01-04","1","Middle Water","0.7","0.14","1.9","91","6.8","1","7","0.096","0.046","0.011","8","<0.2","33.1","2.5","0.93","1.2","19.8","0.28","0.22","0.36","0.04","0.3","0.005","<0.5"
"Southern","SM7","2024-01-04","1","Bottom Water","0.7","0.14","2.1","91","6.8","14","26","0.095","0.047","0.016","8","<0.2","33.2","2.5","0.87","2","19.7","0.28","0.22","0.36","0.06","0.2","0.004","1"
"Southern","SM7","2024-02-19","1","Surface Water","1.2","0.044","0.9","99","7.3","1","1","0.042","<0.002","0.006","8.2","<0.2","33.9","4.8","0.57","4.2","20.6","0.09","0.11","0.15","0.04","0.3","0.002","1.1"
"Southern","SM7","2024-02-19","1","Middle Water","1.3","0.048","1.5","101","7.4","1","7","0.045","<0.002","0.01","8.2","<0.2","33.9","4.8","0.52","0.5","20.5","0.1","0.12","0.17","0.04","0.3","0.002","<0.5"
"Southern","SM7","2024-02-19","1","Bottom Water","1","0.046","0.8","100","7.4","<1","2","0.048","<0.002","0.007","8.2","0.5","33.9","4.8","0.58","1.1","20.4","0.1","0.11","0.16","0.05","0.2","0.002","0.6"
"Southern","SM7","2024-03-07","1","Surface Water","1.1","0.095","3.9","97","7.1","<1","3","0.045","0.004","0.01","8","1.1","34.1","2.4","0.36","1.2","20.3","0.14","0.26","0.31","0.04","0.3","0.003","0.5"
"Southern","SM7","2024-03-07","1","Middle Water","1.1","0.085","3.2","97","7.2","<1","<1","0.048","0.005","0.006","8.1","1.1","34.1","2.4","0.34","1.5","20.3","0.14","0.23","0.28","0.04","0.3","0.003","<0.5"
"Southern","SM7","2024-03-07","1","Bottom Water","1.3","0.084","3.4","96","7.1","2","3","0.048","0.003","0.005","8.1","<0.2","34.1","2.4","0.36","<0.5","20.3","0.14","0.24","0.29","0.04","0.4","0.003","<0.5"
"Southern","SM7","2024-04-24","1","Surface Water","0.4","0.15","1.5","63","4.6","96","150","0.72","0.031","0.023","8.1","<0.2","24.2","2.4","2.9","3.4","25.1","0.9","0.28","1.03","0.06","3.1","0.009","0.9"
"Southern","SM7","2024-04-24","1","Middle Water","0.2","0.14","0.5","65","4.6","120","150","0.47","0.021","0.016","8.1","<0.2","25.7","2.4","2.1","4.2","25","0.63","0.29","0.78","0.05","3.6","0.008","1.4"
"Southern","SM7","2024-04-24","1","Bottom Water","0.3","0.14","0.5","64","4.5","110","220","0.3","0.014","0.017","8.1","<0.2","28.3","2.4","1.6","6.1","24.8","0.45","0.3","0.61","0.06","3.3","0.008","1.2"
"Southern","SM7","2024-05-23","1","Surface Water","<0.1","0.12","1.2","85","5.9","1","8","0.21","0.008","0.012","8.1","<0.2","28.8","2.7","0.83","2.1","26.2","0.34","0.27","0.49","0.08","2.2","0.007","0.6"
"Southern","SM7","2024-05-23","1","Middle Water","<0.1","0.13","1.6","67","4.6","9","19","0.17","0.008","0.014","8.1","<0.2","28.9","2.7","0.81","3.3","26.1","0.31","0.28","0.46","0.09","3","0.008","0.6"
"Southern","SM7","2024-05-23","1","Bottom Water","<0.1","0.068","0.6","62","4.2","16","31","0.055","0.004","0.007","8.1","0.4","30.5","2.7","0.55","10","25.9","0.13","0.18","0.24","0.08","7.7","0.004","1.7"
"Southern","SM7","2024-06-08","1","Surface Water","0.2","0.092","2.6","94","6.5","1","4","0.37","0.034","0.023","8","<0.2","27.2","2.3","2.1","3.7","26.3","0.5","0.26","0.66","0.08","2.4","0.005","1"
"Southern","SM7","2024-06-08","1","Middle Water","<0.1","0.093","1.8","78","5.4","6","13","0.34","0.03","0.026","8","<0.2","27.5","2.3","2.1","3.9","26.3","0.46","0.24","0.61","0.09","2.8","0.005","1"
"Southern","SM7","2024-06-08","1","Bottom Water","<0.1","0.055","1.2","70","4.8","4","7","0.15","0.013","0.007","8.1","0.8","30","2.3","1.2","4.5","26.1","0.22","0.14","0.3","0.09","4.7","0.003","1"
"Southern","SM7","2024-07-12","1","Surface Water","4.4","0.019","42","98","6.8","1","6","0.69","0.021","<0.002","8.5","13","16.7","1.6","2.9","8.2","29.6","0.73","0.48","1.19","0.04","3.5","0.004","2.4"
"Southern","SM7","2024-07-12","1","Middle Water","2.1","0.017","27","120","8.4","32","48","0.48","0.022","0.005","8.2","6.5","17.4","1.6","1.9","4.1","29.3","0.52","0.33","0.83","0.05","2.9","0.002","0.6"
"Southern","SM7","2024-07-12","1","Bottom Water","2","0.042","28","113","7.9","13","28","0.47","0.02","0.004","7.8","4.5","17.5","1.6","1.8","4.7","28.7","0.53","0.34","0.83","0.06","2.5","0.002","0.9"
"Southern","SM7","2024-08-22","1","Surface Water","0.3","0.055","1.8","104","7.1","18","65","0.48","0.11","0.031","7.9","<0.2","26.6","2.6","3.3","2.7","27.5","0.65","0.14","0.73","0.13","2.8","0.003","0.9"
"Southern","SM7","2024-08-22","1","Middle Water","0.8","0.044","1.5","135","9.4","80","140","0.45","0.1","0.028","8","<0.2","27.6","2.6","3","3.1","25.6","0.59","0.17","0.72","0.14","2.6","0.002","1"
"Southern","SM7","2024-08-22","1","Bottom Water","0.9","0.044","1.1","163","11.3","55","110","0.37","0.088","0.028","7.9","0.3","28.1","2.6","2.7","4.4","25.8","0.5","0.17","0.63","0.15","2.6","0.002","1.1"
"Southern","SM7","2024-09-25","1","Surface Water","0.7","0.042","1.4","74","4.8","2","9","0.16","0.079","0.02","8","<0.2","30.1","1.5","1.8","4.1","29.2","0.28","0.17","0.41","0.09","4.3","0.003","1.2"
"Southern","SM7","2024-09-25","1","Middle Water","0.4","0.06","0.9","62","4.1","15","28","0.14","0.075","0.019","8","<0.2","30.3","1.5","1.8","6.4","29.2","0.28","0.24","0.46","0.11","6.9","0.004","1.4"
"Southern","SM7","2024-09-25","1","Bottom Water","0.2","0.075","1.1","65","4.2","97","120","0.096","0.053","0.014","8","<0.2","30.7","1.5","1.5","6.4","29.1","0.22","0.18","0.33","0.11","11","0.004","1.3"
"Southern","SM7","2024-10-21","1","Surface Water","0.6","0.16","1.9","73","4.7","2","8","0.11","0.034","0.016","7.8","0.8","31.9","1.8","1.3","7","28.8","0.3","0.38","0.52","0.2","5.7","0.006","1.2"
"Southern","SM7","2024-10-21","1","Middle Water","<0.1","0.11","1.5","69","4.5","11","21","0.086","0.03","0.013","7.8","1.3","32.1","1.8","1.3","12","28.6","0.23","0.23","0.35","0.16","10.5","0.004","2"
"Southern","SM7","2024-10-21","1","Bottom Water","<0.1","0.11","2.5","61","4","14","22","0.081","0.03","0.015","7.8","0.4","32.2","1.8","1.2","11","28.4","0.22","0.23","0.34","0.23","17","0.004","1.2"
"Southern","SM7","2024-11-28","1","Surface Water","0.5","0.013","1","119","8.6","<1","3","0.2","0.005","0.027","7.9","0.7","30.8","2.1","2","9","22.5","0.22","<0.05","0.26","0.17","19.9","<0.001","1.4"
"Southern","SM7","2024-11-28","1","Middle Water","0.7","0.007","0.9","78","5.6","<1","1","0.21","0.008","0.029","7.9","0.7","32","2.1","2","9","22.7","0.23","0.11","0.33","0.1","7.1","<0.001","1.6"
"Southern","SM7","2024-11-28","1","Bottom Water","0.7","0.007","0.9","78","5.6","1","2","0.21","0.004","0.028","7.9","0.8","32","2.1","1.9","9.3","22.7","0.22","0.1","0.31","0.1","7.8","<0.001","1.8"
"Southern","SM7","2024-12-11","1","Surface Water","1.7","0.038","12","114","8.2","<1","3","0.12","0.007","<0.002","8","2.6","31.9","2.4","0.16","4.3","22.2","0.17","0.3","0.43","0.04","3.3","0.001","1.4"
"Southern","SM7","2024-12-11","1","Middle Water","1.9","0.078","16","126","9.2","1","3","0.15","0.008","0.013","7.9","3.2","32","2.4","0.18","5.9","21.9","0.24","0.32","0.48","0.04","3.7","0.002","1.9"
"Southern","SM7","2024-12-11","1","Bottom Water","1.5","0.081","13","113","8.2","1","3","0.15","0.009","0.011","7.9","4.3","32","2.4","0.28","6.6","21.8","0.24","0.34","0.5","0.05","5.6","0.002","2.1"
"Southern","SM9","2024-01-12","1","Surface Water","0.1","0.091","2.8","109","8.1","16","59","0.088","0.022","0.008","7.8","2.5","32.9","2.6","0.18","1.7","20.3","0.2","0.27","0.38","0.04","2.9","0.002","<0.5"
"Southern","SM9","2024-01-12","1","Middle Water","0.2","0.083","5.7","112","8.3","190","290","0.088","0.022","0.007","7.8","2","32.9","2.6","0.18","2.1","20","0.19","0.27","0.38","0.04","3","0.002","0.8"
"Southern","SM9","2024-01-12","1","Bottom Water","1.6","0.088","6.9","108","8.1","580","990","0.088","0.022","0.008","7.8","1.1","32.9","2.6","0.18","2.5","20","0.2","0.33","0.44","0.04","3.1","0.002","0.7"
"Southern","SM9","2024-02-21","1","Surface Water","1.1","0.16","0.7","88","6.6","3","10","0.2","0.003","0.017","8.1","<0.2","32.3","3.8","0.83","1.2","20.4","0.36","0.3","0.5","0.05","0.5","0.007","<0.5"
"Southern","SM9","2024-02-21","1","Middle Water","1.2","0.16","1.1","87","6.5","26","35","0.19","0.003","0.017","8.1","<0.2","32.7","3.8","1","1.4","20","0.35","0.29","0.48","0.05","0.2","0.006","<0.5"
"Southern","SM9","2024-02-21","1","Bottom Water","1","0.16","1.4","87","6.5","91","120","0.18","0.003","0.016","8.1","<0.2","32.8","3.8","0.85","2.4","20","0.34","0.28","0.46","0.05","0.5","0.006","<0.5"
"Southern","SM9","2024-03-15","1","Surface Water","0.7","0.16","1.1","95","7.1","79","120","0.11","0.004","0.017","7.6","<0.2","33.5","3","0.64","3.3","19.8","0.27","0.3","0.41","0.06","3.7","0.002","<0.5"
"Southern","SM9","2024-03-15","1","Middle Water","0.7","0.17","0.4","89","6.7","80","120","0.11","0.004","0.017","7.6","<0.2","33.5","3","0.66","3","19.7","0.28","0.29","0.4","0.06","3.8","0.002","<0.5"
"Southern","SM9","2024-03-15","1","Bottom Water","0.6","0.18","0.7","74","5.5","50","80","0.11","0.005","0.016","7.6","<0.2","33.5","3","0.66","2.8","19.7","0.3","0.28","0.4","0.06","3.8","0.002","0.5"
"Southern","SM9","2024-04-17","1","Surface Water","2.3","0.016","14","100","6.9","37","95","0.36","0.021","<0.002","7.9","7.2","27.4","2.3","0.71","3.2","26.2","0.4","0.27","0.65","0.06","2.6","<0.001","1.6"
"Southern","SM9","2024-04-17","1","Middle Water","2","0.026","23","137","9.6","37","110","0.28","0.013","<0.002","7.8","5.3","27.6","2.3","0.47","2.8","25.8","0.32","0.28","0.57","0.07","2.6","<0.001","1.6"
"Southern","SM9","2024-04-17","1","Bottom Water","1.1","0.038","9.5","104","7.3","250","520","0.2","0.009","0.003","7.7","4.7","27.7","2.3","0.49","1.7","25.8","0.25","0.24","0.45","0.06","2.5","<0.001","1.2"
"Southern","SM9","2024-05-04","1","Surface Water","<0.1","0.12","2","87","6.2","63","80","0.36","0.031","0.017","8","<0.2","27.3","2.1","1.9","2","24.8","0.51","0.34","0.73","0.07","2","0.006","0.7"
"Southern","SM9","2024-05-04","1","Middle Water","<0.1","0.13","0.6","78","5.6","90","330","0.34","0.029","0.016","8","0.5","27.6","2.1","1.7","2.5","24.8","0.5","0.32","0.69","0.08","2.4","0.006","0.8"
"Southern","SM9","2024-05-04","1","Bottom Water","<0.1","0.13","0.7","75","5.3","110","140","0.34","0.029","0.015","8","0.4","28.7","2.1","1.8","4.6","24.9","0.5","0.35","0.72","0.08","10.7","0.006","0.6"
"Southern","SM9","2024-06-19","1","Surface Water","0.7","0.038","5.5","86","6.1","17","36","0.89","0.076","0.017","8.2","1","16.6","1.9","5.8","1.8","29","1","0.22","1.19","0.04","2.2","0.004","0.6"
"Southern","SM9","2024-06-19","1","Middle Water","0.7","0.059","4.5","82","5.8","350","560","0.72","0.073","0.019","8.1","0.4","17.2","1.9","4.3","1.8","28.3","0.85","0.23","1.02","0.06","2.6","0.005","0.6"
"Southern","SM9","2024-06-19","1","Bottom Water","0.6","0.054","3","72","5.1","800","1700","0.62","0.071","0.018","8","1.3","18.2","1.9","4","3.3","28","0.75","0.18","0.87","0.06","13.3","0.003","0.7"
"Southern","SM9","2024-07-05","1","Surface Water","2.4","0.029","62","102","7.1","2700","5300","0.44","0.034","0.016","7.7","7.5","22.6","2.4","1.6","4.8","27.5","0.5","0.3","0.77","0.08","4.2","<0.001","1.8"
"Southern","SM9","2024-07-05","1","Middle Water","2.1","0.03","45","86","6","600","1900","0.41","0.033","0.004","7.4","5.8","25.2","2.4","1.7","7.4","26.7","0.47","0.26","0.7","0.07","4.5","<0.001","1.6"
"Southern","SM9","2024-07-05","1","Bottom Water","1.1","0.05","29","41","2.9","210","300","0.36","0.031","0.004","7.2","5.8","28.3","2.4","1.9","5.4","25.8","0.44","0.22","0.61","0.08","5.2","<0.001","2.1"
"Southern","SM9","2024-08-19","1","Surface Water","1.8","0.035","2.9","91","6.4","61","90","0.43","0.058","0.019","7.9","2.4","27.4","2.8","2.1","2.4","25.8","0.52","0.22","0.71","0.1","3.1","0.001","0.7"
"Southern","SM9","2024-08-19","1","Middle Water","1.8","0.037","2.9","63","4.4","79","160","0.41","0.053","0.019","7.9","1.5","27.6","2.8","2.1","7","25.6","0.5","0.27","0.73","0.15","3.9","0.001","2.1"
"Southern","SM9","2024-08-19","1","Bottom Water","1.5","0.04","2.1","60","4.2","150","230","0.39","0.053","0.023","7.8","2","29.5","2.8","2.1","4.4","25","0.48","0.22","0.66","0.12","13.4","0.001","0.9"
"Southern","SM9","2024-09-04","1","Surface Water","2.7","0.077","7.5","94","6.4","23","35","0.24","0.035","0.013","7.9","0.6","29.3","1.7","1.3","2.3","27.2","0.35","0.29","0.57","0.09","3.1","0.003","1"
"Southern","SM9","2024-09-04","1","Middle Water","2.4","0.077","4.9","75","5.1","140","220","0.25","0.04","0.015","7.9","1.5","29.2","1.7","1.5","6.2","26.7","0.37","0.28","0.57","0.11","2","0.003","2"
"Southern","SM9","2024-09-04","1","Bottom Water","2.2","0.097","3.6","73","4.9","60","100","0.21","0.035","0.016","7.8","1.6","29.5","1.7","1.3","5.8","26.8","0.34","0.26","0.51","0.11","5.1","0.003","1.6"
"Southern","SM9","2024-10-03","1","Surface Water","0.6","0.075","3.9","85","5.5","600","970","0.054","0.013","<0.002","7.8","1","32.3","2","0.31","7.5","28.5","0.14","0.2","0.27","0.13","6.7","0.003","1.8"
"Southern","SM9","2024-10-03","1","Middle Water","0.4","0.067","4.4","76","5","1800","2800","0.04","0.012","0.012","7.8","0.4","32.3","2","0.35","6.2","28.4","0.12","0.2","0.25","0.17","6.7","0.002","1.6"
"Southern","SM9","2024-10-03","1","Bottom Water","0.2","0.07","3.6","69","4.5","790","1100","0.036","0.013","0.007","7.8","1.1","32.3","2","0.35","7.8","28.4","0.12","0.18","0.23","0.15","6.9","0.002","2"
"Southern","SM9","2024-11-01","1","Surface Water","0.5","0.076","1.1","83","5.5","97","180","0.057","0.048","0.011","7.8","0.5","32.8","1.5","1.1","6.5","26.5","0.18","0.21","0.32","0.18","6.3","0.003","0.9"
"Southern","SM9","2024-11-01","1","Middle Water","0.2","0.058","1","67","4.5","130","280","0.054","0.048","0.013","7.8","0.6","32.8","1.5","1.1","8.4","26.5","0.16","0.22","0.32","0.18","6","0.002","1.8"
"Southern","SM9","2024-11-01","1","Bottom Water","0.3","0.062","0.8","64","4.3","180","340","0.052","0.05","0.012","7.8","0.8","32.8","1.5","1.1","6.6","26.4","0.16","0.18","0.28","0.19","6.7","0.002","1"
"Southern","SM9","2024-12-12","1","Surface Water","1.4","0.17","12","93","6.8","15","40","0.18","0.012","0.004","7.8","2.2","31.8","2","0.55","6.5","21.6","0.36","0.42","0.61","0.09","4","0.004","1.2"
"Southern","SM9","2024-12-12","1","Middle Water","1.9","0.058","4.8","89","6.5","9","20","0.12","0.007","0.015","7.8","1.3","31.8","2","0.96","5.7","21.8","0.19","0.25","0.38","0.07","3.3","0.001","0.9"
"Southern","SM9","2024-12-12","1","Bottom Water","1.5","0.16","12","78","5.7","20","39","0.18","0.009","0.011","7.8","2.1","31.6","2","0.57","5.2","21.7","0.35","0.37","0.56","0.15","4.7","0.003","0.9"
"Southern","ST1","2024-01-08","1","Surface Water","1","0.034","2.6","94","7","180","430","0.024","0.007","0.01","8.1","1.5","33.3","2.2","0.22","3.4","20.2","0.07","0.18","0.21","0.04","0.7","0.001","1.6"
"Southern","ST1","2024-01-08","1","Middle Water","1","0.03","3.9","110","8.2","240","460","0.022","0.007","<0.002","8.1","2.8","33.3","2.2","0.25","3.6","20.1","0.06","0.12","0.15","0.04","0.7","0.001","1.5"
"Southern","ST1","2024-01-08","1","Bottom Water","1.1","0.031","3.9","109","8.2","230","360","0.022","0.007","<0.002","8.1","3.4","33.3","2.2","0.29","3.8","20.1","0.06","0.12","0.15","0.03","0.7","0.001","1.4"
"Southern","ST1","2024-03-02","1","Surface Water","<0.1","0.076","9.9","78","6","470","530","0.1","0.005","0.011","7.9","4.4","33.5","2.6","0.48","6.4","17.9","0.18","0.28","0.39","0.05","0.7","0.002","2.4"
"Southern","ST1","2024-03-02","1","Middle Water","<0.1","0.072","3.6","82","6.3","300","360","0.11","0.005","0.011","7.9","<0.2","33.5","2.6","0.5","3.4","18.1","0.19","0.16","0.28","0.05","0.6","0.002","0.5"
"Southern","ST1","2024-03-02","1","Bottom Water","<0.1","0.072","3.6","89","6.9","360","420","0.1","0.004","0.011","8","<0.2","33.5","2.6","0.43","18","18.2","0.18","0.22","0.32","0.04","0.6","0.002","3.1"
"Southern","ST1","2024-05-22","1","Surface Water","<0.1","0.13","0.9","84","5.7","69","320","0.079","0.004","0.01","8.1","<0.2","30.6","2.4","0.47","3.8","25.9","0.21","0.23","0.31","0.07","2.5","0.007","1.5"
"Southern","ST1","2024-05-22","1","Middle Water","<0.1","0.13","0.9","64","4.4","180","1200","0.074","0.004","0.01","8.1","<0.2","30.6","2.4","0.52","9.4","25.9","0.21","0.29","0.37","0.07","3.4","0.007","2.5"
"Southern","ST1","2024-05-22","1","Bottom Water","<0.1","0.13","0.3","60","4.1","260","880","0.074","0.004","0.013","8.1","0.4","30.7","2.4","0.54","2.6","25.9","0.21","0.28","0.36","0.07","4","0.007","1.1"
"Southern","ST1","2024-07-11","1","Surface Water","2.5","0.03","25","82","5.6","120","900","0.47","0.029","0.018","8.4","10","19.7","1.6","1.1","5","29.9","0.53","0.29","0.79","0.07","3.9","0.004","1.1"
"Southern","ST1","2024-07-11","1","Middle Water","2.5","0.036","29","134","9.1","80","340","0.45","0.029","0.019","8.4","4.1","19.8","1.6","0.98","4.6","29.8","0.52","0.27","0.75","0.05","3.1","0.005","1.4"
"Southern","ST1","2024-07-11","1","Bottom Water","2.3","0.031","32","122","8.3","80","280","0.46","0.031","0.026","8.2","7","20.7","1.6","0.91","6.2","29.4","0.52","0.3","0.79","0.05","3.7","0.003","1.8"
"Southern","ST1","2024-09-27","1","Surface Water","1","0.045","14","99","6.3","36","100","0.16","0.084","0.021","8.1","3.1","30.3","2","1.8","4.2","30","0.29","0.42","0.66","0.11","2","0.003","1.6"
"Southern","ST1","2024-09-27","1","Middle Water","0.8","0.057","14","85","5.5","37","79","0.21","0.053","0.019","8.1","5.3","30.3","2","2.1","4.6","29.9","0.32","0.29","0.55","0.09","2.2","0.004","1.4"
"Southern","ST1","2024-09-27","1","Bottom Water","1","0.091","13","76","4.9","47","80","0.062","0.031","0.004","8","3.1","30.3","2","1.8","4.8","29.9","0.18","0.31","0.4","0.1","2.5","0.006","1.8"
"Southern","ST1","2024-11-25","1","Surface Water","0.5","0.028","1.9","99","7.1","1000","1800","0.24","0.1","0.024","7.7","0.3","32","1.7","1.8","7.2","23.1","0.37","0.16","0.5","0.14","6.1","<0.001","0.7"
"Southern","ST1","2024-11-25","1","Middle Water","0.1","0.053","1.6","92","6.5","260","570","0.24","0.1","0.027","7.7","1.4","32","1.7","1.9","7.4","23.1","0.39","0.14","0.48","0.15","7.1","<0.001","0.9"
"Southern","ST1","2024-11-25","1","Bottom Water","<0.1","0.062","<0.2","75","5.3","310","480","0.24","0.1","0.032","7.7","<0.2","31.9","1.7","1.9","8.4","23.1","0.4","0.14","0.48","0.16","8.6","0.001","0.7"
"Southern","ST3","2024-01-08","1","Surface Water","1.2","0.022","2.6","106","7.9","<1","<1","0.05","0.016","<0.002","8.2","1.3","33.1","2.7","0.05","3.2","20","0.09","0.09","0.16","0.03","0.7","0.001","1.8"
"Southern","ST3","2024-01-08","1","Middle Water","1.4","0.02","4.9","122","9.1","1","1","0.049","0.016","<0.002","8.2","4.6","33.1","2.7","0.06","3","20","0.09","0.12","0.19","0.03","0.6","<0.001","1.4"
"Southern","ST3","2024-01-08","1","Bottom Water","1.2","0.022","1","128","9.5","<1","2","0.048","0.016","<0.002","8.2","0.9","33.2","2.7","0.09","4","20","0.09","0.16","0.22","0.04","0.6","<0.001","2"
"Southern","ST3","2024-03-02","1","Surface Water","<0.1","0.081","3.1","79","6.2","2","5","0.13","0.005","0.011","7.9","0.8","33","2.4","0.49","2.8","17.7","0.22","0.22","0.36","0.04","0.8","0.002","<0.5"
"Southern","ST3","2024-03-02","1","Middle Water","<0.1","0.081","3.2","86","6.7","4","6","0.14","0.007","0.012","7.9","<0.2","33.2","2.4","0.49","3.2","17.8","0.23","0.23","0.38","0.05","0.7","0.002","0.6"
"Southern","ST3","2024-03-02","1","Bottom Water","<0.1","0.086","2.3","88","6.8","3","3","0.14","0.005","0.011","7.9","0.9","33.3","2.4","0.51","3.6","17.9","0.23","0.2","0.35","0.05","0.8","0.002","0.7"
"Southern","ST3","2024-05-22","1","Surface Water","<0.1","0.13","0.8","83","5.8","18","150","0.16","0.007","0.01","8.1","<0.2","28.4","2.4","0.55","1.6","25.8","0.3","0.26","0.43","0.06","1.9","0.007","1"
"Southern","ST3","2024-05-22","1","Middle Water","<0.1","0.15","0.3","70","4.8","30","320","0.16","0.008","0.012","8.1","0.3","28.5","2.4","0.66","2.5","25.8","0.32","0.29","0.46","0.06","2.3","0.008","1"
"Southern","ST3","2024-05-22","1","Bottom Water","<0.1","0.14","0.7","65","4.5","18","250","0.14","0.007","0.014","8.1","<0.2","29.3","2.4","0.61","3.6","25.8","0.29","0.27","0.42","0.06","3.5","0.007","2"
"Southern","ST3","2024-07-11","1","Surface Water","2.5","0.04","30","139","9.5","1","4","0.45","0.03","0.018","8.4","3.8","20.4","1.7","1.4","5.7","29.5","0.52","0.27","0.75","0.05","2.4","0.006","1.5"
"Southern","ST3","2024-07-11","1","Middle Water","2.6","0.027","29","130","8.8","1","4","0.41","0.028","0.016","8.4","6.9","20.9","1.7","0.53","3.6","29.5","0.47","0.3","0.74","0.05","2.5","0.004","0.8"
"Southern","ST3","2024-07-11","1","Bottom Water","2.6","0.037","26","112","7.6","2","3","0.47","0.026","0.018","8.2","6.1","20.9","1.7","0.47","4.8","29.5","0.53","0.3","0.8","0.06","2.4","0.004","1.3"
"Southern","ST3","2024-09-27","1","Surface Water","1.8","0.061","23","81","5.2","2","17","0.083","0.032","0.005","8.2","4","29.7","2","1.8","5","30.3","0.18","0.41","0.53","0.1","1.7","0.006","2.3"
"Southern","ST3","2024-09-27","1","Middle Water","1.3","0.048","23","110","7.1","2","4","0.087","0.032","0.006","8","4.5","29.9","2","1.7","4.3","29.9","0.17","0.4","0.52","0.09","1.5","0.003","1.7"
"Southern","ST3","2024-09-27","1","Bottom Water","0.9","0.078","14","108","7","5","8","0.092","0.036","0.006","7.9","3.8","30.4","2","1.8","5.4","29.5","0.21","0.48","0.61","0.16","2.3","0.004","1.4"
"Southern","ST3","2024-11-25","1","Surface Water","0.2","0.022","1.7","94","6.7","1","1","0.23","0.12","0.027","7.6","1","31.9","1.3","1.8","8.2","23","0.37","0.11","0.46","0.14","8.8","<0.001","0.9"
"Southern","ST3","2024-11-25","1","Middle Water","<0.1","0.024","1.5","108","7.7","<1","8","0.22","0.12","0.027","7.6","0.5","31.9","1.3","1.7","8","23.1","0.36","0.12","0.46","0.18","10.6","<0.001","0.6"
"Southern","ST3","2024-11-25","1","Bottom Water","<0.1","0.028","1.3","78","5.6","2","4","0.23","0.12","0.027","7.7","1","31.9","1.3","1.8","11","23.1","0.38","0.06","0.41","0.2","8.7","<0.001","1.1"
"Tolo Harbour and Channel","TM2","2024-01-18","1","Surface Water","2.2","<0.005","17","94","7","8","36","0.007","<0.002","<0.002","8.2","2.1","32.2","1.8","0.12","5.1","20.6","0.01","0.3","0.31","0.04","1.1","<0.001","2"
"Tolo Harbour and Channel","TM2","2024-01-18","1","Bottom Water","0.6","0.014","12","100","7.4","10","42","0.011","<0.002","<0.002","8.2","2.2","32.2","1.8","0.12","2.6","20.6","0.03","0.19","0.2","0.03","0.7","<0.001","1.1"
"Tolo Harbour and Channel","TM2","2024-02-22","1","Surface Water","0.9","0.039","3.7","111","8","3","6","0.02","<0.002","<0.002","8.2","<0.2","32.6","3.2","0.79","2.1","22.1","0.06","0.34","0.36","0.03","0.3","0.002","0.8"
"Tolo Harbour and Channel","TM2","2024-02-22","1","Bottom Water","1.1","0.023","4.1","108","7.9","3","10","0.016","<0.002","<0.002","8.3","0.6","32.9","3.2","0.72","3.2","21.4","0.04","0.3","0.32","0.03","0.2","0.001","<0.5"
"Tolo Harbour and Channel","TM2","2024-03-20","1","Surface Water","0.2","0.035","5.5","113","8.4","<1","58","0.01","<0.002","0.003","8","0.6","32.6","2","0.08","1.9","20.2","0.05","0.22","0.23","0.04","2.1","0.001","1.1"
"Tolo Harbour and Channel","TM2","2024-03-20","1","Bottom Water","1.3","0.024","4.9","117","8.8","2","53","0.006","<0.002","<0.002","8.1","0.4","32.7","2","0.07","3.8","19.8","0.03","0.2","0.21","0.04","1.5","<0.001","1"
"Tolo Harbour and Channel","TM2","2024-04-12","1","Surface Water","1.5","0.015","4.8","104","7.1","<1","2","0.03","<0.002","<0.002","8.3","0.7","32.7","2","0.44","2.2","25","0.05","0.21","0.24","0.04","1.7","0.001","<0.5"
"Tolo Harbour and Channel","TM2","2024-04-12","1","Bottom Water","1.6","<0.005","6.5","95","6.5","<1","3","0.017","<0.002","<0.002","8.3","0.6","32.7","2","0.25","2.6","25","0.02","0.21","0.23","0.04","1.9","<0.001","1.1"
"Tolo Harbour and Channel","TM2","2024-05-31","1","Surface Water","1.9","0.055","12","93","6.4","450","1300","0.16","0.015","0.012","8.2","2.1","26.6","1.9","1.6","3.3","26.6","0.23","0.4","0.58","0.07","1.8","0.005","2.2"
"Tolo Harbour and Channel","TM2","2024-05-31","1","Bottom Water","2","0.024","9.9","86","5.9","60","150","0.064","0.016","<0.002","8.2","2.7","26.9","1.9","0.47","3.4","26.6","0.1","0.25","0.33","0.05","1.2","0.002","1.7"
"Tolo Harbour and Channel","TM2","2024-06-13","1","Surface Water","1.4","<0.005","10","82","5.5","320","3300","0.076","0.07","0.008","8","1.2","29.7","2","1.9","2.4","27.1","0.15","0.26","0.41","0.1","2.2","<0.001","1.4"
"Tolo Harbour and Channel","TM2","2024-06-13","1","Bottom Water","1.4","0.041","7.1","93","6.3","100","350","0.026","0.069","0.004","8","3.1","30","2","1","4","26.8","0.14","0.29","0.39","0.06","1.3","0.002","1.2"
"Tolo Harbour and Channel","TM2","2024-07-17","1","Surface Water","2.3","0.07","8.5","100","6.4","340","4900","0.27","0.018","0.01","8.3","1.5","26.6","1.8","2.1","5.2","31.8","0.36","0.44","0.73","0.05","3.6","0.01","2.7"
"Tolo Harbour and Channel","TM2","2024-07-17","1","Bottom Water","1.7","0.065","6","108","6.8","220","3500","0.25","0.017","0.009","8.3","4","28.5","1.8","2.1","2.1","31.5","0.33","0.35","0.62","0.05","2.7","0.008","2"
"Tolo Harbour and Channel","TM2","2024-08-16","1","Surface Water","2.3","0.008","18","96","6.4","200","900","0.052","<0.002","0.009","8.1","5.5","30.6","1.4","1","4.5","27.9","0.06","0.41","0.46","0.16","4.9","<0.001","2.3"
"Tolo Harbour and Channel","TM2","2024-08-16","1","Bottom Water","1.9","0.012","16","97","6.5","310","1000","0.11","0.004","0.01","7.9","5.1","33.1","1.4","1.8","5.9","25.8","0.13","0.37","0.48","0.11","16.9","<0.001","3.4"
"Tolo Harbour and Channel","TM2","2024-09-16","1","Surface Water","2","0.053","5.6","85","5.5","60","1200","0.11","<0.002","<0.002","8.2","1.5","26.8","2","2.1","5.5","30.6","0.17","0.31","0.42","0.06","2.2","0.005","2.5"
"Tolo Harbour and Channel","TM2","2024-09-16","1","Bottom Water","1.7","0.051","5.2","99","6.4","98","1300","0.11","<0.002","0.002","8.1","2.1","27.5","2","2","4.8","30.7","0.16","0.31","0.42","0.07","2.3","0.004","2.2"
"Tolo Harbour and Channel","TM2","2024-10-24","1","Surface Water","1.3","0.028","6.3","112","7.5","15","140","0.037","<0.002","<0.002","7.7","1.5","29.5","2.3","0.96","2.4","27.1","0.07","0.3","0.34","0.15","1.9","<0.001","1"
"Tolo Harbour and Channel","TM2","2024-10-24","1","Bottom Water","0.8","0.021","5.5","82","5.5","15","230","0.044","<0.002","0.004","7.7","3","29.4","2.3","1","3.3","27.2","0.07","0.29","0.34","0.16","2.1","<0.001","1.4"
"Tolo Harbour and Channel","TM2","2024-11-17","1","Surface Water","1.3","0.052","13","64","4.4","110","2100","0.19","0.009","0.006","7.8","2.4","30.6","2.5","2","4","25.7","0.25","0.33","0.53","0.11","1.7","0.001","2.2"
"Tolo Harbour and Channel","TM2","2024-11-17","1","Bottom Water","1","0.059","9.6","71","4.8","110","800","0.087","0.007","0.004","7.7","4.4","31.1","2.5","0.96","3.6","25.9","0.15","0.38","0.47","0.15","1.8","0.001","1.6"
"Tolo Harbour and Channel","TM2","2024-12-07","1","Surface Water","2.7","0.019","12","105","7.9","67","360","0.027","<0.002","<0.002","7.5","3.4","25.3","2","0.76","2","22.4","0.05","0.29","0.32","0.07","2.1","<0.001","1.2"
"Tolo Harbour and Channel","TM2","2024-12-07","1","Bottom Water","2.4","0.007","7.2","112","8.1","25","200","0.027","<0.002","<0.002","7.7","3.3","30.4","2","0.22","4.4","22.6","0.04","0.25","0.28","0.06","1.6","<0.001","1.4"
"Tolo Harbour and Channel","TM3","2024-01-18","1","Surface Water","1.7","0.012","6.8","111","8.2","10","82","0.011","<0.002","<0.002","8.2","1.7","32.1","2.4","0.1","3","21","0.03","0.24","0.25","0.04","0.4","<0.001","1.4"
"Tolo Harbour and Channel","TM3","2024-01-18","1","Middle Water","1.7","0.01","5.9","109","8.1","3","34","0.023","<0.002","<0.002","8.2","0.8","32.4","2.4","0.06","2.6","20.5","0.04","0.2","0.23","0.03","0.5","<0.001","1.6"
"Tolo Harbour and Channel","TM3","2024-01-18","1","Bottom Water","1.5","<0.005","6.8","95","7.1","6","36","0.007","<0.002","<0.002","8.1","1.1","32.9","2.4","0.09","2.6","20","0.01","0.16","0.17","0.02","1.1","<0.001","1"
"Tolo Harbour and Channel","TM3","2024-02-22","1","Surface Water","1.4","0.028","3.8","100","7.2","100","240","0.022","<0.002","<0.002","8.2","0.6","32.8","2.9","0.72","3","22.3","0.05","0.33","0.35","0.03","0.2","0.002","1"
"Tolo Harbour and Channel","TM3","2024-02-22","1","Middle Water","2","0.027","3.9","108","7.8","90","190","0.012","<0.002","<0.002","8.3","0.2","32.8","2.9","0.73","2.3","22.3","0.04","0.49","0.5","0.03","0.2","0.002","0.9"
"Tolo Harbour and Channel","TM3","2024-02-22","1","Bottom Water","2.4","<0.005","2.1","72","5.5","2","4","0.009","<0.002","<0.002","8.1","1.5","33.6","2.9","0.9","2.8","18.8","0.02","0.46","0.47","0.03","0.7","<0.001","0.8"
"Tolo Harbour and Channel","TM3","2024-03-20","1","Surface Water","1.5","0.064","4.9","120","8.9","9","30","0.003","<0.002","<0.002","8","<0.2","32.5","2.8","0.11","2.7","20.6","0.07","0.26","0.27","0.04","1.3","0.002","1.1"
"Tolo Harbour and Channel","TM3","2024-03-20","1","Middle Water","1.2","0.034","3.4","121","9.1","2","300","0.006","0.003","0.006","8.1","<0.2","32.7","2.8","0.1","4.4","20.1","0.04","0.24","0.25","0.04","1.5","0.001","1.9"
"Tolo Harbour and Channel","TM3","2024-03-20","1","Bottom Water","0.9","0.021","2","115","8.6","<1","2","0.008","<0.002","<0.002","8","0.7","33.2","2.8","0.1","7.6","19.7","0.03","0.23","0.24","0.04","22.7","<0.001","1.6"
"Tolo Harbour and Channel","TM3","2024-04-12","1","Surface Water","1.3","0.014","3.2","90","6.2","4","9","0.012","<0.002","<0.002","8.3","1.4","33.2","2.4","0.15","1","24.6","0.03","0.15","0.16","0.04","0.9","0.001","0.9"
"Tolo Harbour and Channel","TM3","2024-04-12","1","Middle Water","1.4","<0.005","4.3","95","6.5","4","19","0.01","<0.002","<0.002","8.3","<0.2","33.1","2.4","0.13","6","24.6","0.02","0.17","0.18","0.04","1.1","<0.001","1.6"
"Tolo Harbour and Channel","TM3","2024-04-12","1","Bottom Water","1.2","<0.005","3.8","101","7.1","1","4","0.01","<0.002","<0.002","8.2","1.1","33.7","2.4","0.14","2.8","23.5","0.02","0.22","0.23","0.04","1.2","<0.001","1"
"Tolo Harbour and Channel","TM3","2024-05-31","1","Surface Water","2.6","0.03","10","95","6.6","130","170","0.093","0.01","<0.002","8.3","1.5","25.9","1.8","0.51","2.7","26.7","0.13","0.36","0.46","0.06","1.5","0.003","2"
"Tolo Harbour and Channel","TM3","2024-05-31","1","Middle Water","1.9","0.023","9.8","85","5.9","85","120","0.072","0.015","<0.002","8.2","1.8","25.9","1.8","0.47","2.7","26.7","0.11","0.24","0.33","0.05","1.1","0.002","1.6"
"Tolo Harbour and Channel","TM3","2024-05-31","1","Bottom Water","1.8","0.023","9.9","67","4.6","87","130","0.071","0.014","<0.002","8.1","2","25.9","1.8","0.49","2.8","26.7","0.11","0.27","0.36","0.05","0.9","0.002","1.5"
"Tolo Harbour and Channel","TM3","2024-06-13","1","Surface Water","3.3","0.043","15","90","6","16","160","0.013","<0.002","0.002","8.2","3.3","29.4","1.8","0.64","4.9","27.7","0.06","0.32","0.34","0.1","2.6","0.004","3"
"Tolo Harbour and Channel","TM3","2024-06-13","1","Middle Water","2.2","0.035","11","102","6.9","11","80","0.012","0.01","<0.002","8.1","2","30.2","1.8","0.45","6.6","26.9","0.06","0.32","0.34","0.05","1.1","0.002","2.4"
"Tolo Harbour and Channel","TM3","2024-06-13","1","Bottom Water","2.1","0.029","9.6","93","6.3","18","80","0.014","0.021","<0.002","8","2.4","30.6","1.8","0.55","4.7","26.7","0.06","0.32","0.36","0.05","0.8","0.001","1.4"
"Tolo Harbour and Channel","TM3","2024-07-17","1","Surface Water","1.5","0.028","3.5","101","6.4","3","23","0.098","<0.002","0.006","8.4","0.7","27.3","2.4","0.82","0.7","31.1","0.13","0.33","0.43","0.04","1.3","0.004","0.6"
"Tolo Harbour and Channel","TM3","2024-07-17","1","Middle Water","1.6","0.03","4","97","6.2","6","47","0.085","<0.002","0.003","8.4","1.1","27.3","2.4","0.86","5.4","30.9","0.12","0.25","0.34","0.04","1.2","0.004","1.8"
"Tolo Harbour and Channel","TM3","2024-07-17","1","Bottom Water","1.5","0.017","4.1","83","5.4","3","30","0.084","<0.002","<0.002","8.4","2.4","27.4","2.4","0.64","6.2","30.6","0.1","0.24","0.33","0.05","1.6","0.002","1.8"
"Tolo Harbour and Channel","TM3","2024-08-16","1","Surface Water","1.3","0.008","8.1","87","5.7","88","210","0.063","<0.002","0.007","8.4","2.9","32.3","2.4","0.69","2.8","28.1","0.07","0.41","0.48","0.13","1.2","<0.001","0.6"
"Tolo Harbour and Channel","TM3","2024-08-16","1","Middle Water","1.3","0.007","5","97","6.4","24","120","0.03","<0.002","0.007","8.1","1.6","33.1","2.4","0.29","3.4","27","0.04","0.36","0.39","0.13","1.6","<0.001","0.9"
"Tolo Harbour and Channel","TM3","2024-08-16","1","Bottom Water","0.7","0.008","4.4","80","5.5","12","80","0.026","<0.002","0.018","7.8","3.5","34.4","2.4","0.88","4.9","24.6","0.04","0.26","0.29","0.14","1.9","<0.001","1.2"
"Tolo Harbour and Channel","TM3","2024-09-16","1","Surface Water","2.3","0.032","5.2","92","5.9","<1","6","0.055","<0.002","<0.002","8.3","0.8","27.4","2.2","1.4","4.2","31.1","0.09","0.23","0.29","0.05","1.6","0.004","2.4"
"Tolo Harbour and Channel","TM3","2024-09-16","1","Middle Water","1.7","0.02","6.4","102","6.5","<1","3","0.044","<0.002","<0.002","8.2","1.6","27.4","2.2","1.3","4.3","31.3","0.07","0.28","0.33","0.15","1.8","0.002","2.4"
"Tolo Harbour and Channel","TM3","2024-09-16","1","Bottom Water","0.9","0.025","4.3","84","5.4","<1","2","0.042","<0.002","0.004","7.9","2.2","27.5","2.2","1.2","5.2","31.1","0.07","0.25","0.29","0.09","1.2","0.001","2"
"Tolo Harbour and Channel","TM3","2024-10-24","1","Surface Water","0.7","0.009","4.4","94","6.2","2","8","0.011","<0.002","0.003","7.8","0.8","31.4","2.8","0.48","3.9","27.4","0.02","0.23","0.24","0.14","0.9","<0.001","2"
"Tolo Harbour and Channel","TM3","2024-10-24","1","Middle Water","0.3","<0.005","4.1","83","5.5","3","20","0.01","<0.002","0.005","7.8","2.1","31.2","2.8","0.46","3.1","27.9","0.02","0.22","0.23","0.14","1.1","<0.001","1.4"
"Tolo Harbour and Channel","TM3","2024-10-24","1","Bottom Water","0.9","<0.005","4.7","76","5","6","64","0.024","<0.002","0.009","7.7","2.7","31.2","2.8","0.51","3.4","28.1","0.03","0.25","0.28","0.18","1.3","<0.001","1.2"
"Tolo Harbour and Channel","TM3","2024-11-17","1","Surface Water","1","0.018","9.1","102","7","14","100","0.086","0.005","0.002","7.8","1.9","30.5","2.3","0.82","4.6","25.7","0.11","0.29","0.38","0.11","1.5","<0.001","2"
"Tolo Harbour and Channel","TM3","2024-11-17","1","Middle Water","1.8","0.016","6.2","96","6.6","29","120","0.07","0.005","<0.002","7.7","4.4","30.8","2.3","0.62","3.4","25.8","0.09","0.25","0.33","0.14","1","<0.001","1.5"
"Tolo Harbour and Channel","TM3","2024-11-17","1","Bottom Water","0.6","0.035","5.7","76","5.2","9","450","0.049","0.006","<0.002","7.8","1.5","31.6","2.3","0.53","5.5","25.7","0.09","0.25","0.31","0.13","1.2","<0.001","1.8"
"Tolo Harbour and Channel","TM3","2024-12-07","1","Surface Water","2.4","0.032","8.5","97","7","1000","2800","0.029","<0.002","<0.002","7.9","2","30.9","2","0.18","5.3","22.8","0.06","0.27","0.3","0.05","2","<0.001","2.4"
"Tolo Harbour and Channel","TM3","2024-12-07","1","Middle Water","2","0.01","5.3","111","8","310","3100","0.031","<0.002","<0.002","7.8","4","31.2","2","0.22","2.5","22.8","0.04","0.2","0.23","0.05","1.8","<0.001","1.4"
"Tolo Harbour and Channel","TM3","2024-12-07","1","Bottom Water","2","0.026","6.2","94","6.7","170","1200","0.033","<0.002","<0.002","7.6","3.4","31.8","2","0.21","11","22.7","0.06","0.23","0.27","0.06","3","<0.001","3.2"
"Tolo Harbour and Channel","TM4","2024-01-18","1","Surface Water","1.6","<0.005","5","89","6.6","7","42","0.013","<0.002","<0.002","8.2","2.3","32.4","2.2","0.1","5.3","20.7","0.02","0.18","0.2","0.03","0.4","<0.001","2.1"
"Tolo Harbour and Channel","TM4","2024-01-18","1","Middle Water","1.7","<0.005","5.6","106","7.9","3","41","0.012","<0.002","<0.002","8.2","0.8","32.6","2.2","0.08","2.9","20.3","0.02","0.16","0.17","0.04","0.5","<0.001","1.5"
"Tolo Harbour and Channel","TM4","2024-01-18","1","Bottom Water","1.7","<0.005","5.4","87","6.6","4","25","0.007","<0.002","<0.002","8.1","1","32.9","2.2","0.08","2.6","19.9","0.01","0.16","0.17","0.03","0.7","<0.001","0.9"
"Tolo Harbour and Channel","TM4","2024-02-22","1","Surface Water","1.8","0.019","2.2","108","7.8","1","2","0.011","<0.002","<0.002","8.2","0.8","32.9","3.9","0.67","1.2","22.1","0.03","0.32","0.33","0.03","0.2","0.001","1"
"Tolo Harbour and Channel","TM4","2024-02-22","1","Middle Water","1.9","0.02","4.5","108","8","<1","5","0.01","<0.002","<0.002","8.3","0.7","32.9","3.9","0.64","1.2","20.6","0.03","0.41","0.42","0.03","0.2","0.001","0.6"
"Tolo Harbour and Channel","TM4","2024-02-22","1","Bottom Water","1.7","<0.005","4.5","84","6.5","<1","<1","0.012","<0.002","<0.002","8.2","0.2","33.7","3.9","0.66","1.5","18.4","0.02","0.26","0.27","0.03","0.3","<0.001","<0.5"
"Tolo Harbour and Channel","TM4","2024-03-20","1","Surface Water","1.2","0.024","3.4","93","6.9","<1","24","0.006","<0.002","<0.002","8","<0.2","32.9","2.6","0.1","0.8","20.3","0.03","0.2","0.21","0.03","0.5","<0.001","0.7"
"Tolo Harbour and Channel","TM4","2024-03-20","1","Middle Water","0.8","0.021","2.8","112","8.4","<1","<1","0.006","<0.002","<0.002","8","<0.2","33.1","2.6","0.1","3.4","19.9","0.03","0.18","0.19","0.04","1.1","<0.001","1.6"
"Tolo Harbour and Channel","TM4","2024-03-20","1","Bottom Water","0.7","0.026","1.8","105","8","<1","<1","0.008","<0.002","<0.002","8","<0.2","33.4","2.6","0.17","9.3","19.4","0.04","0.17","0.18","0.03","1.2","<0.001","3.3"
"Tolo Harbour and Channel","TM4","2024-04-12","1","Surface Water","1.4","0.008","3.2","97","6.6","<1","1","0.022","<0.002","<0.002","8.3","0.8","33.1","2.7","0.11","1","24.8","0.03","0.15","0.17","0.04","0.7","<0.001","1"
"Tolo Harbour and Channel","TM4","2024-04-12","1","Middle Water","1.4","0.005","3.9","93","6.5","<1","<1","0.01","<0.002","<0.002","8.3","<0.2","33.4","2.7","0.1","7.1","24","0.02","0.16","0.17","0.04","1","<0.001","1.8"
"Tolo Harbour and Channel","TM4","2024-04-12","1","Bottom Water","1.1","<0.005","5","101","7.1","<1","<1","0.006","<0.002","<0.002","8.2","<0.2","33.7","2.7","0.12","2.3","23.4","0.01","0.21","0.22","0.05","2.3","<0.001","1"
"Tolo Harbour and Channel","TM4","2024-05-31","1","Surface Water","2","0.02","10","102","7","26","71","0.091","0.012","<0.002","8.2","1.5","28","2.2","0.61","3.2","26.6","0.12","0.35","0.45","0.06","1.2","0.002","2"
"Tolo Harbour and Channel","TM4","2024-05-31","1","Middle Water","1.9","0.019","8.9","84","5.8","24","75","0.077","0.015","<0.002","8.2","2.7","28.9","2.2","0.54","3.6","26.5","0.11","0.25","0.34","0.05","1.1","0.001","1.8"
"Tolo Harbour and Channel","TM4","2024-05-31","1","Bottom Water","5.1","0.025","7.5","78","5.3","14","26","0.057","0.025","<0.002","8.1","1.5","29.4","2.2","0.57","2.7","26.5","0.11","0.22","0.3","0.05","0.9","0.001","1.4"
"Tolo Harbour and Channel","TM4","2024-06-13","1","Surface Water","2.3","0.041","14","87","5.8","19","50","0.013","0.013","0.004","8.1","1.5","30.1","2","0.62","4.7","27.2","0.07","0.21","0.24","0.09","1.5","0.003","2.2"
"Tolo Harbour and Channel","TM4","2024-06-13","1","Middle Water","1.5","0.031","9.9","80","5.4","14","79","0.017","0.048","<0.002","7.9","2.5","30.8","2","0.73","2.2","26.5","0.1","0.18","0.25","0.05","1.1","0.001","0.8"
"Tolo Harbour and Channel","TM4","2024-06-13","1","Bottom Water","1.3","0.018","9.4","78","5.3","16","78","0.015","0.063","0.005","7.8","2.1","31","2","0.92","5.4","26.4","0.1","0.22","0.3","0.05","2.1","<0.001","1.6"
"Tolo Harbour and Channel","TM4","2024-07-17","1","Surface Water","1.3","0.031","3.5","102","6.5","35","190","0.08","<0.002","0.004","8.4","1.2","26.8","2.2","0.96","1.6","31.3","0.11","0.29","0.37","0.04","1.6","0.005","1.2"
"Tolo Harbour and Channel","TM4","2024-07-17","1","Middle Water","1.6","0.022","3.9","94","6","36","100","0.08","<0.002","0.004","8.4","1.5","27.4","2.2","0.78","2","30.8","0.1","0.22","0.3","0.04","1.3","0.003","1.2"
"Tolo Harbour and Channel","TM4","2024-07-17","1","Bottom Water","1.2","0.018","4.2","81","5.2","15","100","0.068","<0.002","<0.002","8.3","1.2","27.5","2.2","0.66","5","30.7","0.09","0.27","0.34","0.06","1.5","0.002","1.6"
"Tolo Harbour and Channel","TM4","2024-08-16","1","Surface Water","1.5","<0.005","6.8","86","5.6","34","50","0.042","<0.002","0.004","8.4","1.7","31.4","1.9","0.42","3.7","28.6","0.05","0.35","0.39","0.12","2","<0.001","1"
"Tolo Harbour and Channel","TM4","2024-08-16","1","Middle Water","1.1","<0.005","4.8","100","6.7","25","120","0.031","<0.002","0.009","8","3.2","33.6","1.9","0.44","3.1","25.7","0.04","0.36","0.39","0.14","1.9","<0.001","1"
"Tolo Harbour and Channel","TM4","2024-08-16","1","Bottom Water","0.5","0.005","6.2","77","5.3","30","140","0.038","<0.002","0.017","7.8","3.4","34.5","1.9","1.3","4.8","24.2","0.05","0.21","0.25","0.12","4.4","<0.001","1.3"
"Tolo Harbour and Channel","TM4","2024-09-16","1","Surface Water","1.6","0.021","6.2","88","5.7","7","62","0.048","<0.002","<0.002","8.3","1.1","26.8","1.7","1.5","3.2","30.3","0.07","0.23","0.28","0.06","1.7","0.003","2"
"Tolo Harbour and Channel","TM4","2024-09-16","1","Middle Water","1.7","0.05","4.9","101","6.5","2","68","0.044","<0.002","<0.002","8.1","1.8","28","1.7","1.4","5.9","31","0.1","0.3","0.35","0.08","1.2","0.004","2"
"Tolo Harbour and Channel","TM4","2024-09-16","1","Bottom Water","0.7","0.065","3.9","79","5.1","3","54","0.042","<0.002","0.002","7.9","2.4","28.3","1.7","1.6","2.7","30.6","0.11","0.23","0.27","0.09","1.2","0.003","1.2"
"Tolo Harbour and Channel","TM4","2024-10-24","1","Surface Water","1","<0.005","4.3","85","5.7","9","35","0.012","<0.002","0.004","7.8","0.7","30.1","2.4","0.54","2.8","26.7","0.02","0.21","0.22","0.15","1.2","<0.001","1.3"
"Tolo Harbour and Channel","TM4","2024-10-24","1","Middle Water","1","<0.005","3.4","79","5.2","11","110","0.01","<0.002","0.005","7.8","2.4","31","2.4","0.62","3.8","27.4","0.02","0.23","0.24","0.14","1","<0.001","1.3"
"Tolo Harbour and Channel","TM4","2024-10-24","1","Bottom Water","0.7","<0.005","3.3","79","5.2","6","48","0.024","<0.002","0.009","7.6","2.4","30.7","2.4","0.59","2.5","27.7","0.03","0.3","0.33","0.17","0.7","<0.001","1.2"
"Tolo Harbour and Channel","TM4","2024-11-17","1","Surface Water","1.1","0.014","9.9","96","6.6","2","64","0.055","0.005","0.003","7.8","0.6","30.8","2.5","0.53","2.6","25.8","0.07","0.35","0.41","0.14","1.1","<0.001","1.7"
"Tolo Harbour and Channel","TM4","2024-11-17","1","Middle Water","0.8","0.014","6.1","76","5.2","2","46","0.045","0.005","<0.002","7.8","3.1","31.3","2.5","0.47","3.6","25.9","0.06","0.25","0.3","0.13","1","<0.001","1.4"
"Tolo Harbour and Channel","TM4","2024-11-17","1","Bottom Water","0.6","0.031","4.9","74","5.1","3","26","0.037","0.006","<0.002","7.7","1","31.7","2.5","0.65","3.5","25.6","0.07","0.21","0.25","0.14","1.4","<0.001","1"
"Tolo Harbour and Channel","TM4","2024-12-07","1","Surface Water","2.4","0.006","5.8","95","6.8","3","38","0.03","<0.002","<0.002","7.8","1.7","30.9","1.7","0.07","2.2","22.6","0.04","0.22","0.25","0.09","1.5","<0.001","0.9"
"Tolo Harbour and Channel","TM4","2024-12-07","1","Middle Water","2.3","<0.005","4.7","105","7.6","5","56","0.025","<0.002","<0.002","7.8","2.5","30.9","1.7","0.11","2.9","22.6","0.03","0.19","0.22","0.05","1.6","<0.001","1.6"
"Tolo Harbour and Channel","TM4","2024-12-07","1","Bottom Water","2","0.015","4","96","6.9","11","78","0.03","<0.002","<0.002","7.5","2.3","31.5","1.7","0.13","3.5","22.7","0.05","0.2","0.23","0.06","2.5","<0.001","1.6"
"Tolo Harbour and Channel","TM5","2024-01-18","1","Surface Water","<0.1","<0.005","1.8","92","6.8","<1","3","0.005","0.002","0.018","8.1","0.6","32.7","2.8","0.27","2.3","20.6","0.01","0.08","0.09","0.03","0.5","<0.001","1"
"Tolo Harbour and Channel","TM5","2024-01-18","1","Bottom Water","<0.1","<0.005","1.8","93","6.9","<1","6","0.016","<0.002","<0.002","8.1","0.2","32.7","2.8","0.25","2","20.5","0.02","0.12","0.14","0.02","0.6","<0.001","0.9"
"Tolo Harbour and Channel","TM5","2024-02-22","1","Surface Water","1.3","0.009","1.4","82","5.9","10","19","0.014","<0.002","<0.002","8.3","<0.2","33","3.8","0.78","1.1","22.2","0.03","0.3","0.32","0.03","0.1","<0.001","0.7"
"Tolo Harbour and Channel","TM5","2024-02-22","1","Bottom Water","1.2","<0.005","1.9","93","6.8","<1","1","0.01","<0.002","<0.002","8.2","<0.2","33.1","3.8","0.66","2.3","21.3","0.02","0.31","0.32","0.03","0.3","<0.001","0.6"
"Tolo Harbour and Channel","TM5","2024-03-20","1","Surface Water","0.5","0.028","2.1","97","7.2","<1","<1","0.003","0.006","0.008","7.9","<0.2","33.2","2.9","0.25","1.2","20.2","0.04","0.18","0.19","0.03","1.8","<0.001","0.8"
"Tolo Harbour and Channel","TM5","2024-03-20","1","Bottom Water","0.6","0.041","2.2","99","7.4","<1","2","0.009","<0.002","<0.002","7.9","<0.2","33.2","2.9","0.3","7","20.1","0.05","0.12","0.13","0.06","1.2","0.001","2"
"Tolo Harbour and Channel","TM5","2024-04-12","1","Surface Water","1.1","0.008","2.8","102","7","<1","9","0.007","<0.002","0.006","8.2","<0.2","33","2.9","0.16","4.4","24.8","0.02","0.14","0.15","0.04","0.7","<0.001","1.4"
"Tolo Harbour and Channel","TM5","2024-04-12","1","Bottom Water","1","<0.005","3.7","98","6.8","<1","13","0.006","<0.002","<0.002","8.2","<0.2","33.4","2.9","0.19","2.3","24.1","0.01","0.17","0.18","0.05","1.2","<0.001","1"
"Tolo Harbour and Channel","TM5","2024-05-31","1","Surface Water","1.3","0.019","9.5","96","6.6","2","4","0.046","0.007","<0.002","8.3","3.3","27.1","2.6","0.23","2.6","26.6","0.07","0.26","0.31","0.05","1.1","0.002","1.4"
"Tolo Harbour and Channel","TM5","2024-05-31","1","Bottom Water","1.5","0.029","10","91","6.2","<1","<1","0.043","0.007","0.006","8.2","2.3","28.3","2.6","0.26","2.5","26.6","0.08","0.23","0.28","0.05","1","0.002","1.4"
"Tolo Harbour and Channel","TM5","2024-06-13","1","Surface Water","2.5","0.036","12","87","5.8","11","53","0.017","<0.002","<0.002","8.3","2.1","29.1","1.9","0.39","2.6","27.8","0.06","0.24","0.26","0.08","1.9","0.003","1.8"
"Tolo Harbour and Channel","TM5","2024-06-13","1","Bottom Water","2.1","0.034","8.8","104","7","5","15","0.016","0.016","<0.002","8","1.5","29.9","1.9","0.72","5.7","27.1","0.07","0.29","0.32","0.05","1.3","0.002","1.6"
"Tolo Harbour and Channel","TM5","2024-07-17","1","Surface Water","1.2","0.028","2.6","95","6","<1","3","0.06","<0.002","<0.002","8.3","1","27.9","1.8","0.66","2","31.2","0.09","0.24","0.3","0.04","1.3","0.004","1"
"Tolo Harbour and Channel","TM5","2024-07-17","1","Bottom Water","1.2","0.019","3.4","89","5.7","<1","9","0.06","<0.002","<0.002","8.3","0.6","28","1.8","0.5","3","31.2","0.08","0.21","0.27","0.06","1.4","0.002","1.2"
"Tolo Harbour and Channel","TM5","2024-08-16","1","Surface Water","0.8","<0.005","3.9","86","5.7","2","6","0.025","<0.002","0.007","8.1","0.8","32.9","2.5","0.25","1.4","27.4","0.03","0.28","0.31","0.12","1.1","<0.001","<0.5"
"Tolo Harbour and Channel","TM5","2024-08-16","1","Bottom Water","0.8","<0.005","3.8","79","5.3","3","6","0.022","<0.002","0.017","7.9","3.2","33.6","2.5","0.57","3.7","26.2","0.03","0.2","0.22","0.11","4.6","<0.001","1.4"
"Tolo Harbour and Channel","TM5","2024-09-16","1","Surface Water","1.5","0.018","2.9","101","6.4","<1","1","0.047","<0.002","<0.002","8.3","1","26.9","2.2","1.3","2.3","31.3","0.07","0.19","0.24","0.05","1.8","0.002","1.2"
"Tolo Harbour and Channel","TM5","2024-09-16","1","Bottom Water","0.9","0.01","3.9","101","6.4","1","2","0.053","<0.002","<0.002","8","1.1","29.7","2.2","1.3","5","31.1","0.07","0.2","0.26","0.08","1.5","<0.001","1.9"
"Tolo Harbour and Channel","TM5","2024-10-24","1","Surface Water","0.7","<0.005","3","65","4.4","<1","5","0.011","<0.002","<0.002","7.8","1.7","31.4","2.9","0.14","2","27","0.02","0.15","0.16","0.14","0.2","<0.001","1"
"Tolo Harbour and Channel","TM5","2024-10-24","1","Bottom Water","1","<0.005","3.2","85","5.6","3","7","0.023","<0.002","0.011","7.8","1.8","31.2","2.9","0.26","13","27.5","0.03","0.11","0.14","0.24","1.1","<0.001","4.7"
"Tolo Harbour and Channel","TM5","2024-11-17","1","Surface Water","1","0.043","6.5","81","5.7","23","88","0.052","0.005","0.004","7.8","3","29.5","3.6","0.58","2.5","25.2","0.1","0.22","0.28","0.1","1.6","0.001","1.8"
"Tolo Harbour and Channel","TM5","2024-11-17","1","Bottom Water","0.7","0.044","5.7","96","6.6","53","150","0.059","0.004","0.004","7.7","<0.2","30.7","3.6","0.66","6.2","25.7","0.11","0.26","0.32","0.16","0.9","0.001","1.6"
"Tolo Harbour and Channel","TM5","2024-12-07","1","Surface Water","1.7","0.005","2.6","100","7.8","2","3","0.024","<0.002","<0.002","7.6","0.6","19.8","3.6","0.16","2","22","0.03","0.21","0.24","0.07","1.8","<0.001","1.4"
"Tolo Harbour and Channel","TM5","2024-12-07","1","Bottom Water","1.4","<0.005","3","117","8.5","7","15","0.025","<0.002","<0.002","7.6","1.1","31.2","3.6","0.27","2.8","22.4","0.03","0.15","0.18","0.05","1","<0.001","1.7"
"Tolo Harbour and Channel","TM6","2024-01-18","1","Surface Water","1.3","<0.005","3.4","86","6.4","<1","<1","0.007","<0.002","<0.002","8.2","0.5","32.7","2.1","0.08","2.2","20.3","0.01","0.13","0.14","0.03","0.3","<0.001","1.2"
"Tolo Harbour and Channel","TM6","2024-01-18","1","Middle Water","1","<0.005","3.9","99","7.4","2","2","0.016","<0.002","<0.002","8.1","0.8","32.9","2.1","0.1","3","20","0.02","0.18","0.2","0.04","0.4","<0.001","1.3"
"Tolo Harbour and Channel","TM6","2024-01-18","1","Bottom Water","0.9","<0.005","2.5","89","6.7","<1","<1","0.012","<0.002","<0.002","8.1","0.8","33.2","2.1","0.15","2.4","19.6","0.02","0.13","0.14","0.02","0.7","<0.001","1.4"
"Tolo Harbour and Channel","TM6","2024-02-22","1","Surface Water","0.9","0.009","1.3","104","7.5","<1","<1","0.009","<0.002","<0.002","8.2","0.5","33","4.5","0.64","0.6","21.6","0.02","0.28","0.29","0.02","0.1","<0.001","0.6"
"Tolo Harbour and Channel","TM6","2024-02-22","1","Middle Water","0.9","0.009","3.4","97","7.3","<1","<1","0.01","<0.002","<0.002","8.2","<0.2","33.4","4.5","0.61","3.3","19.2","0.02","0.39","0.4","0.03","0.2","<0.001","0.8"
"Tolo Harbour and Channel","TM6","2024-02-22","1","Bottom Water","1.7","0.01","2.4","74","5.7","<1","<1","0.009","<0.002","<0.002","8.1","1.1","33.8","4.5","0.67","3.6","18.2","0.02","0.49","0.5","0.03","1.1","<0.001","0.9"
"Tolo Harbour and Channel","TM6","2024-03-20","1","Surface Water","0.7","0.027","2.2","103","7.7","<1","<1","0.006","<0.002","<0.002","7.9","<0.2","33.4","4","0.12","3","19.8","0.04","0.16","0.17","0.04","1.9","<0.001","1.1"
"Tolo Harbour and Channel","TM6","2024-03-20","1","Middle Water","0.8","0.021","1.8","104","7.9","<1","2","0.008","<0.002","<0.002","7.9","<0.2","33.5","4","0.2","1.4","19.4","0.03","0.17","0.18","0.04","1.4","<0.001","0.7"
"Tolo Harbour and Channel","TM6","2024-03-20","1","Bottom Water","0.6","0.028","3.1","84","6.4","<1","<1","0.002","<0.002","<0.002","7.9","<0.2","33.9","4","0.47","2.3","18.8","0.03","0.13","0.13","0.08","2","<0.001","2.2"
"Tolo Harbour and Channel","TM6","2024-04-12","1","Surface Water","1.2","<0.005","2.8","94","6.4","<1","1","0.009","<0.002","<0.002","8.3","<0.2","33.1","2.8","0.17","<0.5","24.7","0.02","0.16","0.17","0.04","0.4","<0.001","<0.5"
"Tolo Harbour and Channel","TM6","2024-04-12","1","Middle Water","1","<0.005","3.8","98","6.8","<1","1","0.007","<0.002","<0.002","8.2","0.4","33.7","2.8","0.17","1.7","23.7","0.01","0.14","0.15","0.04","1","<0.001","0.8"
"Tolo Harbour and Channel","TM6","2024-04-12","1","Bottom Water","0.9","<0.005","4.6","85","6","<1","2","0.009","<0.002","<0.002","8.2","<0.2","33.9","2.8","0.25","1.2","23.4","0.02","0.17","0.18","0.05","1.8","<0.001","0.9"
"Tolo Harbour and Channel","TM6","2024-05-31","1","Surface Water","2.3","0.026","6.8","99","6.7","1","2","0.056","0.018","<0.002","8.2","2.7","29.4","2.6","0.36","2.6","26.6","0.1","0.3","0.37","0.07","1.5","0.002","1.6"
"Tolo Harbour and Channel","TM6","2024-05-31","1","Middle Water","4.1","0.026","6.2","83","5.6","<1","1","0.035","0.019","<0.002","8.2","1.1","29.5","2.6","0.36","2.8","26.5","0.08","0.31","0.36","0.06","1.1","0.002","1.8"
"Tolo Harbour and Channel","TM6","2024-05-31","1","Bottom Water","2.2","0.014","4.3","72","4.9","1","1","0.034","0.051","<0.002","8","1.3","30","2.6","0.62","4.7","26.3","0.1","0.16","0.25","0.05","1.1","<0.001","3.1"
"Tolo Harbour and Channel","TM6","2024-06-13","1","Surface Water","1.8","0.029","12","85","5.7","160","1200","0.025","0.018","<0.002","8.1","2.9","28.9","2","0.82","4.2","27.5","0.07","0.22","0.26","0.05","2.1","0.002","1.9"
"Tolo Harbour and Channel","TM6","2024-06-13","1","Middle Water","1.4","0.034","9.1","79","5.3","80","560","0.017","0.017","<0.002","8","1.9","30.8","2","0.65","2","26.4","0.07","0.2","0.23","0.05","0.6","0.002","0.9"
"Tolo Harbour and Channel","TM6","2024-06-13","1","Bottom Water","1.5","0.022","8.4","66","4.5","50","490","0.015","0.011","<0.002","7.9","1.8","31.2","2","0.8","1.9","26.3","0.05","0.21","0.24","0.04","1.6","<0.001","1"
"Tolo Harbour and Channel","TM6","2024-07-17","1","Surface Water","1.2","0.05","2.6","84","5.4","<1","5","0.14","<0.002","0.003","8.4","1.1","27.3","2.9","0.5","2.9","30.6","0.19","0.24","0.38","0.04","1.4","0.007","1.1"
"Tolo Harbour and Channel","TM6","2024-07-17","1","Middle Water","1.2","0.025","4.1","85","5.5","57","180","0.11","<0.002","0.004","8.3","1.2","27.5","2.9","0.54","2.7","30.6","0.14","0.23","0.34","0.05","1.4","0.003","1.2"
"Tolo Harbour and Channel","TM6","2024-07-17","1","Bottom Water","1.1","0.014","2.8","80","5.1","16","54","0.071","<0.002","<0.002","8.1","1.9","27.7","2.9","0.49","2.6","30.8","0.09","0.23","0.3","0.05","4","0.001","1.4"
"Tolo Harbour and Channel","TM6","2024-08-16","1","Surface Water","0.9","<0.005","4.9","95","6.4","23","76","0.028","<0.002","0.004","8.3","1","33","2.3","0.29","<0.5","26.5","0.04","0.39","0.42","0.11","0.8","<0.001","<0.5"
"Tolo Harbour and Channel","TM6","2024-08-16","1","Middle Water","1.5","<0.005","4","76","5.2","11","56","0.024","<0.002","0.01","7.9","1.2","34.2","2.3","0.35","5","24.5","0.03","0.31","0.34","0.14","2.3","<0.001","1.4"
"Tolo Harbour and Channel","TM6","2024-08-16","1","Bottom Water","0.6","0.007","4","64","4.4","8","25","0.032","<0.002","0.022","7.8","1.7","34.5","2.3","1.3","2.7","24.4","0.04","0.24","0.27","0.14","3.6","<0.001","0.8"
"Tolo Harbour and Channel","TM6","2024-09-16","1","Surface Water","1.2","0.014","4.1","93","6","1","10","0.054","<0.002","<0.002","8.3","1.9","27.6","2.4","1.2","5.4","30.3","0.07","0.28","0.34","0.06","2.1","0.002","2.2"
"Tolo Harbour and Channel","TM6","2024-09-16","1","Middle Water","0.6","0.025","2.9","91","5.8","<1","2","0.045","<0.002","<0.002","8","1.7","30.1","2.4","0.9","4.3","30","0.07","0.35","0.4","0.07","0.5","0.002","1.7"
"Tolo Harbour and Channel","TM6","2024-09-16","1","Bottom Water","<0.1","0.088","1.5","84","5.4","<1","<1","0.048","0.037","0.008","7.9","0.5","31","2.4","1.6","1.7","29","0.17","0.23","0.32","0.1","0.8","0.004","<0.5"
"Tolo Harbour and Channel","TM6","2024-10-24","1","Surface Water","1.1","<0.005","2.6","83","5.5","<1","1","0.01","<0.002","0.003","7.9","1.1","31.3","2.6","0.42","2.3","26.9","0.02","0.2","0.21","0.14","0.9","<0.001","1"
"Tolo Harbour and Channel","TM6","2024-10-24","1","Middle Water","0.9","<0.005","2.4","84","5.6","<1","<1","0.01","<0.002","0.003","7.8","1.7","31.1","2.6","0.39","7.2","27.8","0.02","0.21","0.22","0.13","0.9","<0.001","1.8"
"Tolo Harbour and Channel","TM6","2024-10-24","1","Bottom Water","1","<0.005","3","66","4.4","<1","1","0.023","<0.002","0.011","7.7","1.8","30.8","2.6","0.45","10","27.6","0.03","0.27","0.3","0.17","1.3","<0.001","2.7"
"Tolo Harbour and Channel","TM6","2024-11-17","1","Surface Water","1.3","0.019","7","109","7.5","7","43","0.056","0.004","0.003","7.8","1.6","31.1","3","0.55","3.3","25.6","0.08","0.22","0.28","0.13","1.2","<0.001","1.8"
"Tolo Harbour and Channel","TM6","2024-11-17","1","Middle Water","0.6","0.022","4","78","5.4","7","31","0.039","0.005","0.002","7.8","2.6","31.6","3","0.52","4.8","25.6","0.07","0.56","0.6","0.13","1.7","<0.001","1.4"
"Tolo Harbour and Channel","TM6","2024-11-17","1","Bottom Water","0.4","0.028","2.5","69","4.7","1","6","0.033","0.008","0.002","7.8","1.9","32.2","3","0.6","8.1","25.3","0.07","0.19","0.23","0.12","4","<0.001","3.5"
"Tolo Harbour and Channel","TM6","2024-12-07","1","Surface Water","2.3","0.019","3.6","96","7.6","71","160","0.032","<0.002","0.005","7.5","1","16.4","2.4","0.09","2","22.1","0.05","0.21","0.24","0.05","2.3","<0.001","1.1"
"Tolo Harbour and Channel","TM6","2024-12-07","1","Middle Water","2.1","0.017","3","99","7.2","99","180","0.035","<0.002","<0.002","7.8","1.4","31.4","2.4","0.11","5.4","22.5","0.05","0.22","0.26","0.05","1.2","<0.001","2.1"
"Tolo Harbour and Channel","TM6","2024-12-07","1","Bottom Water","1.6","0.013","4.1","87","6.3","55","80","0.044","0.004","<0.002","7.6","2.7","31.7","2.4","0.27","6","22.3","0.06","0.17","0.22","0.05","4.1","<0.001","4.2"
"Tolo Harbour and Channel","TM7","2024-01-18","1","Surface Water","0.9","<0.005","2.7","84","6.3","<1","<1","0.008","<0.002","<0.002","8.1","0.3","33","2.7","0.09","2.3","20","0.02","0.12","0.13","0.04","0.4","<0.001","0.8"
"Tolo Harbour and Channel","TM7","2024-01-18","1","Middle Water","0.9","<0.005","2.6","102","7.6","<1","1","0.007","<0.002","<0.002","8.1","<0.2","33","2.7","0.09","5.1","20","0.01","0.12","0.13","0.03","0.4","<0.001","1.5"
"Tolo Harbour and Channel","TM7","2024-01-18","1","Bottom Water","0.9","<0.005","2.2","84","6.3","<1","3","0.007","<0.002","<0.002","8.1","<0.2","33.1","2.7","0.08","3.1","19.7","0.01","0.12","0.13","0.02","1.6","<0.001","1.6"
"Tolo Harbour and Channel","TM7","2024-02-22","1","Surface Water","0.7","<0.005","0.9","100","7.3","<1","<1","0.008","<0.002","<0.002","8.2","<0.2","33.3","4","0.55","1.2","20.9","0.02","0.31","0.32","0.03","0.2","<0.001","0.8"
"Tolo Harbour and Channel","TM7","2024-02-22","1","Middle Water","0.8","0.007","2.4","96","7.3","2","7","0.003","0.005","0.012","8.2","<0.2","33.4","4","0.72","2.7","19.4","0.02","0.32","0.33","0.02","0.2","<0.001","0.7"
"Tolo Harbour and Channel","TM7","2024-02-22","1","Bottom Water","0.7","0.005","2","90","6.9","3","3","0.009","<0.002","0.003","8.2","0.3","33.7","4","0.57","2","18.4","0.02","0.31","0.32","0.03","0.3","<0.001","0.7"
"Tolo Harbour and Channel","TM7","2024-03-20","1","Surface Water","0.5","0.025","1.7","105","7.9","<1","<1","0.006","<0.002","<0.002","7.9","<0.2","33.6","4.9","0.26","3.8","19.5","0.03","0.19","0.2","0.04","0.7","<0.001","1"
"Tolo Harbour and Channel","TM7","2024-03-20","1","Middle Water","0.4","0.027","0.9","103","7.8","<1","<1","0.007","<0.002","<0.002","7.9","<0.2","33.7","4.9","0.3","6","19.3","0.04","0.17","0.18","0.04","0.7","<0.001","1.3"
"Tolo Harbour and Channel","TM7","2024-03-20","1","Bottom Water","0.4","0.025","1.3","95","7.2","<1","<1","0.007","<0.002","<0.002","7.9","<0.2","33.9","4.9","0.43","2.5","18.9","0.03","0.11","0.12","0.03","1.9","<0.001","0.5"
"Tolo Harbour and Channel","TM7","2024-04-12","1","Surface Water","0.8","<0.005","2.2","78","5.4","<1","1","0.008","<0.002","<0.002","8.3","<0.2","33.8","3.4","0.2","2.6","24.1","0.02","0.13","0.14","0.04","1.9","<0.001","0.9"
"Tolo Harbour and Channel","TM7","2024-04-12","1","Middle Water","0.9","<0.005","3.2","94","6.5","<1","<1","0.007","<0.002","<0.002","8.2","<0.2","33.8","3.4","0.18","4.8","23.8","0.01","0.15","0.16","0.04","0.9","<0.001","1.4"
"Tolo Harbour and Channel","TM7","2024-04-12","1","Bottom Water","0.9","<0.005","5","89","6.2","<1","<1","0.007","<0.002","<0.002","8.2","0.3","33.9","3.4","0.21","1.1","23.5","0.01","0.15","0.16","0.06","1.1","<0.001","0.9"
"Tolo Harbour and Channel","TM7","2024-05-31","1","Surface Water","2.5","0.022","6.2","81","5.5","<1","1","0.034","0.018","<0.002","8.2","2.1","29.8","2.4","0.36","2.3","26.6","0.07","0.29","0.34","0.07","1.2","0.002","1.7"
"Tolo Harbour and Channel","TM7","2024-05-31","1","Middle Water","2","0.019","6.3","76","5.2","2","4","0.031","0.019","<0.002","8.2","1.8","29.8","2.4","0.35","2.8","26.5","0.07","0.26","0.31","0.05","1","0.001","1.8"
"Tolo Harbour and Channel","TM7","2024-05-31","1","Bottom Water","1.6","0.014","4.8","76","5.1","1","1","0.03","0.031","<0.002","8.1","1.5","30","2.4","0.46","2.6","26.5","0.08","0.19","0.25","0.05","0.8","<0.001","1.8"
"Tolo Harbour and Channel","TM7","2024-06-13","1","Surface Water","2.5","0.026","8.7","87","5.8","17","120","0.011","<0.002","<0.002","8.2","2","28.4","1.6","0.46","3.7","27.8","0.04","0.21","0.22","0.04","1.7","0.002","2"
"Tolo Harbour and Channel","TM7","2024-06-13","1","Middle Water","1.6","0.025","8","91","6.1","17","68","0.013","<0.002","<0.002","8.1","1.4","30.2","1.6","0.41","2.3","26.9","0.04","0.25","0.27","0.04","0.8","0.002","1.2"
"Tolo Harbour and Channel","TM7","2024-06-13","1","Bottom Water","1.6","0.021","6.7","90","6.1","9","46","0.014","<0.002","<0.002","8","1.5","31.1","1.6","0.4","5.9","26.4","0.04","0.22","0.24","0.06","0.6","<0.001","1.8"
"Tolo Harbour and Channel","TM7","2024-07-17","1","Surface Water","1.1","0.025","3","91","5.9","1","3","0.17","<0.002","0.003","8.4","1.1","26.8","2.5","0.49","2","30.4","0.2","0.21","0.38","0.04","1.1","0.003","1.2"
"Tolo Harbour and Channel","TM7","2024-07-17","1","Middle Water","1.2","0.022","3.9","87","5.7","<1","2","0.16","<0.002","<0.002","8.3","1.3","27.1","2.5","0.51","3.2","30.4","0.18","0.23","0.39","0.04","1.2","0.003","1.1"
"Tolo Harbour and Channel","TM7","2024-07-17","1","Bottom Water","0.9","0.034","2.6","68","4.4","<1","10","0.1","<0.002","<0.002","8.1","1.1","27.2","2.5","0.54","2","30.4","0.14","0.26","0.36","0.06","4.7","0.003","1"
"Tolo Harbour and Channel","TM7","2024-08-16","1","Surface Water","1.5","<0.005","5.2","97","6.4","11","76","0.027","<0.002","0.005","8.3","1.5","32.1","2.6","0.24","3.8","27.4","0.03","0.34","0.37","0.11","1.1","<0.001","1.3"
"Tolo Harbour and Channel","TM7","2024-08-16","1","Middle Water","1.2","<0.005","4.4","83","5.6","3","42","0.025","<0.002","0.009","8","1","34.1","2.6","0.31","2","25.1","0.03","0.31","0.34","0.14","0.9","<0.001","0.5"
"Tolo Harbour and Channel","TM7","2024-08-16","1","Bottom Water","0.7","0.009","5.5","72","5","2","23","0.064","<0.002","0.016","7.8","0.3","34.9","2.6","0.76","2.2","23.4","0.08","0.18","0.25","0.12","4.2","<0.001","0.8"
"Tolo Harbour and Channel","TM7","2024-09-16","1","Surface Water","1.2","0.014","3.7","100","6.4","<1","<1","0.049","<0.002","<0.002","8.3","1.8","27.8","2.1","1","3.2","30.4","0.07","0.21","0.26","0.07","1.2","0.002","1.2"
"Tolo Harbour and Channel","TM7","2024-09-16","1","Middle Water","1.3","0.017","3.1","97","6.2","<1","10","0.042","<0.002","<0.002","8","1.1","29.2","2.1","0.79","5.4","30.3","0.06","0.19","0.23","0.08","0.8","0.001","1.6"
"Tolo Harbour and Channel","TM7","2024-09-16","1","Bottom Water","0.5","0.05","2.3","85","5.5","<1","<1","0.05","0.038","0.008","7.8","<0.2","31.1","2.1","1.4","4.2","28.9","0.14","0.2","0.29","0.1","0.8","0.002","1"
"Tolo Harbour and Channel","TM7","2024-10-24","1","Surface Water","1.3","<0.005","2.7","65","4.3","<1","<1","0.01","<0.002","0.002","7.8","1.4","31.9","3.2","0.27","1.8","27.1","0.02","0.19","0.2","0.15","0.8","<0.001","0.9"
"Tolo Harbour and Channel","TM7","2024-10-24","1","Middle Water","1","<0.005","2.6","77","5.1","<1","<1","0.023","<0.002","0.013","7.8","1.2","31.6","3.2","0.35","2.5","27.8","0.03","0.17","0.2","0.13","0.8","<0.001","1"
"Tolo Harbour and Channel","TM7","2024-10-24","1","Bottom Water","0.9","<0.005","2.9","65","4.3","<1","<1","0.023","<0.002","0.013","7.8","1.6","31.5","3.2","0.37","8.6","27.8","0.03","0.29","0.32","0.17","1.1","<0.001","2.1"
"Tolo Harbour and Channel","TM7","2024-11-17","1","Surface Water","2.2","0.013","8.4","95","6.5","5","61","0.052","0.003","0.003","7.8","3.1","31.2","2.9","0.55","2.4","25.7","0.07","0.25","0.31","0.14","1.2","<0.001","1.5"
"Tolo Harbour and Channel","TM7","2024-11-17","1","Middle Water","0.8","0.018","7","79","5.4","4","25","0.037","0.005","0.002","7.8","1.3","31.7","2.9","0.46","3.2","25.6","0.06","0.2","0.24","0.14","0.9","<0.001","1.4"
"Tolo Harbour and Channel","TM7","2024-11-17","1","Bottom Water","0.5","0.015","4.3","64","4.4","1","9","0.031","0.007","<0.002","7.8","<0.2","31.8","2.9","0.52","4.1","25.4","0.05","0.18","0.22","0.13","1.5","<0.001","1"
"Tolo Harbour and Channel","TM7","2024-12-07","1","Surface Water","1.8","0.02","2","95","6.9","<1","4","0.037","<0.002","0.007","7.9","0.7","31.6","2.1","0.1","5.5","22.3","0.06","0.18","0.22","0.04","0.9","<0.001","1.8"
"Tolo Harbour and Channel","TM7","2024-12-07","1","Middle Water","1.7","0.013","1.6","98","7.1","1","10","0.029","<0.002","<0.002","7.9","1.2","31.6","2.1","0.09","3","22.3","0.04","0.16","0.19","0.06","1","<0.001","1.5"
"Tolo Harbour and Channel","TM7","2024-12-07","1","Bottom Water","1.5","0.007","4.6","87","6.3","3","15","0.034","<0.002","<0.002","7.7","1.8","31.6","2.1","0.17","3.5","22.4","0.04","0.24","0.28","0.06","1.8","<0.001","1.7"
"Tolo Harbour and Channel","TM8","2024-01-18","1","Surface Water","0.8","<0.005","1.7","79","5.9","<1","<1","0.007","<0.002","<0.002","8","<0.2","33","2.7","0.1","4.3","20.1","0.01","0.12","0.13","0.03","0.4","<0.001","1.1"
"Tolo Harbour and Channel","TM8","2024-01-18","1","Middle Water","0.9","<0.005","1.1","93","7","1","2","0.007","<0.002","<0.002","8.1","0.7","33.4","2.7","0.13","2.3","19.5","0.01","0.1","0.11","0.03","0.5","<0.001","0.8"
"Tolo Harbour and Channel","TM8","2024-01-18","1","Bottom Water","0.5","0.007","0.6","90","6.8","<1","<1","0.008","<0.002","<0.002","8.1","<0.2","33.4","2.7","0.31","7","19.5","0.02","0.09","0.1","0.03","2","<0.001","1.4"
"Tolo Harbour and Channel","TM8","2024-02-22","1","Surface Water","0.8","<0.005","1.4","83","6.1","<1","1","0.008","<0.002","<0.002","8.2","<0.2","33.5","4.5","0.54","1.6","20.6","0.02","0.28","0.29","0.03","0.2","<0.001","0.6"
"Tolo Harbour and Channel","TM8","2024-02-22","1","Middle Water","0.4","0.006","1.5","92","7","<1","<1","0.01","<0.002","<0.002","8.2","<0.2","33.9","4.5","0.49","4","18.6","0.02","0.32","0.33","0.03","0.2","<0.001","1.1"
"Tolo Harbour and Channel","TM8","2024-02-22","1","Bottom Water","0.3","<0.005","1","86","6.6","<1","<1","0.01","<0.002","<0.002","8.2","0.5","33.9","4.5","0.65","3.6","18.3","0.02","0.29","0.3","0.03","0.6","<0.001","1"
"Tolo Harbour and Channel","TM8","2024-03-20","1","Surface Water","0.4","0.026","1.4","83","6.3","<1","<1","0.008","<0.002","<0.002","7.9","<0.2","34.1","5","0.41","0.8","19.2","0.04","0.18","0.19","0.04","0.3","<0.001","<0.5"
"Tolo Harbour and Channel","TM8","2024-03-20","1","Middle Water","0.3","0.032","1.5","98","7.4","<1","<1","0.008","<0.002","<0.002","7.9","<0.2","34","5","0.4","9.2","19","0.04","0.18","0.19","0.04","1.4","<0.001","2.4"
"Tolo Harbour and Channel","TM8","2024-03-20","1","Bottom Water","<0.1","0.033","1.3","85","6.5","<1","<1","0.007","<0.002","<0.002","7.9","<0.2","34.1","5","0.5","2.2","18.8","0.04","0.07","0.08","0.06","2.7","<0.001","<0.5"
"Tolo Harbour and Channel","TM8","2024-04-12","1","Surface Water","0.6","<0.005","2.4","91","6.3","<1","<1","0.013","<0.002","<0.002","8.2","<0.2","33.9","3.6","0.23","2.1","24.2","0.02","0.14","0.16","0.04","0.1","<0.001","0.8"
"Tolo Harbour and Channel","TM8","2024-04-12","1","Middle Water","0.5","<0.005","2.3","86","6","<1","<1","0.014","<0.002","<0.002","8.1","<0.2","34.1","3.6","0.39","3.3","23.5","0.02","0.13","0.15","0.04","0.9","<0.001","0.7"
"Tolo Harbour and Channel","TM8","2024-04-12","1","Bottom Water","0.3","0.017","1.5","80","5.6","<1","<1","0.015","<0.002","0.004","8.1","<0.2","34.1","3.6","0.45","5.1","23.2","0.03","0.15","0.17","0.05","3","<0.001","3"
"Tolo Harbour and Channel","TM8","2024-05-31","1","Surface Water","2.1","0.029","4.5","93","6.3","2","3","0.031","0.012","<0.002","8.1","1.6","30.3","3.3","0.36","1.9","26.3","0.07","0.2","0.24","0.05","0.8","0.002","1.1"
"Tolo Harbour and Channel","TM8","2024-05-31","1","Middle Water","1.4","0.024","3.1","62","4.2","<1","2","0.037","0.015","<0.002","8.1","0.8","30.4","3.3","0.41","1.9","26.3","0.08","0.17","0.22","0.05","0.7","0.001","0.9"
"Tolo Harbour and Channel","TM8","2024-05-31","1","Bottom Water","0.9","0.056","1.2","51","3.5","<1","1","0.032","0.032","0.007","8","0.5","30.7","3.3","0.99","3.5","26","0.12","0.18","0.24","0.06","5.5","0.003","1.2"
"Tolo Harbour and Channel","TM8","2024-06-13","1","Surface Water","2.3","0.014","7","111","7.4","110","130","0.014","<0.002","<0.002","8.2","2","27.3","2","0.45","2.6","28.1","0.03","0.22","0.24","0.04","2.3","0.001","1.6"
"Tolo Harbour and Channel","TM8","2024-06-13","1","Middle Water","0.9","0.014","4.3","87","5.9","8","40","0.02","0.002","<0.002","8","<0.2","30.5","2","0.51","5","26.8","0.04","0.23","0.25","0.04","0.5","<0.001","1.2"
"Tolo Harbour and Channel","TM8","2024-06-13","1","Bottom Water","1.4","0.014","5","69","4.7","4","33","0.012","<0.002","<0.002","7.9","0.4","31.8","2","0.48","11","25.9","0.03","0.22","0.23","0.05","3","<0.001","2.4"
"Tolo Harbour and Channel","TM8","2024-07-17","1","Surface Water","1.1","0.032","4.5","98","6.4","4","8","0.19","<0.002","0.007","8.3","0.8","26.3","2.1","0.52","4.6","30.5","0.22","0.27","0.46","0.04","1.1","0.004","1.4"
"Tolo Harbour and Channel","TM8","2024-07-17","1","Middle Water","0.8","0.037","2.8","73","4.7","<1","5","0.08","<0.002","<0.002","8.1","1.9","27.5","2.1","0.64","3.8","30.7","0.12","0.25","0.33","0.05","1.6","0.003","1.2"
"Tolo Harbour and Channel","TM8","2024-07-17","1","Bottom Water","0.3","0.026","2.1","56","3.7","1","1","0.13","0.014","0.018","7.6","1.6","29.2","2.1","1.6","1.9","28.3","0.17","0.14","0.28","0.1","1.8","<0.001","0.8"
"Tolo Harbour and Channel","TM8","2024-08-16","1","Surface Water","1.4","0.006","4.9","81","5.3","16","84","0.035","<0.002","<0.002","8.3","1.1","30.9","2.6","0.39","4.8","28.3","0.04","0.27","0.31","0.11","1.1","<0.001","1.3"
"Tolo Harbour and Channel","TM8","2024-08-16","1","Middle Water","0.5","<0.005","2.4","68","4.6","1","21","0.025","<0.002","0.008","7.9","0.7","33.7","2.6","0.33","6.4","25.6","0.03","0.21","0.24","0.1","1","<0.001","1.7"
"Tolo Harbour and Channel","TM8","2024-08-16","1","Bottom Water","0.8","0.008","2.9","74","5.1","1","11","0.049","0.006","0.012","7.7","<0.2","35","2.6","0.5","3.7","23.3","0.06","0.16","0.22","0.11","3.9","<0.001","0.9"
"Tolo Harbour and Channel","TM8","2024-09-16","1","Surface Water","1.5","0.013","2.8","98","6.3","<1","1","0.044","<0.002","<0.002","8.1","0.9","29.9","3","0.64","4.4","30.1","0.06","0.17","0.22","0.07","1","0.001","1.9"
"Tolo Harbour and Channel","TM8","2024-09-16","1","Middle Water","0.5","0.034","1","67","4.3","<1","<1","0.046","0.006","0.006","7.8","0.8","30.7","3","0.82","1.3","29.4","0.09","0.17","0.22","0.08","0.6","0.001","0.6"
"Tolo Harbour and Channel","TM8","2024-09-16","1","Bottom Water","<0.1","0.19","0.3","67","4.4","<1","<1","0.042","0.036","0.042","7.6","0.4","32.6","3","2.1","5.2","27.7","0.27","0.3","0.38","0.17","3.1","0.004","0.8"
"Tolo Harbour and Channel","TM8","2024-10-24","1","Surface Water","0.6","0.005","2.6","101","6.7","<1","1","0.012","<0.002","0.003","7.8","0.7","32.4","2.4","0.43","2","27.5","0.02","0.18","0.19","0.13","2.1","<0.001","0.8"
"Tolo Harbour and Channel","TM8","2024-10-24","1","Middle Water","0.5","<0.005","2.3","61","4","<1","<1","0.019","0.005","0.012","7.8","1","32","2.4","0.5","2.7","27.7","0.03","0.23","0.25","0.16","1.5","<0.001","0.9"
"Tolo Harbour and Channel","TM8","2024-10-24","1","Bottom Water","0.4","0.01","1.5","57","3.8","<1","<1","0.026","<0.002","0.014","7.8","0.9","32.2","2.4","0.51","8.7","27.5","0.04","0.18","0.21","0.18","6.1","<0.001","1.8"
"Tolo Harbour and Channel","TM8","2024-11-17","1","Surface Water","0.8","0.014","3.3","86","5.9","<1","10","0.036","<0.002","<0.002","7.7","1.7","31.6","3.3","0.46","3.8","25.6","0.05","0.27","0.31","0.14","1","<0.001","1.4"
"Tolo Harbour and Channel","TM8","2024-11-17","1","Middle Water","0.3","0.016","1.5","66","4.5","<1","1","0.038","0.007","0.004","7.7","1.2","32.3","3.3","0.56","3.6","25.3","0.06","0.16","0.21","0.19","2.2","<0.001","1.2"
"Tolo Harbour and Channel","TM8","2024-11-17","1","Bottom Water","<0.1","0.016","1.3","77","5.2","<1","1","0.035","0.01","0.003","7.7","0.8","32.7","3.3","0.61","8.4","25.3","0.06","0.16","0.21","0.16","5","<0.001","1.9"
"Tolo Harbour and Channel","TM8","2024-12-07","1","Surface Water","1.6","<0.005","2.6","98","7.1","2","5","0.024","<0.002","<0.002","7.8","1.5","31.8","1.8","0.13","2.4","22.1","0.03","0.15","0.18","0.04","1.4","<0.001","1.2"
"Tolo Harbour and Channel","TM8","2024-12-07","1","Middle Water","1.6","0.005","2.3","79","5.7","<1","<1","0.025","<0.002","<0.002","7.7","2","31.9","1.8","0.11","2.2","22.1","0.03","0.16","0.19","0.04","1.6","<0.001","1.2"
"Tolo Harbour and Channel","TM8","2024-12-07","1","Bottom Water","1.3","0.009","3.7","73","5.3","<1","1","0.042","<0.002","<0.002","7.7","2.6","32.1","1.8","0.32","5.1","21.9","0.05","0.13","0.17","0.05","6","<0.001","1.5"
"Tolo Harbour and Channel","TT1","2024-01-18","1","Surface Water","1.5","0.007","5.8","79","5.8","15","21","0.016","<0.002","<0.002","8.1","0.9","32.5","2.1","0.14","2","20.7","0.03","0.14","0.16","0.03","0.5","<0.001","1"
"Tolo Harbour and Channel","TT1","2024-01-18","1","Middle Water","2.1","0.015","7.2","91","6.8","15","26","0.015","<0.002","<0.002","8.1","1","32.5","2.1","0.16","5.8","20.5","0.03","0.11","0.13","0.04","0.5","<0.001","1.6"
"Tolo Harbour and Channel","TT1","2024-01-18","1","Bottom Water","1.8","0.017","4.4","88","6.6","8","11","0.009","<0.002","<0.002","8.1","1.6","32.7","2.1","0.24","2.8","20.2","0.03","0.12","0.13","0.02","1.2","<0.001","1.4"
"Tolo Harbour and Channel","TT1","2024-03-20","1","Surface Water","1.1","0.031","3.8","115","8.6","12","78","0.054","<0.002","<0.002","8","<0.2","31.8","2.5","0.36","2.7","20.6","0.09","0.28","0.34","0.04","1.6","0.001","0.5"
"Tolo Harbour and Channel","TT1","2024-03-20","1","Middle Water","0.7","<0.005","2.6","113","8.4","3","9","0.006","<0.002","0.005","8","0.3","32.9","2.5","0.1","6","20.4","0.01","0.2","0.21","0.04","1.2","<0.001","1.3"
"Tolo Harbour and Channel","TT1","2024-03-20","1","Bottom Water","0.7","<0.005","3.7","112","8.4","11","24","0.007","<0.002","<0.002","8","<0.2","33.2","2.5","0.09","3","19.9","0.01","0.18","0.19","0.04","1.4","<0.001","1.2"
"Tolo Harbour and Channel","TT1","2024-05-31","1","Surface Water","2","0.026","6.7","71","4.8","10","19","0.076","0.014","<0.002","8.2","1.9","27.8","2.4","0.42","2.4","27","0.12","0.21","0.3","0.04","1.1","0.002","1.5"
"Tolo Harbour and Channel","TT1","2024-05-31","1","Middle Water","1.6","0.035","6.5","76","5.2","16","30","0.076","0.015","<0.002","8.1","2.5","27.9","2.4","0.49","2.8","26.9","0.13","0.22","0.31","0.04","1.2","0.002","1.6"
"Tolo Harbour and Channel","TT1","2024-05-31","1","Bottom Water","1.8","0.052","6.3","70","4.8","13","30","0.07","0.02","0.002","8.1","1.9","28","2.4","0.72","3.2","26.9","0.14","0.18","0.27","0.04","1.1","0.003","2.1"
"Tolo Harbour and Channel","TT1","2024-07-17","1","Surface Water","1.4","0.048","1.7","91","5.8","8","45","0.049","<0.002","0.005","8.3","0.3","27.7","1.8","0.94","2.7","31.7","0.1","0.29","0.34","0.04","1.7","0.007","1.6"
"Tolo Harbour and Channel","TT1","2024-07-17","1","Middle Water","1.4","0.058","1","86","5.4","35","140","0.038","<0.002","0.003","8.3","0.3","27.8","1.8","0.79","2.6","31.8","0.1","0.3","0.34","0.05","1.8","0.008","1.6"
"Tolo Harbour and Channel","TT1","2024-07-17","1","Bottom Water","1.2","0.061","0.9","71","4.5","31","97","0.038","<0.002","0.003","8.2","0.3","27.8","1.8","0.8","5.2","31.7","0.1","0.28","0.32","0.04","2","0.007","2.4"
"Tolo Harbour and Channel","TT1","2024-09-16","1","Surface Water","1.4","0.086","1.4","88","5.6","160","340","0.03","<0.002","0.004","8.2","1.3","27.2","2.1","1.6","5.5","31.1","0.12","0.3","0.33","0.1","1.5","0.009","2.8"
"Tolo Harbour and Channel","TT1","2024-09-16","1","Middle Water","1.2","0.14","1.3","92","5.9","48","150","0.018","<0.002","0.01","8.1","1.2","27.5","2.1","1.2","3.1","31.4","0.16","0.26","0.28","0.11","1.6","0.012","1.9"
"Tolo Harbour and Channel","TT1","2024-09-16","1","Bottom Water","1.1","0.18","1.5","80","5.1","40","50","0.025","<0.002","0.014","7.8","1","27.8","2.1","1.6","8.8","31.2","0.21","0.35","0.38","0.13","1.7","0.009","3.9"
"Tolo Harbour and Channel","TT1","2024-11-17","1","Surface Water","0.6","0.11","4.9","68","4.6","100","760","0.19","0.012","0.012","7.6","1.1","31","3.8","1.1","8.3","25.6","0.31","0.33","0.53","0.12","0.8","0.002","2.5"
"Tolo Harbour and Channel","TT1","2024-11-17","1","Middle Water","0.4","0.067","2.7","60","4.1","32","110","0.058","0.01","0.002","7.6","1.7","31.1","3.8","0.74","6.2","25.7","0.14","0.17","0.24","0.13","1.1","0.001","1.3"
"Tolo Harbour and Channel","TT1","2024-11-17","1","Bottom Water","0.4","0.076","2.8","56","3.8","26","170","0.058","0.01","0.005","7.6","1.3","31.5","3.8","0.71","5.7","25.8","0.14","0.17","0.24","0.13","1.9","0.002","2"
"Victoria Harbour","VM1","2024-01-03","1","Surface Water","0.4","0.047","1.5","89","6.7","250","490","0.12","0.044","0.021","7.6","<0.2","33.1","3.8","0.69","1.3","19.8","0.21","0.13","0.29","0.05","2.8","<0.001","0.7"
"Victoria Harbour","VM1","2024-01-03","1","Middle Water","0.4","0.023","1","97","7.3","230","670","0.058","0.037","0.007","7.6","0.3","33.2","3.8","0.65","1.2","19.7","0.12","0.14","0.24","0.07","3","<0.001","0.8"
"Victoria Harbour","VM1","2024-01-03","1","Bottom Water","0.3","0.018","0.9","96","7.2","46","73","0.061","0.036","0.009","7.7","0.4","33.4","3.8","0.7","3.6","19.6","0.12","0.21","0.31","0.13","3","<0.001","1.2"
"Victoria Harbour","VM1","2024-02-01","1","Surface Water","0.9","0.087","0.6","83","6.3","270","520","0.068","0.008","0.008","7.7","<0.2","33.7","3.5","0.55","2.3","18.9","0.16","0.28","0.36","0.04","3.3","0.001","0.5"
"Victoria Harbour","VM1","2024-02-01","1","Middle Water","0.8","0.069","0.5","87","6.6","90","100","0.059","0.007","0.015","7.7","0.3","33.9","3.5","0.51","4.1","18.9","0.14","0.27","0.34","0.04","3.7","<0.001","0.6"
"Victoria Harbour","VM1","2024-02-01","1","Bottom Water","0.8","0.061","1.9","88","6.7","110","180","0.057","0.007","0.004","7.8","<0.2","33.9","3.5","0.5","4","18.9","0.13","0.36","0.42","0.04","4.1","0.001","0.6"
"Victoria Harbour","VM1","2024-03-01","1","Surface Water","0.4","0.058","0.7","98","7.4","1800","4100","0.053","0.008","0.013","7.3","<0.2","33.5","3.5","0.54","2.9","19.2","0.12","0.14","0.2","0.11","3.3","<0.001","<0.5"
"Victoria Harbour","VM1","2024-03-01","1","Middle Water","0.2","0.048","0.7","93","6.9","1100","2700","0.05","0.007","0.01","7.4","<0.2","34.1","3.5","0.57","2.7","20","0.11","0.2","0.26","0.18","3.5","<0.001","<0.5"
"Victoria Harbour","VM1","2024-03-01","1","Bottom Water","0.3","0.058","0.7","93","6.9","1700","3100","0.05","0.006","0.007","7.5","<0.2","34.1","3.5","0.51","3.1","20","0.11","0.14","0.2","0.13","3.5","<0.001","<0.5"
"Victoria Harbour","VM1","2024-04-03","1","Surface Water","0.9","0.16","1.3","76","5.4","420","1400","0.16","0.024","0.017","8","<0.2","32.8","3.9","0.36","0.9","23.4","0.34","0.42","0.6","0.1","0.8","0.006","<0.5"
"Victoria Harbour","VM1","2024-04-03","1","Middle Water","0.5","0.047","1.7","89","6.3","220","290","0.053","0.003","0.005","8.1","0.6","34.2","3.9","0.2","1","22.4","0.1","0.22","0.28","0.06","0.7","0.002","<0.5"
"Victoria Harbour","VM1","2024-04-03","1","Bottom Water","0.5","0.045","1.6","85","6.1","150","200","0.038","0.003","0.005","8.1","<0.2","34.4","3.9","0.19","1.7","22.3","0.09","0.2","0.24","0.06","0.8","0.002","0.8"
"Victoria Harbour","VM1","2024-05-02","1","Surface Water","0.5","0.1","1.3","114","7.9","460","800","0.21","0.013","0.011","7.3","0.8","30.1","2.3","0.97","2.7","25","0.32","0.2","0.42","0.06","2.3","<0.001","0.5"
"Victoria Harbour","VM1","2024-05-02","1","Middle Water","<0.1","0.042","0.8","66","4.6","80","300","0.088","0.004","0.006","7.4","0.6","32.6","2.3","0.53","3.6","24.9","0.13","0.15","0.24","0.06","3.8","<0.001","<0.5"
"Victoria Harbour","VM1","2024-05-02","1","Bottom Water","<0.1","0.042","0.8","81","5.6","900","3100","0.084","0.004","0.005","7.4","0.7","32.7","2.3","0.52","4.8","24.9","0.13","0.2","0.29","0.06","4.3","<0.001","0.8"
"Victoria Harbour","VM1","2024-06-03","1","Surface Water","0.3","0.13","1.2","109","7.4","3100","6100","0.13","0.012","0.011","8","1","30.4","2.2","0.94","1.3","26.1","0.27","0.26","0.4","0.06","1.6","0.006","<0.5"
"Victoria Harbour","VM1","2024-06-03","1","Middle Water","<0.1","0.078","0.8","73","4.9","1100","1700","0.064","0.004","0.006","8","0.4","31.8","2.2","0.65","11","26.1","0.15","0.18","0.25","0.05","2.6","0.004","2.6"
"Victoria Harbour","VM1","2024-06-03","1","Bottom Water","0.3","0.061","0.9","70","4.7","210","510","0.042","0.003","0.003","8.1","0.4","32.6","2.2","0.57","5.5","26","0.11","0.12","0.17","0.05","4.9","0.003","1.1"
"Victoria Harbour","VM1","2024-07-10","1","Surface Water","0.8","0.041","29","111","8","140","370","0.36","0.029","0.003","7.5","3.6","15.6","2.1","0.27","6.6","27.8","0.43","0.32","0.71","0.07","3.6","<0.001","1.7"
"Victoria Harbour","VM1","2024-07-10","1","Middle Water","<0.1","0.038","1.7","69","4.9","1600","2900","0.13","0.011","0.017","7.1","1.7","34.1","2.1","1.8","5.6","23.4","0.18","0.15","0.29","0.09","4.2","<0.001","0.8"
"Victoria Harbour","VM1","2024-07-10","1","Bottom Water","<0.1","0.042","0.9","36","2.5","1400","3300","0.12","0.011","0.02","7.2","0.8","34","2.1","1.7","5.1","23.2","0.17","0.14","0.27","0.09","4.7","<0.001","0.5"
"Victoria Harbour","VM1","2024-08-07","1","Surface Water","1","0.017","10","65","4.4","190","380","0.084","0.01","0.006","8.1","3.5","32.4","2.8","0.38","12","25.6","0.11","0.3","0.39","0.11","9.7","<0.001","2.8"
"Victoria Harbour","VM1","2024-08-07","1","Middle Water","0.6","0.007","3.3","52","3.6","540","1200","0.12","0.004","0.01","8","2.1","33.9","2.8","0.94","6.8","23.4","0.13","0.16","0.28","0.13","6.6","<0.001","1.4"
"Victoria Harbour","VM1","2024-08-07","1","Bottom Water","0.8","0.011","8.4","49","3.4","900","1400","0.1","0.006","<0.002","8","1.7","34","2.8","0.58","7.3","23.2","0.12","0.19","0.3","0.08","3.4","<0.001","2.5"
"Victoria Harbour","VM1","2024-09-20","1","Surface Water","2.2","0.2","1.1","55","3.6","80","230","0.074","0.019","0.017","7.9","<0.2","31.9","3.7","1.1","3.8","29.2","0.29","0.25","0.34","0.08","4.6","0.01","0.6"
"Victoria Harbour","VM1","2024-09-20","1","Middle Water","0.4","0.2","1.6","67","4.3","110","210","0.055","0.012","0.011","8","<0.2","32.2","3.7","0.94","4.3","29.2","0.27","0.21","0.28","0.08","5.2","0.01","0.8"
"Victoria Harbour","VM1","2024-09-20","1","Bottom Water","0.4","0.23","0.6","69","4.4","80","290","0.095","0.035","0.02","8","0.3","32.3","3.7","1.4","6.4","29.2","0.36","0.26","0.39","0.1","4","0.013","1.4"
"Victoria Harbour","VM1","2024-10-04","1","Surface Water","<0.1","0.02","1.9","118","7.6","71","130","0.032","0.004","0.003","7.7","0.5","32.4","2.3","0.54","8","28.4","0.06","0.17","0.21","0.21","7.8","<0.001","2.5"
"Victoria Harbour","VM1","2024-10-04","1","Middle Water","<0.1","0.021","1.6","81","5.3","86","150","0.027","0.004","0.004","7.7","0.6","32.5","2.3","0.46","9.6","28.6","0.05","0.18","0.21","0.11","5.6","<0.001","3.1"
"Victoria Harbour","VM1","2024-10-04","1","Bottom Water","<0.1","0.021","1.9","83","5.4","63","110","0.021","0.006","0.006","7.7","0.7","32.6","2.3","0.47","4.2","28.6","0.05","0.15","0.18","0.14","5.1","<0.001","1.4"
"Victoria Harbour","VM1","2024-11-04","1","Surface Water","0.4","0.027","1","108","7.3","110","270","0.093","0.051","0.013","7.7","0.6","32.5","2.2","1","15","26.2","0.17","0.16","0.3","0.15","3","<0.001","3"
"Victoria Harbour","VM1","2024-11-04","1","Middle Water","0.3","0.02","1.1","70","4.7","190","330","0.086","0.054","0.015","7.7","0.5","32.7","2.2","0.91","5.6","26.3","0.16","0.13","0.27","0.16","4.6","<0.001","1.1"
"Victoria Harbour","VM1","2024-11-04","1","Bottom Water","<0.1","0.018","1.1","52","3.5","180","380","0.083","0.052","0.015","7.7","0.8","32.7","2.2","0.99","5.2","26.3","0.15","0.17","0.31","0.16","5.7","<0.001","1.4"
"Victoria Harbour","VM1","2024-12-02","1","Surface Water","0.4","0.044","5.7","97","7","160","240","0.24","0.026","0.028","7.6","2.2","31.8","2.6","1.5","5","22.5","0.31","0.15","0.42","0.1","1.9","<0.001","1.6"
"Victoria Harbour","VM1","2024-12-02","1","Middle Water","0.4","0.024","5.7","84","6","150","220","0.23","0.025","0.025","7.6","3.1","31.8","2.6","1.5","4","22.5","0.28","0.12","0.38","0.08","2.5","<0.001","0.9"
"Victoria Harbour","VM1","2024-12-02","1","Bottom Water","0.3","0.035","5","86","6.2","120","170","0.23","0.024","0.028","7.6","1.5","31.8","2.6","1.5","9.9","22.5","0.29","0.15","0.4","0.16","2","<0.001","2.2"
"Victoria Harbour","VM12","2024-01-05","1","Surface Water","0.5","0.15","0.6","68","5.1","1400","2000","0.14","0.044","0.022","7.6","0.5","32.9","2.7","1","2.7","19.8","0.33","0.26","0.44","0.06","3.2","0.002","1.2"
"Victoria Harbour","VM12","2024-01-05","1","Middle Water","0.4","0.15","0.7","82","6.2","1300","2000","0.14","0.045","0.018","7.6","<0.2","32.9","2.7","0.99","3.4","19.8","0.34","0.25","0.44","<0.05","3.4","0.002","1.3"
"Victoria Harbour","VM12","2024-01-05","1","Bottom Water","0.6","0.15","0.6","83","6.2","1400","2200","0.13","0.044","0.019","7.6","<0.2","32.9","2.7","1","4.2","19.8","0.32","0.21","0.38","<0.05","3.5","0.002","1.1"
"Victoria Harbour","VM12","2024-02-02","1","Surface Water","0.3","0.17","1.1","72","5.4","490","990","0.066","0.006","0.007","7.9","<0.2","33.8","2.6","0.54","3.8","19.5","0.24","0.31","0.38","0.05","0.7","0.004","0.7"
"Victoria Harbour","VM12","2024-02-02","1","Middle Water","0.3","0.17","0.4","76","5.8","900","2200","0.066","0.004","0.014","7.9","<0.2","33.8","2.6","0.53","7.2","19.4","0.24","0.41","0.48","0.05","1","0.004","1.2"
"Victoria Harbour","VM12","2024-02-02","1","Bottom Water","0.2","0.19","0.5","73","5.5","2100","4700","0.064","0.004","0.008","7.9","<0.2","33.8","2.6","0.55","8.1","19.3","0.26","0.41","0.48","0.05","1.9","0.005","1.2"
"Victoria Harbour","VM12","2024-03-08","1","Surface Water","0.4","0.19","0.4","109","8.3","570","1200","0.081","0.005","0.008","7.5","0.4","33.9","2.8","0.48","2","18.9","0.28","0.28","0.37","0.06","3.6","0.002","<0.5"
"Victoria Harbour","VM12","2024-03-08","1","Middle Water","<0.1","0.2","0.9","168","12.5","1700","3100","0.077","0.005","0.015","7.5","<0.2","33.6","2.8","0.52","1.7","20","0.28","0.28","0.36","0.06","3.5","0.002","<0.5"
"Victoria Harbour","VM12","2024-03-08","1","Bottom Water","<0.1","0.24","1","78","5.8","16000","33000","0.064","0.005","0.022","7.5","<0.2","33.9","2.8","0.49","4.7","20","0.31","0.36","0.43","0.07","3.6","0.002","0.9"
"Victoria Harbour","VM12","2024-04-05","1","Surface Water","1.3","0.13","7.4","106","7.5","4300","8000","0.25","0.008","0.01","8.2","1.4","30.1","2.7","0.22","1.5","24.2","0.39","0.39","0.65","0.08","0.1","0.009","0.6"
"Victoria Harbour","VM12","2024-04-05","1","Middle Water","0.8","0.17","5.6","94","6.6","10000","24000","0.22","0.007","0.014","8.2","<0.2","30.8","2.7","0.21","2.8","23.9","0.4","0.39","0.62","0.08","1.3","0.01","0.5"
"Victoria Harbour","VM12","2024-04-05","1","Bottom Water","0.6","0.19","4.6","89","6.2","8000","24000","0.18","0.006","0.012","8.2","0.5","31.5","2.7","0.22","3.8","23.8","0.38","0.39","0.58","0.08","1.1","0.011","1"
"Victoria Harbour","VM12","2024-05-03","1","Surface Water","<0.1","0.17","0.6","113","8","8000","15000","0.3","0.025","0.022","7.4","<0.2","29","2.5","1.5","4","24.7","0.5","0.29","0.62","0.09","4","0.002","0.6"
"Victoria Harbour","VM12","2024-05-03","1","Middle Water","<0.1","0.17","0.8","100","7","7200","14000","0.28","0.023","0.021","7.4","<0.2","29.2","2.5","1.4","5","24.9","0.47","0.33","0.63","0.09","4.4","0.002","1.1"
"Victoria Harbour","VM12","2024-05-03","1","Bottom Water","<0.1","0.18","0.3","64","4.5","5900","8000","0.23","0.018","0.019","7.4","<0.2","29.8","2.5","1.2","6.6","24.9","0.43","0.34","0.59","0.09","4.4","0.002","1.3"
"Victoria Harbour","VM12","2024-06-17","1","Surface Water","0.4","0.053","1.1","72","5.1","3200","14000","0.83","0.074","0.027","8","<0.2","20","2.4","5.6","2.7","27.3","0.96","0.13","1.03","0.06","3.4","0.003","0.8"
"Victoria Harbour","VM12","2024-06-17","1","Middle Water","0.5","0.092","1","58","4.1","4400","9000","0.4","0.049","0.02","8","<0.2","22","2.4","3.1","3.8","27.1","0.54","0.22","0.67","0.08","5.3","0.004","0.7"
"Victoria Harbour","VM12","2024-06-17","1","Bottom Water","0.3","0.1","1.2","49","3.5","3800","10000","0.21","0.046","0.01","8","<0.2","21.8","2.4","1.8","4.2","27.2","0.36","0.2","0.46","0.08","5.2","0.005","0.6"
"Victoria Harbour","VM12","2024-07-03","1","Surface Water","1.2","0.053","25","98","6.9","520","1800","0.72","0.043","0.013","7.5","2.9","18.6","2.7","3.2","5","28.4","0.82","0.26","1.02","0.08","3.3","0.001","1.5"
"Victoria Harbour","VM12","2024-07-03","1","Middle Water","0.6","0.14","6.1","89","6.3","2800","5900","0.42","0.032","0.03","7.1","0.8","20.6","2.7","2.1","3.6","27.5","0.59","0.33","0.78","0.1","3.8","0.001","0.8"
"Victoria Harbour","VM12","2024-07-03","1","Bottom Water","0.4","0.13","1.6","75","5.3","3300","6400","0.17","0.019","0.026","7.1","1.1","25.7","2.7","1.8","3.4","25.5","0.32","0.29","0.48","0.12","3.8","<0.001","0.9"
"Victoria Harbour","VM12","2024-08-01","1","Surface Water","0.4","0.062","0.7","51","3.5","2000","6600","0.42","0.076","0.018","7.9","0.3","26.7","2.9","2","1.5","26.8","0.56","0.34","0.84","0.09","1.8","0.003","0.6"
"Victoria Harbour","VM12","2024-08-01","1","Middle Water","0.3","0.12","3.7","47","3.2","4100","10000","0.36","0.061","0.032","7.9","<0.2","28.4","2.9","2.1","8.7","26","0.54","0.35","0.77","0.11","1.8","0.004","2.5"
"Victoria Harbour","VM12","2024-08-01","1","Bottom Water","0.2","0.09","6.1","26","1.8","2100","3700","0.39","0.067","0.026","7.8","<0.2","32","2.9","2.1","3.7","24.8","0.55","0.29","0.75","0.11","1.8","0.003","1"
"Victoria Harbour","VM12","2024-09-02","1","Surface Water","0.3","0.075","7.5","78","5.3","110","220","0.19","0.033","0.011","7.8","1.1","29.9","2","0.94","2.3","26.5","0.3","0.33","0.55","0.09","2.8","0.002","1.3"
"Victoria Harbour","VM12","2024-09-02","1","Middle Water","0.7","0.13","7.2","65","4.4","11000","20000","0.17","0.031","0.01","7.8","2.4","29.9","2","0.85","3.4","26.4","0.33","0.38","0.58","0.1","2.9","0.004","1.6"
"Victoria Harbour","VM12","2024-09-02","1","Bottom Water","0.5","0.12","5.4","58","4","3400","9000","0.15","0.03","0.015","7.8","3.2","30","2","0.92","3.2","26.4","0.3","0.37","0.55","0.09","2.6","0.004","1.4"
"Victoria Harbour","VM12","2024-10-28","1","Surface Water","0.4","0.072","1.8","77","5.1","210","390","0.071","0.025","0.012","7.8","0.7","32.4","2.2","0.91","5.4","27.1","0.17","0.2","0.3","0.13","3.7","0.002","1.1"
"Victoria Harbour","VM12","2024-10-28","1","Middle Water","0.4","0.084","1.4","65","4.3","150","360","0.069","0.022","0.013","7.8","0.8","32.4","2.2","0.95","4","27.1","0.18","0.18","0.27","0.14","4","0.003","0.8"
"Victoria Harbour","VM12","2024-10-28","1","Bottom Water","0.4","0.078","1.4","59","3.9","320","840","0.07","0.023","0.013","7.8","1.1","32.4","2.2","0.95","4.7","27.1","0.17","0.22","0.31","0.14","4.1","0.002","0.7"
"Victoria Harbour","VM12","2024-11-08","1","Surface Water","1.3","0.1","2.5","105","6.5","120","320","0.11","0.09","0.014","7.7","<0.2","32.5","2","0.96","22","26.3","0.3","0.7","0.9","0.38","2.4","0.002","1.7"
"Victoria Harbour","VM12","2024-11-08","1","Middle Water","<0.1","0.085","1.2","51","3.5","470","2400","0.11","0.095","0.016","7.7","1.1","32.1","2","0.98","7.6","25.9","0.29","0.24","0.45","0.13","4.1","0.002","0.7"
"Victoria Harbour","VM12","2024-11-08","1","Bottom Water","<0.1","0.1","1.9","52","3.5","610","1600","0.11","0.095","0.016","7.7","0.9","32.4","2","1","11","26.1","0.31","0.26","0.47","0.13","7.1","0.002","<0.5"
"Victoria Harbour","VM12","2024-12-06","1","Surface Water","0.6","0.14","4.2","98","7.1","1700","3600","0.28","0.024","0.019","7.6","2.6","31.7","1.7","1.6","7.4","22.3","0.44","0.28","0.58","0.07","8.6","0.002","1.1"
"Victoria Harbour","VM12","2024-12-06","1","Middle Water","0.6","0.14","2.8","74","5.4","1600","2200","0.27","0.025","0.021","7.6","2.2","31.7","1.7","1.6","6.9","22.4","0.44","0.25","0.55","0.07","8.5","0.002","1.1"
"Victoria Harbour","VM12","2024-12-06","1","Bottom Water","0.6","0.15","2.7","69","5","1700","3100","0.28","0.024","0.018","7.6","1.7","31.7","1.7","1.6","8.5","22.3","0.45","0.26","0.56","0.06","8.2","0.002","1.4"
"Victoria Harbour","VM14","2024-01-05","1","Surface Water","0.8","0.15","0.8","105","7.9","100","130","0.15","0.048","0.02","7.6","0.2","32.6","3.1","1","1.1","19.7","0.35","0.21","0.41","<0.05","8.3","0.002","0.8"
"Victoria Harbour","VM14","2024-01-05","1","Middle Water","0.9","0.15","0.7","74","5.6","100","260","0.15","0.047","0.015","7.6","<0.2","32.9","3.1","1","1.9","19.8","0.35","0.23","0.43","0.05","2.8","0.002","0.9"
"Victoria Harbour","VM14","2024-01-05","1","Bottom Water","0.7","0.15","0.8","67","5","90","110","0.13","0.047","0.017","7.6","<0.2","32.9","3.1","0.99","3.9","19.8","0.33","0.27","0.45","0.05","3","0.002","2.2"
"Victoria Harbour","VM14","2024-02-02","1","Surface Water","0.2","0.17","0.3","68","5.1","820","1200","0.067","0.005","0.011","7.9","<0.2","33.7","2.2","0.53","4","19.4","0.24","0.33","0.4","0.05","1","0.004","0.6"
"Victoria Harbour","VM14","2024-02-02","1","Middle Water","0.3","0.17","0.7","77","5.8","860","1500","0.063","0.005","0.009","7.9","<0.2","33.7","2.2","0.53","5.3","19.3","0.24","0.4","0.47","0.05","1","0.004","1"
"Victoria Harbour","VM14","2024-02-02","1","Bottom Water","0.3","0.17","0.6","76","5.7","540","1600","0.066","0.005","0.006","7.9","<0.2","33.7","2.2","0.55","5","19.3","0.24","0.56","0.63","0.05","1","0.004","0.6"
"Victoria Harbour","VM14","2024-03-08","1","Surface Water","<0.1","0.17","1.1","110","8.3","130","250","0.084","0.004","0.015","7.6","0.3","33.8","3.2","0.48","1.4","19.8","0.26","0.26","0.35","0.06","3","0.002","<0.5"
"Victoria Harbour","VM14","2024-03-08","1","Middle Water","<0.1","0.18","0.4","70","5.2","900","11000","0.085","0.004","0.017","7.6","0.5","33.7","3.2","0.45","1.1","20.1","0.27","0.25","0.34","0.06","3","0.002","<0.5"
"Victoria Harbour","VM14","2024-03-08","1","Bottom Water","0.5","0.15","0.7","64","4.8","800","1100","0.084","0.005","0.016","7.6","<0.2","33.8","3.2","0.48","3.3","19.9","0.24","0.27","0.36","0.06","3.1","0.002","<0.5"
"Victoria Harbour","VM14","2024-04-05","1","Surface Water","1.6","0.072","4.9","105","7.4","120","400","0.35","0.011","0.003","8.3","1.5","28.4","2.7","0.3","2.2","24.5","0.43","0.31","0.67","0.06","1.3","0.006","0.6"
"Victoria Harbour","VM14","2024-04-05","1","Middle Water","1.1","0.064","4.4","100","7.1","210","900","0.32","0.009","0.004","8.3","0.5","29.1","2.7","0.24","2.9","24.2","0.39","0.27","0.6","0.06","1.3","0.005","0.6"
"Victoria Harbour","VM14","2024-04-05","1","Bottom Water","0.6","0.07","2.8","88","6.2","310","1300","0.22","0.006","0.008","8.2","<0.2","31","2.7","0.23","3.3","23.6","0.3","0.23","0.46","0.07","2.5","0.004","0.6"
"Victoria Harbour","VM14","2024-05-03","1","Surface Water","<0.1","0.14","0.9","97","6.9","2800","6400","0.36","0.032","0.02","7.4","<0.2","27.3","1.3","1.8","2.3","24.8","0.53","0.3","0.69","0.08","3.1","0.002","<0.5"
"Victoria Harbour","VM14","2024-05-03","1","Middle Water","<0.1","0.16","0.8","64","4.5","4800","7700","0.31","0.027","0.02","7.4","<0.2","27.9","1.3","1.5","2.7","24.9","0.5","0.32","0.66","0.08","3.1","0.002","0.6"
"Victoria Harbour","VM14","2024-05-03","1","Bottom Water","<0.1","0.16","0.6","58","4.1","4200","6500","0.27","0.021","0.019","7.4","<0.2","28.3","1.3","1.3","7.2","24.8","0.45","0.3","0.59","0.08","4.9","0.002","1.5"
"Victoria Harbour","VM14","2024-06-17","1","Surface Water","0.7","0.03","1.8","96","7","1400","3100","1.1","0.084","0.031","8","<0.2","15.1","1.6","8.2","3.6","27.5","1.21","0.16","1.34","0.06","4.5","0.002","0.8"
"Victoria Harbour","VM14","2024-06-17","1","Middle Water","0.9","0.039","1","73","5.3","1800","4600","0.97","0.077","0.03","7.9","0.7","16.2","1.6","6","3.7","27.4","1.09","0.2","1.25","0.07","4.3","0.002","0.8"
"Victoria Harbour","VM14","2024-06-17","1","Bottom Water","0.8","0.059","0.9","62","4.5","1900","3900","0.69","0.063","0.02","7.9","<0.2","17.1","1.6","4.2","5.2","27.2","0.81","0.22","0.97","0.07","3.5","0.003","1.4"
"Victoria Harbour","VM14","2024-07-03","1","Surface Water","1.1","0.042","2.8","100","7.1","140","220","0.89","0.047","0.015","7.5","1.1","15.7","2.5","5.4","4.5","28.4","0.98","0.24","1.18","0.05","3.8","0.001","1.3"
"Victoria Harbour","VM14","2024-07-03","1","Middle Water","0.9","0.047","26","136","9.7","110","280","0.85","0.047","0.016","7.5","6","15.9","2.5","5.2","4.8","28.2","0.94","0.3","1.2","0.06","3.8","0.001","1.3"
"Victoria Harbour","VM14","2024-07-03","1","Bottom Water","0.4","0.1","9.9","86","6.1","1100","1600","0.46","0.038","0.024","7.2","1.3","17.8","2.5","2.1","3.5","27.6","0.6","0.28","0.78","0.08","3.5","0.001","1"
"Victoria Harbour","VM14","2024-08-01","1","Surface Water","0.3","0.035","0.9","48","3.3","110","400","0.72","0.099","0.026","7.9","0.7","23.2","2.2","4.1","1.9","27.3","0.85","0.32","1.14","0.09","1.8","0.002","0.7"
"Victoria Harbour","VM14","2024-08-01","1","Middle Water","0.4","0.051","6.3","67","4.7","100","430","0.69","0.097","0.028","7.9","0.3","23.5","2.2","4.1","2.1","27","0.84","0.24","1.03","0.1","1.8","0.002","0.9"
"Victoria Harbour","VM14","2024-08-01","1","Bottom Water","0.2","0.063","5.4","58","4.1","170","390","0.62","0.09","0.051","7.9","1.4","26.4","2.2","3.8","3","26.5","0.77","0.37","1.08","0.11","1.8","0.002","1.2"
"Victoria Harbour","VM14","2024-09-02","1","Surface Water","0.3","0.056","6.5","109","7.4","110","490","0.26","0.04","0.015","7.8","0.7","28.9","2.2","1.4","2.6","26.8","0.36","0.2","0.5","0.08","2.8","0.002","1"
"Victoria Harbour","VM14","2024-09-02","1","Middle Water","0.7","0.066","5.2","60","4.1","170","1200","0.25","0.038","0.014","7.8","2.6","29.1","2.2","1.5","4.2","26.7","0.35","0.24","0.53","0.08","3.1","0.002","1.2"
"Victoria Harbour","VM14","2024-09-02","1","Bottom Water","0.6","0.06","4.6","62","4.2","90","350","0.22","0.038","0.016","7.8","2.5","29.3","2.2","1.5","7.6","26.5","0.32","0.27","0.53","0.1","8.6","0.002","1.6"
"Victoria Harbour","VM14","2024-10-28","1","Surface Water","0.7","0.084","1.7","73","4.8","2300","11000","0.085","0.023","0.016","7.8","0.8","32.3","2.1","1.1","6.1","27.3","0.19","0.2","0.31","0.14","4.2","0.003","1.1"
"Victoria Harbour","VM14","2024-10-28","1","Middle Water","1","0.083","1.3","62","4.1","1300","3800","0.083","0.023","0.015","7.8","1.3","32.3","2.1","1.1","9.4","27.3","0.19","0.21","0.32","0.14","5.2","0.003","1.7"
"Victoria Harbour","VM14","2024-10-28","1","Bottom Water","0.9","0.073","1.4","57","3.8","1100","3800","0.08","0.024","0.017","7.8","1","32.3","2.1","1.1","8.4","27.2","0.18","0.19","0.29","0.14","7.2","0.002","1.2"
"Victoria Harbour","VM14","2024-11-08","1","Surface Water","<0.1","0.091","1.5","93","6.3","380","1300","0.11","0.099","0.02","7.7","1.2","32.5","2.4","0.97","16","26.3","0.3","0.62","0.83","0.4","4.8","0.002","0.7"
"Victoria Harbour","VM14","2024-11-08","1","Middle Water","<0.1","0.067","1.2","59","3.9","50","150","0.11","0.1","0.015","7.7","1.1","32.5","2.4","1","9","26.2","0.28","0.24","0.45","0.13","4.5","0.002","0.6"
"Victoria Harbour","VM14","2024-11-08","1","Bottom Water","<0.1","0.073","1.5","56","3.7","130","310","0.11","0.1","0.015","7.7","0.8","32.5","2.4","1","10","26.2","0.28","0.24","0.45","0.14","4.7","0.002","1"
"Victoria Harbour","VM14","2024-12-06","1","Surface Water","0.7","0.13","3.1","92","6.6","750","1500","0.28","0.025","0.018","7.6","2.6","31.7","2.3","1.6","3.4","22.3","0.44","0.28","0.59","0.08","5.1","0.002","0.9"
"Victoria Harbour","VM14","2024-12-06","1","Middle Water","0.6","0.13","3.3","73","5.3","1900","3600","0.28","0.032","0.009","7.6","2.3","31.7","2.3","1.6","5.9","22.5","0.44","0.31","0.62","0.1","5.7","0.002","1.1"
"Victoria Harbour","VM14","2024-12-06","1","Bottom Water","0.6","0.14","3","67","4.8","1500","2000","0.28","0.025","0.011","7.6","2.2","31.7","2.3","1.6","8.8","22.4","0.45","0.27","0.58","0.06","5.9","0.002","1.4"
"Victoria Harbour","VM15","2024-01-05","1","Surface Water","0.5","0.19","1.7","108","8.1","8000","19000","0.11","0.042","0.016","7.6","1.4","33","3.4","0.71","5.4","19.8","0.34","0.31","0.46","0.05","2.8","0.003","1.8"
"Victoria Harbour","VM15","2024-01-05","1","Middle Water","0.4","0.17","1.6","78","5.9","19000","31000","0.1","0.043","0.017","7.6","0.9","33.1","3.4","0.83","4.4","19.8","0.31","0.21","0.35","<0.05","3","0.002","1.2"
"Victoria Harbour","VM15","2024-01-05","1","Bottom Water","0.2","0.13","<0.2","85","6.3","11000","24000","0.082","0.041","0.02","7.6","<0.2","33.2","3.4","0.9","1.7","19.8","0.25","0.2","0.32","0.05","4.3","0.002","0.8"
"Victoria Harbour","VM15","2024-02-02","1","Surface Water","0.4","0.27","0.5","61","4.6","5000","11000","0.061","0.006","0.016","7.9","<0.2","33.8","2.9","0.6","4","19.5","0.34","1.4","1.47","0.06","0.8","0.006","0.8"
"Victoria Harbour","VM15","2024-02-02","1","Middle Water","0.3","0.26","0.9","69","5.2","5000","7600","0.058","0.005","0.008","7.9","<0.2","33.8","2.9","0.6","4","19.4","0.32","0.36","0.42","0.05","1.1","0.005","0.8"
"Victoria Harbour","VM15","2024-02-02","1","Bottom Water","0.3","0.26","0.6","68","5.1","5000","10000","0.056","0.004","0.02","7.9","<0.2","33.8","2.9","0.59","7.3","19.3","0.32","0.36","0.42","0.06","1","0.006","0.9"
"Victoria Harbour","VM15","2024-03-08","1","Surface Water","0.6","0.18","0.4","81","6","1800","2600","0.082","0.008","0.019","7.5","<0.2","33.9","2.7","0.6","6.4","20","0.27","0.25","0.34","0.06","3.2","0.002","0.6"
"Victoria Harbour","VM15","2024-03-08","1","Middle Water","0.4","0.18","0.5","82","6.1","1900","3300","0.082","0.008","0.023","7.5","<0.2","33.9","2.7","0.59","2.4","20","0.27","0.29","0.38","0.06","3.5","0.002","<0.5"
"Victoria Harbour","VM15","2024-03-08","1","Bottom Water","0.3","0.17","0.4","83","6.2","1100","1300","0.083","0.009","0.03","7.5","0.3","33.9","2.7","0.6","5.6","19.9","0.26","0.4","0.49","0.06","4.4","0.002","0.7"
"Victoria Harbour","VM15","2024-04-05","1","Surface Water","1.5","0.23","8.8","96","6.7","10000","15000","0.19","0.008","0.017","8.2","1.4","31.4","3.2","0.16","1.2","24","0.43","0.58","0.78","0.09","1","0.013","0.5"
"Victoria Harbour","VM15","2024-04-05","1","Middle Water","1","0.22","5.4","91","6.4","10000","13000","0.19","0.008","0.015","8.1","0.4","31.6","3.2","0.17","2.3","23.9","0.42","0.46","0.66","0.09","1","0.012","0.8"
"Victoria Harbour","VM15","2024-04-05","1","Bottom Water","0.7","0.18","4.9","84","5.9","4900","7900","0.16","0.007","0.016","8.1","0.6","32.1","3.2","0.23","5.3","23.7","0.35","0.54","0.71","0.09","2.3","0.009","1.2"
"Victoria Harbour","VM15","2024-05-03","1","Surface Water","<0.1","0.14","1","111","7.9","1800","6000","0.21","0.016","0.016","7.4","<0.2","27.7","3.2","1","1.7","24.6","0.37","0.38","0.61","0.09","2.9","0.001","<0.5"
"Victoria Harbour","VM15","2024-05-03","1","Middle Water","<0.1","0.14","0.3","95","6.6","3100","5700","0.21","0.016","0.017","7.4","<0.2","30.7","3.2","1","2.5","24.9","0.37","0.29","0.52","0.11","3.1","0.001","0.6"
"Victoria Harbour","VM15","2024-05-03","1","Bottom Water","<0.1","0.13","0.9","72","5","2700","4900","0.21","0.015","0.016","7.4","<0.2","30.8","3.2","1","13","24.9","0.36","0.29","0.52","0.08","3.3","0.001","2.9"
"Victoria Harbour","VM15","2024-06-17","1","Surface Water","0.4","0.13","1.7","78","5.5","350","1200","0.67","0.065","0.031","8","<0.2","20.8","2.5","4.2","1.2","27.7","0.87","0.38","1.12","0.07","1.1","0.007","0.6"
"Victoria Harbour","VM15","2024-06-17","1","Middle Water","0.3","0.15","1.6","68","4.7","630","900","0.6","0.048","0.024","7.9","<0.2","20.8","2.5","3.8","1.8","27.7","0.8","0.28","0.93","0.07","0.9","0.007","0.8"
"Victoria Harbour","VM15","2024-06-17","1","Bottom Water","0.4","0.19","0.9","65","4.6","1100","2800","0.25","0.033","0.027","7.9","<0.2","22.9","2.5","2","4.2","27.1","0.47","0.29","0.57","0.11","10.1","0.008","1.3"
"Victoria Harbour","VM15","2024-07-03","1","Surface Water","2.7","0.067","52","94","6.5","800","2000","0.63","0.034","0.003","7.9","8.1","17.2","2.2","1.1","12","29.2","0.73","0.37","1.03","0.06","3.6","0.004","2.1"
"Victoria Harbour","VM15","2024-07-03","1","Middle Water","2.4","0.095","38","140","9.8","7400","13000","0.46","0.036","0.007","7.6","10","18.7","2.2","0.94","4.7","28.5","0.59","0.45","0.95","0.06","3.5","0.003","1.5"
"Victoria Harbour","VM15","2024-07-03","1","Bottom Water","2.6","0.2","1.4","121","8.4","6700","14000","0.2","0.024","0.023","7.1","1.4","21.4","2.2","1.7","4","27.8","0.42","0.28","0.5","0.12","5.6","0.002","1.4"
"Victoria Harbour","VM15","2024-08-01","1","Surface Water","1","0.12","6.5","78","5.3","440","870","0.35","0.061","0.016","8.1","3.2","27.5","2.9","1.5","2.6","27.1","0.53","0.42","0.83","0.11","1.9","0.007","1.5"
"Victoria Harbour","VM15","2024-08-01","1","Middle Water","0.9","0.13","18","88","6","510","1300","0.35","0.062","0.019","8","2.2","27.6","2.9","1.5","3.4","26.9","0.54","0.4","0.81","0.11","1.9","0.007","1.8"
"Victoria Harbour","VM15","2024-08-01","1","Bottom Water","<0.1","0.2","6.6","29","2","350","670","0.21","0.043","0.033","7.9","1.4","31.5","2.9","2.1","5","25.1","0.45","0.39","0.64","0.15","1.8","0.007","1.6"
"Victoria Harbour","VM15","2024-09-02","1","Surface Water","1.2","0.14","8.4","82","5.5","4400","8500","0.14","0.028","0.007","7.9","3.9","30.1","2.4","0.58","5.2","27.1","0.31","0.37","0.54","0.09","1.8","0.006","1.8"
"Victoria Harbour","VM15","2024-09-02","1","Middle Water","0.9","0.12","7.3","68","4.6","9000","14000","0.13","0.022","0.01","7.9","4.9","30.3","2.4","0.58","6.9","26.9","0.27","0.46","0.61","0.1","5.3","0.004","2"
"Victoria Harbour","VM15","2024-09-02","1","Bottom Water","1.1","0.12","6.3","75","5.1","3100","6700","0.12","0.021","0.016","7.8","5.4","30.7","2.4","0.65","9.4","26.6","0.26","0.44","0.58","0.13","5.6","0.004","2.2"
"Victoria Harbour","VM15","2024-10-28","1","Surface Water","0.3","0.088","2.1","87","5.8","350","540","0.067","0.019","0.014","7.7","1.4","32.5","1.9","0.83","6.4","27.1","0.17","0.21","0.3","0.14","4.2","0.002","1.3"
"Victoria Harbour","VM15","2024-10-28","1","Middle Water","0.4","0.089","2.1","69","4.6","240","360","0.07","0.018","0.012","7.7","1.1","32.5","1.9","0.88","5.6","27","0.18","0.21","0.3","0.14","4.1","0.002","1.2"
"Victoria Harbour","VM15","2024-10-28","1","Bottom Water","0.4","0.081","1.7","57","3.8","800","1300","0.063","0.019","0.013","7.7","1.4","32.4","1.9","0.91","19","27","0.16","0.23","0.31","0.14","5.6","0.002","5.2"
"Victoria Harbour","VM15","2024-11-08","1","Surface Water","<0.1","0.082","4.4","65","4.4","170","260","0.1","0.06","0.013","7.8","1.5","32.4","2.8","0.8","11","26.1","0.24","0.22","0.38","0.26","3.2","0.002","1.1"
"Victoria Harbour","VM15","2024-11-08","1","Middle Water","<0.1","0.075","3.6","62","4.2","150","260","0.1","0.06","0.013","7.8","2.8","32.3","2.8","0.77","14","26.1","0.24","0.26","0.42","0.13","4.4","0.002","1.1"
"Victoria Harbour","VM15","2024-11-08","1","Bottom Water","<0.1","0.088","4.1","61","4.1","300","850","0.11","0.06","0.015","7.7","2.1","32.3","2.8","0.8","5.6","26.1","0.26","0.27","0.44","0.12","7.5","0.002","1"
"Victoria Harbour","VM15","2024-12-06","1","Surface Water","0.9","0.16","6.9","74","5.3","6700","17000","0.25","0.023","0.01","7.6","4.2","31.7","1.7","1.1","5.9","22.5","0.43","0.31","0.58","0.07","5.3","0.002","1.7"
"Victoria Harbour","VM15","2024-12-06","1","Middle Water","0.9","0.22","4.9","78","5.6","9000","15000","0.26","0.022","0.007","7.6","3.7","31.6","1.7","1.2","5","22.5","0.5","0.37","0.65","0.07","6.1","0.003","1"
"Victoria Harbour","VM15","2024-12-06","1","Bottom Water","0.9","0.21","5.6","65","4.7","6500","17000","0.26","0.023","0.01","7.6","3.6","31.6","1.7","1.2","12","22.5","0.49","0.32","0.6","0.07","7.2","0.003","2.4"
"Victoria Harbour","VM2","2024-01-03","1","Surface Water","0.5","0.077","1.6","66","4.9","120","570","0.14","0.042","0.028","7.7","0.9","33","3.3","0.68","3.9","19.9","0.26","0.17","0.35","0.06","3.1","0.001","1.6"
"Victoria Harbour","VM2","2024-01-03","1","Middle Water","0.3","0.059","1","92","6.9","250","800","0.11","0.041","0.012","7.7","1","33.1","3.3","0.69","4.7","19.9","0.21","0.12","0.27","0.04","2.8","<0.001","1.4"
"Victoria Harbour","VM2","2024-01-03","1","Bottom Water","0.5","0.06","1.2","92","6.9","150","490","0.11","0.043","0.013","7.7","<0.2","33.2","3.3","0.72","2.8","19.9","0.21","0.1","0.25","0.05","3.2","<0.001","0.9"
"Victoria Harbour","VM2","2024-02-01","1","Surface Water","0.9","0.096","0.7","83","6.3","240","450","0.069","0.007","0.01","7.8","<0.2","33.8","3","0.55","3.8","19","0.17","0.46","0.54","0.05","3.5","0.002","1.1"
"Victoria Harbour","VM2","2024-02-01","1","Middle Water","1","0.1","0.5","82","6.2","210","280","0.076","0.009","0.015","7.8","<0.2","33.8","3","0.56","4.4","18.9","0.19","0.37","0.46","0.05","4.2","0.002","0.8"
"Victoria Harbour","VM2","2024-02-01","1","Bottom Water","0.7","0.096","0.7","82","6.3","260","590","0.092","0.015","0.007","7.8","<0.2","33.8","3","0.57","2.8","18.9","0.2","0.29","0.4","0.05","4.2","0.002","<0.5"
"Victoria Harbour","VM2","2024-03-01","1","Surface Water","0.3","0.054","0.2","67","5.2","200","470","0.05","0.006","0.009","7.6","<0.2","34","2.6","0.53","2.3","18.4","0.11","0.13","0.19","0.17","3.1","<0.001","<0.5"
"Victoria Harbour","VM2","2024-03-01","1","Middle Water","0.3","0.055","1.2","82","6.1","10","10","0.05","0.007","0.009","7.5","<0.2","34","2.6","0.54","2.2","20","0.11","0.2","0.26","0.18","3","<0.001","0.6"
"Victoria Harbour","VM2","2024-03-01","1","Bottom Water","0.3","0.061","0.7","92","6.8","200","540","0.05","0.006","0.013","7.5","<0.2","34.1","2.6","0.52","3.2","20","0.12","0.35","0.41","0.14","3.1","<0.001","0.7"
"Victoria Harbour","VM2","2024-04-03","1","Surface Water","0.8","0.16","2.2","98","6.9","53","150","0.14","0.011","0.005","8.1","<0.2","32.6","4","0.19","6.4","23.4","0.31","0.37","0.52","0.08","0.6","0.009","1.4"
"Victoria Harbour","VM2","2024-04-03","1","Middle Water","0.8","0.12","2.1","85","6","160","470","0.11","0.008","0.011","8.1","0.4","33.3","4","0.21","<0.5","22.9","0.24","0.31","0.43","0.07","0.7","0.006","<0.5"
"Victoria Harbour","VM2","2024-04-03","1","Bottom Water","0.5","0.1","2.7","87","6.2","140","260","0.088","0.005","0.008","8.1","0.8","34","4","0.18","2.5","22.5","0.19","0.29","0.38","0.06","0.8","0.005","0.6"
"Victoria Harbour","VM2","2024-05-02","1","Surface Water","<0.1","0.16","1.3","101","7.1","5200","8000","0.26","0.023","0.022","7.4","<0.2","29.1","2.7","1.3","1.7","24.8","0.44","0.26","0.54","0.08","2.5","0.002","0.6"
"Victoria Harbour","VM2","2024-05-02","1","Middle Water","<0.1","0.14","1.4","70","4.9","1300","2100","0.24","0.02","0.02","7.5","0.4","29.8","2.7","1.1","1.6","24.9","0.4","0.25","0.51","0.07","2.7","0.002","<0.5"
"Victoria Harbour","VM2","2024-05-02","1","Bottom Water","<0.1","0.13","1.2","61","4.2","3600","6900","0.22","0.017","0.017","7.5","0.6","31.7","2.7","1","2.4","24.9","0.37","0.23","0.47","0.07","3.8","0.002","0.6"
"Victoria Harbour","VM2","2024-06-03","1","Surface Water","<0.1","0.16","1.2","91","6.2","1000","1300","0.15","0.013","0.012","8","0.4","30.2","2.6","1.1","4","26.3","0.32","0.25","0.41","0.05","1.5","0.008","0.9"
"Victoria Harbour","VM2","2024-06-03","1","Middle Water","<0.1","0.15","0.9","61","4.1","790","1100","0.15","0.011","0.011","8","0.2","30.1","2.6","1.1","10","26.3","0.31","0.25","0.41","0.06","1.5","0.007","2.2"
"Victoria Harbour","VM2","2024-06-03","1","Bottom Water","0.6","0.12","1.2","62","4.2","650","980","0.11","0.008","0.011","8.1","0.3","30.5","2.6","0.9","14","26.2","0.24","0.23","0.35","0.05","3.1","0.006","3.4"
"Victoria Harbour","VM2","2024-07-10","1","Surface Water","1.6","0.064","31","115","8","37","120","0.39","0.034","0.01","7.5","6.1","26.3","2","0.29","4.4","27.6","0.49","0.31","0.73","0.08","3.5","0.001","0.9"
"Victoria Harbour","VM2","2024-07-10","1","Middle Water","0.9","0.075","14","140","9.6","160","210","0.27","0.025","0.014","7.3","3.6","28.9","2","0.94","3.5","26.4","0.37","0.22","0.52","0.09","3.5","<0.001","1"
"Victoria Harbour","VM2","2024-07-10","1","Bottom Water","0.3","0.042","1.1","94","6.5","70","370","0.13","0.012","0.022","7.2","0.8","33.5","2","1.7","3.9","23.7","0.18","0.17","0.31","0.11","4.1","<0.001","0.6"
"Victoria Harbour","VM2","2024-08-07","1","Surface Water","1.6","0.021","9.1","68","4.7","370","1000","0.11","0.005","0.01","8.1","3.4","32.9","3.1","0.6","14","25.2","0.14","0.3","0.42","0.16","10","0.001","3.2"
"Victoria Harbour","VM2","2024-08-07","1","Middle Water","1.2","0.014","8.5","77","5.3","360","1000","0.11","0.008","0.004","8.1","3.2","33","3.1","0.66","4.6","24.5","0.13","0.23","0.35","0.12","8.4","<0.001","0.8"
"Victoria Harbour","VM2","2024-08-07","1","Bottom Water","1.2","0.012","8.1","69","4.8","360","710","0.11","0.008","0.004","8","1.4","33.3","3.1","0.72","8.4","24.1","0.13","0.12","0.24","0.09","10.4","<0.001","2.4"
"Victoria Harbour","VM2","2024-09-20","1","Surface Water","0.5","0.21","2.3","86","5.5","110","290","0.054","0.012","0.012","8.1","<0.2","32.1","2.2","0.92","5.2","29.3","0.28","0.16","0.23","0.07","3.7","0.014","1"
"Victoria Harbour","VM2","2024-09-20","1","Middle Water","0.4","0.16","1.4","61","3.9","210","430","0.04","0.011","0.013","8.1","<0.2","32.1","2.2","0.88","5.8","29.2","0.21","0.18","0.23","0.09","4.9","0.01","1.1"
"Victoria Harbour","VM2","2024-09-20","1","Bottom Water","0.6","0.33","0.4","52","3.3","290","460","0.1","0.031","0.024","8","<0.2","32.1","2.2","1.4","6.5","29.2","0.46","0.35","0.48","0.11","5.4","0.021","1.5"
"Victoria Harbour","VM2","2024-10-04","1","Surface Water","<0.1","0.025","1.5","112","7.3","87","130","0.026","0.004","0.004","7.8","0.9","32","1.7","0.45","6.9","28.3","0.06","0.15","0.18","0.28","4.6","<0.001","2.2"
"Victoria Harbour","VM2","2024-10-04","1","Middle Water","<0.1","0.019","1.2","71","4.6","80","90","0.023","0.005","0.005","7.8","1.2","32.3","1.7","0.45","9.9","28.5","0.05","0.25","0.28","0.33","4.6","<0.001","2.8"
"Victoria Harbour","VM2","2024-10-04","1","Bottom Water","<0.1","0.021","1.1","65","4.2","80","140","0.026","<0.002","0.005","7.8","0.5","32.3","1.7","0.44","6.4","28.4","0.05","0.14","0.17","0.14","5","<0.001","1.6"
"Victoria Harbour","VM2","2024-11-04","1","Surface Water","0.3","0.021","0.9","74","5","280","440","0.087","0.054","0.014","7.8","0.8","32.6","2.1","1","6.2","26.3","0.16","0.12","0.26","0.14","4.3","<0.001","1.5"
"Victoria Harbour","VM2","2024-11-04","1","Middle Water","<0.1","0.027","1.5","61","4.1","290","560","0.089","0.053","0.014","7.8","0.6","32.6","2.1","0.91","5.7","26.3","0.17","0.13","0.27","0.16","4.8","<0.001","0.9"
"Victoria Harbour","VM2","2024-11-04","1","Bottom Water","<0.1","0.03","1","57","3.9","150","340","0.087","0.051","0.013","7.8","0.4","32.5","2.1","0.89","6.2","26.2","0.17","0.2","0.34","0.16","4.8","<0.001","1.4"
"Victoria Harbour","VM2","2024-12-02","1","Surface Water","0.3","0.042","4.9","87","6.3","200","320","0.23","0.025","0.028","7.6","2.7","31.8","3","1.6","5.7","22.6","0.3","0.17","0.43","0.11","3.3","<0.001","1.8"
"Victoria Harbour","VM2","2024-12-02","1","Middle Water","0.4","0.03","5.2","75","5.4","280","440","0.23","0.027","0.025","7.6","2.7","31.7","3","1.5","4.5","22.5","0.29","0.22","0.48","0.09","3.1","<0.001","1.1"
"Victoria Harbour","VM2","2024-12-02","1","Bottom Water","0.2","0.039","3.8","60","4.4","350","540","0.23","0.025","0.029","7.6","3","31.7","3","1.6","4.1","22.5","0.29","0.2","0.46","0.18","3","<0.001","0.8"
"Victoria Harbour","VM4","2024-01-03","1","Surface Water","0.6","0.12","1.8","107","8","90","410","0.26","0.058","0.051","7.7","1.6","32.6","3","0.85","3","20.3","0.44","0.23","0.55","0.09","2.8","0.002","1.4"
"Victoria Harbour","VM4","2024-01-03","1","Middle Water","0.5","0.11","1.3","83","6.2","150","480","0.14","0.039","0.021","7.7","1.3","33","3","0.74","1.3","20","0.29","0.21","0.39","0.05","3","0.002","<0.5"
"Victoria Harbour","VM4","2024-01-03","1","Bottom Water","0.7","0.11","1.4","72","5.4","220","490","0.14","0.04","0.022","7.6","0.9","33","3","0.72","2.2","20","0.29","0.27","0.45","0.06","3","0.002","1"
"Victoria Harbour","VM4","2024-02-01","1","Surface Water","0.7","0.14","0.7","76","5.8","200","340","0.078","0.007","0.023","7.7","<0.2","33.7","3","0.57","7.2","19.1","0.23","0.42","0.51","0.05","4","0.002","1"
"Victoria Harbour","VM4","2024-02-01","1","Middle Water","0.9","0.15","0.4","78","5.9","270","510","0.089","0.009","0.01","7.7","<0.2","33.7","3","0.62","8.9","19.1","0.25","0.54","0.64","0.06","4.2","0.002","1.2"
"Victoria Harbour","VM4","2024-02-01","1","Bottom Water","1.1","0.15","0.4","78","5.9","250","460","0.083","0.008","0.024","7.7","<0.2","33.7","3","0.57","4.8","19.1","0.24","0.37","0.46","0.05","4.3","0.002","0.5"
"Victoria Harbour","VM4","2024-03-01","1","Surface Water","0.4","0.048","0.3","113","8.7","200","280","0.048","0.005","0.009","7.6","<0.2","34","3.5","0.53","2.4","18.3","0.1","0.13","0.18","0.09","3.3","<0.001","0.6"
"Victoria Harbour","VM4","2024-03-01","1","Middle Water","0.2","0.048","0.8","158","11.7","160","340","0.057","0.005","0.009","7.6","<0.2","33.8","3.5","0.55","2.9","20","0.11","0.23","0.29","0.17","3.2","<0.001","0.5"
"Victoria Harbour","VM4","2024-03-01","1","Bottom Water","0.1","0.061","0.6","85","6.4","100","270","0.044","0.005","0.009","7.6","<0.2","33.9","3.5","0.47","2.6","19.9","0.11","0.2","0.25","0.04","3.2","<0.001","<0.5"
"Victoria Harbour","VM4","2024-04-03","1","Surface Water","1","0.19","2.6","97","6.8","20","170","0.14","0.009","0.006","8.2","<0.2","32.2","4","0.2","1","23.9","0.34","0.38","0.53","0.07","1.3","0.011","0.6"
"Victoria Harbour","VM4","2024-04-03","1","Middle Water","0.8","0.17","2.3","85","6","20","190","0.14","0.008","0.015","8.2","<0.2","32.9","4","0.23","1.6","23.2","0.32","0.5","0.65","0.08","1.5","0.009","<0.5"
"Victoria Harbour","VM4","2024-04-03","1","Bottom Water","0.6","0.11","2.6","85","6.1","70","240","0.099","0.005","0.01","8.2","<0.2","33.8","4","0.15","1","22.7","0.21","0.35","0.45","0.08","0.7","0.006","<0.5"
"Victoria Harbour","VM4","2024-05-02","1","Surface Water","<0.1","0.16","1.1","117","8.2","2300","3300","0.27","0.022","0.015","7.4","<0.2","29","2.6","1.4","1","24.9","0.45","0.27","0.56","0.07","2.3","0.002","<0.5"
"Victoria Harbour","VM4","2024-05-02","1","Middle Water","<0.1","0.14","1","81","5.6","360","1000","0.25","0.02","0.02","7.4","0.3","31.1","2.6","1.2","1","25","0.41","0.26","0.53","0.06","2.8","0.002","<0.5"
"Victoria Harbour","VM4","2024-05-02","1","Bottom Water","<0.1","0.051","0.9","84","5.8","310","650","0.11","0.006","0.007","7.5","0.5","32.3","2.6","0.55","4.1","24.9","0.17","0.19","0.31","0.07","3.8","<0.001","0.7"
"Victoria Harbour","VM4","2024-06-03","1","Surface Water","<0.1","0.18","1.1","89","6.1","1700","5100","0.17","0.013","0.016","8","0.6","29.7","3.1","1.2","3.5","26.4","0.36","0.3","0.48","0.06","1.6","0.009","0.9"
"Victoria Harbour","VM4","2024-06-03","1","Middle Water","0.6","0.17","1","67","4.5","420","1200","0.16","0.016","0.014","8","<0.2","29.9","3.1","1.2","9.5","26.4","0.35","0.3","0.48","0.06","2.3","0.008","1.9"
"Victoria Harbour","VM4","2024-06-03","1","Bottom Water","0.3","0.14","0.8","55","3.8","530","1200","0.12","0.009","0.011","8.1","<0.2","30","3.1","0.97","3.4","26.2","0.27","0.21","0.34","0.06","4.4","0.008","1"
"Victoria Harbour","VM4","2024-07-10","1","Surface Water","1.5","0.054","28","101","6.9","110","240","0.38","0.03","0.011","7.5","5.1","26.2","2.3","0.3","5","27.7","0.46","0.25","0.66","0.06","3.4","0.001","1"
"Victoria Harbour","VM4","2024-07-10","1","Middle Water","0.7","0.053","24","125","8.6","350","520","0.35","0.029","0.008","7.3","3.5","28.7","2.3","0.43","3","26.4","0.43","0.23","0.61","0.07","3.5","<0.001","0.6"
"Victoria Harbour","VM4","2024-07-10","1","Bottom Water","<0.1","0.06","2.1","87","6.1","900","1600","0.17","0.016","0.019","7.2","1.8","31.1","2.3","1.6","1.8","24.9","0.25","0.18","0.37","0.09","4","<0.001","<0.5"
"Victoria Harbour","VM4","2024-08-07","1","Surface Water","1.2","0.049","7.3","69","4.7","150","610","0.14","0.014","<0.002","8.1","2.8","32","1.8","0.51","3.8","26","0.2","0.29","0.44","0.16","11.1","0.003","1.5"
"Victoria Harbour","VM4","2024-08-07","1","Middle Water","0.6","0.029","6.4","73","5","360","1100","0.14","0.01","0.01","8.1","2.9","32.4","1.8","0.75","5.3","25","0.18","0.26","0.41","0.13","5.7","0.001","1.2"
"Victoria Harbour","VM4","2024-08-07","1","Bottom Water","1.1","0.02","5.2","64","4.4","570","2000","0.13","0.008","0.015","8","0.6","33.2","1.8","0.9","3.8","24.1","0.16","0.14","0.28","0.1","3.2","<0.001","0.7"
"Victoria Harbour","VM4","2024-09-20","1","Surface Water","0.6","0.17","1.8","60","6.6","290","1000","0.072","0.017","0.017","8","<0.2","31.8","2.1","1.1","9.8","29.3","0.26","0.2","0.29","0.08","6","0.01","1.5"
"Victoria Harbour","VM4","2024-09-20","1","Middle Water","0.5","0.17","1.7","51","3.3","330","800","0.057","0.015","0.013","8","<0.2","31.7","2.1","1.1","7.2","29.3","0.24","0.23","0.3","0.09","8.4","0.01","1"
"Victoria Harbour","VM4","2024-09-20","1","Bottom Water","0.4","0.28","1","53","3.4","480","1100","0.092","0.027","0.029","8","<0.2","31.8","2.1","1.4","15","29.2","0.4","0.33","0.45","0.12","15.4","0.017","3"
"Victoria Harbour","VM4","2024-10-04","1","Surface Water","<0.1","0.012","1.9","93","6","190","400","0.024","0.007","0.003","7.8","0.9","32.2","2.1","0.42","7.5","28.4","0.04","0.14","0.17","0.22","4.2","<0.001","2.4"
"Victoria Harbour","VM4","2024-10-04","1","Middle Water","<0.1","0.024","1.9","77","5","230","1000","0.025","0.005","0.005","7.8","0.4","32.4","2.1","0.49","4.8","28.4","0.05","0.18","0.21","0.39","5.2","<0.001","1.4"
"Victoria Harbour","VM4","2024-10-04","1","Bottom Water","0.5","0.018","1.6","73","4.7","200","310","0.024","0.005","0.004","7.8","<0.2","32.4","2.1","0.5","9.4","28.3","0.05","0.2","0.23","0.14","5.3","<0.001","2.8"
"Victoria Harbour","VM4","2024-11-04","1","Surface Water","<0.1","0.055","1.7","95","6.4","1300","2700","0.1","0.051","0.017","7.7","0.8","32.5","1.5","1.1","8.1","26.2","0.21","0.2","0.35","0.17","7.3","0.001","1.6"
"Victoria Harbour","VM4","2024-11-04","1","Middle Water","<0.1","0.044","1.3","67","4.5","900","1400","0.093","0.049","0.016","7.7","1.1","32.4","1.5","0.92","7.2","26.4","0.19","0.18","0.32","0.17","6.1","0.001","1.1"
"Victoria Harbour","VM4","2024-11-04","1","Bottom Water","0.6","0.037","1","59","4","580","1000","0.092","0.052","0.015","7.8","0.8","32.5","1.5","0.93","6.4","26.3","0.18","0.13","0.27","0.16","4.8","0.001","1.2"
"Victoria Harbour","VM4","2024-12-30","1","Surface Water","0.2","0.069","1.7","73","5.6","40","70","0.063","0.006","0.014","7.8","<0.2","32","3.5","0.38","2","18.9","0.14","0.29","0.36","0.08","1.8","0.001","0.5"
"Victoria Harbour","VM4","2024-12-30","1","Middle Water","0.2","0.066","1.7","81","6.2","130","230","0.061","0.006","0.012","7.8","0.5","32.1","3.5","0.37","3","18.9","0.13","0.24","0.31","0.08","3.4","0.001","<0.5"
"Victoria Harbour","VM4","2024-12-30","1","Bottom Water","0.2","0.061","1.3","80","6.2","120","250","0.058","0.005","0.014","7.8","0.5","32.1","3.5","0.39","3.4","18.9","0.12","0.31","0.37","0.09","4.5","0.001","<0.5"
"Victoria Harbour","VM5","2024-01-03","1","Surface Water","0.8","0.18","1.3","101","7.5","17000","23000","0.13","0.041","0.023","7.6","1.2","33","3.2","0.75","1.8","19.9","0.35","0.31","0.48","0.06","2.9","0.002","0.9"
"Victoria Harbour","VM5","2024-01-03","1","Middle Water","0.8","0.18","1.4","82","6.2","18000","29000","0.13","0.042","0.021","7.6","1.4","33","3.2","0.79","3.8","20","0.35","0.34","0.51","0.06","2.8","0.002","1.3"
"Victoria Harbour","VM5","2024-01-03","1","Bottom Water","0.6","0.16","1.4","67","5","8000","15000","0.13","0.042","0.022","7.6","1.4","33","3.2","0.83","2.3","20","0.33","0.41","0.58","0.06","3.2","0.002","1"
"Victoria Harbour","VM5","2024-02-01","1","Surface Water","1.1","0.16","0.6","78","5.9","280","540","0.07","0.006","0.018","7.8","<0.2","33.8","2.6","0.57","3.4","19.2","0.24","0.38","0.46","0.05","4","0.003","<0.5"
"Victoria Harbour","VM5","2024-02-01","1","Middle Water","1.1","0.16","0.4","78","5.9","220","510","0.073","0.007","0.018","7.7","<0.2","33.8","2.6","0.61","3","19.2","0.24","0.3","0.38","0.05","4","0.003","<0.5"
"Victoria Harbour","VM5","2024-02-01","1","Bottom Water","0.4","0.16","0.4","78","5.9","280","600","0.068","0.006","0.011","7.7","<0.2","33.8","2.6","0.58","4.2","19.2","0.23","0.34","0.41","0.05","4.4","0.003","0.6"
"Victoria Harbour","VM5","2024-03-01","1","Surface Water","0.2","0.081","0.9","102","7.7","290","510","0.076","0.013","0.014","7.5","<0.2","33.9","3.1","0.65","2.6","19","0.17","0.2","0.29","0.16","3.4","<0.001","0.6"
"Victoria Harbour","VM5","2024-03-01","1","Middle Water","0.3","0.067","0.8","89","6.6","260","400","0.071","0.011","0.016","7.5","<0.2","33.9","3.1","0.66","4.5","19.9","0.15","0.22","0.3","0.15","3.5","<0.001","0.8"
"Victoria Harbour","VM5","2024-03-01","1","Bottom Water","0.3","0.082","0.7","90","6.7","300","470","0.07","0.009","0.014","7.5","<0.2","33.9","3.1","0.6","2.9","19.9","0.16","0.17","0.25","0.19","3.5","<0.001","0.6"
"Victoria Harbour","VM5","2024-04-03","1","Surface Water","1","0.24","3.1","83","5.9","260","420","0.15","0.008","0.016","8.2","<0.2","32.3","3.2","0.2","3.4","23.6","0.4","0.51","0.67","0.08","0.9","0.014","1.1"
"Victoria Harbour","VM5","2024-04-03","1","Middle Water","0.7","0.19","3.7","95","6.7","250","1400","0.14","0.009","0.014","8.2","0.4","32.6","3.2","0.18","1.6","23.3","0.34","0.44","0.59","0.08","0.9","0.01","0.6"
"Victoria Harbour","VM5","2024-04-03","1","Bottom Water","0.5","0.15","3.3","89","6.3","180","320","0.12","0.006","0.013","8.1","<0.2","33.3","3.2","0.19","1.9","22.9","0.28","0.33","0.46","0.07","1.3","0.008","0.7"
"Victoria Harbour","VM5","2024-05-02","1","Surface Water","<0.1","0.16","0.9","110","8.1","1300","3000","0.29","0.023","0.017","7.4","0.5","21.7","2.8","1.4","1.1","24.8","0.47","0.29","0.6","0.07","3.2","0.002","<0.5"
"Victoria Harbour","VM5","2024-05-02","1","Middle Water","<0.1","0.12","1","146","10.2","800","1400","0.23","0.017","0.019","7.4","<0.2","29","2.8","1.1","1.2","25","0.37","0.23","0.48","0.07","2.4","0.001","0.5"
"Victoria Harbour","VM5","2024-05-02","1","Bottom Water","<0.1","0.068","0.9","71","4.9","260","800","0.14","0.008","0.009","7.4","<0.2","31.1","2.8","0.68","2.6","25","0.22","0.22","0.37","0.07","3.3","<0.001","<0.5"
"Victoria Harbour","VM5","2024-06-03","1","Surface Water","<0.1","0.19","0.7","100","6.8","2000","3400","0.17","0.013","0.019","8","0.4","29.7","1.9","1.2","4","26.3","0.37","0.3","0.48","0.07","22.3","0.009","1.1"
"Victoria Harbour","VM5","2024-06-03","1","Middle Water","<0.1","0.17","0.9","67","4.6","1900","3200","0.16","0.014","0.016","8","<0.2","29.8","1.9","1.2","3","26.3","0.34","0.29","0.46","0.06","3.1","0.008","0.7"
"Victoria Harbour","VM5","2024-06-03","1","Bottom Water","<0.1","0.14","0.9","62","4.2","1700","3200","0.13","0.013","0.012","8","<0.2","30.2","1.9","1.1","5.3","26.2","0.28","0.21","0.35","0.06","4.5","0.007","1.5"
"Victoria Harbour","VM5","2024-07-10","1","Surface Water","1.4","0.062","28","103","6.9","1100","10000","0.43","0.03","0.012","7.5","3.5","25.7","2.5","0.61","4.8","28.3","0.52","0.28","0.74","0.07","3.5","0.001","1.3"
"Victoria Harbour","VM5","2024-07-10","1","Middle Water","1.1","0.059","28","95","6.5","500","1400","0.41","0.028","0.007","7.5","3.4","26.2","2.5","0.66","3.2","27.5","0.5","0.27","0.71","0.07","3.3","<0.001","0.9"
"Victoria Harbour","VM5","2024-07-10","1","Bottom Water","0.8","0.081","3.6","79","5.4","510","950","0.19","0.017","0.02","7.3","1.6","27.2","2.5","1.6","3.4","27.4","0.29","0.22","0.43","0.1","4","<0.001","0.6"
"Victoria Harbour","VM5","2024-08-07","1","Surface Water","1.1","0.044","7.9","65","4.4","180","980","0.18","0.018","0.011","8.1","2.9","31.9","3","0.66","6","26","0.24","0.37","0.57","0.16","2.2","0.002","2"
"Victoria Harbour","VM5","2024-08-07","1","Middle Water","0.9","0.027","7.5","79","5.4","440","3200","0.16","0.014","0.004","8","2.7","31.9","3","0.84","7.2","25.2","0.2","0.27","0.44","0.11","2.6","0.001","1.8"
"Victoria Harbour","VM5","2024-08-07","1","Bottom Water","1","0.031","5.6","62","4.3","400","1000","0.15","0.012","0.017","8","4.2","32.5","3","0.82","5.7","24.5","0.19","0.24","0.4","0.11","2.6","0.001","1"
"Victoria Harbour","VM5","2024-09-20","1","Surface Water","0.5","0.28","1.9","110","7.1","900","2300","0.11","0.027","0.027","8","<0.2","31.1","2","1.4","5.9","29.5","0.42","0.3","0.44","0.1","4.6","0.015","0.8"
"Victoria Harbour","VM5","2024-09-20","1","Middle Water","0.6","0.31","1.9","55","3.5","4100","14000","0.089","0.025","0.022","8","<0.2","31.1","2","1.3","6","29.4","0.42","0.35","0.46","0.11","4.8","0.017","1"
"Victoria Harbour","VM5","2024-09-20","1","Bottom Water","0.1","0.29","0.7","52","3.3","3000","11000","0.08","0.021","0.025","8","0.3","31.2","2","1.3","4.4","29.4","0.39","0.33","0.43","0.12","5.3","0.017","1.1"
"Victoria Harbour","VM5","2024-10-04","1","Surface Water","0.6","0.022","2.5","93","6","1000","1400","0.037","0.007","0.004","7.8","0.6","32.4","2.3","0.41","6.3","28.4","0.07","0.23","0.27","0.22","3.5","<0.001","2.3"
"Victoria Harbour","VM5","2024-10-04","1","Middle Water","0.3","0.024","2","76","4.9","1000","1400","0.035","0.005","0.006","7.8","0.5","32.2","2.3","0.45","7.3","28.6","0.06","0.26","0.3","0.36","4.4","<0.001","2.4"
"Victoria Harbour","VM5","2024-10-04","1","Bottom Water","<0.1","0.016","2.1","77","5","760","1300","0.031","0.005","0.004","7.8","0.3","32.4","2.3","0.44","5.5","28.4","0.05","0.16","0.2","0.14","4.8","<0.001","1.3"
"Victoria Harbour","VM5","2024-11-04","1","Surface Water","0.7","0.064","1.5","94","6.3","30","140","0.1","0.047","0.017","7.7","1.1","32.6","2.3","1","5.3","26.5","0.21","0.19","0.34","0.17","0.9","0.002","1.3"
"Victoria Harbour","VM5","2024-11-04","1","Middle Water","0.8","0.13","1.4","65","4.4","130","330","0.1","0.046","0.008","7.8","1","32.5","2.3","1","4.6","26.5","0.28","0.65","0.8","0.16","4.5","0.004","1"
"Victoria Harbour","VM5","2024-11-04","1","Bottom Water","0.5","0.078","1","62","4.2","800","1500","0.097","0.052","0.018","7.7","1","32.5","2.3","0.94","5.7","26.4","0.23","0.2","0.35","0.17","5.1","0.002","1.2"
"Victoria Harbour","VM5","2024-12-30","1","Surface Water","0.2","0.063","1.4","69","5.3","110","140","0.065","0.005","0.012","7.8","0.3","32.1","3.3","0.39","3.2","18.9","0.13","0.29","0.36","0.08","22.5","0.001","0.5"
"Victoria Harbour","VM5","2024-12-30","1","Middle Water","0.2","0.067","1.4","80","6.1","80","180","0.064","0.007","0.014","7.8","0.5","32.1","3.3","0.38","3.7","18.9","0.14","0.26","0.33","0.08","23","0.001","0.5"
"Victoria Harbour","VM5","2024-12-30","1","Bottom Water","0.4","0.066","1.9","74","5.7","100","220","0.061","0.006","0.014","7.8","0.8","32.1","3.3","0.41","7","18.9","0.13","0.21","0.28","0.08","21.7","0.001","0.7"
"Victoria Harbour","VM6","2024-01-03","1","Surface Water","0.9","0.17","1.4","84","6.3","5600","13000","0.13","0.04","0.015","7.7","<0.2","33","2.8","0.74","3.8","20","0.34","0.32","0.49","0.12","2.8","0.002","1.2"
"Victoria Harbour","VM6","2024-01-03","1","Middle Water","0.6","0.16","1.1","87","6.5","8200","12000","0.13","0.04","0.021","7.6","1","33","2.8","0.76","3.1","20","0.33","0.23","0.4","0.06","3.1","0.002","2.1"
"Victoria Harbour","VM6","2024-01-03","1","Bottom Water","0.9","0.16","1.3","86","6.5","6800","12000","0.13","0.04","0.022","7.6","0.8","33","2.8","0.77","2.3","20","0.33","0.23","0.4","0.06","3.1","0.002","0.9"
"Victoria Harbour","VM6","2024-02-01","1","Surface Water","0.4","0.16","0.4","93","6.9","210","450","0.074","0.008","0.009","7.8","<0.2","33.9","2.9","0.57","5.3","20","0.24","0.32","0.4","0.06","3.9","0.003","1.6"
"Victoria Harbour","VM6","2024-02-01","1","Middle Water","0.5","0.15","0.2","68","5.1","310","550","0.067","0.006","0.012","7.8","<0.2","33.9","2.9","0.57","3.7","19.3","0.22","0.33","0.4","0.05","4.1","0.003","<0.5"
"Victoria Harbour","VM6","2024-02-01","1","Bottom Water","0.4","0.16","0.5","70","5.3","180","580","0.069","0.006","0.014","7.8","<0.2","33.8","2.9","0.59","2.6","19.2","0.24","0.26","0.34","0.05","4.1","0.003","<0.5"
"Victoria Harbour","VM6","2024-03-01","1","Surface Water","0.5","0.11","0.9","93","7","800","1500","0.083","0.008","0.016","7.5","<0.2","33.8","1.8","0.68","3.1","19.3","0.2","0.29","0.38","0.29","3.5","0.001","<0.5"
"Victoria Harbour","VM6","2024-03-01","1","Middle Water","0.3","0.11","0.6","84","6.3","590","1100","0.083","0.009","0.018","7.5","<0.2","33.8","1.8","0.66","3.6","19.8","0.2","0.44","0.53","0.24","3.5","0.001","0.8"
"Victoria Harbour","VM6","2024-03-01","1","Bottom Water","0.3","0.11","0.4","88","6.6","360","900","0.078","0.008","0.017","7.5","<0.2","33.9","1.8","0.63","2.8","19.8","0.2","0.27","0.36","0.05","3.6","0.001","<0.5"
"Victoria Harbour","VM6","2024-04-03","1","Surface Water","1.1","0.25","5.6","79","5.6","1900","2800","0.16","0.006","0.016","8.2","0.4","32.1","3.9","0.17","3.5","23.7","0.42","0.48","0.65","0.08","0.8","0.015","1.4"
"Victoria Harbour","VM6","2024-04-03","1","Middle Water","0.9","0.25","3.8","90","6.4","1600","2600","0.15","0.008","0.015","8.2","0.4","32.3","3.9","0.13","3.6","23.5","0.41","0.51","0.67","0.08","0.9","0.014","1.4"
"Victoria Harbour","VM6","2024-04-03","1","Bottom Water","0.9","0.23","3.7","86","6.1","1400","1900","0.15","0.006","0.017","8.1","<0.2","33","3.9","0.16","1.8","23.1","0.39","0.46","0.62","0.08","1.4","0.012","1.3"
"Victoria Harbour","VM6","2024-05-02","1","Surface Water","3.6","0.16","1.1","92","6.5","1200","15000","0.3","0.023","0.019","7.4","<0.2","28.8","2.8","1.5","1.2","24.9","0.48","0.29","0.61","0.07","2.6","0.002","<0.5"
"Victoria Harbour","VM6","2024-05-02","1","Middle Water","<0.1","0.12","0.8","73","5.1","210","370","0.22","0.015","0.017","7.4","<0.2","29.7","2.8","1","2.2","25","0.36","0.23","0.47","0.07","3.4","0.001","<0.5"
"Victoria Harbour","VM6","2024-05-02","1","Bottom Water","<0.1","0.086","0.6","64","4.4","350","610","0.16","0.01","0.014","7.4","<0.2","30.7","2.8","0.83","3.2","24.9","0.26","0.2","0.37","0.07","3.8","0.001","0.7"
"Victoria Harbour","VM6","2024-06-03","1","Surface Water","<0.1","0.24","1.2","101","6.9","2100","4300","0.2","0.015","0.019","8","<0.2","28.9","2.4","1.4","2.3","26.5","0.46","0.33","0.55","0.06","1.6","0.011","0.8"
"Victoria Harbour","VM6","2024-06-03","1","Middle Water","<0.1","0.24","1.1","61","4.2","3600","8000","0.2","0.015","0.018","8","0.2","28.8","2.4","1.4","2.8","26.4","0.46","0.36","0.58","0.06","2.5","0.012","1.1"
"Victoria Harbour","VM6","2024-06-03","1","Bottom Water","<0.1","0.15","0.9","54","3.7","2500","4500","0.14","0.011","0.012","8.1","<0.2","29.7","2.4","1.1","4.8","26.2","0.3","0.21","0.36","0.06","6.1","0.008","1.4"
"Victoria Harbour","VM6","2024-07-10","1","Surface Water","2.1","0.062","29","89","6","280","1200","0.42","0.032","0.002","7.6","4.1","24.6","2.2","0.68","5.3","28.5","0.51","0.32","0.77","0.07","3.4","0.001","1.4"
"Victoria Harbour","VM6","2024-07-10","1","Middle Water","0.7","0.11","12","105","7.2","620","2300","0.39","0.028","0.002","7.4","5.9","26.9","2.2","1.4","3.1","27.1","0.53","0.34","0.76","0.09","3.4","0.001","<0.5"
"Victoria Harbour","VM6","2024-07-10","1","Bottom Water","0.2","0.066","2.5","38","2.6","270","410","0.19","0.018","0.015","7.2","2.2","32.3","2.2","1.8","2.8","24.3","0.27","0.18","0.39","0.1","4.1","<0.001","<0.5"
"Victoria Harbour","VM6","2024-08-07","1","Surface Water","2.6","0.018","25","93","6.3","20","110","0.22","0.023","<0.002","8.1","4","30","3","0.6","6.5","26.8","0.26","0.43","0.67","0.16","1.3","0.001","2.8"
"Victoria Harbour","VM6","2024-08-07","1","Middle Water","2.6","0.017","22","85","5.8","10","100","0.22","0.023","<0.002","8","4","30.6","3","0.58","4.1","25.9","0.26","0.29","0.53","0.09","2.4","<0.001","2"
"Victoria Harbour","VM6","2024-08-07","1","Bottom Water","2.5","0.014","21","70","4.8","20","60","0.22","0.024","<0.002","7.9","8.1","31.2","3","0.6","5.2","25.4","0.26","0.31","0.55","0.1","5.4","<0.001","1.8"
"Victoria Harbour","VM6","2024-09-20","1","Surface Water","1","0.31","1.2","93","6","4900","15000","0.13","0.035","0.024","7.9","<0.2","30.7","2.1","1.6","7.5","29.4","0.48","0.36","0.53","0.09","4","0.015","1.2"
"Victoria Harbour","VM6","2024-09-20","1","Middle Water","<0.1","0.31","0.5","51","3.3","7200","16000","0.1","0.031","0.027","7.9","0.4","30.8","2.1","1.5","6.4","29.4","0.44","0.33","0.46","0.11","4.8","0.015","1.4"
"Victoria Harbour","VM6","2024-09-20","1","Bottom Water","<0.1","0.2","1.1","49","3.2","8200","15000","0.049","0.016","0.018","7.9","0.7","31","2.1","1.1","6.6","29.3","0.27","0.24","0.31","0.11","6.7","0.01","1.6"
"Victoria Harbour","VM6","2024-10-04","1","Surface Water","0.2","0.034","1.8","115","7.5","690","900","0.035","0.008","0.006","7.8","1.2","32.4","2.2","0.43","9.2","27.9","0.08","0.19","0.23","0.12","3.6","0.001","2.5"
"Victoria Harbour","VM6","2024-10-04","1","Middle Water","<0.1","0.032","1.7","80","5.2","1300","1500","0.038","0.006","0.005","7.8","1","32.4","2.2","0.43","5.4","28.6","0.08","0.29","0.33","0.39","4.3","0.001","1.6"
"Victoria Harbour","VM6","2024-10-04","1","Bottom Water","<0.1","0.026","2.2","77","5","900","1400","0.036","0.005","0.004","7.8","0.3","32.4","2.2","0.42","9.8","28.6","0.07","0.14","0.18","0.11","4.9","<0.001","2.9"
"Victoria Harbour","VM6","2024-11-04","1","Surface Water","0.6","0.084","1.4","72","4.8","170","390","0.11","0.048","0.019","7.8","0.5","32.5","1.5","1.1","4.7","26.5","0.24","0.26","0.42","0.17","3.4","0.003","1.4"
"Victoria Harbour","VM6","2024-11-04","1","Middle Water","0.4","0.07","1.4","65","4.4","100","300","0.11","0.05","0.017","7.8","0.9","32.5","1.5","0.94","5.2","26.6","0.23","0.22","0.38","0.18","3.7","0.002","1.1"
"Victoria Harbour","VM6","2024-11-04","1","Bottom Water","0.2","0.068","1.3","56","3.8","160","800","0.11","0.048","0.018","7.8","1","32.5","1.5","1.1","5.5","26.5","0.23","0.26","0.42","0.17","3.7","0.002","1.2"
"Victoria Harbour","VM6","2024-12-30","1","Surface Water","0.2","0.092","1.1","105","8.1","260","470","0.088","0.01","0.019","7.8","0.9","31.9","2.4","0.39","3.2","19","0.19","0.26","0.36","0.12","20.6","0.002","0.6"
"Victoria Harbour","VM6","2024-12-30","1","Middle Water","0.2","0.088","1.6","79","6.1","180","230","0.092","0.004","0.015","7.8","0.5","31.9","2.4","0.4","1.2","18.9","0.18","0.3","0.4","0.09","25.8","0.002","<0.5"
"Victoria Harbour","VM6","2024-12-30","1","Bottom Water","0.4","0.091","2.6","72","5.5","90","250","0.082","0.013","0.019","7.8","1.1","31.9","2.4","0.39","2.5","19","0.19","0.26","0.36","0.09","25","0.002","<0.5"
"Victoria Harbour","VM7","2024-01-03","1","Surface Water","1","0.23","0.7","83","6.2","13000","26000","0.14","0.043","0.023","7.6","0.7","32.9","3.6","0.9","4.8","20","0.41","0.37","0.55","0.06","3.6","0.003","1.4"
"Victoria Harbour","VM7","2024-01-03","1","Middle Water","0.7","0.23","1.1","84","6.3","17000","38000","0.13","0.043","0.02","7.6","0.9","32.9","3.6","0.86","2.2","20","0.4","0.41","0.58","0.06","3.3","0.003","1.4"
"Victoria Harbour","VM7","2024-01-03","1","Bottom Water","0.6","0.22","1.2","84","6.3","6000","12000","0.14","0.043","0.016","7.6","1.2","32.9","3.6","0.89","4.8","20","0.4","0.31","0.49","0.06","3.3","0.003","0.8"
"Victoria Harbour","VM7","2024-02-01","1","Surface Water","0.5","0.19","0.2","94","7","2600","5500","0.08","0.009","0.01","7.8","<0.2","33.6","2.6","0.59","4.1","20.1","0.28","0.36","0.45","0.05","4.3","0.004","0.7"
"Victoria Harbour","VM7","2024-02-01","1","Middle Water","0.5","0.18","0.4","77","5.8","2500","3700","0.063","0.005","0.021","7.8","0.2","33.8","2.6","0.57","3.3","19.3","0.25","0.41","0.48","0.05","4.3","0.003","<0.5"
"Victoria Harbour","VM7","2024-02-01","1","Bottom Water","0.6","0.18","0.5","77","5.8","4300","6400","0.072","0.005","0.019","7.8","<0.2","33.8","2.6","0.58","5.2","19.2","0.26","0.34","0.42","0.06","4.7","0.003","0.8"
"Victoria Harbour","VM7","2024-03-01","1","Surface Water","0.4","0.15","0.5","94","7.1","1000","3600","0.096","0.01","0.017","7.5","0.3","33.4","2.6","0.76","3.8","19.2","0.26","0.24","0.35","0.22","3.5","0.001","0.7"
"Victoria Harbour","VM7","2024-03-01","1","Middle Water","0.4","0.15","1.1","92","6.9","610","8000","0.094","0.009","0.019","7.5","<0.2","33.6","2.6","0.72","3.3","19.8","0.25","0.26","0.36","0.35","3.7","0.001","<0.5"
"Victoria Harbour","VM7","2024-03-01","1","Bottom Water","0.4","0.12","0.9","80","6","500","1400","0.084","0.008","0.014","7.5","<0.2","33.6","2.6","0.68","4.5","19.7","0.21","0.25","0.34","0.05","3.9","0.001","0.6"
"Victoria Harbour","VM7","2024-04-03","1","Surface Water","1.1","0.14","4.5","83","5.9","210","640","0.17","0.005","0.006","8.2","1","31.9","4.2","0.16","2.8","23.7","0.32","0.38","0.56","0.06","1.1","0.009","1.2"
"Victoria Harbour","VM7","2024-04-03","1","Middle Water","0.9","0.18","4.6","97","6.9","300","640","0.16","0.005","0.01","8.2","0.6","32","4.2","0.14","4.1","23.6","0.35","0.39","0.56","0.07","0.6","0.011","1.3"
"Victoria Harbour","VM7","2024-04-03","1","Bottom Water","0.8","0.2","4.5","96","6.8","310","570","0.16","0.005","0.01","8.2","<0.2","32.3","4.2","0.13","3.5","23.4","0.37","0.52","0.69","0.08","0.7","0.011","1.2"
"Victoria Harbour","VM7","2024-05-02","1","Surface Water","<0.1","0.18","0.9","81","5.7","2700","6200","0.29","0.023","0.025","7.4","0.7","29.2","2.8","1.3","1.2","25","0.49","0.29","0.6","0.08","2.9","0.002","<0.5"
"Victoria Harbour","VM7","2024-05-02","1","Middle Water","0.3","0.17","1","78","5.4","810","1800","0.26","0.019","0.018","7.4","<0.2","29.5","2.8","1.2","3","25","0.45","0.27","0.55","0.07","2.8","0.002","0.5"
"Victoria Harbour","VM7","2024-05-02","1","Bottom Water","<0.1","0.1","1.2","81","5.6","1200","2200","0.18","0.011","0.011","7.4","<0.2","31.4","2.8","0.83","2.8","25","0.29","0.24","0.43","0.09","3.4","0.001","0.6"
"Victoria Harbour","VM7","2024-06-03","1","Surface Water","1","0.23","1.2","63","4.3","2600","3600","0.2","0.014","0.018","8","0.3","29","2.5","1.4","2.5","26.3","0.44","0.33","0.54","0.06","1.7","0.011","1"
"Victoria Harbour","VM7","2024-06-03","1","Middle Water","0.1","0.25","0.6","61","4.2","2300","3100","0.18","0.014","0.016","8","0.5","28.9","2.5","1.3","2.8","26.4","0.44","0.36","0.55","0.07","2.9","0.012","0.9"
"Victoria Harbour","VM7","2024-06-03","1","Bottom Water","<0.1","0.22","0.8","61","4.2","1700","2200","0.16","0.012","0.048","8","0.4","29.3","2.5","1.3","5.5","26.3","0.39","0.34","0.51","0.07","7.3","0.011","1.6"
"Victoria Harbour","VM7","2024-07-10","1","Surface Water","1.6","0.036","37","98","6.7","200","520","0.42","0.031","0.004","7.7","5.8","23.6","2.1","0.76","4.2","28.5","0.49","0.27","0.72","0.06","3.5","<0.001","1.1"
"Victoria Harbour","VM7","2024-07-10","1","Middle Water","1.3","0.12","24","130","8.9","420","800","0.44","0.03","0.018","7.5","5.9","25.2","2.1","1.4","3.3","27.8","0.59","0.33","0.8","0.08","3.5","0.002","<0.5"
"Victoria Harbour","VM7","2024-07-10","1","Bottom Water","0.5","0.11","7.3","103","7.1","2200","4200","0.28","0.022","0.022","7.3","3.1","26","2.1","1.8","3.2","27.3","0.41","0.27","0.57","0.11","3.5","0.001","<0.5"
"Victoria Harbour","VM7","2024-08-07","1","Surface Water","2.9","0.11","19","80","5.3","170","330","0.23","0.023","<0.002","8.2","5","30","2.4","0.67","5.5","27.5","0.36","0.72","0.97","0.24","2.6","0.008","2.8"
"Victoria Harbour","VM7","2024-08-07","1","Middle Water","2.8","0.087","22","84","5.7","80","260","0.22","0.025","<0.002","8.1","3.1","30.3","2.4","0.64","9.6","26.5","0.33","0.46","0.71","0.11","3.2","0.005","4.2"
"Victoria Harbour","VM7","2024-08-07","1","Bottom Water","2.7","0.084","20","75","5.1","140","900","0.22","0.024","<0.002","8","5.9","30.8","2.4","0.65","5.3","26","0.33","0.45","0.69","0.11","2.7","0.004","2.6"
"Victoria Harbour","VM7","2024-09-20","1","Surface Water","<0.1","0.25","1.1","95","6.1","13000","26000","0.13","0.039","0.023","7.9","<0.2","30.6","2.1","1.6","6.3","29.3","0.42","0.31","0.48","0.09","4.6","0.012","1.2"
"Victoria Harbour","VM7","2024-09-20","1","Middle Water","1.1","0.29","0.8","62","4","7000","14000","0.1","0.034","0.024","7.9","0.3","30.8","2.1","1.5","6.8","29.3","0.42","0.35","0.48","0.11","4.6","0.014","1.6"
"Victoria Harbour","VM7","2024-09-20","1","Bottom Water","1","0.16","0.6","54","3.5","10000","28000","0.037","0.01","0.017","7.9","<0.2","30.8","2.1","0.87","7","29.3","0.21","0.17","0.22","0.1","5","0.008","1.5"
"Victoria Harbour","VM7","2024-10-04","1","Surface Water","0.1","0.038","0.9","80","5.1","450","1300","0.041","0.009","0.005","7.8","0.7","32.3","2","0.42","7.3","28.8","0.09","0.22","0.27","0.12","4.6","0.001","2.1"
"Victoria Harbour","VM7","2024-10-04","1","Middle Water","<0.1","0.041","1","72","4.7","780","1900","0.042","0.007","0.006","7.8","0.9","32.3","2","0.44","6.4","28.4","0.09","0.43","0.48","0.44","5.5","0.001","1.4"
"Victoria Harbour","VM7","2024-10-04","1","Bottom Water","<0.1","0.037","1.8","71","4.6","520","1100","0.037","0.006","0.006","7.8","1.6","32.2","2","0.48","6.2","28.6","0.08","0.21","0.25","0.12","5.5","0.001","1.2"
"Victoria Harbour","VM7","2024-11-04","1","Surface Water","0.4","0.1","1.5","60","4","210","780","0.1","0.048","0.019","7.8","1.2","32.5","2.3","1.1","5.2","26.5","0.25","0.24","0.39","0.17","4","0.003","1.1"
"Victoria Harbour","VM7","2024-11-04","1","Middle Water","<0.1","0.088","0.8","61","4.1","190","860","0.1","0.048","0.018","7.8","0.9","32.5","2.3","1","16","26.5","0.24","0.23","0.38","0.19","4.8","0.002","2.9"
"Victoria Harbour","VM7","2024-11-04","1","Bottom Water","<0.1","0.12","1.4","60","4","210","1600","0.1","0.049","0.015","7.8","1","32.5","2.3","1","7.7","26.4","0.27","0.36","0.51","0.19","5.2","0.003","2.6"
"Victoria Harbour","VM7","2024-12-02","1","Surface Water","0.7","0.17","2.9","65","4.7","3300","4700","0.24","0.023","0.034","7.6","2.2","31.7","2.9","1.7","4.8","22.6","0.43","0.32","0.58","0.13","2.9","0.003","1.4"
"Victoria Harbour","VM7","2024-12-02","1","Middle Water","0.6","0.19","3.1","66","4.8","4900","7300","0.24","0.023","0.031","7.6","2.8","31.7","2.9","1.7","4.6","22.6","0.45","0.34","0.6","0.18","2.8","0.003","0.8"
"Victoria Harbour","VM7","2024-12-02","1","Bottom Water","0.6","0.17","3","71","5.1","3600","5700","0.23","0.021","0.034","7.6","2.4","31.7","2.9","1.7","5.6","22.7","0.42","0.35","0.6","0.18","2.9","0.003","1"
"Victoria Harbour","VM8","2024-01-03","1","Surface Water","0.5","0.25","0.8","81","6.1","13000","24000","0.12","0.049","0.023","7.6","<0.2","32.9","3.4","0.99","3.4","20","0.42","0.43","0.6","0.06","3.1","0.003","1.5"
"Victoria Harbour","VM8","2024-01-03","1","Middle Water","0.6","0.24","0.7","80","6","14000","25000","0.12","0.049","0.015","7.6","0.5","32.9","3.4","0.96","1.8","20","0.41","0.34","0.51","0.05","2.9","0.003","0.9"
"Victoria Harbour","VM8","2024-01-03","1","Bottom Water","0.4","0.18","0.4","82","6.1","9000","18000","0.1","0.049","0.017","7.7","0.3","33.1","3.4","0.97","3.6","20","0.33","0.28","0.43","0.06","3.4","0.002","1.2"
"Victoria Harbour","VM8","2024-02-01","1","Surface Water","0.8","0.22","0.6","80","6","8000","13000","0.038","0.004","0.02","7.8","<0.2","33.9","3.1","0.49","5.6","19.4","0.26","0.45","0.49","0.05","3.8","0.004","1.2"
"Victoria Harbour","VM8","2024-02-01","1","Middle Water","0.7","0.17","0.7","84","6.3","4900","6300","0.037","0.003","0.006","7.8","<0.2","34","3.1","0.46","3.2","19.5","0.21","0.42","0.46","0.04","3.6","0.003","<0.5"
"Victoria Harbour","VM8","2024-02-01","1","Bottom Water","0.5","0.11","0.6","86","6.5","1900","2700","0.029","0.003","<0.002","7.9","<0.2","34.1","3.1","0.46","4.5","19.4","0.14","0.17","0.2","0.04","4.5","0.002","0.5"
"Victoria Harbour","VM8","2024-03-01","1","Surface Water","0.6","0.2","2.1","112","8.6","8400","12000","0.078","0.006","0.016","7.5","<0.2","33.4","2.9","0.64","3.2","18.6","0.28","0.4","0.48","0.25","3.6","0.002","<0.5"
"Victoria Harbour","VM8","2024-03-01","1","Middle Water","0.6","0.16","1.8","148","11.1","9800","21000","0.058","0.004","0.016","7.5","<0.2","33.4","2.9","0.48","3.7","19.6","0.22","0.31","0.37","0.18","3.4","0.002","<0.5"
"Victoria Harbour","VM8","2024-03-01","1","Bottom Water","0.5","0.11","1.7","79","5.9","13000","20000","0.045","0.003","0.024","7.6","1","33.7","2.9","0.38","3.5","19.7","0.16","0.27","0.32","0.04","3.4","0.001","<0.5"
"Victoria Harbour","VM8","2024-04-03","1","Surface Water","1.1","0.062","4.5","94","6.7","13","36","0.18","0.004","0.003","8.2","1.1","31.6","3.2","0.12","1.6","23.7","0.25","0.26","0.44","0.05","0.5","0.004","0.7"
"Victoria Harbour","VM8","2024-04-03","1","Middle Water","0.9","0.078","4.1","107","7.5","47","100","0.17","0.004","0.006","8.2","0.4","31.8","3.2","0.11","2.2","23.6","0.25","0.29","0.46","0.06","0.5","0.005","0.9"
"Victoria Harbour","VM8","2024-04-03","1","Bottom Water","0.8","0.078","5.7","90","6.4","20","100","0.17","0.004","0.005","8.2","<0.2","32.8","3.2","0.1","2.8","23.1","0.25","0.28","0.45","0.06","0.9","0.004","1"
"Victoria Harbour","VM8","2024-05-02","1","Surface Water","0.3","0.17","0.9","95","6.7","2900","4800","0.27","0.021","0.021","7.4","<0.2","29.4","2.6","1.2","1.4","24.8","0.46","0.28","0.57","0.07","2.7","0.002","<0.5"
"Victoria Harbour","VM8","2024-05-02","1","Middle Water","<0.1","0.16","0.9","75","5.3","2200","5900","0.27","0.021","0.019","7.4","0.3","29.5","2.6","1.2","2.8","25","0.45","0.31","0.6","0.07","2.6","0.002","0.6"
"Victoria Harbour","VM8","2024-05-02","1","Bottom Water","1.4","0.11","1","64","4.5","4800","10000","0.19","0.013","0.012","7.5","<0.2","30","2.6","0.93","4.8","24.9","0.31","0.22","0.42","0.07","3.5","0.001","0.8"
"Victoria Harbour","VM8","2024-06-03","1","Surface Water","<0.1","0.21","1.7","68","4.7","800","1200","0.26","0.019","0.018","8","0.3","28","2.3","1.7","3.8","26.3","0.49","0.31","0.59","0.07","2.5","0.01","1.3"
"Victoria Harbour","VM8","2024-06-03","1","Middle Water","<0.1","0.23","1.3","63","4.3","1100","1700","0.26","0.018","0.017","8","0.4","27.9","2.3","1.7","3.1","26.3","0.51","0.33","0.61","0.06","2.4","0.011","1.2"
"Victoria Harbour","VM8","2024-06-03","1","Bottom Water","<0.1","0.14","0.9","54","3.7","1100","2100","0.21","0.015","0.013","8.1","0.4","27.9","2.3","1.5","4.9","26.3","0.37","0.23","0.46","0.06","9.3","0.008","2"
"Victoria Harbour","VM8","2024-07-10","1","Surface Water","2.3","0.032","41","120","8.2","300","490","0.39","0.031","<0.002","7.7","6.7","23.6","2","0.75","4.3","28.4","0.45","0.32","0.74","0.06","3.7","<0.001","1"
"Victoria Harbour","VM8","2024-07-10","1","Middle Water","1.1","0.08","23","114","7.9","1500","2800","0.47","0.029","0.01","7.5","6.7","25.2","2","1.7","4.7","27.5","0.58","0.34","0.84","0.07","3.4","0.001","1.4"
"Victoria Harbour","VM8","2024-07-10","1","Bottom Water","0.1","0.098","5.1","43","2.9","280","630","0.25","0.018","0.024","7.2","2.8","32.1","2","2.1","4.6","25.2","0.37","0.21","0.48","0.12","3.7","<0.001","<0.5"
"Victoria Harbour","VM8","2024-08-07","1","Surface Water","1.9","0.017","18","82","5.4","61","100","0.25","0.027","<0.002","8.2","4.2","28.7","2.7","0.94","13","28.5","0.29","0.34","0.62","0.49","1.6","0.001","4"
"Victoria Harbour","VM8","2024-08-07","1","Middle Water","2.3","0.028","19","93","6.4","48","100","0.24","0.028","<0.002","8.1","2.5","30","2.7","0.88","6.4","26.2","0.3","0.32","0.59","0.08","2.9","0.002","2.4"
"Victoria Harbour","VM8","2024-08-07","1","Bottom Water","1.5","0.016","19","79","5.4","40","210","0.26","0.026","<0.002","7.9","3","30.6","2.7","0.98","5.4","25.8","0.3","0.24","0.53","0.09","4.4","<0.001","2.2"
"Victoria Harbour","VM8","2024-09-20","1","Surface Water","1","0.33","1.7","73","6.8","7100","16000","0.14","0.039","0.024","7.9","<0.2","30.5","2.2","1.6","4.5","29.3","0.51","0.39","0.57","0.1","3.9","0.016","1.4"
"Victoria Harbour","VM8","2024-09-20","1","Middle Water","1","0.26","1.3","53","3.4","7600","17000","0.3","0.12","0.031","7.9","0.2","30.6","2.2","4.2","5.4","29.3","0.68","0.29","0.71","0.1","4.7","0.013","1.2"
"Victoria Harbour","VM8","2024-09-20","1","Bottom Water","0.8","0.18","0.9","47","3","8000","16000","0.041","0.011","0.015","8","0.4","30.7","2.2","0.91","12","29.2","0.23","0.19","0.24","0.1","9","0.01","2.8"
"Victoria Harbour","VM8","2024-10-04","1","Surface Water","0.2","0.057","1.8","75","4.8","2600","5400","0.033","0.011","0.006","7.8","0.5","32.4","2","0.48","4.2","28.5","0.1","0.2","0.24","0.12","4.8","0.002","1.2"
"Victoria Harbour","VM8","2024-10-04","1","Middle Water","0.2","0.056","2.6","71","4.6","3700","7400","0.032","0.008","0.009","7.8","<0.2","32.3","2","0.52","6.7","28.6","0.1","0.48","0.52","0.49","6.1","0.002","1.4"
"Victoria Harbour","VM8","2024-10-04","1","Bottom Water","0.2","0.039","1.6","69","4.5","1900","9000","0.025","0.008","0.004","7.8","1.3","32.4","2","0.63","6.2","28.6","0.07","0.19","0.22","0.12","9.1","0.001","1.3"
"Victoria Harbour","VM8","2024-11-04","1","Surface Water","0.4","0.14","1.7","92","6.1","350","1000","0.079","0.053","0.019","7.8","0.7","32.6","2.2","1","5.3","26.6","0.27","0.3","0.43","0.18","5.2","0.004","1.4"
"Victoria Harbour","VM8","2024-11-04","1","Middle Water","0.2","0.13","1.4","61","4.1","440","1200","0.078","0.06","0.017","7.8","1.4","32.5","2.2","1","5.9","26.5","0.27","0.29","0.43","0.18","4.4","0.004","1.3"
"Victoria Harbour","VM8","2024-11-04","1","Bottom Water","0.3","0.097","1","59","3.9","750","1100","0.069","0.061","0.017","7.8","0.4","32.6","2.2","1.1","6.9","26.5","0.23","0.24","0.37","0.17","6.9","0.003","1.1"
"Victoria Harbour","VM8","2024-12-02","1","Surface Water","0.5","0.17","2.2","83","6","3900","6100","0.23","0.019","0.033","7.6","1.6","31.8","2.4","1.9","6.2","22.6","0.42","0.31","0.56","0.09","3.8","0.003","1.4"
"Victoria Harbour","VM8","2024-12-02","1","Middle Water","0.4","0.15","2","70","5","3600","5100","0.22","0.02","0.028","7.6","1.8","31.8","2.4","1.8","5.2","22.6","0.39","0.33","0.57","0.16","3.9","0.002","1.1"
"Victoria Harbour","VM8","2024-12-02","1","Bottom Water","0.4","0.11","1.7","55","3.9","2200","3300","0.22","0.017","0.032","7.6","1.1","31.7","2.4","1.9","23","22.5","0.35","0.22","0.46","0.17","4.6","0.002","3.2"
"Victoria Harbour","VT10","2024-01-22","1","Surface Water","1","0.27","3.3","52","3.9","2400","6900","0.098","0.011","0.025","7.6","0.4","32.3","2.1","0.39","2.8","19.3","0.38","0.3","0.41","0.07","2.8","0.003","1.6"
"Victoria Harbour","VT10","2024-01-22","1","Bottom Water","0.5","0.18","3.1","62","4.7","2800","5700","0.089","0.009","0.019","7.6","0.8","32.7","2.1","0.32","4","20.2","0.28","0.34","0.44","0.05","3.1","0.002","1.4"
"Victoria Harbour","VT10","2024-03-21","1","Surface Water","0.8","0.36","1","112","8.4","80","410","0.14","0.009","0.035","7.5","<0.2","33.3","2.4","0.64","4.5","19.9","0.51","0.48","0.63","0.14","3.4","0.003","0.6"
"Victoria Harbour","VT10","2024-03-21","1","Bottom Water","0.5","0.16","1.7","140","10.4","110","310","0.14","0.011","0.013","7.5","0.6","33.4","2.4","0.61","2.4","20.4","0.31","0.47","0.62","0.18","2.9","0.002","1.8"
"Victoria Harbour","VT10","2024-05-20","1","Surface Water","0.8","0.22","2.4","103","7.1","17000","32000","0.065","0.012","0.013","8","1.4","30.4","2.2","0.24","4","25.7","0.3","0.42","0.5","0.07","1.9","0.01","1.4"
"Victoria Harbour","VT10","2024-05-20","1","Bottom Water","0.7","0.19","2.2","60","4.1","8000","24000","0.065","0.011","0.016","8","1.5","30.6","2.2","0.21","4.3","25.8","0.27","0.39","0.47","0.07","2.7","0.009","1.5"
"Victoria Harbour","VT10","2024-07-22","1","Surface Water","1.3","0.39","0.9","117","7.8","2700","6200","0.18","0.035","0.04","7.2","<0.2","27.8","2.5","1.4","3.6","28.3","0.61","0.67","0.89","0.12","3","0.004","1.4"
"Victoria Harbour","VT10","2024-07-22","1","Bottom Water","1","0.36","0.7","40","2.7","5100","10000","0.18","0.035","0.031","7.2","0.2","28","2.5","1.6","3.4","27.7","0.58","0.53","0.75","0.09","3.7","0.003","1.2"
"Victoria Harbour","VT10","2024-09-26","1","Surface Water","1.7","0.42","1.8","32","2","6100","13000","0.099","0.041","0.051","7.7","<0.2","29.4","1.8","2.1","5","29.7","0.56","0.97","1.11","0.2","2.5","0.015","1.5"
"Victoria Harbour","VT10","2024-09-26","1","Bottom Water","2","0.36","1.9","29","1.9","19000","38000","0.1","0.044","0.038","7.8","1.6","29.5","1.8","2.1","7.8","29.6","0.5","0.82","0.96","0.18","2.8","0.014","1.6"
"Victoria Harbour","VT10","2024-11-07","1","Surface Water","0.6","0.21","7.2","47","3.2","440","550","0.11","0.054","0.018","7.7","<0.2","32.2","1.9","0.78","3.8","26.1","0.37","0.34","0.5","0.14","2.9","0.005","0.8"
"Victoria Harbour","VT10","2024-11-07","1","Bottom Water","0.3","0.21","5.7","54","3.6","540","820","0.11","0.056","0.025","7.7","0.7","32","1.9","0.9","3.6","26.5","0.38","0.38","0.55","0.15","4","0.005","1.8"
"Victoria Harbour","VT11","2024-01-22","1","Surface Water","<0.1","0.057","1.4","92","6.8","270","460","0.06","0.005","0.009","7.7","0.4","33.4","2.6","0.27","3.1","20","0.12","0.17","0.24","0.03","3.2","<0.001","0.8"
"Victoria Harbour","VT11","2024-01-22","1","Middle Water","<0.1","0.066","1.3","92","6.9","210","480","0.061","0.005","0.012","7.7","0.5","33.4","2.6","0.28","6.4","20","0.13","0.15","0.22","0.04","3.3","<0.001","2.7"
"Victoria Harbour","VT11","2024-01-22","1","Bottom Water","<0.1","0.068","1.5","93","6.9","250","520","0.058","0.005","0.01","7.7","<0.2","33.4","2.6","0.28","3.4","20","0.13","0.17","0.23","0.04","3.6","<0.001","1"
"Victoria Harbour","VT11","2024-02-03","1","Surface Water","0.4","0.23","1.1","86","6.5","3400","5000","0.12","0.017","0.026","7.9","<0.2","33.3","1.7","0.9","5.2","19.7","0.37","0.46","0.6","0.09","0.8","0.005","1.3"
"Victoria Harbour","VT11","2024-02-03","1","Middle Water","0.5","0.23","0.8","65","4.9","9000","12000","0.12","0.019","0.03","7.9","<0.2","33.3","1.7","0.94","3.4","19.7","0.37","0.43","0.57","0.08","0.8","0.005","0.9"
"Victoria Harbour","VT11","2024-02-03","1","Bottom Water","0.3","0.23","0.9","76","5.7","4700","7300","0.12","0.017","0.041","7.9","<0.2","33.6","1.7","0.86","3.9","19.5","0.37","0.38","0.52","0.08","1.1","0.005","0.8"
"Victoria Harbour","VT11","2024-03-21","1","Surface Water","0.1","0.11","0.7","95","7.1","8","14","0.097","0.003","0.003","7.6","<0.2","33.8","2.4","0.53","5.4","19.9","0.21","0.2","0.3","0.11","3.3","0.001","<0.5"
"Victoria Harbour","VT11","2024-03-21","1","Middle Water","0.1","<0.005","1.1","91","6.8","12","23","0.095","0.006","0.003","7.6","<0.2","33.9","2.4","0.5","4.9","20.1","0.11","0.2","0.3","0.11","3.6","<0.001","0.7"
"Victoria Harbour","VT11","2024-03-21","1","Bottom Water","<0.1","0.062","1","87","6.5","11","41","0.098","0.003","0.013","7.6","<0.2","33.9","2.4","0.49","4","20.1","0.16","0.26","0.36","0.11","3.4","<0.001","<0.5"
"Victoria Harbour","VT11","2024-04-11","1","Surface Water","0.6","0.39","1.3","113","8","1000","2400","0.34","0.099","0.13","7.4","0.5","32","3.6","0.88","3.4","23.9","0.83","0.51","0.95","0.24","3","0.004","0.9"
"Victoria Harbour","VT11","2024-04-11","1","Middle Water","0.6","0.29","1.1","132","9.3","760","1500","0.27","0.063","0.088","7.4","0.3","32.4","3.6","0.66","2.1","23.6","0.62","0.4","0.73","0.22","3.1","0.003","0.7"
"Victoria Harbour","VT11","2024-04-11","1","Bottom Water","0.5","0.17","1.6","153","10.8","610","1400","0.15","0.021","0.04","7.5","0.4","32.5","3.6","0.42","1.5","23.6","0.34","0.31","0.48","0.12","3.1","0.002","0.8"
"Victoria Harbour","VT11","2024-05-20","1","Surface Water","1.1","0.062","2.8","94","6.4","710","2000","0.039","0.007","<0.002","8.1","1","31.4","2.5","0.23","3","25.7","0.11","0.27","0.32","0.05","3.1","0.003","1"
"Victoria Harbour","VT11","2024-05-20","1","Middle Water","1","0.085","3.4","75","5.1","680","1300","0.048","0.011","0.008","8.1","1.1","31.3","2.5","0.24","4.5","25.7","0.14","0.26","0.32","0.05","3.7","0.005","1.4"
"Victoria Harbour","VT11","2024-05-20","1","Bottom Water","1.5","0.074","2.4","72","4.9","640","2000","0.039","0.007","0.011","8.1","1","31.4","2.5","0.22","5.1","25.8","0.12","0.24","0.29","0.05","2.9","0.004","1.1"
"Victoria Harbour","VT11","2024-06-21","1","Surface Water","2.7","0.056","36","100","6.8","530","1100","0.32","0.047","<0.002","8.2","6.8","25.2","2.3","0.35","6.8","28.2","0.42","0.34","0.71","0.07","3.1","0.005","1.8"
"Victoria Harbour","VT11","2024-06-21","1","Middle Water","2.3","0.055","37","100","6.8","900","2800","0.32","0.047","0.031","8.2","7.7","25.3","2.3","0.36","11","28.1","0.42","0.38","0.75","0.06","3.4","0.005","2.4"
"Victoria Harbour","VT11","2024-06-21","1","Bottom Water","3.8","0.061","33","102","6.9","1000","2300","0.3","0.048","<0.002","8.2","7.6","25.4","2.3","0.38","7","28.1","0.41","0.35","0.7","0.06","3.4","0.005","1.4"
"Victoria Harbour","VT11","2024-07-22","1","Surface Water","1.4","0.096","0.6","101","6.6","38","120","0.17","0.02","0.008","7.5","<0.2","28.4","3","1.1","4.3","29.3","0.29","0.26","0.45","0.05","3.5","0.002","1.9"
"Victoria Harbour","VT11","2024-07-22","1","Middle Water","1","0.11","0.6","115","7.6","51","180","0.17","0.021","0.01","7.5","0.4","28.5","3","1.1","3.5","28.8","0.3","0.3","0.49","0.06","3.6","0.002","1.4"
"Victoria Harbour","VT11","2024-07-22","1","Bottom Water","1","0.1","0.6","129","8.5","46","120","0.17","0.023","0.01","7.5","<0.2","28.5","3","1.2","5.9","28.8","0.29","0.29","0.48","0.06","3.9","0.002","3.1"
"Victoria Harbour","VT11","2024-08-05","1","Surface Water","1.5","0.034","9.7","89","6.1","78","200","0.18","0.027","0.002","8","3.7","30.5","2.8","0.58","6","26.1","0.24","0.25","0.46","0.09","5.2","0.002","2.6"
"Victoria Harbour","VT11","2024-08-05","1","Middle Water","1.8","0.048","8.2","80","5.5","88","180","0.19","0.027","0.01","7.9","3","31.9","2.8","0.55","4.4","24.9","0.27","0.26","0.48","0.11","4.4","0.002","1.8"
"Victoria Harbour","VT11","2024-08-05","1","Bottom Water","0.7","0.036","6.5","64","4.5","120","290","0.16","0.023","0.012","7.9","3.4","32.8","2.8","0.75","4.8","24.1","0.22","0.21","0.39","0.11","4.9","0.001","1.6"
"Victoria Harbour","VT11","2024-09-26","1","Surface Water","<0.1","0.19","2.3","59","3.8","220","1000","0.004","<0.002","0.072","8","0.3","30.7","2.2","3.6","4.7","29.5","0.2","0.42","0.43","0.2","3.3","0.011","1"
"Victoria Harbour","VT11","2024-09-26","1","Middle Water","1","0.16","2.8","61","3.9","520","1900","0.39","0.044","0.034","8","1.9","30.8","2.2","1.6","5.4","29.4","0.59","0.47","0.9","0.19","3.7","0.009","1"
"Victoria Harbour","VT11","2024-09-26","1","Bottom Water","<0.1","0.19","1.7","51","3.3","1200","2000","0.23","0.039","0.028","8","<0.2","30.8","2.2","1.5","7.6","29.3","0.46","0.39","0.66","0.16","4.6","0.01","1.2"
"Victoria Harbour","VT11","2024-10-07","1","Surface Water","0.8","0.16","2.6","89","5.7","1300","3100","0.19","0.035","0.032","7.6","1.2","31.6","1.6","0.92","4.5","29.3","0.39","0.31","0.54","0.19","3.4","0.004","1.4"
"Victoria Harbour","VT11","2024-10-07","1","Middle Water","0.7","0.13","1.9","69","4.4","680","2600","0.13","0.023","0.024","7.6","1.9","32.1","1.6","0.83","5.6","29.1","0.28","0.29","0.44","0.16","5.8","0.003","1.6"
"Victoria Harbour","VT11","2024-10-07","1","Bottom Water","0.5","0.14","1.5","59","3.8","400","1300","0.11","0.019","0.024","7.6","1.5","32.2","1.6","0.87","3.6","29","0.27","0.29","0.42","0.15","6.6","0.004","1.2"
"Victoria Harbour","VT11","2024-11-07","1","Surface Water","0.5","0.13","1.9","56","3.8","240","1400","0.23","0.077","0.045","7.8","1.8","32","2.1","1.1","3.4","26.3","0.44","0.29","0.6","0.19","2.1","0.004","1.4"
"Victoria Harbour","VT11","2024-11-07","1","Middle Water","0.3","0.15","2.2","69","4.6","300","1400","0.22","0.081","0.044","7.8","1","32.1","2.1","1.1","4.4","26.3","0.45","0.23","0.53","0.23","3.4","0.004","1.2"
"Victoria Harbour","VT11","2024-11-07","1","Bottom Water","0.2","0.088","1.7","57","3.9","320","1000","0.17","0.064","0.022","7.8","1.3","32","2.1","1.1","3.2","26.2","0.32","0.2","0.43","0.15","4.1","0.003","1.2"
"Victoria Harbour","VT11","2024-12-10","1","Surface Water","0.5","0.089","5.5","113","8.3","33","80","0.23","0.015","0.016","7.6","1.2","29","1.9","0.48","5.6","21.9","0.33","0.23","0.48","0.27","2.3","0.001","1.4"
"Victoria Harbour","VT11","2024-12-10","1","Middle Water","0.3","0.087","3","133","9.7","49","110","0.22","0.014","0.017","7.7","1.2","31.6","1.9","0.49","4.3","22","0.32","0.23","0.46","0.3","2.6","0.001","1.2"
"Victoria Harbour","VT11","2024-12-10","1","Bottom Water","0.4","0.098","2","94","6.8","47","180","0.22","0.015","0.018","7.7","0.3","31.6","1.9","0.56","2.7","22","0.33","0.2","0.44","0.05","3.1","0.002","0.8"
"Victoria Harbour","VT12","2024-01-22","1","Surface Water","0.4","0.24","5.4","95","7.3","2900","7500","0.11","0.012","0.027","7.6","2.5","32.3","2.2","0.44","8.7","18.7","0.36","0.45","0.57","0.07","3.8","0.003","2"
"Victoria Harbour","VT12","2024-01-22","1","Bottom Water","<0.1","0.2","4.8","65","4.9","2100","3300","0.093","0.011","0.023","7.6","1.5","32.5","2.2","0.34","4.3","20.3","0.3","0.39","0.49","0.06","4.5","0.003","1.8"
"Victoria Harbour","VT12","2024-03-21","1","Surface Water","0.3","0.33","0.9","111","8.3","400","590","0.16","0.014","0.042","7.4","<0.2","32.9","1.9","1","9.6","20.1","0.5","0.65","0.82","0.15","3.8","0.003","1.3"
"Victoria Harbour","VT12","2024-03-21","1","Bottom Water","0.3","0.3","1.4","134","10","300","570","0.15","0.013","0.043","7.4","0.4","33.1","1.9","0.84","5.6","20.4","0.46","0.44","0.6","0.17","10.7","0.003","0.8"
"Victoria Harbour","VT12","2024-05-20","1","Surface Water","1.6","0.28","2.7","97","6.7","27000","46000","0.071","0.017","0.028","7.9","1.7","29.8","1.5","0.65","4.7","25.9","0.37","0.5","0.59","0.1","3.2","0.011","1.4"
"Victoria Harbour","VT12","2024-05-20","1","Bottom Water","1.4","0.23","2.5","56","3.8","21000","36000","0.068","0.013","0.03","8","1.6","30.3","1.5","0.52","4.4","25.9","0.31","0.41","0.49","0.09","3.5","0.01","1.3"
"Victoria Harbour","VT12","2024-07-22","1","Surface Water","0.5","0.44","1.8","29","1.9","160","630","0.14","0.028","0.045","7.2","0.7","27.5","2.2","1.7","6.4","28.3","0.61","0.67","0.84","0.13","3.6","0.004","2.4"
"Victoria Harbour","VT12","2024-07-22","1","Bottom Water","0.3","0.43","0.6","35","2.4","460","1300","0.14","0.027","0.059","7.2","0.2","27.9","2.2","2.1","4.8","27.6","0.6","0.62","0.79","0.15","4","0.003","2"
"Victoria Harbour","VT12","2024-09-26","1","Surface Water","1","0.26","1.4","37","2.4","180","800","0.28","0.039","0.033","7.8","0.8","30.1","2.3","1.6","4.6","29.9","0.58","0.58","0.9","0.18","0.8","0.011","0.9"
"Victoria Harbour","VT12","2024-09-26","1","Bottom Water","0.9","0.28","1","33","2.1","760","2600","0.12","0.048","0.041","7.8","0.5","30.3","2.3","2.1","9","29.6","0.45","0.51","0.68","0.18","6.4","0.012","1.2"
"Victoria Harbour","VT12","2024-11-07","1","Surface Water","0.9","0.21","8.2","68","4.5","700","1200","0.1","0.05","0.023","7.7","4","32","1.8","0.82","2.5","26.5","0.36","0.37","0.52","0.15","1.6","0.005","0.8"
"Victoria Harbour","VT12","2024-11-07","1","Bottom Water","0.6","0.19","6.5","60","4","1300","1800","0.11","0.051","0.022","7.7","3.9","32","1.8","0.98","6.2","26.5","0.35","0.41","0.57","0.16","5.1","0.005","1.5"
"Victoria Harbour","VT2","2024-01-22","1","Surface Water","0.2","0.078","1.5","101","7.8","900","1600","0.069","0.005","0.013","7.7","0.4","33","3","0.32","2.8","18.6","0.15","0.16","0.23","0.04","3.1","0.001","0.9"
"Victoria Harbour","VT2","2024-01-22","1","Bottom Water","0.2","0.026","0.9","78","5.8","410","750","0.036","0.003","0.006","7.7","0.6","33.2","3","0.27","2.9","20","0.07","0.15","0.19","0.03","2.9","<0.001","<0.5"
"Victoria Harbour","VT2","2024-03-21","1","Surface Water","0.2","0.13","0.6","113","8.5","50","140","0.1","0.004","0.012","7.6","<0.2","32.6","2.3","0.57","3.5","19.5","0.23","0.23","0.33","0.11","3.1","0.002","0.5"
"Victoria Harbour","VT2","2024-03-21","1","Bottom Water","0.4","0.097","0.7","139","10.3","40","90","0.1","0.003","0.018","7.6","0.3","33.8","2.3","0.52","4.2","20.2","0.2","0.17","0.27","0.12","3","0.001","<0.5"
"Victoria Harbour","VT2","2024-05-20","1","Surface Water","0.5","0.16","1.6","105","7.2","7700","13000","0.17","0.012","0.012","8","0.5","30.6","2.2","0.77","3.8","25.8","0.34","0.36","0.54","0.06","1.8","0.008","0.9"
"Victoria Harbour","VT2","2024-05-20","1","Bottom Water","0.2","0.1","2","75","5.1","900","3100","0.062","0.006","0.011","8.1","0.8","31.1","2.2","0.36","4.6","25.8","0.17","0.31","0.38","0.06","3","0.005","1.4"
"Victoria Harbour","VT2","2024-07-22","1","Surface Water","1","0.16","0.2","116","7.9","480","2300","0.19","0.029","0.021","7.4","<0.2","24.4","1.9","1.4","6.1","28.4","0.38","0.35","0.57","0.08","3.7","0.002","2"
"Victoria Harbour","VT2","2024-07-22","1","Bottom Water","0.8","0.18","0.8","55","3.7","480","1900","0.19","0.03","0.016","7.4","<0.2","28.7","1.9","1.4","3.8","27.9","0.4","0.34","0.56","0.1","3.4","0.002","1.3"
"Victoria Harbour","VT2","2024-09-27","1","Surface Water","0.5","0.15","5.9","63","4","10","120","0.01","0.008","0.003","7.9","2.3","29.3","1.9","1.4","3.4","30.7","0.17","0.46","0.48","0.15","1.8","0.007","1.1"
"Victoria Harbour","VT2","2024-09-27","1","Bottom Water","0.5","0.17","2.9","64","4.1","70","240","0.071","0.048","0.005","7.9","1.1","29.9","1.9","2.1","5.5","30.3","0.29","0.36","0.48","0.13","7.8","0.008","1"
"Victoria Harbour","VT2","2024-11-07","1","Surface Water","0.2","0.082","2","57","3.8","330","1600","0.12","0.052","0.015","7.8","1.8","32.3","2.2","1","3.6","26.2","0.25","0.18","0.35","0.13","1.2","0.002","1.1"
"Victoria Harbour","VT2","2024-11-07","1","Bottom Water","<0.1","0.07","1.9","59","4","510","2800","0.13","0.052","0.009","7.8","0.7","32","2.2","1.1","2.2","26.3","0.25","0.24","0.42","0.14","4.6","0.002","0.6"
"Victoria Harbour","VT3","2024-01-22","1","Surface Water","0.3","0.03","1.3","112","8.5","160","280","0.036","<0.002","0.005","7.7","0.4","33.1","3","0.23","2.8","19.3","0.07","0.12","0.16","0.03","2.7","<0.001","1"
"Victoria Harbour","VT3","2024-01-22","1","Bottom Water","0.3","0.029","1.3","136","10.2","90","150","0.032","0.003","0.006","7.7","<0.2","33.3","3","0.27","1.8","19.9","0.06","0.12","0.16","0.03","2.9","<0.001","1"
"Victoria Harbour","VT3","2024-03-21","1","Surface Water","0.4","0.069","0.6","99","7.4","70","80","0.065","0.003","0.004","7.6","<0.2","33.2","2.6","0.45","3.5","20.3","0.14","0.11","0.18","0.09","2.7","<0.001","<0.5"
"Victoria Harbour","VT3","2024-03-21","1","Bottom Water","0.2","0.016","0.7","121","8.9","20","50","0.08","<0.002","0.009","7.6","0.4","34","2.6","0.4","3.9","20.2","0.1","0.3","0.38","0.15","2.7","<0.001","<0.5"
"Victoria Harbour","VT3","2024-05-20","1","Surface Water","0.5","0.062","1.3","110","7.6","10000","13000","0.049","0.005","0.011","8","0.3","31.6","2.8","0.31","4.1","25.6","0.12","0.23","0.28","0.04","1.5","0.003","1.1"
"Victoria Harbour","VT3","2024-05-20","1","Bottom Water","0.4","0.066","0.7","70","4.8","2200","3200","0.042","0.004","0.006","8","<0.2","31.8","2.8","0.31","4.5","25.7","0.11","0.2","0.25","0.05","2.5","0.003","1.4"
"Victoria Harbour","VT3","2024-07-22","1","Surface Water","1.2","0.11","0.2","114","7.6","200","550","0.18","0.024","0.01","7.3","<0.2","28.4","2","1.2","7.9","27.9","0.31","0.26","0.46","0.06","3.4","0.001","2.8"
"Victoria Harbour","VT3","2024-07-22","1","Bottom Water","1.1","0.12","0.5","146","9.7","130","570","0.18","0.024","0.016","7.3","<0.2","28.5","2","1.2","8.8","28.1","0.32","0.29","0.49","0.07","3.7","0.002","2.7"
"Victoria Harbour","VT3","2024-09-26","1","Surface Water","0.2","0.19","1.1","87","5.6","1600","4700","0.12","0.043","0.038","7.8","0.4","29.7","2.1","2.1","3.1","29.2","0.35","0.58","0.74","0.15","2.6","0.007","0.7"
"Victoria Harbour","VT3","2024-09-26","1","Bottom Water","0.3","0.17","1.7","53","3.5","800","1700","0.19","0.033","0.028","7.9","0.6","30.3","2.1","1.9","6.2","29.2","0.39","0.43","0.65","0.15","4.1","0.007","1.2"
"Victoria Harbour","VT3","2024-11-07","1","Surface Water","0.3","0.1","1.4","59","4","3800","5900","0.13","0.052","0.018","7.6","0.6","32.1","2.5","1.1","1.6","25.9","0.28","0.2","0.38","0.13","2.9","0.002","0.6"
"Victoria Harbour","VT3","2024-11-07","1","Bottom Water","0.1","0.062","1.5","64","4.3","1200","1600","0.13","0.052","0.011","7.6","0.4","32.1","2.5","1.1","5.6","26.1","0.24","0.18","0.36","0.14","3.2","0.001","1.3"
"Victoria Harbour","VT4","2024-01-22","1","Surface Water","0.9","0.36","2.8","66","5","640","2300","0.31","0.071","0.11","7.5","1.2","30.4","2.3","0.78","2.8","20.6","0.74","0.55","0.93","0.17","2.8","0.003","1.5"
"Victoria Harbour","VT4","2024-01-22","1","Middle Water","0.2","0.11","2.9","82","6.1","10","50","0.058","0.006","0.03","7.6","1.7","33","2.3","0.45","3.5","20.2","0.17","0.21","0.27","0.06","2.9","0.001","1.3"
"Victoria Harbour","VT4","2024-01-22","1","Bottom Water","0.4","0.11","2.5","83","6.2","67","140","0.068","0.009","0.034","7.6","1.6","33.4","2.3","0.44","6.6","20.2","0.19","0.24","0.32","0.06","3.3","0.001","1.9"
"Victoria Harbour","VT4","2024-02-03","1","Surface Water","<0.1","4.1","0.8","97","7.9","3300","7400","1.2","0.56","0.8","7.7","<0.2","26.8","2.2","5.1","1.8","20.3","5.86","4.6","6.36","0.91","1.2","0.07","0.9"
"Victoria Harbour","VT4","2024-02-03","1","Middle Water","0.4","1.8","1.7","117","8.9","1200","2200","0.6","0.25","0.35","7.8","0.4","32.4","2.2","2.6","2","19.5","2.65","2.1","2.95","0.45","0.3","0.035","<0.5"
"Victoria Harbour","VT4","2024-02-03","1","Bottom Water","0.3","1.7","1.3","128","9.7","1100","3300","0.57","0.24","0.33","7.8","0.2","33.4","2.2","2.6","2.4","19.3","2.51","1.9","2.71","0.43","0.6","0.034","0.8"
"Victoria Harbour","VT4","2024-03-21","1","Surface Water","0.8","0.62","1.9","112","8.6","250","790","0.32","0.17","0.15","7.5","<0.2","28.8","1.9","1.2","1.4","20.1","1.11","0.87","1.36","0.3","2.8","0.006","<0.5"
"Victoria Harbour","VT4","2024-03-21","1","Middle Water","0.5","0.27","2.2","129","9.7","160","240","0.17","0.053","0.055","7.6","0.4","31.5","1.9","0.7","5.6","20.4","0.49","0.38","0.6","0.16","2.8","0.003","<0.5"
"Victoria Harbour","VT4","2024-03-21","1","Bottom Water","0.4","0.1","1.1","150","11.2","82","190","0.13","0.02","0.028","7.6","0.8","32.4","1.9","0.55","4.7","20.3","0.25","0.4","0.55","0.12","3","0.001","<0.5"
"Victoria Harbour","VT4","2024-04-11","1","Surface Water","0.9","0.14","1.6","47","3.3","110","800","0.14","0.008","0.016","7.3","<0.2","30.7","3","0.37","2","23.9","0.29","0.26","0.41","0.07","2.6","0.001","0.7"
"Victoria Harbour","VT4","2024-04-11","1","Middle Water","0.4","0.13","1.7","54","3.8","330","1100","0.14","0.007","0.016","7.4","<0.2","30.6","3","0.34","1.6","24.2","0.28","0.26","0.41","0.09","2.4","0.001","0.8"
"Victoria Harbour","VT4","2024-04-11","1","Bottom Water","0.4","0.09","1.1","59","4.1","28","82","0.11","0.006","0.014","7.5","<0.2","32.4","3","0.33","9.4","23.8","0.21","0.18","0.3","0.07","2.8","0.001","4.2"
"Victoria Harbour","VT4","2024-05-20","1","Surface Water","1.2","2.4","1.3","86","6.1","8000","26000","1.3","0.74","0.67","7.6","0.3","21.7","2","5.1","3","26.1","4.44","2.8","4.84","0.96","1.3","0.055","1.3"
"Victoria Harbour","VT4","2024-05-20","1","Middle Water","1.2","1.3","6.8","77","5.3","2900","8000","0.78","0.37","0.36","8","4.6","29.7","2","2.1","4.5","26.1","2.45","1.5","2.65","0.55","1.2","0.064","1.7"
"Victoria Harbour","VT4","2024-05-20","1","Bottom Water","1.1","1","3.8","52","3.5","2200","11000","1.4","0.75","0.3","8.1","2.5","30.8","2","2.1","4.6","25.9","3.15","1.4","3.55","0.47","1.8","0.053","1.5"
"Victoria Harbour","VT4","2024-06-21","1","Surface Water","1.7","3","19","91","6.3","12000","31000","1.2","1.1","0.3","8","6.7","21.1","1.6","6.8","3.7","28.8","5.3","4.1","6.4","0.41","2.8","0.194","1.6"
"Victoria Harbour","VT4","2024-06-21","1","Middle Water","2.5","1.7","25","107","7.4","11000","20000","0.78","0.54","0.16","8.1","9.9","22.9","1.6","3.6","4.4","28.4","3.02","2.2","3.52","0.28","2.3","0.116","0.9"
"Victoria Harbour","VT4","2024-06-21","1","Bottom Water","1.6","1.1","17","84","5.7","3800","7600","0.54","0.37","0.1","8","6.2","28.2","1.6","2.8","6.6","27","2.01","1.4","2.31","0.21","1.5","0.059","2.8"
"Victoria Harbour","VT4","2024-07-22","1","Surface Water","1.7","0.38","1.5","96","6.5","670","1200","0.63","0.14","0.14","7.2","1","24.2","2.3","2.6","5.1","28.3","1.15","0.68","1.45","0.24","3.1","0.004","2.3"
"Victoria Harbour","VT4","2024-07-22","1","Middle Water","1.3","0.21","0.6","54","3.6","190","470","0.24","0.043","0.037","7.3","0.3","27.4","2.3","1.6","3","27.9","0.49","0.41","0.69","0.1","3.2","0.002","1.3"
"Victoria Harbour","VT4","2024-07-22","1","Bottom Water","0.8","0.24","1","48","3.2","250","780","0.28","0.053","0.052","7.3","1","28.2","2.3","1.5","4.4","27.6","0.57","0.45","0.78","0.13","3.1","0.003","1.7"
"Victoria Harbour","VT4","2024-08-05","1","Surface Water","2.4","0.13","21","62","4.2","5900","10000","0.29","0.053","0.039","8.2","19","30.4","2.5","0.14","3.8","26.6","0.47","0.52","0.86","0.2","3.5","0.01","2.3"
"Victoria Harbour","VT4","2024-08-05","1","Middle Water","1.5","0.12","15","82","5.6","490","1900","0.27","0.045","0.034","8.1","14","29.8","2.5","0.35","2.6","26.5","0.44","0.47","0.79","0.16","4.1","0.008","1.5"
"Victoria Harbour","VT4","2024-08-05","1","Bottom Water","1","0.082","10","83","5.8","83","210","0.17","0.027","0.02","8","5.1","32.4","2.5","0.87","2.2","24.6","0.28","0.33","0.53","0.13","5.3","0.003","1.1"
"Victoria Harbour","VT4","2024-09-26","1","Surface Water","1.6","1.8","3.3","28","1.9","91000","180000","0.27","0.036","0.035","7.8","2.4","25.9","2.5","2.1","8.8","29.5","2.11","3.1","3.41","0.72","2.2","0.067","2.2"
"Victoria Harbour","VT4","2024-09-26","1","Middle Water","1.7","1","2.2","31","2","55000","110000","0.8","0.29","0.23","7.9","1.5","28.7","2.5","5.3","3.4","29.4","2.09","1.7","2.79","0.49","2.1","0.048","1.3"
"Victoria Harbour","VT4","2024-09-26","1","Bottom Water","1.6","1","1.2","28","1.8","34000","77000","0.83","0.3","0.23","7.9","<0.2","28.6","2.5","5.5","6","29.3","2.13","1.6","2.73","0.45","3.4","0.045","1.4"
"Victoria Harbour","VT4","2024-10-07","1","Surface Water","2.7","1","12","89","6.2","18000","40000","2.3","0.59","0.43","7.8","4.1","17.4","1.6","6.1","4","29.7","3.89","1.6","4.49","0.7","2.6","0.043","2.3"
"Victoria Harbour","VT4","2024-10-07","1","Middle Water","2.3","0.4","9.3","109","7.1","4300","7400","1","0.2","0.19","7.7","7.5","30.9","1.6","2.1","4.2","29","1.6","0.79","1.99","0.4","3","0.013","2.1"
"Victoria Harbour","VT4","2024-10-07","1","Bottom Water","1.9","0.57","7.4","83","5.4","3100","4700","1.2","0.29","0.25","7.7","6.5","30.7","1.6","2.7","5.1","28.9","2.06","0.93","2.42","0.49","3.8","0.017","2.3"
"Victoria Harbour","VT4","2024-11-07","1","Surface Water","1.2","0.8","5.8","66","4.6","200","2800","2.9","0.55","0.52","7.7","1.1","27.9","2.7","5.7","3","26.3","4.25","1.2","4.65","0.73","1.7","0.02","1.3"
"Victoria Harbour","VT4","2024-11-07","1","Middle Water","0.8","0.36","7.5","76","5.1","120","1200","1.2","0.25","0.22","7.7","4.5","29.7","2.7","2.6","3.4","26.6","1.81","0.59","2.04","0.44","2","0.009","1.2"
"Victoria Harbour","VT4","2024-11-07","1","Bottom Water","0.6","0.32","4.8","66","4.5","160","1600","0.98","0.19","0.16","7.7","3.7","29.9","2.7","2.9","2.4","26.7","1.49","0.56","1.73","0.41","2.8","0.008","1.3"
"Victoria Harbour","VT4","2024-12-10","1","Surface Water","0.7","2.9","2.4","93","6.7","2400","4600","2.6","0.54","0.63","7.6","0.8","30.3","2.7","3.6","2.2","22.5","6.04","3.5","6.64","0.75","1.3","0.04","0.9"
"Victoria Harbour","VT4","2024-12-10","1","Middle Water","0.9","0.95","7.5","90","6.5","800","1400","0.97","0.17","0.2","7.7","5.3","30.5","2.7","1.4","3.9","22.7","2.09","1.2","2.34","0.27","1.6","0.017","1.4"
"Victoria Harbour","VT4","2024-12-10","1","Bottom Water","0.4","1.2","1.6","74","5.3","1200","2200","1.2","0.23","0.28","7.7","1.4","31.2","2.7","2","7.3","22.4","2.63","1.4","2.83","0.34","2.6","0.023","1.3"
"Victoria Harbour","VT8","2024-01-22","1","Surface Water","0.5","0.17","2.1","54","4.1","440","1200","0.095","0.007","0.017","7.7","0.4","32.5","2.9","0.28","3.9","19.8","0.27","0.28","0.38","0.04","3.2","0.003","1.7"
"Victoria Harbour","VT8","2024-01-22","1","Bottom Water","0.3","0.16","2.4","88","6.6","440","790","0.091","0.007","0.019","7.7","<0.2","32.8","2.9","0.32","3.4","20.2","0.26","0.18","0.28","0.04","2.8","0.003","1.4"
"Victoria Harbour","VT8","2024-03-21","1","Surface Water","0.5","0.2","2.1","75","5.6","70","110","0.16","0.003","0.022","7.6","<0.2","33.2","2.2","0.63","1.8","20.4","0.36","0.27","0.43","0.11","2.6","0.003","<0.5"
"Victoria Harbour","VT8","2024-03-21","1","Bottom Water","0.3","0.14","2.2","85","6.3","50","70","0.16","<0.002","0.017","7.6","0.3","33.1","2.2","0.53","3.4","20.4","0.3","0.31","0.47","0.07","2.7","0.002","<0.5"
"Victoria Harbour","VT8","2024-05-20","1","Surface Water","0.6","0.11","1.6","101","7","1200","2300","0.11","0.008","0.009","8.1","0.5","29.7","2.1","0.27","5.9","25.7","0.23","0.27","0.39","0.05","4.1","0.006","1.9"
"Victoria Harbour","VT8","2024-05-20","1","Bottom Water","0.6","0.11","1.6","68","4.7","600","1400","0.11","0.007","0.007","8.1","0.7","29.7","2.1","0.31","8.2","25.8","0.23","0.27","0.39","0.06","5.5","0.006","2.7"
"Victoria Harbour","VT8","2024-07-22","1","Surface Water","0.7","0.18","1.2","33","2.2","420","1200","0.31","0.044","0.027","7.3","<0.2","27.5","2.4","2.1","5","28.3","0.53","0.42","0.77","0.08","3.5","0.002","1"
"Victoria Harbour","VT8","2024-07-22","1","Bottom Water","0.4","0.17","1.3","43","2.9","1100","5100","0.31","0.043","0.014","7.3","<0.2","27.4","2.4","2.1","5.5","27.6","0.52","0.32","0.67","0.09","4","0.002","3.9"
"Victoria Harbour","VT8","2024-09-26","1","Surface Water","0.1","0.047","1.7","64","4.2","730","2400","0.9","0.28","0.47","8","0.3","27.3","2","5.2","11","29.4","1.23","0.23","1.41","0.47","2.7","0.003","2"
"Victoria Harbour","VT8","2024-09-26","1","Bottom Water","0.2","0.053","2.1","60","3.9","1200","3100","0.32","0.12","0.028","8","<0.2","27.4","2","2.1","4.3","29.4","0.49","0.25","0.69","0.15","2.9","0.003","0.8"
"Victoria Harbour","VT8","2024-11-07","1","Surface Water","0.1","0.11","1.2","68","4.6","380","1200","0.11","0.093","0.022","7.8","0.8","32.5","1.8","1.1","4.9","26.4","0.31","0.2","0.4","0.13","4.8","0.003","1"
"Victoria Harbour","VT8","2024-11-07","1","Bottom Water","<0.1","0.1","1.2","64","4.3","330","800","0.12","0.091","0.014","7.8","0.4","32.5","1.8","1.2","6.9","26.4","0.31","0.29","0.5","0.15","5.6","0.003","2.2"
"Western Buffer","WM1","2024-01-12","1","Surface Water","1","0.08","5.9","108","8.1","1100","1300","0.067","0.015","0.004","7.8","<0.2","33","3.1","0.17","4","20","0.16","0.16","0.24","0.03","2.7","0.002","1"
"Western Buffer","WM1","2024-01-12","1","Middle Water","1.5","0.086","7","109","8.2","2600","3700","0.053","0.013","0.003","7.8","<0.2","33.3","3.1","0.16","2.6","19.9","0.15","0.17","0.24","0.03","2.7","0.002","<0.5"
"Western Buffer","WM1","2024-01-12","1","Bottom Water","1","0.092","6.9","107","8","1000","1900","0.057","0.014","0.004","7.8","<0.2","33.6","3.1","0.15","1.8","19.9","0.16","0.28","0.35","0.04","4.2","0.002","<0.5"
"Western Buffer","WM1","2024-02-21","1","Surface Water","0.4","0.17","1.1","91","6.8","160","220","0.11","<0.002","0.012","8.1","<0.2","33.4","7.7","0.67","1.6","20.3","0.28","0.38","0.49","0.05","0.1","0.007","<0.5"
"Western Buffer","WM1","2024-02-21","1","Middle Water","<0.1","0.14","1.2","94","7.1","1600","2100","0.079","<0.002","0.013","8.2","0.3","33.8","7.7","0.55","0.6","19.8","0.22","0.32","0.4","0.04","0.1","0.006","<0.5"
"Western Buffer","WM1","2024-02-21","1","Bottom Water","<0.1","0.083","1.5","94","7","710","760","0.046","<0.002","0.002","8.2","<0.2","34","7.7","0.57","2.2","19.5","0.13","0.21","0.26","0.04","0.4","0.004","<0.5"
"Western Buffer","WM1","2024-03-15","1","Surface Water","2.5","0.099","1.1","93","6.9","21","46","0.051","<0.002","0.01","7.6","<0.2","34.1","3.5","0.46","1.5","19.8","0.15","0.36","0.41","0.05","2.7","0.001","<0.5"
"Western Buffer","WM1","2024-03-15","1","Middle Water","2.3","0.099","1.3","93","7","37","54","0.05","<0.002","0.01","7.6","0.3","34.1","3.5","0.43","2.7","19.8","0.15","0.19","0.24","0.05","2.8","0.001","<0.5"
"Western Buffer","WM1","2024-03-15","1","Bottom Water","2.3","0.082","1.2","94","7","29","50","0.046","<0.002","0.007","7.6","0.8","34.2","3.5","0.44","6.8","19.8","0.13","0.19","0.24","0.04","4.7","0.001","1"
"Western Buffer","WM1","2024-04-17","1","Surface Water","1.6","0.065","21","92","6.3","49","160","0.28","0.015","0.002","7.8","2.5","29.3","2.6","0.47","7.6","26.1","0.36","0.29","0.59","0.07","2.7","0.002","2.6"
"Western Buffer","WM1","2024-04-17","1","Middle Water","0.5","0.019","1.3","109","7.5","<1","24","0.031","<0.002","<0.002","7.6","0.6","34","2.6","0.27","1.6","24.2","0.05","0.3","0.33","0.06","2.4","<0.001","0.5"
"Western Buffer","WM1","2024-04-17","1","Bottom Water","0.3","0.03","0.6","84","5.8","2","3","0.022","<0.002","<0.002","7.6","0.2","34.1","2.6","0.3","1.7","24.1","0.05","0.16","0.18","0.07","2.7","<0.001","0.7"
"Western Buffer","WM1","2024-05-04","1","Surface Water","<0.1","0.058","6.3","104","7.2","380","580","0.19","0.013","0.007","8.2","0.7","30.6","2.7","0.63","1.8","25.1","0.26","0.35","0.55","0.08","2.2","0.004","1"
"Western Buffer","WM1","2024-05-04","1","Middle Water","0.4","0.049","5.7","92","6.3","240","420","0.18","0.012","0.007","8.2","1.2","31.9","2.7","0.64","3.8","25.1","0.24","0.28","0.47","0.08","3.3","0.003","1"
"Western Buffer","WM1","2024-05-04","1","Bottom Water","0.2","0.037","5","89","6.1","94","100","0.14","0.009","0.003","8.1","0.7","32.5","2.7","0.51","3.8","25","0.19","0.18","0.33","0.06","7.2","0.002","0.9"
"Western Buffer","WM1","2024-06-19","1","Surface Water","2.1","0.07","29","96","6.8","23","80","0.68","0.052","0.024","8.4","6.8","16.5","1.8","3.4","5.8","28.9","0.8","0.34","1.07","0.05","2.5","0.012","1.2"
"Western Buffer","WM1","2024-06-19","1","Middle Water","0.7","0.056","8.9","94","6.5","800","1600","0.34","0.05","0.006","8.1","1.8","26.2","1.8","2","1.6","26.8","0.45","0.2","0.59","0.07","2.4","0.003","<0.5"
"Western Buffer","WM1","2024-06-19","1","Bottom Water","0.2","0.012","1.9","71","4.8","100","160","0.067","0.052","0.009","8","0.4","34","1.8","0.89","4.6","25.8","0.13","0.08","0.2","0.05","11.4","<0.001","1.9"
"Western Buffer","WM1","2024-07-05","1","Surface Water","1.1","0.031","50","110","7.8","1","3","0.44","0.029","<0.002","8","4.5","16.8","2.3","1.2","5.3","28.9","0.5","0.3","0.77","0.06","3.6","0.002","1.9"
"Western Buffer","WM1","2024-07-05","1","Middle Water","<0.1","0.016","1.3","124","8.5","12","27","0.17","0.007","0.012","7.2","<0.2","32.4","2.3","1.6","3.1","24.9","0.19","0.09","0.27","0.11","4.3","<0.001","0.5"
"Western Buffer","WM1","2024-07-05","1","Bottom Water","<0.1","0.01","1.6","30","2.1","2","8","0.14","0.003","0.012","7.2","1.9","34.2","2.3","1.7","9.8","23.8","0.15","0.1","0.24","0.12","7.6","<0.001","1.2"
"Western Buffer","WM1","2024-08-19","1","Surface Water","1.1","0.036","2.6","97","6.8","63","80","0.43","0.055","0.019","7.9","0.5","27.4","2.7","2.1","2.2","25.7","0.52","0.23","0.72","0.1","2","0.001","<0.5"
"Western Buffer","WM1","2024-08-19","1","Middle Water","1.1","0.03","2","49","3.4","43","90","0.27","0.037","0.016","7.9","1.7","31.3","2.7","1.6","5.5","24.5","0.34","0.18","0.49","0.11","1.6","<0.001","1.4"
"Western Buffer","WM1","2024-08-19","1","Bottom Water","0.7","0.029","3.3","24","2.1","11","23","0.21","0.034","0.018","7.8","<0.2","34.2","2.7","1.5","7.3","23.2","0.27","0.25","0.49","0.13","3.8","<0.001","2.8"
"Western Buffer","WM1","2024-09-04","1","Surface Water","3.6","0.044","14","100","6.6","100","120","0.13","0.02","<0.002","8.1","2.7","29.3","1.8","0.42","5.9","28.1","0.19","0.28","0.43","0.11","1.9","0.003","2.2"
"Western Buffer","WM1","2024-09-04","1","Middle Water","2.3","0.034","6.9","94","6.4","130","160","0.1","0.02","<0.002","7.8","3.3","32.1","1.8","0.7","6.4","25.8","0.15","0.26","0.38","0.12","3.3","0.001","1.9"
"Western Buffer","WM1","2024-09-04","1","Bottom Water","2.2","0.021","5.3","36","2.5","90","140","0.11","0.02","0.006","7.7","1.3","34.2","1.8","0.99","4.6","23.8","0.15","0.12","0.25","0.05","10","<0.001","1.1"
"Western Buffer","WM1","2024-10-03","1","Surface Water","<0.1","0.008","2.3","81","5.2","<1","1","0.027","0.004","0.004","7.8","<0.2","32.5","1.9","0.56","4.1","28.9","0.04","0.16","0.19","0.19","4.9","<0.001","1"
"Western Buffer","WM1","2024-10-03","1","Middle Water","<0.1","0.006","1.7","63","4.1","<1","1","0.018","0.004","0.003","7.8","1","32.7","1.9","0.57","2.8","28.9","0.03","0.13","0.15","0.19","4.4","<0.001","0.7"
"Western Buffer","WM1","2024-10-03","1","Bottom Water","<0.1","0.013","1.2","67","4.3","<1","<1","0.01","0.005","<0.002","7.8","<0.2","32.7","1.9","0.56","5.8","28.9","0.03","0.16","0.18","0.2","9.7","<0.001","1.2"
"Western Buffer","WM1","2024-11-01","1","Surface Water","0.4","0.01","0.7","94","6.3","<1","<1","0.045","0.036","0.009","7.8","0.4","32.8","1.6","0.94","5.1","26.5","0.09","0.12","0.2","0.16","4.6","<0.001","0.9"
"Western Buffer","WM1","2024-11-01","1","Middle Water","0.2","<0.005","0.6","61","4.1","<1","1","0.036","0.036","0.01","7.8","0.4","32.8","1.6","1","7.1","26.5","0.08","0.09","0.16","0.17","5.9","<0.001","1"
"Western Buffer","WM1","2024-11-01","1","Bottom Water","0.2","<0.005","0.6","81","5.4","3","18","0.044","0.038","0.011","7.8","0.5","32.9","1.6","1.1","8.1","26.5","0.09","0.1","0.18","0.17","7.7","<0.001","1.5"
"Western Buffer","WM1","2024-12-12","1","Surface Water","0.9","0.054","2.2","109","8","6","10","0.14","0.006","0.014","7.8","1.4","32.1","2.6","0.71","3.8","21.6","0.2","0.13","0.28","0.04","2.3","0.001","0.7"
"Western Buffer","WM1","2024-12-12","1","Middle Water","1.4","0.064","2.1","86","6.3","3","9","0.14","0.006","0.013","7.8","1.2","32","2.6","0.71","3.4","21.9","0.21","0.2","0.35","0.05","2.3","0.001","1.6"
"Western Buffer","WM1","2024-12-12","1","Bottom Water","1.1","0.059","3.9","90","6.6","6","10","0.14","0.007","0.012","7.8","0.9","32","2.6","0.74","5.4","22","0.21","0.15","0.3","0.04","3.1","0.001","1.2"
"Western Buffer","WM2","2024-01-12","1","Surface Water","1.1","0.062","5.2","108","8.1","51","97","0.1","0.022","0.008","7.8","0.6","32.6","2.9","0.17","2","20.1","0.18","0.21","0.33","0.04","2.8","0.001","0.6"
"Western Buffer","WM2","2024-01-12","1","Middle Water","1","0.07","5.4","110","8.3","100","160","0.1","0.023","0.004","7.8","<0.2","32.6","2.9","0.18","2.7","20.1","0.19","0.22","0.34","0.04","2.9","0.001","<0.5"
"Western Buffer","WM2","2024-01-12","1","Bottom Water","0.8","0.079","5.7","105","7.9","800","1400","0.082","0.018","0.009","7.8","1","33","2.9","0.18","3.2","20","0.18","0.23","0.33","0.04","3.3","0.001","0.5"
"Western Buffer","WM2","2024-02-21","1","Surface Water","0.2","0.16","1.2","73","5.4","8","14","0.21","0.003","0.017","8.1","<0.2","32.2","5.5","0.93","1.6","20.5","0.37","0.33","0.54","0.05","0.2","0.006","<0.5"
"Western Buffer","WM2","2024-02-21","1","Middle Water","<0.1","0.17","1.8","89","6.6","80","100","0.21","0.007","0.031","8.1","<0.2","32.8","5.5","0.91","2.9","20.1","0.39","0.31","0.53","0.05","0.2","0.007","<0.5"
"Western Buffer","WM2","2024-02-21","1","Bottom Water","0.2","0.18","1.2","91","6.8","490","700","0.15","0.005","0.016","8.1","<0.2","33.5","5.5","0.78","2.2","20.1","0.34","0.32","0.48","0.05","0.1","0.007","<0.5"
"Western Buffer","WM2","2024-03-15","1","Surface Water","2.5","0.17","0.6","111","9.3","74","130","0.11","0.004","0.019","7.6","<0.2","16.2","2.7","0.7","3.6","19.5","0.28","0.34","0.45","0.06","3.3","0.003","0.5"
"Western Buffer","WM2","2024-03-15","1","Middle Water","2.4","0.17","0.8","162","12.2","80","130","0.12","0.005","0.021","7.6","<0.2","33.5","2.7","0.71","6.3","19.6","0.3","0.26","0.39","0.05","3.7","0.002","1.1"
"Western Buffer","WM2","2024-03-15","1","Bottom Water","2.2","0.17","0.2","83","6.3","80","90","0.11","0.005","0.021","7.6","<0.2","33.5","2.7","0.65","3","19.6","0.29","0.27","0.39","0.05","3.8","0.002","<0.5"
"Western Buffer","WM2","2024-04-17","1","Surface Water","1.9","0.049","13","125","8.7","7100","12000","0.37","0.023","0.005","7.8","3.4","27.6","2.7","0.84","9.1","25.9","0.44","0.27","0.66","0.06","2.7","0.002","2.9"
"Western Buffer","WM2","2024-04-17","1","Middle Water","2.1","0.092","12","95","6.6","1400","3200","0.32","0.016","0.003","7.6","3","30.2","2.7","0.76","1.9","24.8","0.43","0.31","0.65","0.07","2.6","0.002","0.6"
"Western Buffer","WM2","2024-04-17","1","Bottom Water","0.6","0.032","2","107","7.4","90","200","0.086","0.002","<0.002","7.6","1.8","33.1","2.7","0.31","4.7","24.4","0.12","0.31","0.4","0.07","2.4","<0.001","0.8"
"Western Buffer","WM2","2024-05-04","1","Surface Water","0.1","0.12","1.4","107","7.6","190","310","0.32","0.027","0.016","8","0.5","27.9","1.9","1.5","2.2","24.8","0.47","0.3","0.65","0.08","2","0.006","0.7"
"Western Buffer","WM2","2024-05-04","1","Middle Water","<0.1","0.12","1.8","76","5.4","230","420","0.31","0.025","0.016","8.1","1.1","28.9","1.9","1.5","2.7","24.9","0.46","0.31","0.65","0.08","2.3","0.006","0.7"
"Western Buffer","WM2","2024-05-04","1","Bottom Water","0.1","0.13","2.5","87","6","560","900","0.27","0.022","0.012","8.1","0.7","31.3","1.9","1.3","13","25","0.42","0.24","0.53","0.06","2.6","0.007","3.4"
"Western Buffer","WM2","2024-06-19","1","Surface Water","0.4","0.028","2.5","70","4.9","140","300","0.88","0.089","0.015","8.1","0.6","17.4","2.3","5.4","2.9","28.7","1","0.16","1.13","0.06","2.9","0.002","<0.5"
"Western Buffer","WM2","2024-06-19","1","Middle Water","0.5","0.045","3.1","66","4.6","900","1300","0.8","0.081","0.021","8","0.9","18","2.3","4.9","2.6","28.4","0.93","0.22","1.1","0.06","1.7","0.003","0.6"
"Western Buffer","WM2","2024-06-19","1","Bottom Water","0.4","0.058","1.8","76","5.2","800","2000","0.42","0.072","0.018","8","1.7","26.7","2.3","2.1","3.1","27","0.55","0.16","0.65","0.05","4.7","0.003","<0.5"
"Western Buffer","WM2","2024-07-05","1","Surface Water","1.8","0.029","35","114","7.9","1300","2500","0.43","0.034","0.005","7.9","5.4","21.1","2.3","1.6","4.2","28.2","0.49","0.26","0.72","0.07","4","0.001","1.4"
"Western Buffer","WM2","2024-07-05","1","Middle Water","1","0.042","12","128","8.9","4000","5700","0.44","0.036","0.002","7.3","2.7","24","2.3","1.5","5.4","27.3","0.52","0.33","0.81","0.07","3.7","<0.001","1.4"
"Western Buffer","WM2","2024-07-05","1","Bottom Water","<0.1","0.04","3.9","120","8.3","370","680","0.18","0.023","0.018","7.2","1.1","27.3","2.3","2.1","10","26.3","0.24","0.24","0.44","0.13","5.9","<0.001","1.6"
"Western Buffer","WM2","2024-08-19","1","Surface Water","0.7","0.033","2.5","48","3.4","51","120","0.43","0.057","0.018","7.9","0.7","28.8","2.4","2.1","4.2","25.3","0.52","0.22","0.71","0.1","2.7","0.001","0.8"
"Western Buffer","WM2","2024-08-19","1","Middle Water","0.7","0.044","2.4","43","3","110","180","0.37","0.05","0.022","7.9","0.6","29.3","2.4","2.1","2.7","25","0.46","0.21","0.63","0.11","3.3","0.002","0.6"
"Western Buffer","WM2","2024-08-19","1","Bottom Water","0.5","0.034","2.8","37","2.6","73","140","0.29","0.038","0.018","7.9","1","30.5","2.4","1.7","4.5","24.7","0.36","0.24","0.57","0.13","1.7","0.001","0.9"
"Western Buffer","WM2","2024-09-04","1","Surface Water","3.1","0.08","8.1","58","3.9","4400","7300","0.2","0.033","0.011","7.9","1.9","29.8","2.2","1.1","2.8","27.1","0.31","0.29","0.52","0.11","2","0.003","1.1"
"Western Buffer","WM2","2024-09-04","1","Middle Water","<0.1","0.076","7.4","61","4.1","3000","4800","0.18","0.029","<0.002","7.9","3.3","29.9","2.2","0.99","6.2","26.9","0.29","0.22","0.43","0.05","2.3","0.003","1.8"
"Western Buffer","WM2","2024-09-04","1","Bottom Water","<0.1","0.06","8.2","74","5.1","1500","3000","0.15","0.025","0.005","7.8","3.1","32.6","2.2","0.82","5.5","25.4","0.24","0.21","0.39","0.05","3.2","0.002","1.6"
"Western Buffer","WM2","2024-10-03","1","Surface Water","<0.1","0.012","2","93","6","5","11","0.031","0.005","0.002","7.8","<0.2","33","1.5","0.5","6.3","28.1","0.05","0.12","0.16","0.19","6.2","<0.001","1.2"
"Western Buffer","WM2","2024-10-03","1","Middle Water","<0.1","0.019","1.8","73","4.7","<1","2","0.018","0.006","0.002","7.8","0.6","32.5","1.5","0.48","3.4","28.8","0.04","0.15","0.17","0.26","7.5","<0.001","0.9"
"Western Buffer","WM2","2024-10-03","1","Bottom Water","<0.1","0.018","1.8","61","4","<1","1","0.019","0.005","0.004","7.8","0.6","32.5","1.5","0.52","12","28.6","0.04","0.15","0.17","0.19","8.5","<0.001","2.3"
"Western Buffer","WM2","2024-11-01","1","Surface Water","0.4","0.014","1","88","5.9","8","18","0.055","0.038","0.012","7.8","0.3","32.7","1.2","1.1","6.5","26.6","0.11","0.14","0.23","0.18","5.5","<0.001","1.2"
"Western Buffer","WM2","2024-11-01","1","Middle Water","0.2","0.012","0.8","76","5.1","63","97","0.053","0.042","0.011","7.8","0.7","32.8","1.2","1","7.5","26.5","0.11","0.11","0.21","0.17","6.6","<0.001","1.1"
"Western Buffer","WM2","2024-11-01","1","Bottom Water","<0.1","0.012","0.7","60","4","42","86","0.049","0.042","0.01","7.8","0.6","32.8","1.2","1","9.8","26.5","0.1","0.14","0.23","0.09","7.6","<0.001","1.9"
"Western Buffer","WM2","2024-12-12","1","Surface Water","1.4","0.14","9.4","81","5.9","720","850","0.18","0.01","0.015","7.8","1","31.8","2","0.48","4.2","21.6","0.33","0.29","0.48","0.05","2.3","0.003","1.4"
"Western Buffer","WM2","2024-12-12","1","Middle Water","1.2","0.15","4.6","80","5.8","400","600","0.17","0.009","0.015","8","0.8","31.5","2","0.48","3.4","21.8","0.33","0.35","0.53","0.05","2.2","0.005","1"
"Western Buffer","WM2","2024-12-12","1","Bottom Water","1.4","0.12","8","76","5.6","1800","2600","0.17","0.008","0.01","7.8","3.2","31.7","2","0.48","6.2","21.8","0.3","0.28","0.46","0.05","2.8","0.003","1.5"
"Western Buffer","WM3","2024-01-12","1","Surface Water","0.8","0.065","5.4","111","8.3","290","370","0.11","0.022","0.003","7.8","1","32.5","2.8","0.18","3.6","20.2","0.2","0.23","0.36","0.04","2.9","0.001","0.8"
"Western Buffer","WM3","2024-01-12","1","Middle Water","1","0.083","5.6","107","8.1","1700","3300","0.079","0.018","0.009","7.8","<0.2","32.7","2.8","0.19","3.3","20","0.18","0.22","0.32","0.04","2.8","0.002","<0.5"
"Western Buffer","WM3","2024-01-12","1","Bottom Water","1","0.094","5.2","104","7.8","2600","4800","0.058","0.013","0.007","7.8","1.5","33.1","2.8","0.2","2.4","20","0.17","0.19","0.26","0.04","3.9","0.002","<0.5"
"Western Buffer","WM3","2024-02-21","1","Surface Water","<0.1","0.19","0.6","79","5.9","330","380","0.23","0.004","0.017","8.1","<0.2","32","3.9","0.95","0.9","20.5","0.42","0.32","0.55","0.04","0.2","0.008","<0.5"
"Western Buffer","WM3","2024-02-21","1","Middle Water","0.2","0.19","1.2","83","6.2","3800","7400","0.18","0.007","0.02","8.1","<0.2","32.8","3.9","0.91","2.5","19.9","0.38","0.31","0.5","0.05","0.5","0.007","<0.5"
"Western Buffer","WM3","2024-02-21","1","Bottom Water","0.1","0.28","0.8","76","5.7","7300","14000","0.15","0.007","0.023","8.1","<0.2","33.1","3.9","0.93","2.4","19.9","0.44","0.37","0.53","0.06","0.9","0.01","<0.5"
"Western Buffer","WM3","2024-03-15","1","Surface Water","2.3","0.23","0.7","100","7.5","16000","29000","0.12","0.005","0.02","7.6","<0.2","33.4","2.3","0.64","4.1","19.8","0.36","0.32","0.45","0.06","3.7","0.003","0.7"
"Western Buffer","WM3","2024-03-15","1","Middle Water","2.1","0.2","0.6","65","4.9","6300","12000","0.1","0.004","0.019","7.6","<0.2","33.5","2.3","0.6","3.7","19.7","0.3","0.4","0.5","0.06","4.5","0.002","<0.5"
"Western Buffer","WM3","2024-03-15","1","Bottom Water","2.2","0.18","0.6","86","6.4","2100","4000","0.094","0.004","0.018","7.6","<0.2","33.7","2.3","0.57","3.8","19.7","0.28","0.28","0.38","0.06","3","0.002","<0.5"
"Western Buffer","WM3","2024-04-17","1","Surface Water","2.9","0.076","20","110","7.7","9000","15000","0.33","0.019","<0.002","7.9","3.8","28.3","2.2","0.74","8.4","25.8","0.43","0.33","0.68","0.07","3","0.003","4.2"
"Western Buffer","WM3","2024-04-17","1","Middle Water","0.8","0.21","13","68","4.7","22000","51000","0.22","0.009","0.004","7.6","5.1","32.4","2.2","0.33","4","24.5","0.44","0.46","0.69","0.09","3.1","0.003","1.3"
"Western Buffer","WM3","2024-04-17","1","Bottom Water","0.3","0.027","1.1","88","6.1","350","600","0.046","0.002","<0.002","7.6","0.4","33.8","2.2","0.31","2.1","24.2","0.08","0.23","0.28","0.07","2.9","<0.001","0.8"
"Western Buffer","WM3","2024-05-04","1","Surface Water","0.4","0.14","0.9","100","7.1","660","1000","0.3","0.026","0.02","8","<0.2","28.6","3","1.5","2.2","24.8","0.47","0.34","0.67","0.08","1.7","0.007","0.7"
"Western Buffer","WM3","2024-05-04","1","Middle Water","<0.1","0.15","1.1","76","5.3","2200","3800","0.23","0.019","0.016","8.1","<0.2","30.8","3","1.2","1.8","24.9","0.4","0.32","0.57","0.08","3.6","0.007","0.6"
"Western Buffer","WM3","2024-05-04","1","Bottom Water","1","0.1","1.8","85","5.9","1200","1500","0.19","0.015","0.011","8.1","0.9","31.9","3","0.94","5.2","25","0.31","0.22","0.43","0.06","3.3","0.006","1.2"
"Western Buffer","WM3","2024-06-19","1","Surface Water","1.8","0.058","14","93","6.5","1200","2400","0.72","0.066","0.011","8.2","2.6","19.1","2.4","3.8","3.2","28.7","0.84","0.3","1.09","0.07","2","0.006","1.1"
"Western Buffer","WM3","2024-06-19","1","Middle Water","1.1","0.2","7","86","5.9","27000","45000","0.53","0.065","0.014","8","1.4","25.6","2.4","3.2","3.6","27","0.8","0.35","0.95","0.07","6.3","0.011","1"
"Western Buffer","WM3","2024-06-19","1","Bottom Water","0.2","0.034","0.9","83","5.5","2000","4000","0.11","0.064","0.01","8.1","0.6","33.2","2.4","1.2","5.4","26.3","0.21","0.14","0.31","0.06","7.1","0.002","<0.5"
"Western Buffer","WM3","2024-07-05","1","Surface Water","0.6","0.042","4.2","115","8","1400","2200","0.59","0.046","0.018","7.5","0.9","21.5","2.2","3.9","6.2","27.5","0.68","0.18","0.82","0.07","4.9","<0.001","1.4"
"Western Buffer","WM3","2024-07-05","1","Middle Water","<0.1","0.026","2.6","31","2.1","1600","3100","0.17","0.019","0.017","7.2","1.6","32.2","2.2","1.7","4.8","24.5","0.22","0.1","0.29","0.11","5.3","<0.001","1"
"Western Buffer","WM3","2024-07-05","1","Bottom Water","<0.1","0.012","1.2","26","1.8","900","1200","0.16","0.02","0.019","7.2","<0.2","33.5","2.2","1.7","4.6","24.1","0.19","0.17","0.35","0.12","5.4","<0.001","0.5"
"Western Buffer","WM3","2024-08-19","1","Surface Water","0.6","0.057","2.6","89","6.2","270","630","0.35","0.049","0.024","7.9","0.7","29","2.4","2.1","5.2","25.2","0.46","0.27","0.67","0.12","4.4","0.002","1.2"
"Western Buffer","WM3","2024-08-19","1","Middle Water","0.4","0.042","2.6","55","3.8","150","400","0.21","0.033","0.019","7.9","1.1","31.5","2.4","1.6","4.4","24.1","0.29","0.24","0.48","0.13","4.4","0.001","1"
"Western Buffer","WM3","2024-08-19","1","Bottom Water","0.4","0.035","3","18","2.1","80","180","0.16","0.03","0.018","7.9","1.1","33.8","2.4","1.6","3.6","23.3","0.23","0.24","0.43","0.13","3.4","0.001","<0.5"
"Western Buffer","WM3","2024-09-04","1","Surface Water","<0.1","0.085","4.2","84","5.6","62","90","0.25","0.038","0.01","7.9","1","29.6","1.4","1.5","6.6","27.2","0.37","0.25","0.54","0.12","1.9","0.003","3.5"
"Western Buffer","WM3","2024-09-04","1","Middle Water","<0.1","0.11","4.6","69","4.7","3800","11000","0.19","0.034","0.019","7.8","2.9","30.5","1.4","1.3","6.8","26.4","0.33","0.21","0.43","0.06","3.1","0.004","1.9"
"Western Buffer","WM3","2024-09-04","1","Bottom Water","<0.1","0.081","4.4","55","3.7","3600","5500","0.16","0.032","0.008","7.8","1.1","31","1.4","1","5.3","26.3","0.27","0.2","0.39","0.06","5.5","0.002","1.6"
"Western Buffer","WM3","2024-10-03","1","Surface Water","0.3","0.086","3.2","110","7.1","1000","1600","0.04","0.013","0.007","7.8","1.7","32.2","1.6","0.36","5.7","28.7","0.14","0.3","0.35","0.2","4.9","0.003","1.5"
"Western Buffer","WM3","2024-10-03","1","Middle Water","0.2","0.09","3.2","70","4.6","1000","1400","0.039","0.012","0.007","7.8","1.9","32.1","1.6","0.37","5.8","28.7","0.14","0.26","0.31","0.23","5.5","0.003","1.5"
"Western Buffer","WM3","2024-10-03","1","Bottom Water","0.4","0.081","3.3","63","4","970","1300","0.035","0.011","0.004","7.8","1.4","32.4","1.6","0.39","9.6","28.8","0.13","0.26","0.31","0.23","6.9","0.003","3.5"
"Western Buffer","WM3","2024-11-01","1","Surface Water","0.2","0.12","1","86","5.4","1500","3000","0.063","0.042","0.014","7.8","0.7","32.6","1.3","1.1","5.1","26.7","0.23","0.31","0.42","0.18","4.6","0.004","0.7"
"Western Buffer","WM3","2024-11-01","1","Middle Water","0.3","0.06","1.1","54","3.6","900","1700","0.055","0.044","0.012","7.8","0.6","32.6","1.3","1","8.4","26.5","0.16","0.2","0.3","0.18","7","0.002","1.2"
"Western Buffer","WM3","2024-11-01","1","Bottom Water","0.5","0.048","0.8","73","4.9","800","2100","0.06","0.042","0.01","7.8","0.7","32.8","1.3","1","9.2","26.6","0.15","0.18","0.28","0.09","8.1","0.002","1.6"
"Western Buffer","WM3","2024-12-12","1","Surface Water","1.7","0.14","6","112","8.1","1200","1800","0.2","0.011","0.01","7.8","2.5","31.8","1.9","0.64","5","22.1","0.35","0.3","0.51","0.05","2.6","0.003","1.1"
"Western Buffer","WM3","2024-12-12","1","Middle Water","1.1","0.15","3.1","61","4.5","1500","2400","0.2","0.011","0.019","7.6","0.4","31.1","1.9","0.66","12","21.3","0.36","0.27","0.48","0.05","2.5","0.002","2.3"
"Western Buffer","WM3","2024-12-12","1","Bottom Water","1.1","0.15","5.1","77","5.6","1800","2900","0.21","0.011","0.018","7.8","1.9","31.9","1.9","0.68","5.4","21.9","0.37","0.29","0.51","0.05","3","0.003","1.6"
"Western Buffer","WM4","2024-01-12","1","Surface Water","1.7","0.07","7","110","8.3","180","410","0.12","0.023","0.004","7.8","0.5","32.4","2.7","0.14","4.6","20.1","0.21","0.21","0.35","0.04","2.8","0.001","1.1"
"Western Buffer","WM4","2024-01-12","1","Middle Water","1.3","0.12","4.6","103","7.7","510","830","0.091","0.021","0.007","7.8","<0.2","32.8","2.7","0.2","1.3","20","0.23","0.25","0.36","0.04","3.1","0.002","<0.5"
"Western Buffer","WM4","2024-01-12","1","Bottom Water","0.6","0.12","5.1","103","7.7","1100","2300","0.089","0.02","0.01","7.8","1.8","32.8","2.7","0.2","10","20","0.23","0.3","0.41","0.04","3.4","0.002","1.3"
"Western Buffer","WM4","2024-02-21","1","Surface Water","0.2","0.16","1.2","84","6.3","210","260","0.23","0.003","0.016","8.1","<0.2","32","5.4","0.9","2","20.2","0.39","0.39","0.62","0.05","0.2","0.006","<0.5"
"Western Buffer","WM4","2024-02-21","1","Middle Water","0.2","0.17","0.8","86","6.5","1100","2800","0.19","0.009","0.013","8.1","<0.2","32.5","5.4","0.95","4.2","20","0.37","0.34","0.54","0.06","0.3","0.006","0.6"
"Western Buffer","WM4","2024-02-21","1","Bottom Water","1.2","0.18","0.4","85","6.3","1700","3500","0.18","0.007","0.014","8.1","<0.2","33","5.4","0.93","1.6","19.8","0.37","0.28","0.47","0.05","0.5","0.007","<0.5"
"Western Buffer","WM4","2024-03-15","1","Surface Water","2.5","0.22","0.4","108","8.1","14000","23000","0.13","0.005","0.018","7.6","<0.2","33.3","2.5","0.71","3.7","20","0.36","0.39","0.53","0.06","3.5","0.003","0.6"
"Western Buffer","WM4","2024-03-15","1","Middle Water","2.5","0.22","0.6","67","5.1","13000","24000","0.12","0.005","0.021","7.6","<0.2","33.4","2.5","0.65","3.3","19.7","0.35","0.42","0.55","0.05","3.8","0.003","<0.5"
"Western Buffer","WM4","2024-03-15","1","Bottom Water","2.7","0.22","0.6","82","6.2","13000","21000","0.12","0.005","0.015","7.6","0.4","33.4","2.5","0.64","5.1","19.7","0.35","0.34","0.47","0.06","3.9","0.003","0.8"
"Western Buffer","WM4","2024-04-17","1","Surface Water","3.8","0.13","23","110","7.6","5700","11000","0.3","0.016","<0.002","7.8","4.8","28.9","2.3","0.64","10","25.7","0.45","0.42","0.74","0.09","9.6","0.004","3.2"
"Western Buffer","WM4","2024-04-17","1","Middle Water","0.7","0.082","2.2","98","6.8","2200","5500","0.17","0.006","0.005","7.6","0.8","31.6","2.3","0.5","2.5","24.6","0.26","0.23","0.41","0.06","2.7","0.001","0.6"
"Western Buffer","WM4","2024-04-17","1","Bottom Water","0.3","0.03","0.7","83","5.8","320","1100","0.047","0.004","0.003","7.6","0.4","33.8","2.3","0.35","3","24.1","0.08","0.22","0.27","0.07","3.6","<0.001","0.6"
"Western Buffer","WM4","2024-05-04","1","Surface Water","<0.1","0.13","1.2","67","4.8","370","580","0.34","0.03","0.02","8","0.3","27.7","2.7","1.7","3.3","24.8","0.5","0.35","0.72","0.08","2","0.006","1"
"Western Buffer","WM4","2024-05-04","1","Middle Water","<0.1","0.13","1.3","74","5.2","600","1000","0.33","0.029","0.015","8","<0.2","30.1","2.7","1.8","1.8","24.9","0.49","0.27","0.63","0.06","2.8","0.006","<0.5"
"Western Buffer","WM4","2024-05-04","1","Bottom Water","<0.1","0.13","1","74","5.2","680","990","0.3","0.025","0.018","8.1","<0.2","30.9","2.7","1.6","3.3","24.9","0.46","0.28","0.61","0.06","6.2","0.006","0.7"
"Western Buffer","WM4","2024-06-19","1","Surface Water","0.5","0.014","2.5","69","4.9","110","280","0.8","0.091","0.024","8.1","1.4","18.1","1.9","4.7","3.8","27.8","0.91","0.21","1.1","0.07","5.7","<0.001","0.6"
"Western Buffer","WM4","2024-06-19","1","Middle Water","0.2","0.03","1.2","58","4.1","130","320","0.36","0.08","0.018","8","0.7","23.5","1.9","2.1","5","27.1","0.47","0.14","0.58","0.08","6.9","0.002","0.6"
"Western Buffer","WM4","2024-06-19","1","Bottom Water","0.2","0.018","0.9","55","3.9","160","240","0.14","0.074","0.013","8","0.6","24.9","1.9","1.4","5.4","26.7","0.23","0.13","0.34","0.07","8.1","0.001","<0.5"
"Western Buffer","WM4","2024-07-05","1","Surface Water","0.8","0.038","25","96","6.8","170","340","0.81","0.043","0.012","7.6","5","15.9","2.3","5.1","5.4","28.5","0.89","0.23","1.08","0.06","5","<0.001","1.2"
"Western Buffer","WM4","2024-07-05","1","Middle Water","0.7","0.032","20","90","6.3","340","570","0.69","0.043","0.024","7.3","2.6","25.3","2.3","4.2","5.2","26","0.77","0.18","0.91","0.07","6","<0.001","1"
"Western Buffer","WM4","2024-07-05","1","Bottom Water","0.7","0.03","5.4","29","2","320","470","0.36","0.03","0.013","7.2","1.5","32.1","2.3","2.1","3.7","24.4","0.42","0.15","0.54","0.09","8.4","<0.001","0.8"
"Western Buffer","WM4","2024-08-19","1","Surface Water","0.6","0.044","4","93","6.5","240","600","0.37","0.048","0.023","8","<0.2","28.6","2.7","2.1","9.2","25.5","0.46","0.21","0.63","0.11","2.3","0.002","2"
"Western Buffer","WM4","2024-08-19","1","Middle Water","0.4","0.05","3.1","44","3.1","90","250","0.36","0.049","0.026","7.9","<0.2","30.1","2.7","2.1","4.1","24.7","0.46","0.26","0.67","0.12","3.6","0.002","1"
"Western Buffer","WM4","2024-08-19","1","Bottom Water","1.7","0.044","2.4","41","2.9","180","490","0.31","0.045","0.022","7.9","0.9","31.8","2.7","2","8.4","24.2","0.4","0.26","0.62","0.14","6.5","0.001","4.5"
"Western Buffer","WM4","2024-09-04","1","Surface Water","<0.1","0.096","3.7","90","6.1","900","1200","0.25","0.04","0.008","7.8","0.6","29.8","1.6","1.8","6","26.7","0.39","0.33","0.62","0.13","3.6","0.003","1.6"
"Western Buffer","WM4","2024-09-04","1","Middle Water","<0.1","0.092","3.4","54","3.7","820","1100","0.23","0.04","0.013","7.8","1.4","29.9","1.6","1.7","1.6","26.4","0.36","0.19","0.46","0.06","4.1","0.003","0.8"
"Western Buffer","WM4","2024-09-04","1","Bottom Water","<0.1","0.089","3.5","50","3.4","1000","2000","0.23","0.039","0.013","7.8","1.6","33.1","1.6","1.5","4.3","24.7","0.36","0.19","0.46","0.07","8.3","0.002","1.5"
"Western Buffer","WM4","2024-10-03","1","Surface Water","1","0.064","2.6","95","6.1","1000","1600","0.036","0.012","0.004","7.8","1.6","32.4","1.6","0.38","6","28.7","0.11","0.24","0.29","0.19","6.2","0.002","1.1"
"Western Buffer","WM4","2024-10-03","1","Middle Water","1.2","0.07","2.5","59","3.8","2400","3000","0.034","0.012","0.008","7.8","2.3","32.2","1.6","0.41","6.1","28.5","0.12","0.22","0.27","0.18","6.7","0.002","1.3"
"Western Buffer","WM4","2024-10-03","1","Bottom Water","0.8","0.078","2.7","51","3.3","1900","4400","0.035","0.012","0.006","7.8","1.3","32.2","1.6","0.38","10","28.7","0.13","0.26","0.31","0.24","9.3","0.003","2.1"
"Western Buffer","WM4","2024-11-01","1","Surface Water","0.7","0.077","0.8","73","4.9","260","520","0.065","0.046","0.014","7.8","0.3","32.7","1.2","1","5.6","26.7","0.19","0.24","0.35","0.18","6.3","0.003","1"
"Western Buffer","WM4","2024-11-01","1","Middle Water","0.6","0.069","0.8","52","3.5","250","560","0.066","0.048","0.015","7.8","0.6","32.7","1.2","1","10","26.7","0.18","0.2","0.31","0.18","6.4","0.002","1.8"
"Western Buffer","WM4","2024-11-01","1","Bottom Water","0.3","0.065","1.1","65","4.4","230","800","0.066","0.047","0.013","7.8","0.3","32.7","1.2","0.99","8.5","26.7","0.18","0.2","0.31","0.2","8.4","0.002","1.3"
"Western Buffer","WM4","2024-12-12","1","Surface Water","1.1","0.15","2.4","70","5.1","260","350","0.23","0.014","0.019","7.7","1.1","31.8","2.1","0.71","6.6","22","0.39","0.27","0.51","0.05","3.5","0.003","1.3"
"Western Buffer","WM4","2024-12-12","1","Middle Water","1.5","0.14","3.1","69","5","260","530","0.23","0.013","0.017","7.7","<0.2","31.8","2.1","0.72","3.6","22","0.38","0.28","0.52","0.05","3.8","0.003","0.9"
"Western Buffer","WM4","2024-12-12","1","Bottom Water","1.2","0.14","2.4","67","4.9","440","770","0.23","0.013","0.017","7.7","0.4","31.8","2.1","0.72","6.7","22.1","0.38","0.3","0.54","0.05","4.4","0.003","1.4"
"Western Buffer","WT1","2024-01-12","1","Surface Water","0.6","0.018","4.3","107","8","250","1200","0.018","<0.002","<0.002","7.8","0.2","33.5","4","0.17","1.9","19.9","0.04","0.13","0.15","0.03","2.7","<0.001","<0.5"
"Western Buffer","WT1","2024-01-12","1","Middle Water","0.5","0.024","4","107","8","250","580","0.017","<0.002","0.002","7.8","1.6","33.5","4","0.17","0.9","19.9","0.04","0.21","0.23","0.05","2.9","<0.001","<0.5"
"Western Buffer","WT1","2024-01-12","1","Bottom Water","<0.1","0.023","3.5","108","8.1","330","770","0.016","<0.002","0.002","7.8","1.2","33.5","4","0.18","1.9","19.9","0.04","0.09","0.11","0.03","2.8","<0.001","1.5"
"Western Buffer","WT1","2024-03-15","1","Surface Water","2.6","0.062","0.6","58","4.3","48","100","0.046","<0.002","0.007","7.6","<0.2","34.2","3.3","0.44","2.5","19.8","0.11","0.21","0.26","0.05","2.6","<0.001","<0.5"
"Western Buffer","WT1","2024-03-15","1","Middle Water","2.4","0.054","1","86","6.4","38","80","0.044","<0.002","0.008","7.6","<0.2","34.2","3.3","0.4","5.2","19.8","0.1","0.13","0.18","0.04","2.7","<0.001","0.7"
"Western Buffer","WT1","2024-03-15","1","Bottom Water","2.3","0.054","1.5","92","6.9","31","80","0.044","<0.002","0.014","7.6","<0.2","34.2","3.3","0.42","1.6","19.8","0.1","0.25","0.3","0.06","2.7","<0.001","<0.5"
"Western Buffer","WT1","2024-05-04","1","Surface Water","0.3","0.059","2.3","95","6.7","2300","4200","0.24","0.013","0.008","8.1","1.1","29.3","2.3","0.81","3.4","25.1","0.31","0.24","0.49","0.07","2.5","0.004","1.1"
"Western Buffer","WT1","2024-05-04","1","Middle Water","0.1","0.054","3","83","5.7","1600","3700","0.21","0.012","0.009","8.1","1.2","29.8","2.3","0.71","4","25.1","0.28","0.21","0.43","0.08","2.8","0.003","0.9"
"Western Buffer","WT1","2024-05-04","1","Bottom Water","0.2","0.054","1.5","78","5.4","920","1500","0.2","0.011","0.009","8.1","0.7","30.7","2.3","0.68","3.6","25.1","0.27","0.2","0.41","0.07","3.2","0.003","0.8"
"Western Buffer","WT1","2024-07-05","1","Surface Water","1.5","0.026","12","115","8.1","2700","25000","0.46","0.022","<0.002","7.8","2.2","15.1","2.6","1.1","6.8","29.3","0.51","0.21","0.69","0.03","7.2","0.001","1.6"
"Western Buffer","WT1","2024-07-05","1","Middle Water","1.1","0.023","12","136","9.3","540","3100","0.45","0.023","<0.002","7.8","2.9","20.7","2.6","1.2","3.1","28.8","0.5","0.22","0.69","0.04","3.4","<0.001","0.9"
"Western Buffer","WT1","2024-07-05","1","Bottom Water","0.8","0.054","14","168","11.6","270","1400","0.31","0.023","<0.002","7.3","5.2","24.7","2.6","1.6","3.2","27.3","0.39","0.22","0.55","0.06","3.7","<0.001","1.1"
"Western Buffer","WT1","2024-09-04","1","Surface Water","<0.1","0.066","7.1","97","6.5","520","1500","0.084","0.011","<0.002","7.9","2","30.7","1.9","0.4","3.2","27.5","0.16","0.2","0.3","0.05","2.2","0.003","1.4"
"Western Buffer","WT1","2024-09-04","1","Middle Water","0.5","0.048","6.9","116","7.7","720","2100","0.08","0.01","<0.002","7.9","1.8","30.7","1.9","0.38","3.7","27.5","0.14","0.19","0.28","0.05","2.6","0.002","1.1"
"Western Buffer","WT1","2024-09-04","1","Bottom Water","<0.1","0.061","6.7","79","5.3","900","1700","0.08","0.01","<0.002","7.9","1.9","30.9","1.9","0.38","3","27.3","0.15","0.19","0.28","0.06","2.7","0.003","1.1"
"Western Buffer","WT1","2024-11-01","1","Surface Water","0.2","0.011","0.7","95","6.4","90","150","0.05","0.035","0.01","7.8","0.5","32.8","1.9","1","4.1","26.4","0.1","0.11","0.2","0.09","1.5","<0.001","0.8"
"Western Buffer","WT1","2024-11-01","1","Middle Water","0.2","0.008","0.6","77","5.2","20","70","0.045","0.035","0.008","7.8","0.6","32.7","1.9","1","4.2","26.5","0.09","0.09","0.17","0.06","3.5","<0.001","0.8"
"Western Buffer","WT1","2024-11-01","1","Bottom Water","0.2","0.01","0.5","70","4.7","70","290","0.047","0.036","0.01","7.8","0.5","32.7","1.9","0.94","4","26.5","0.09","0.12","0.2","0.09","3.9","<0.001","0.7"
"Western Buffer","WT3","2024-01-12","1","Surface Water","0.2","0.036","2.6","111","8.2","700","1600","0.031","0.003","0.004","7.7","0.6","33.2","2.9","0.25","1.7","20.5","0.07","0.12","0.15","0.03","3","<0.001","<0.5"
"Western Buffer","WT3","2024-01-12","1","Middle Water","0.2","0.031","2.5","88","6.6","670","1100","0.029","0.003","0.003","7.7","0.7","33.4","2.9","0.24","2.4","20","0.06","0.13","0.16","0.03","3.3","<0.001","0.6"
"Western Buffer","WT3","2024-01-12","1","Bottom Water","<0.1","0.031","2.7","86","6.4","1400","2200","0.026","0.003","0.003","7.7","1","33.5","2.9","0.22","2.4","19.9","0.06","0.13","0.16","0.03","3.6","<0.001","<0.5"
"Western Buffer","WT3","2024-03-15","1","Surface Water","2.9","0.065","0.9","114","9.3","110","210","0.049","<0.002","0.007","7.5","<0.2","18","3.6","0.46","2.5","20.3","0.12","0.13","0.18","0.07","2.8","<0.001","<0.5"
"Western Buffer","WT3","2024-03-15","1","Middle Water","2.5","0.059","0.5","152","11.3","93","180","0.047","<0.002","0.008","7.5","0.3","34.2","3.6","0.5","3.6","19.8","0.11","0.17","0.22","0.06","2.9","<0.001","<0.5"
"Western Buffer","WT3","2024-03-15","1","Bottom Water","2.3","0.066","1.1","77","5.7","110","250","0.048","0.002","0.014","7.5","<0.2","34.2","3.6","0.48","3.4","19.8","0.12","0.22","0.27","0.06","2.8","<0.001","1.9"
"Western Buffer","WT3","2024-05-04","1","Surface Water","0.2","0.057","3.4","72","5","380","770","0.25","0.014","0.008","8.1","0.5","29.8","2.4","0.85","3","25.1","0.32","0.2","0.46","0.07","2.3","0.003","0.9"
"Western Buffer","WT3","2024-05-04","1","Middle Water","0.2","0.056","2.2","79","5.5","900","15000","0.21","0.011","0.009","8.1","0.8","30.4","2.4","0.72","3","25.1","0.28","0.22","0.44","0.08","2.6","0.003","0.8"
"Western Buffer","WT3","2024-05-04","1","Bottom Water","<0.1","0.044","4.2","87","6","280","600","0.14","0.01","0.008","8.1","1.4","31.8","2.4","0.64","8.4","25","0.19","0.22","0.37","0.09","7.3","0.003","2.1"
"Western Buffer","WT3","2024-07-05","1","Surface Water","1.9","0.03","20","114","8","260","3500","0.47","0.024","0.014","7.8","2.9","18.3","2.4","1.1","3.6","28.4","0.52","0.23","0.72","0.04","3.6","0.001","1.1"
"Western Buffer","WT3","2024-07-05","1","Middle Water","1.1","0.03","13","154","10.7","250","1800","0.27","0.021","<0.002","7.4","5.3","22","2.4","1.6","4.5","27.8","0.32","0.14","0.43","0.05","3.7","<0.001","1.2"
"Western Buffer","WT3","2024-07-05","1","Bottom Water","1.4","0.022","17","195","13.6","190","2300","0.47","0.024","<0.002","7.1","5.8","27.1","2.4","1.2","3.5","25.9","0.52","0.22","0.71","0.04","3.8","<0.001","1.1"
"Western Buffer","WT3","2024-09-04","1","Surface Water","<0.1","0.06","5.6","111","7.4","110","430","0.11","0.016","0.002","7.8","2.6","30.4","2.1","0.55","4.2","27.3","0.19","0.2","0.33","0.05","2.6","0.002","2"
"Western Buffer","WT3","2024-09-04","1","Middle Water","6.3","0.066","6.1","78","5.2","300","800","0.11","0.016","<0.002","7.8","2.3","30.7","2.1","0.53","6.8","27.2","0.19","0.22","0.35","0.06","3.4","0.002","1.6"
"Western Buffer","WT3","2024-09-04","1","Bottom Water","2.7","0.041","6.2","71","4.8","310","790","0.098","0.016","<0.002","7.7","2","31.6","2.1","0.55","7.4","26.3","0.16","0.17","0.28","0.05","7.1","0.001","1.9"
"Western Buffer","WT3","2024-11-01","1","Surface Water","0.3","0.014","0.6","56","3.8","430","1600","0.062","0.033","0.01","7.7","0.6","32.5","1.8","1.1","3.8","26.5","0.11","0.14","0.24","0.08","2.7","<0.001","0.8"
"Western Buffer","WT3","2024-11-01","1","Middle Water","0.2","0.012","0.5","60","4","380","820","0.058","0.034","0.008","7.7","0.4","32.5","1.8","1","4.4","26.5","0.1","0.12","0.21","0.09","3.3","<0.001","0.8"
"Western Buffer","WT3","2024-11-01","1","Bottom Water","0.2","0.007","0.5","52","3.5","290","1400","0.057","0.034","0.011","7.7","0.2","32.6","1.8","1.1","7.4","26.5","0.1","0.12","0.21","0.09","5.7","<0.001","2.9"
