"Water Control Zone","River","Station","Dates","Sample No","5-Day Biochemical Oxygen Demand (mg/L)","Aluminium (μg/L)","Ammonia-Nitrogen (mg/L)","Anionic Surfactants (as Manoxol OT) (mg/L)","Antimony (μg/L)","Arsenic (μg/L)","Barium (μg/L)","Beryllium (μg/L)","Boron (μg/L)","Cadmium (μg/L)","Chemical Oxygen Demand (mg/L)","Chloride (mg/L)","Chlorophyll-𝘢 (μg/L)","Chromium (μg/L)","Conductivity (μS/cm)","Copper (μg/L)","Cyanide (mg/L)","Dissolved Oxygen (%saturation)","Dissolved Oxygen (mg/L)","Faecal Coliforms (counts/100mL)","Flow (m³/s)","Fluoride (mg/L)","Free Hydrogen Sulphide (mg/L)","Iron (μg/L)","Lead (μg/L)","Manganese (μg/L)","Mercury (μg/L)","Molybdenum (μg/L)","Nickel (μg/L)","Nitrate-Nitrogen (mg/L)","Nitrite-Nitrogen (mg/L)","Oil and Grease (mg/L)","Orthophosphate Phosphorus (mg/L)","pH","Phaeopigment (μg/L)","Salinity (psu)","Silica (as SiO₂) (mg/L)","Silver (μg/L)","Sulphide (mg/L)","Suspended solids (mg/L)","Thallium (μg/L)","Total Kjeldahl Nitrogen (mg/L)","Total Organic Carbon (mg/L)","Total Phosphorus (mg/L)","Total Solids (mg/L)","Total Volatile Solids (mg/L)","Turbidity (NTU)","Vanadium (μg/L)","Water Temperature (°C)","Zinc (μg/L)","𝐸. 𝑐𝑜𝑙𝑖  (counts/100mL)"
"Western Buffer","Pai Min Kok (Anglers') Stream","AN1","2024-01-06","1","7.8","<50","0.72","0.05","<1","<1","14","<1","320","<0.1","39","2200","0.3","2","6717","5","<0.01","100","9","160000","null","0.6","<0.01","80","<1","<10","<1","2","3","1","0.11","<0.5","0.1","7.6","<0.2","4.2","12","<1","<0.02","20","<1","1.9","7","0.2","5100","1200","8.8","<2","18.9","20","12000"
"Western Buffer","Pai Min Kok (Anglers') Stream","AN1","2024-02-17","1","1.6","<50","0.079","0.09","<1","<1","18","<1","1300","0.1","48","7900","1","1","16732","4","<0.01","100","8.8","3600","null","0.6","<0.01","<50","<1","10","<1","5","4","0.79","0.01","0.7","0.041","7.9","0.6","11.4","5.8","<1","<0.02","2.7","<1","0.21","2","0.06","15000","2500","1.8","<2","18.5","60","290"
"Western Buffer","Pai Min Kok (Anglers') Stream","AN1","2024-03-02","1","3.1","<50","0.31","0.05","<1","1","16","<1","1600","0.1","61","8200","27","1","17075","4","<0.01","99","9.8","9000","null","0.7","<0.01","50","<1","<10","<1","6","5","1.2","0.05","<0.5","0.098","8","18","13.7","7.6","<1","<0.02","27","<1","0.92","11","0.26","19000","4900","8.8","<2","12","30","3400"
"Western Buffer","Pai Min Kok (Anglers') Stream","AN1","2024-04-13","1","3.8","<50","0.23","0.09","<1","<1","19","<1","460","<0.1","29","2200","1.5","1","7045","4","<0.01","103","8.4","180000","null","0.5","<0.01","<50","<1","<10","<1","3","3","1.8","0.089","<0.5","0.081","8.1","1.2","3.9","8","<1","<0.02","3.1","<1","0.68","8","0.13","4800","1200","2.5","<2","24.8","10","9000"
"Western Buffer","Pai Min Kok (Anglers') Stream","AN1","2024-05-09","1","<0.1","<50","0.21","<0.05","<1","<1","19","<1","110","<0.1","4","170","0.6","<1","661","5","<0.01","101","8.3","3900","null","0.3","<0.01","<50","<1","10","<1","<2","1","2","0.011","<0.5","0.046","6.7","<0.2","0.3","9","<1","<0.02","1.2","<1","7.3","9","0.11","560","180","1.1","<2","25.5","30","2700"
"Western Buffer","Pai Min Kok (Anglers') Stream","AN1","2024-06-08","1","<0.1","<50","0.023","<0.05","<1","<1","9","<1","60","<0.1","9","250","2","<1","944","1","<0.01","100","8.3","25000","null","0.4","<0.01","90","<1","<10","<1","<2","<1","0.53","0.011","<0.5","0.058","7.5","<0.2","0.5","15","<1","<0.02","3.4","<1","0.43","2","0.07","810","230","5","<2","24.6","<10","23000"
"Western Buffer","Pai Min Kok (Anglers') Stream","AN1","2024-07-18","1","<0.1","60","0.05","<0.05","<1","<1","8","<1","<50","<0.1","7","96","2.5","<1","446","<1","<0.01","101","8","260000","null","0.4","<0.01","90","<1","<10","<1","<2","<1","0.47","0.005","<0.5","0.078","8","<0.2","0.2","18","<1","<0.02","4.4","<1","0.21","2","0.08","340","110","5.3","<2","26.9","10","100000"
"Western Buffer","Pai Min Kok (Anglers') Stream","AN1","2024-08-08","1","0.5","60","0.05","<0.05","<1","<1","7","<1","<50","<0.1","9","100","1.7","<1","450","1","<0.01","100","7.9","54000","null","0.3","<0.01","110","<1","<10","<1","<2","<1","0.41","0.02","<0.5","0.067","7.6","<0.2","0.2","18","<1","<0.02","3.2","<1","0.29","2","0.08","340","72","5.8","<2","27.4","<10","42000"
"Western Buffer","Pai Min Kok (Anglers') Stream","AN1","2024-09-19","1","<0.1","<50","<0.005","0.07","<1","<1","9","<1","200","<0.1","11","920","0.5","<1","2943","1","<0.01","100","7.9","19000","null","0.4","<0.01","100","<1","10","<1","<2","<1","0.47","0.008","<0.5","0.063","7.6","0.7","1.5","17","<1","<0.02","3.4","<1","0.2","2","0.07","2400","820","5.6","<2","27","<10","10000"
"Western Buffer","Pai Min Kok (Anglers') Stream","AN1","2024-10-24","1","0.7","<50","0.042","0.06","<1","<1","12","<1","720","<0.1","17","4400","0.9","1","7515","1","<0.01","99","8.5","90000","null","0.5","<0.01","<50","<1","<10","<1","3","2","0.57","0.014","<0.5","0.055","7.8","0.9","4.4","14","<1","<0.02","4.7","<1","0.16","1","0.07","9000","1800","6.6","<2","21.9","<10","11000"
"Western Buffer","Pai Min Kok (Anglers') Stream","AN1","2024-11-21","1","0.5","<50","0.023","<0.05","<1","<1","10","<1","470","<0.1","29","3800","0.2","1","6534","2","<0.01","101","9","14000","null","0.5","<0.01","<50","<1","<10","<1","3","2","0.62","0.024","<0.5","0.086","7.9","<0.2","4","15","<1","<0.02","16","<1","0.25","3","0.1","7500","1200","18.3","<2","19.9","<10","800"
"Western Buffer","Pai Min Kok (Anglers') Stream","AN1","2024-12-07","1","0.7","<50","0.024","<0.05","<1","<1","8","<1","<50","<0.1","2","180","1.7","<1","576","1","<0.01","101","9.3","1500","null","0.4","<0.01","110","<1","<10","<1","<2","2","0.35","0.013","<0.5","0.048","7.7","<0.2","0.3","18","<1","<0.02","1.6","<1","0.12","2","0.07","600","130","2.9","<2","19.1","<10","260"
"Western Buffer","Pai Min Kok (Anglers') Stream","AN2","2024-01-06","1","15","70","<0.005","<0.05","<1","<1","6","<1","<50","<0.1","7","36","<0.2","1","111","1","<0.01","103","9.7","2000","0.003","0.4","<0.01","130","<1","<10","<1","<2","<1","0.23","0.005","<0.5","0.032","8.1","<0.2","0.1","17","<1","<0.02","1.5","<1","0.1","2","0.04","98","39","4.2","<2","18.2","<10","800"
"Western Buffer","Pai Min Kok (Anglers') Stream","AN2","2024-02-17","1","12","<50","0.017","<0.05","<1","<1","7","<1","<50","<0.1","7","26","2.4","<1","128","2","<0.01","116","10.7","5900","0.001","0.6","<0.01","<50","<1","<10","<1","<2","1","0.47","0.046","1.3","0.088","8.8","1.9","0.1","14","<1","<0.02","1.9","<1","0.29","4","0.1","170","81","1.1","<2","19","<10","1900"
"Western Buffer","Pai Min Kok (Anglers') Stream","AN2","2024-03-02","1","3.7","<50","0.58","0.06","<1","<1","9","<1","<50","<0.1","19","21","16","<1","180","6","<0.01","104","11.7","12000","0.001","0.6","<0.01","50","<1","10","<1","<2","2","1.3","0.11","<0.5","0.14","8.1","9.3","0.1","18","<1","<0.02","14","<1","1.7","8","0.31","200","94","3.9","<2","10.1","20","11000"
"Western Buffer","Pai Min Kok (Anglers') Stream","AN2","2024-04-13","1","4.7","<50","0.016","1.5","<1","<1","14","<1","<50","<0.1","16","110","2.5","<1","279","4","<0.01","107","9","23000","0.001","0.7","<0.01","<50","<1","<10","<1","3","2","0.26","0.009","<0.5","0.19","8.2","1.8","0.1","20","<1","<0.02","<0.5","<1","0.27","10","0.25","280","82","1.9","<2","23.8","20","1300"
"Western Buffer","Pai Min Kok (Anglers') Stream","AN2","2024-05-09","1","0.4","<50","0.018","<0.05","<1","<1","6","<1","<50","<0.1","11","<10","0.9","<1","125","2","<0.01","102","8.7","360000","0.006","0.4","<0.01","240","<1","20","<1","<2","<1","0.33","0.005","<0.5","0.074","7.7","0.4","0.1","18","<1","<0.02","2.7","<1","0.28","5","0.08","170","46","7.6","<2","23.5","20","350000"
"Western Buffer","Pai Min Kok (Anglers') Stream","AN2","2024-06-08","1","<0.1","50","0.08","<0.05","<1","<1","5","<1","<50","<0.1","9","<10","0.7","<1","106","1","<0.01","101","8.5","44000","0.006","0.3","<0.01","180","<1","20","<1","<2","<1","0.24","0.003","<0.5","0.045","7.4","0.3","0.1","16","<1","<0.02","3.5","<1","0.47","3","0.06","170","110","7.3","<2","24.2","<10","40000"
"Western Buffer","Pai Min Kok (Anglers') Stream","AN2","2024-07-18","1","<0.1","130","0.029","<0.05","<1","<1","5","<1","<50","<0.1","8","<10","1.1","<1","112","2","<0.01","102","8.2","150000","0.003","0.3","<0.01","170","<1","10","<1","<2","<1","0.19","0.006","<0.5","0.03","7.7","<0.2","0.1","18","<1","<0.02","4.4","<1","0.2","2","0.04","130","72","8.7","<2","26.3","10","150000"
"Western Buffer","Pai Min Kok (Anglers') Stream","AN2","2024-08-08","1","1.6","80","0.006","<0.05","<1","<1","5","<1","<50","<0.1","5","<10","1.7","<1","118","<1","<0.01","100","8","160000","0.006","0.3","<0.01","140","<1","<10","<1","<2","<1","0.16","<0.002","<0.5","0.057","7.7","<0.2","0.1","18","<1","<0.02","3.4","<1","0.16","2","0.07","130","28","7.9","<2","26.9","<10","79000"
"Western Buffer","Pai Min Kok (Anglers') Stream","AN2","2024-09-19","1","0.8","130","<0.005","0.07","<1","<1","5","<1","<50","<0.1","4","<10","4","<1","124","<1","<0.01","102","8.2","15000","0.005","0.3","<0.01","180","<1","<10","<1","<2","<1","0.16","0.003","<0.5","0.049","7.5","0.9","0.1","19","<1","<0.02","6.6","<1","0.17","2","0.05","130","69","7.9","<2","26.8","<10","15000"
"Western Buffer","Pai Min Kok (Anglers') Stream","AN2","2024-10-24","1","0.3","60","0.01","<0.05","<1","<1","4","<1","<50","<0.1","5","14","1","<1","115","<1","<0.01","100","8.9","160000","0.004","0.3","<0.01","90","<1","<10","<1","<2","1","0.018","0.012","<0.5","0.028","7.7","0.4","0.1","19","<1","<0.02","4.8","<1","0.12","1","0.05","150","69","6.5","<2","21.4","<10","3000"
"Western Buffer","Pai Min Kok (Anglers') Stream","AN2","2024-11-21","1","0.2","150","0.031","<0.05","<1","<1","6","<1","<50","<0.1","8","<10","<0.2","1","84","2","<0.01","101","9.2","10000","0.01","0.3","<0.01","200","<1","<10","<1","<2","<1","0.58","0.015","<0.5","0.13","7.6","<0.2","0","17","<1","0.02","9.2","<1","0.22","3","0.14","110","38","25.7","<2","19.9","10","590"
"Western Buffer","Pai Min Kok (Anglers') Stream","AN2","2024-12-07","1","0.5","80","<0.005","<0.05","<1","<1","5","<1","<50","<0.1","3","<10","1.2","<1","151","6","<0.01","101","9.4","1400","0.001","0.4","<0.01","240","<1","<10","<1","<2","<1","0.12","0.009","<0.5","0.038","7.8","0.4","0.1","20","<1","<0.02","1.6","<1","0.07","2","0.06","100","32","5.8","<2","18.8","<10","530"
"Deep Bay","Ha Pak Nai Stream","DB1","2024-01-24","1","1.3","<50","0.01","<0.05","<1","<1","3","<1","<50","<0.1","3","<10","0.6","<1","37","2","<0.01","100","11","420","0.011","<0.2","<0.01","<50","<1","10","<1","<2","<1","0.79","0.004","<0.5","0.017","7.1","<0.2","0","26","<1","<0.02","0.7","<1","<0.05","<1","<0.02","76","44","4.4","<2","11.1","<10","160"
"Deep Bay","Ha Pak Nai Stream","DB1","2024-02-26","1","0.4","<50","0.015","<0.05","<1","<1","3","<1","<50","<0.1","2","55","0.6","<1","39","<1","<0.01","98","9.6","2000","0.006","<0.2","<0.01","<50","<1","20","<1","<2","<1","0.29","<0.002","<0.5","0.023","6.8","<0.2","0","20","<1","<0.02","5.2","<1","0.08","<1","0.03","150","46","4.7","<2","16.6","<10","30"
"Deep Bay","Ha Pak Nai Stream","DB1","2024-03-22","1","<0.1","<50","0.011","<0.05","<1","<1","4","<1","<50","<0.1","3","<10","0.6","<1","50","<1","<0.01","99","8.7","360","0.008","0.2","<0.01","<50","<1","10","<1","<2","1","0.29","0.009","<0.5","0.016","7.4","0.3","0","20","<1","<0.02","0.6","<1","0.11","2","0.03","61","39","6.3","<2","21.5","<10","47"
"Deep Bay","Ha Pak Nai Stream","DB1","2024-04-05","1","0.4","<50","0.046","<0.05","<1","<1","4","<1","<50","<0.1","3","<10","2.8","<1","54","<1","<0.01","94","7.8","15000","0.002","0.2","<0.01","<50","<1","20","<1","<2","<1","0.33","<0.002","<0.5","0.018","7","0.3","0","20","<1","<0.02","3.4","<1","0.11","2","0.03","110","46","3.2","<2","24.9","<10","130"
"Deep Bay","Ha Pak Nai Stream","DB1","2024-05-08","1","1.5","60","0.016","<0.05","<1","<1","2","<1","<50","<0.1","4","<10","<0.2","<1","72","<1","<0.01","95","7.8","22000","0","<0.2","<0.01","<50","<1","<10","<1","<2","<1","0.39","0.003","<0.5","0.034","7.2","<0.2","0","20","<1","<0.02","7.8","<1","0.07","2","0.06","130","55","13.7","<2","25","<10","300"
"Deep Bay","Ha Pak Nai Stream","DB1","2024-06-12","1","1.2","<50","0.011","<0.05","<1","2","2","<1","<50","<0.1","6","<10","0.6","<1","89","<1","<0.01","99","7.7","12000","0.044","0.2","<0.01","<50","<1","<10","<1","<2","<1","0.4","0.012","<0.5","0.045","8.2","<0.2","0","20","<1","<0.02","45","<1","0.25","5","0.08","780","170","396.2","3","28.1","<10","500"
"Deep Bay","Ha Pak Nai Stream","DB1","2024-07-03","1","<0.1","120","0.037","<0.05","<1","2","2","<1","<50","<0.1","2","<10","1","<1","95","<1","<0.01","99","7.5","2900","0.026","0.2","<0.01","100","<1","30","<1","<2","<1","0.29","0.005","<0.5","0.03","8.7","0.7","0","20","<1","<0.02","7.8","<1","0.1","2","0.04","80","51","11.4","<2","29.7","<10","76"
"Deep Bay","Ha Pak Nai Stream","DB1","2024-08-01","1","<0.1","<50","0.022","<0.05","<1","1","2","<1","<50","<0.1","8","11","0.5","<1","108","<1","<0.01","99","7.7","16000","0.031","0.2","<0.01","<50","<1","<10","<1","<2","<1","0.3","0.008","<0.5","0.032","8.1","0.6","0.1","19","<1","0.02","160","<1","0.12","2","0.07","370","120","112.8","<2","28.6","<10","240"
"Deep Bay","Ha Pak Nai Stream","DB1","2024-09-05","1","0.5","50","0.027","<0.05","<1","2","2","<1","<50","<0.1","4","<10","1.6","<1","95","<1","<0.01","97","7.6","1700","0.007","0.2","<0.01","170","<1","130","<1","<2","<1","0.29","0.005","<0.5","0.098","8","1.6","0","20","<1","0.03","19","<1","0.12","1","0.12","150","81","31.4","<2","28","<10","80"
"Deep Bay","Ha Pak Nai Stream","DB1","2024-10-04","1","<0.1","<50","0.031","<0.05","<1","1","2","<1","<50","<0.1","3","86","1.3","<1","71","<1","<0.01","99","8.5","1600","0.028","0.2","<0.01","120","<1","80","<1","<2","<1","0.45","0.017","<0.5","0.047","7.8","0.4","0","20","<1","<0.02","24","<1","0.11","2","0.06","230","65","23.1","<2","22.9","<10","22"
"Deep Bay","Ha Pak Nai Stream","DB1","2024-11-07","1","<0.1","<50","0.013","<0.05","<1","1","2","<1","<50","<0.1","6","56","1.5","<1","83","<1","<0.01","98","8.5","3000","0.007","0.3","<0.01","190","<1","60","<1","<2","<1","0.23","<0.002","<0.5","0.035","8.4","1.1","0","21","<1","<0.02","10","<1","0.09","1","0.05","130","18","11.3","<2","22.6","<10","19"
"Deep Bay","Ha Pak Nai Stream","DB1","2024-12-05","1","0.1","<50","0.016","<0.05","<1","1","3","<1","<50","<0.1","2","26","1","<1","79","<1","<0.01","98","9","1000","0.008","0.2","<0.01","130","<1","60","<1","<2","<1","0.28","<0.002","<0.5","0.038","7.8","<0.2","0","20","<1","<0.02","19","<1","<0.05","1","0.04","120","30","27.7","<2","19.7","10","33"
"Deep Bay","Tai Shui Hang Stream","DB2","2024-01-24","1","<0.1","<50","0.013","<0.05","<1","<1","3","<1","<50","<0.1","5","<10","0.3","<1","53","3","<0.01","102","11","210","0.728","0.2","<0.01","<50","<1","20","<1","<2","<1","0.44","0.003","<0.5","0.025","7.6","<0.2","0","27","<1","<0.02","1.5","<1","<0.05","1","0.02","67","34","1.7","<2","11.9","<10","90"
"Deep Bay","Tai Shui Hang Stream","DB2","2024-02-26","1","1.1","<50","<0.005","<0.05","<1","<1","2","<1","<50","<0.1","6","<10","<0.2","<1","54","<1","<0.01","102","9.8","1800","0.113","0.2","<0.01","60","<1","20","<1","<2","2","0.14","<0.002","<0.5","0.016","7.6","<0.2","0","21","<1","<0.02","8.7","<1","0.14","3","0.02","78","24","2.6","<2","17.1","<10","110"
"Deep Bay","Tai Shui Hang Stream","DB2","2024-03-22","1","<0.1","<50","0.007","<0.05","<1","<1","4","<1","<50","<0.1","4","<10","0.6","<1","72","<1","<0.01","106","9.1","790","0.96","0.3","<0.01","<50","<1","20","<1","<2","<1","0.055","0.014","<0.5","0.005","7.7","<0.2","0","20","<1","<0.02","0.6","<1","0.07","2","0.03","61","34","2.2","<2","23","<10","19"
"Deep Bay","Tai Shui Hang Stream","DB2","2024-04-05","1","0.9","<50","0.01","<0.05","<1","<1","5","<1","<50","<0.1","4","<10","1.6","<1","76","<1","<0.01","95","7.8","5300","0.08","0.3","<0.01","100","<1","60","<1","<2","<1","0.11","0.003","<0.5","0.017","7.3","<0.2","0","19","<1","<0.02","5","<1","0.12","2","<0.02","120","47","4.4","<2","25.6","<10","220"
"Deep Bay","Tai Shui Hang Stream","DB2","2024-05-08","1","0.9","<50","0.045","<0.05","<1","<1","5","<1","<50","<0.1","8","160","0.2","<1","438","<1","<0.01","88","7.3","15000","0.16","<0.2","<0.01","<50","<1","40","<1","<2","<1","0.27","0.007","<0.5","0.043","7.3","<0.2","0.2","19","<1","<0.02","2.3","<1","0.17","2","0.06","400","92","6.5","<2","25.2","<10","350"
"Deep Bay","Tai Shui Hang Stream","DB2","2024-06-12","1","0.7","<50","0.012","<0.05","<1","<1","2","<1","<50","<0.1","5","<10","2.5","<1","62","<1","<0.01","101","7.9","2200","0.43","<0.2","<0.01","70","<1","20","<1","<2","1","0.32","0.006","<0.5","0.026","7.3","1.1","0","20","<1","<0.02","5.1","<1","0.09","1","0.03","120","100","7.3","<2","28.4","<10","130"
"Deep Bay","Tai Shui Hang Stream","DB2","2024-07-03","1","<0.1","60","0.037","<0.05","<1","<1","2","<1","<50","<0.1","3","<10","1.1","<1","75","<1","<0.01","110","8.3","4300","0.252","0.2","<0.01","<50","<1","20","<1","<2","<1","0.19","0.004","<0.5","0.055","8.2","<0.2","0","20","<1","<0.02","8.6","<1","0.08","2","0.06","70","41","16.6","<2","30.3","<10","130"
"Deep Bay","Tai Shui Hang Stream","DB2","2024-08-01","1","<0.1","<50","0.019","<0.05","<1","<1","2","<1","<50","<0.1","7","16","2","<1","71","<1","<0.01","103","7.9","6600","1.032","<0.2","<0.01","50","<1","20","<1","<2","<1","0.25","0.011","<0.5","0.023","7.6","1","0","20","<1","<0.02","15","<1","0.08","2","0.03","110","53","12.8","<2","28.9","<10","260"
"Deep Bay","Tai Shui Hang Stream","DB2","2024-09-05","1","0.4","<50","0.016","<0.05","<1","<1","2","<1","<50","<0.1","5","<10","5.8","<1","86","<1","<0.01","110","8.6","8700","1.664","0.3","<0.01","60","<1","20","<1","<2","<1","0.21","0.003","<0.5","0.06","7.9","2","0","20","<1","<0.02","2.7","<1","0.07","1","0.07","92","68","5.7","<2","28.1","<10","610"
"Deep Bay","Tai Shui Hang Stream","DB2","2024-10-04","1","<0.1","<50","0.01","<0.05","<1","<1","2","<1","<50","<0.1","3","14","0.5","<1","58","<1","<0.01","103","8.9","930","0.27","0.2","<0.01","110","<1","20","<1","<2","<1","0.27","<0.002","<0.5","0.078","7.1","0.3","0","20","<1","<0.02","2","<1","<0.05","<1","0.1","76","22","3.4","<2","22.7","<10","120"
"Deep Bay","Tai Shui Hang Stream","DB2","2024-11-07","1","<0.1","<50","0.009","<0.05","<1","<1","2","<1","<50","<0.1","5","37","0.7","<1","173","<1","<0.01","102","8.8","3500","0.128","0.3","<0.01","<50","<1","10","<1","<2","<1","0.14","<0.002","<0.5","0.038","7.7","0.7","0.1","20","<1","<0.02","3.8","<1","<0.05","<1","0.04","170","36","4.4","<2","22.5","<10","80"
"Deep Bay","Tai Shui Hang Stream","DB2","2024-12-05","1","<0.1","<50","0.011","<0.05","<1","<1","2","<1","<50","<0.1","3","13","0.5","<1","73","<1","<0.01","101","9.3","440","0.12","0.2","<0.01","<50","<1","20","<1","<2","<1","0.19","<0.002","<0.5","0.04","7","0.3","0","20","<1","<0.02","3.2","<1","<0.05","<1","0.06","88","22","4.2","<2","19.5","<10","80"
"Deep Bay","Pak Nai Stream","DB3","2024-01-24","1","<0.1","<50","0.012","0.05","<1","<1","5","<1","<50","<0.1","7","<10","0.9","<1","56","3","<0.01","100","10.9","6900","0.13","<0.2","<0.01","<50","<1","40","<1","<2","<1","0.57","<0.002","<0.5","0.016","6.7","<0.2","0","26","<1","<0.02","1.2","<1","0.07","<1","<0.02","88","52","1.8","<2","11.5","<10","580"
"Deep Bay","Pak Nai Stream","DB3","2024-02-26","1","0.6","<50","0.01","<0.05","<1","<1","4","<1","<50","<0.1","5","<10","0.2","<1","59","<1","<0.01","99","9.5","32000","0.09","<0.2","<0.01","60","<1","40","<1","<2","1","0.26","<0.002","<0.5","0.022","6.8","<0.2","0","20","<1","<0.02","1.8","<1","0.07","1","0.03","78","28","2.4","<2","17.2","<10","450"
"Deep Bay","Pak Nai Stream","DB3","2024-03-22","1","0.4","<50","0.032","<0.05","<1","<1","4","<1","<50","<0.1","7","<10","0.5","<1","77","<1","<0.01","100","8.6","68000","0.066","0.2","<0.01","<50","<1","30","<1","<2","<1","0.29","0.01","<0.5","0.015","7.2","<0.2","0","20","<1","<0.02","2.2","<1","0.09","1","0.03","110","86","2.4","<2","23","<10","1400"
"Deep Bay","Pak Nai Stream","DB3","2024-04-05","1","0.8","<50","0.017","<0.05","<1","<1","4","<1","<50","<0.1","4","<10","1","<1","79","<1","<0.01","101","8.2","27000","0.007","0.2","<0.01","<50","<1","20","<1","<2","<1","0.26","0.004","<0.5","0.016","7.1","0.6","0","20","<1","<0.02","<0.5","<1","0.15","2","<0.02","120","61","2.5","<2","26.2","<10","900"
"Deep Bay","Pak Nai Stream","DB3","2024-05-08","1","1.1","<50","0.058","<0.05","<1","<1","6","<1","<50","<0.1","14","11","1.9","<1","133","<1","<0.01","96","7.9","28000","0.173","<0.2","<0.01","<50","<1","20","<1","<2","<1","1.5","0.021","<0.5","0.33","6.9","0.7","0.1","20","<1","<0.02","37","<1","0.08","2","0.37","200","68","14.7","<2","25.5","10","1700"
"Deep Bay","Pak Nai Stream","DB3","2024-06-12","1","0.7","<50","0.016","<0.05","<1","1","4","<1","<50","<0.1","<2","<10","0.8","<1","80","<1","<0.01","97","7.6","8100","1.544","<0.2","<0.01","70","<1","60","<1","<2","<1","0.28","<0.002","<0.5","0.026","6.6","0.5","0","20","<1","<0.02","3.2","<1","0.07","1","0.03","100","74","8.5","<2","27.9","<10","200"
"Deep Bay","Pak Nai Stream","DB3","2024-07-03","1","<0.1","<50","0.036","<0.05","<1","1","4","<1","<50","<0.1","5","<10","0.8","<1","83","<1","<0.01","99","7.6","4300","0.223","<0.2","<0.01","<50","<1","50","<1","<2","<1","0.25","<0.002","<0.5","0.038","7.1","0.7","0","20","<1","<0.02","2.2","<1","0.07","1","0.05","80","44","6.4","<2","29.2","<10","390"
"Deep Bay","Pak Nai Stream","DB3","2024-08-01","1","<0.1","<50","0.022","<0.05","<1","2","3","<1","<50","<0.1","2","<10","1.4","<1","66","<1","<0.01","96","7.4","12000","0.964","<0.2","<0.01","<50","<1","40","<1","<2","<1","0.24","<0.002","<0.5","0.026","6.8","<0.2","0","20","<1","<0.02","4.4","<1","0.05","1","0.03","120","68","9.9","<2","28.6","<10","300"
"Deep Bay","Pak Nai Stream","DB3","2024-09-05","1","0.9","<50","0.043","<0.05","<1","2","3","<1","<50","<0.1","4","<10","1.9","<1","71","<1","<0.01","94","7.5","13000","0.074","<0.2","<0.01","<50","<1","40","<1","<2","<1","0.43","0.004","<0.5","0.11","6.7","0.9","0","20","<1","<0.02","5.2","<1","0.07","<1","0.11","110","60","7.9","<2","27.3","<10","710"
"Deep Bay","Pak Nai Stream","DB3","2024-10-04","1","<0.1","<50","0.025","<0.05","<1","2","3","<1","<50","<0.1","2","<10","0.4","<1","60","<1","<0.01","98","8.4","4500","0.11","<0.2","<0.01","110","<1","30","<1","<2","<1","0.42","0.003","<0.5","0.058","7.1","<0.2","0","21","<1","<0.02","3","<1","<0.05","<1","0.06","68","3","4.6","<2","22.8","<10","1900"
"Deep Bay","Pak Nai Stream","DB3","2024-11-07","1","<0.1","<50","0.048","<0.05","<1","1","3","<1","<50","<0.1","3","27","1","<1","66","<1","<0.01","97","8.4","4500","0.051","0.2","<0.01","<50","<1","20","<1","<2","<1","1.2","0.034","<0.5","0.47","7.1","0.9","0","20","<1","<0.02","8","<1","<0.05","1","0.58","110","32","5.1","<2","22.4","<10","900"
"Deep Bay","Pak Nai Stream","DB3","2024-12-05","1","0.2","<50","0.046","<0.05","<1","1","4","<1","<50","<0.1","3","<10","1.4","<1","68","<1","<0.01","96","8.8","1700","0.026","0.2","<0.01","70","<1","30","<1","<2","<1","0.42","0.007","<0.5","0.1","7","1.8","0","20","<1","<0.02","11","<1","0.08","1","0.14","77","22","6.1","<2","19.7","10","600"
"Deep Bay","Sheung Pak Nai Stream","DB5","2024-01-24","1","<0.1","<50","0.013","<0.05","<1","<1","5","<1","<50","<0.1","10","<10","0.5","<1","67","2","<0.01","96","10.5","18000","0.113","0.2","<0.01","140","<1","60","<1","<2","<1","0.37","0.003","<0.5","0.013","6.8","<0.2","0","23","<1","<0.02","<0.5","<1","0.11","1","0.03","90","66","2.3","<2","11.7","<10","510"
"Deep Bay","Sheung Pak Nai Stream","DB5","2024-02-26","1","0.7","<50","0.009","<0.05","<1","<1","6","<1","<50","<0.1","2","<10","0.2","<1","76","<1","<0.01","95","9.1","12000","0.102","0.2","<0.01","180","<1","40","<1","<2","5","0.15","<0.002","<0.5","0.021","7.2","<0.2","0","18","<1","<0.02","1.2","<1","0.09","1","0.03","93","38","2.2","<2","17.3","<10","210"
"Deep Bay","Sheung Pak Nai Stream","DB5","2024-03-22","1","0.3","<50","0.016","<0.05","<1","<1","4","<1","<50","<0.1","3","<10","0.8","<1","92","<1","<0.01","101","8.7","3400","0.056","0.2","<0.01","130","<1","20","<1","<2","1","0.12","0.011","<0.5","0.009","7.5","0.5","0","20","<1","<0.02","<0.5","<1","0.15","2","0.03","95","78","1.9","<2","22.5","<10","180"
"Deep Bay","Sheung Pak Nai Stream","DB5","2024-04-05","1","0.5","<50","0.015","<0.05","<1","<1","5","<1","<50","<0.1","5","<10","1.6","<1","98","<1","<0.01","93","7.6","5100","0.01","0.3","<0.01","130","<1","20","<1","<2","<1","0.068","0.004","<0.5","0.016","7.4","0.7","0","20","<1","<0.02","1.6","<1","0.09","3","<0.02","100","27","1.7","<2","25.5","<10","380"
"Deep Bay","Sheung Pak Nai Stream","DB5","2024-05-08","1","0.7","<50","0.06","<0.05","<1","<1","7","<1","<50","<0.1","10","11","<0.2","<1","131","<1","<0.01","97","7.9","7700","0.062","0.2","<0.01","150","<1","80","<1","2","<1","0.25","0.005","<0.5","0.03","7.5","<0.2","0.1","21","<1","<0.02","<0.5","<1","0.15","2","0.03","150","57","11.6","<2","25.7","30","330"
"Deep Bay","Sheung Pak Nai Stream","DB5","2024-06-12","1","0.7","<50","0.031","<0.05","<1","<1","5","<1","<50","<0.1","3","<10","0.6","<1","113","<1","<0.01","98","7.6","8200","0.148","<0.2","<0.01","130","<1","50","<1","<2","<1","0.25","0.004","<0.5","0.032","7.1","<0.2","0.1","20","<1","<0.02","13","<1","0.1","3","0.04","150","80","11.9","<2","28.4","<10","180"
"Deep Bay","Sheung Pak Nai Stream","DB5","2024-07-03","1","0.7","<50","0.017","<0.05","<1","<1","5","<1","<50","<0.1","3","<10","0.6","<1","120","<1","<0.01","97","7.4","49000","0.121","0.2","<0.01","140","<1","20","<1","2","<1","0.18","0.004","<0.5","0.023","7.3","0.5","0.1","20","<1","<0.02","1","<1","0.12","2","0.03","110","50","8.2","<2","29.6","<10","2000"
"Deep Bay","Sheung Pak Nai Stream","DB5","2024-08-01","1","2.5","<50","0.024","<0.05","<1","<1","5","<1","<50","<0.1","2","<10","0.7","<1","114","<1","<0.01","92","7.1","18000","0.271","0.2","<0.01","130","<1","70","<1","<2","<1","0.13","0.011","<0.5","0.013","7.2","0.5","0.1","20","<1","<0.02","7.9","<1","0.18","2","0.03","140","100","14.4","<2","28.6","<10","800"
"Deep Bay","Sheung Pak Nai Stream","DB5","2024-09-05","1","1.5","<50","0.07","<0.05","<1","<1","5","<1","<50","<0.1","5","<10","1.6","<1","115","<1","<0.01","90","7.1","72000","0.02","0.2","<0.01","90","<1","70","<1","2","<1","0.27","0.005","<0.5","0.049","7.1","1.2","0.1","20","<1","<0.02","3.6","<1","0.22","2","0.06","110","48","9.4","<2","27.5","<10","8200"
"Deep Bay","Sheung Pak Nai Stream","DB5","2024-10-04","1","<0.1","<50","0.034","<0.05","<1","<1","4","<1","<50","<0.1","2","<10","0.4","<1","89","<1","<0.01","97","8.3","6400","0.051","0.2","<0.01","160","<1","60","<1","<2","<1","0.25","0.005","<0.5","0.025","7","0.4","0","20","<1","<0.02","3.4","<1","0.07","1","0.04","86","3.5","5.2","<2","23.6","<10","280"
"Deep Bay","Sheung Pak Nai Stream","DB5","2024-11-07","1","<0.1","<50","0.025","<0.05","<1","<1","4","<1","<50","<0.1","4","11","0.9","<1","89","<1","<0.01","99","8.5","17000","0.013","0.3","<0.01","110","<1","30","<1","<2","<1","0.19","0.004","<0.5","0.035","7.5","<0.2","0","20","<1","<0.02","0.8","<1","<0.05","1","0.05","110","23","3.7","<2","22.8","<10","310"
"Deep Bay","Sheung Pak Nai Stream","DB5","2024-12-05","1","0.2","<50","0.044","<0.05","<1","<1","5","<1","<50","<0.1","3","<10","1.2","<1","84","<1","<0.01","99","9","1200","0.006","0.2","<0.01","120","<1","60","<1","<2","<1","0.23","0.005","<0.5","0.039","7","<0.2","0","20","<1","<0.02","1.5","<1","0.07","1","0.08","110","28","4.6","<2","20","<10","410"
"Deep Bay","Ngau Hom Sha Stream","DB6","2024-01-24","1","<0.1","<50","0.16","<0.05","<1","<1","8","<1","<50","<0.1","9","39","2","<1","107","3","<0.01","99","10.4","130","0.011","0.2","<0.01","150","<1","110","<1","<2","2","0.51","0.009","<0.5","0.071","6.8","<0.2","0.1","23","<1","<0.02","2.2","<1","0.2","1","0.12","100","33","2.9","<2","13.2","<10","36"
"Deep Bay","Ngau Hom Sha Stream","DB6","2024-02-26","1","1.3","<50","0.3","<0.05","<1","<1","6","<1","<50","<0.1","6","19","<0.2","<1","156","<1","<0.01","96","8.8","700","0.103","0.3","<0.01","240","<1","170","<1","3","3","0.25","0.009","<0.5","0.11","7.3","<0.2","0.1","17","<1","<0.02","6.8","<1","0.46","2","0.27","120","23","3.9","<2","19.5","<10","80"
"Deep Bay","Ngau Hom Sha Stream","DB6","2024-03-22","1","2","<50","0.3","<0.05","<1","<1","5","<1","<50","<0.1","10","42","21","<1","250","<1","<0.01","116","9.7","4300","0.119","0.4","<0.01","280","<1","280","<1","5","3","0.11","0.011","<0.5","0.21","7.4","3.6","0.1","18","<1","<0.02","3.6","<1","0.64","6","0.4","190","89","4.4","<2","24.5","<10","240"
"Deep Bay","Ngau Hom Sha Stream","DB6","2024-04-05","1","1.8","<50","0.41","<0.05","<1","<1","6","<1","<50","<0.1","8","16","3.8","<1","187","<1","<0.01","89","7.2","8500","0.004","0.4","<0.01","170","<1","310","<1","4","3","0.067","0.018","<0.5","0.14","7.1","2","0.1","19","<1","<0.02","2.1","<1","0.6","7","0.34","180","34","5.4","<2","25.9","<10","220"
"Deep Bay","Ngau Hom Sha Stream","DB6","2024-05-08","1","1.5","<50","0.29","<0.05","<1","<1","10","<1","<50","<0.1","13","30","11","<1","260","<1","<0.01","79","6.4","10000","0.033","0.2","<0.01","<50","<1","390","<1","3","3","0.34","0.006","<0.5","0.057","6.8","4.1","0.1","17","<1","<0.02","8.1","<1","0.55","5","0.2","230","61","9.8","<2","26.1","<10","780"
"Deep Bay","Ngau Hom Sha Stream","DB6","2024-06-12","1","1.2","<50","0.16","<0.05","<1","<1","8","<1","<50","<0.1","5","91","<0.2","<1","177","<1","<0.01","94","7.3","25000","0.012","<0.2","<0.01","170","<1","170","<1","<2","1","0.4","0.005","<0.5","0.067","6.7","<0.2","0.1","19","<1","<0.02","5.3","<1","0.28","3","0.1","200","42","5.9","<2","29.1","<10","1100"
"Deep Bay","Ngau Hom Sha Stream","DB6","2024-07-03","1","0.4","<50","0.12","<0.05","<1","<1","6","<1","<50","<0.1","6","<10","5.9","<1","96","<1","<0.01","99","7.4","17000","0.032","<0.2","<0.01","120","<1","160","<1","<2","<1","0.25","0.002","<0.5","0.077","6.9","5.6","0","19","<1","<0.02","3.2","<1","0.33","2","0.14","93","55","7.4","<2","30.2","<10","1000"
"Deep Bay","Ngau Hom Sha Stream","DB6","2024-08-01","1","<0.1","<50","0.15","<0.05","<1","<1","6","<1","<50","<0.1","4","13","5.6","<1","129","1","<0.01","91","7.1","12000","0.2","<0.2","<0.01","170","<1","170","<1","<2","<1","0.28","0.003","<0.5","0.054","6.7","1.5","0.1","19","<1","<0.02","6.8","<1","0.29","2","0.1","180","120","7.5","<2","28.4","<10","900"
"Deep Bay","Ngau Hom Sha Stream","DB6","2024-09-05","1","16","<50","0.16","<0.05","<1","<1","7","<1","<50","<0.1","4","11","2.3","<1","121","<1","<0.01","89","7","13000","0.022","<0.2","<0.01","160","<1","150","<1","<2","<1","0.38","0.003","<0.5","0.1","6.7","2.2","0.1","20","<1","<0.02","0.6","<1","0.21","1","0.11","130","66","6.8","<2","27.5","<10","2800"
"Deep Bay","Ngau Hom Sha Stream","DB6","2024-10-04","1","0.3","160","0.045","<0.05","<1","<1","6","<1","<50","<0.1","5","<10","2.4","<1","74","<1","<0.01","94","8","1900","0.014","<0.2","<0.01","120","<1","100","<1","<2","<1","0.37","<0.002","<0.5","0.09","6.8","1.4","0","20","<1","<0.02","18","<1","0.18","2","0.15","95","18","34.6","<2","24","20","900"
"Deep Bay","Ngau Hom Sha Stream","DB6","2024-11-07","1","0.2","<50","0.12","<0.05","<1","<1","7","<1","<50","<0.1","4","81","4.2","<1","260","<1","<0.01","95","8.1","8600","0.048","0.3","<0.01","80","<1","140","<1","<2","<1","0.24","0.005","<0.5","0.073","7","3.7","0.1","19","<1","<0.02","3.3","<1","0.24","1","0.16","220","48","7.7","<2","23.6","<10","140"
"Deep Bay","Ngau Hom Sha Stream","DB6","2024-12-05","1","0.6","<50","0.16","<0.05","<1","<1","7","<1","<50","<0.1","3","150","1.1","<1","163","<1","<0.01","90","8.1","3300","0.011","0.2","<0.01","90","<1","130","<1","<2","1","0.32","0.005","<0.5","0.055","6.7","1.2","0.1","19","<1","<0.02","5","<1","0.23","2","0.1","310","41","3.5","<2","20.5","<10","270"
"Deep Bay","Tsang Kok Stream","DB8","2024-01-24","1","0.7","<50","0.14","<0.05","<1","<1","16","<1","<50","<0.1","12","82","1.9","<1","249","4","<0.01","105","11.4","2800","null","0.4","<0.01","<50","<1","20","<1","4","1","4.7","0.029","<0.5","0.015","8","0.2","0.2","52","<1","<0.02","6.4","<1","0.59","4","<0.02","260","120","6.2","<2","11.8","<10","600"
"Deep Bay","Tsang Kok Stream","DB8","2024-02-26","1","1","<50","0.14","<0.05","<1","1","16","<1","<50","<0.1","10","45","0.2","<1","286","<1","<0.01","100","9.7","650","null","0.4","<0.01","<50","<1","10","<1","3","1","0.58","0.018","<0.5","0.032","8.2","<0.2","0.2","19","<1","<0.02","3.2","<1","0.26","3","0.04","230","68","2.9","<2","16.8","<10","12"
"Deep Bay","Tsang Kok Stream","DB8","2024-03-22","1","0.9","<50","0.83","<0.05","<1","1","16","<1","<50","<0.1","8","40","2.3","<1","331","1","<0.01","99","8.6","1300","null","0.4","<0.01","<50","<1","40","<1","3","1","1.2","0.03","<0.5","0.016","8","1.1","0.2","20","<1","<0.02","1.8","<1","1.1","8","0.04","280","120","3.8","<2","22.3","<10","9"
"Deep Bay","Tsang Kok Stream","DB8","2024-04-05","1","1.1","<50","0.083","<0.05","<1","3","11","<1","<50","<0.1","8","25","1.1","<1","237","2","<0.01","106","8.6","1800","0.007","0.4","<0.01","<50","<1","<10","<1","2","1","0.29","0.011","<0.5","0.03","8.7","0.5","0.1","19","<1","<0.02","3.2","<1","0.43","7","0.04","210","42","2.8","<2","26","<10","49"
"Deep Bay","Fairview Park Nullah","FVR1","2024-01-17","1","5.9","<50","1.4","0.1","<1","8","19","<1","1100","<0.1","33","7200","5.3","<1","17800","2","<0.01","61","5.1","91000","null","0.5","<0.01","<50","<1","280","<1","5","6","0.98","0.14","<0.5","0.41","7.2","2.6","11.5","7.1","<1","<0.02","7.1","<1","1.7","7","0.6","15000","3200","5.2","3","20.8","<10","30000"
"Deep Bay","Fairview Park Nullah","FVR1","2024-02-14","1","9.2","<50","0.96","<0.05","<1","14","5","<1","1200","<0.1","64","6600","23","<1","16625","2","<0.01","108","9","10000","null","0.6","<0.01","<50","<1","210","<1","5","5","0.5","0.09","<0.5","0.37","7.9","23","10.7","6.3","<1","<0.02","2.7","<1","2","11","0.48","14000","3300","9.9","3","21.1","<10","1700"
"Deep Bay","Fairview Park Nullah","FVR1","2024-03-11","1","14","<50","1.4","0.52","<1","6","18","<1","570","<0.1","50","2500","13","<1","7630","2","<0.01","73","6.7","170000","null","0.3","<0.01","50","<1","140","<1","3","3","1.4","0.1","<0.5","0.24","7.2","1.2","4.9","4.9","<1","<0.02","10","<1","2.6","11","0.48","6300","1300","14.2","<2","18.1","20","100000"
"Deep Bay","Fairview Park Nullah","FVR1","2024-04-18","1","9.9","<50","0.76","0.16","<1","15","19","<1","490","<0.1","46","2400","88","<1","7761","1","<0.01","97","7.4","150000","null","0.5","<0.01","<50","<1","30","<1","4","4","0.48","0.1","<0.5","0.23","8.2","47","4","5.2","<1","0.04","31","<1","3.1","19","0.54","5100","1200","25.5","3","28.5","<10","72000"
"Deep Bay","Fairview Park Nullah","FVR1","2024-05-16","1","6.4","<50","0.63","0.06","<1","12","18","<1","340","<0.1","27","1200","55","<1","4150","2","<0.01","114","9","150000","null","0.4","<0.01","<50","<1","150","<1","4","2","0.56","0.12","<0.5","0.14","8","24","2.1","8.4","<1","<0.02","16","<1","2.3","13","0.33","2700","520","18.3","2","26.9","<10","65000"
"Deep Bay","Fairview Park Nullah","FVR1","2024-06-07","1","5","<50","1.1","<0.05","<1","8","11","<1","230","<0.1","18","790","37","<1","3204","<1","<0.01","77","6","22000","null","0.3","<0.01","<50","<1","220","<1","3","2","0.52","0.17","<0.5","0.36","7.3","13","1.6","13","<1","0.02","19","<1","2.6","10","0.47","2300","720","15.7","<2","27.1","<10","8000"
"Deep Bay","Fairview Park Nullah","FVR1","2024-07-11","1","8.6","<50","0.72","<0.05","<1","13","9","<1","110","<0.1","36","280","100","<1","1325","2","<0.01","143","10.4","120000","null","0.3","<0.01","<50","<1","<10","<1","2","2","0.49","0.087","<0.5","0.2","8.8","26","0.6","3","<1","0.04","21","<1","2.7","13","0.5","850","380","26.6","2","32.4","<10","67000"
"Deep Bay","Fairview Park Nullah","FVR1","2024-08-22","1","2.2","<50","0.77","<0.05","<1","15","12","<1","90","<0.1","14","230","8.7","<1","1391","<1","<0.01","43","3.3","21000","null","0.3","<0.01","<50","<1","200","<1","4","1","0.32","0.069","<0.5","0.16","7","3.2","0.6","12","<1","<0.02","3","<1","1.6","6","0.32","1100","340","5.9","<2","29","<10","9000"
"Deep Bay","Fairview Park Nullah","FVR1","2024-09-12","1","8.1","70","0.32","<0.05","<1","24","13","<1","130","<0.1","4","380","14","<1","1898","3","<0.01","104","7.5","36000","null","0.4","<0.01","<50","<1","200","<1","6","2","0.43","0.016","<0.5","0.093","7.8","6.4","0.8","11","<1","0.03","39","<1","2.2","10","0.33","1400","410","19.1","2","32.1","<10","11000"
"Deep Bay","Fairview Park Nullah","FVR1","2024-10-18","1","14","<50","1.5","0.34","<1","11","35","<1","990","<0.1","35","6000","9.1","1","13914","2","<0.01","59","4.3","90000","null","0.6","<0.01","<50","<1","370","<1","4","4","0.59","0.13","<0.5","0.46","7.2","6","7.4","12","<1","<0.02","9.2","<1","2.3","5","0.5","13000","2300","7.5","2","28.7","<10","20000"
"Deep Bay","Fairview Park Nullah","FVR1","2024-11-22","1","11","<50","2","0.48","<1","9","21","<1","490","<0.1","34","3400","4.3","1","7292","2","<0.01","37","3.2","1100000","null","0.5","<0.01","<50","<1","330","<1","4","3","0.41","0.35","<0.5","0.5","7.1","2.1","4.3","13","<1","0.07","12","<1","2.7","7","0.53","8700","1100","8.8","<2","22.4","20","450000"
"Deep Bay","Fairview Park Nullah","FVR1","2024-12-12","1","12","<50","1.6","0.46","<1","9","25","<1","850","<0.1","43","4500","26","<1","10024","2","<0.01","85","7.3","38000","null","0.6","<0.01","<50","<1","270","<1","4","4","0.62","0.15","<0.5","0.41","7.3","7.8","6.2","7.6","<1","0.02","6.8","<1","2.4","9","0.5","9500","1700","10.1","<2","21","<10","12000"
"Deep Bay","River Ganges","GR1","2024-01-08","1","4.8","<50","11","0.06","<1","2","9","<1","<50","<0.1","19","26","0.7","<1","383","1","<0.01","101","9","14000","0.03","0.3","<0.01","250","<1","<10","<1","<2","3","0.87","0.35","<0.5","0.6","7.4","<0.2","0.2","13","<1","<0.02","1.6","<1","14","11","0.65","240","130","4","<2","20.7","<10","2700"
"Deep Bay","River Ganges","GR1","2024-02-21","1","24","<50","14","<0.05","<1","1","7","<1","60","<0.1","25","60","150","<1","418","4","<0.01","135","10.7","13000","0.012","0.2","<0.01","230","<1","<10","<1","3","6","1.2","1.2","<0.5","1.8","8","120","0.2","11","<1","0.03","11","<1","14","10","2.1","260","110","9.3","<2","27.2","20","8000"
"Deep Bay","River Ganges","GR1","2024-03-08","1","11","<50","14","<0.05","<1","2","17","<1","60","<0.1","28","25","4.8","1","404","1","<0.01","84","7.5","48000","0.013","0.3","<0.01","310","<1","80","<1","4","2","1.1","0.27","<0.5","0.37","7.4","4.8","0.2","12","<1","<0.02","12","<1","15","10","0.76","250","110","14.1","<2","20.9","<10","5800"
"Deep Bay","River Ganges","GR1","2024-04-19","1","5.6","<50","2.7","0.11","1","2","17","<1","<50","<0.1","27","20","5.9","<1","299","3","<0.01","84","6.7","51000","0.025","0.2","<0.01","240","<1","120","<1","4","3","2.5","0.29","<0.5","0.29","7.1","4.7","0.1","11","<1","0.04","27","<1","3.5","14","0.46","290","70","39.2","<2","26.4","<10","11000"
"Deep Bay","River Ganges","GR1","2024-05-23","1","3.6","<50","1","0.06","<1","1","13","<1","<50","<0.1","13","11","4.2","<1","252","3","<0.01","92","7.5","19000","0.148","<0.2","<0.01","210","<1","100","<1","2","2","1.2","0.18","<0.5","0.16","7","4.5","0.1","20","<1","<0.02","9.2","<1","1.4","7","0.28","240","130","10.4","<2","25.8","20","5700"
"Deep Bay","River Ganges","GR1","2024-06-19","1","7.4","<50","0.63","0.05","<1","1","11","<1","<50","<0.1","15","<10","0.4","<1","207","2","<0.01","100","7.8","210000","0.285","<0.2","<0.01","130","<1","50","<1","2","2","0.82","0.23","<0.5","0.15","7.1","<0.2","0.1","14","<1","<0.02","6.7","<1","0.92","6","0.31","200","80","12","<2","28.5","<10","28000"
"Deep Bay","River Ganges","GR1","2024-07-17","1","3.8","<50","0.56","<0.05","<1","2","9","<1","<50","<0.1","21","15","6.5","<1","209","2","<0.01","96","7.4","380000","0.35","<0.2","<0.01","260","<1","10","<1","<2","1","0.89","0.28","<0.5","0.38","7.4","2.9","0.1","12","<1","0.02","16","<1","0.92","6","0.55","180","82","29.1","<2","29","10","46000"
"Deep Bay","River Ganges","GR1","2024-08-14","1","4.3","<50","0.94","<0.05","<1","1","10","<1","<50","<0.1","14","<10","9.6","<1","215","2","<0.01","79","6.2","170000","0.288","0.2","<0.01","190","<1","<10","<1","<2","<1","0.59","0.091","<0.5","0.18","7.1","6","0.1","11","<1","<0.02","13","<1","1.1","4","0.32","230","42","10.4","<2","27.5","<10","19000"
"Deep Bay","River Ganges","GR1","2024-09-04","1","4.5","<50","0.43","<0.05","<1","1","10","<1","<50","<0.1","3","<10","4.4","<1","211","1","<0.01","102","7.8","17000","0.2","<0.2","<0.01","80","<1","<10","<1","<2","<1","0.95","0.12","<0.5","0.21","7.1","3.1","0.1","18","<1","<0.02","4","<1","0.54","4","0.23","190","81","13","<2","29.3","<10","3100"
"Deep Bay","River Ganges","GR1","2024-10-16","1","2.8","<50","0.58","0.08","<1","1","9","<1","<50","<0.1","5","11","10","<1","213","2","<0.01","119","9.3","9600","0.065","0.2","<0.01","180","<1","<10","<1","<2","1","1.4","0.23","<0.5","0.22","7.4","6.1","0.1","17","<1","<0.02","7.4","<1","0.88","3","0.33","210","40","8.7","<2","28.3","<10","2000"
"Deep Bay","River Ganges","GR1","2024-11-13","1","7.7","<50","2.1","<0.05","<1","1","11","<1","<50","<0.1","12","25","10","<1","237","6","<0.01","83","7","61000","0.109","0.3","<0.01","110","<1","<10","<1","2","2","1.7","0.47","<0.5","0.34","7.1","7.9","0.1","16","<1","<0.02","27","<1","2.2","4","0.57","240","68","16.2","<2","24","<10","39000"
"Deep Bay","River Ganges","GR1","2024-12-11","1","2.7","<50","3","<0.05","<1","<1","12","<1","<50","<0.1","15","46","1.5","<1","248","1","<0.01","113","9.9","18000","0.031","0.3","<0.01","110","<1","30","<1","<2","1","1.6","0.4","<0.5","0.18","7.4","1.9","0.1","16","<1","<0.02","1.9","<1","3.1","4","0.28","220","120","5.4","<2","22.1","<10","1000"
"Deep Bay","River Ganges","GR2","2024-01-08","1","2.2","<50","4.6","<0.05","<1","<1","14","<1","<50","<0.1","8","19","0.3","<1","257","1","<0.01","71","6.5","1500","0.066","0.2","<0.01","350","<1","50","<1","<2","2","1","0.14","<0.5","0.17","6.9","<0.2","0.1","14","<1","<0.02","4.4","<1","5.3","5","0.25","190","120","5.6","<2","19.3","<10","1400"
"Deep Bay","River Ganges","GR2","2024-02-21","1","16","<50","19","0.05","<1","2","12","<1","60","<0.1","20","38","33","<1","447","1","<0.01","51","4.3","17000","0.08","0.3","<0.01","260","<1","<10","<1","<2","3","0.14","0.056","<0.5","0.46","7","30","0.2","12","<1","<0.02","68","<1","20","16","0.88","270","90","15","<2","23.8","<10","13000"
"Deep Bay","River Ganges","GR2","2024-03-08","1","5.7","<50","7.9","0.08","1","<1","17","<1","60","<0.1","28","28","2","<1","320","2","<0.01","60","5.5","14000","0.054","0.2","<0.01","260","<1","100","<1","3","2","1.9","0.22","<0.5","0.17","6.9","<0.2","0.2","10","<1","<0.02","4.2","<1","9.4","10","0.93","230","86","9.9","<2","19.4","20","2100"
"Deep Bay","River Ganges","GR2","2024-04-19","1","6","<50","4","0.06","<1","2","19","<1","<50","<0.1","20","18","2.8","<1","334","2","<0.01","53","4.4","7700","0.076","0.2","<0.01","430","<1","140","<1","3","3","1.1","0.18","<0.5","0.18","6.8","2.4","0.2","15","<1","<0.02","12","<1","4.8","10","0.35","260","52","15.9","<2","25.2","10","800"
"Deep Bay","River Ganges","GR2","2024-05-23","1","8.6","<50","8.6","0.06","<1","2","19","<1","<50","<0.1","17","85","3.4","<1","383","3","<0.01","66","5.4","7000","0.192","<0.2","<0.01","220","<1","60","<1","3","3","1.6","0.87","<0.5","0.31","6.9","3","0.2","15","<1","<0.02","73","<1","8.8","11","0.47","300","88","19.5","<2","25.4","20","1900"
"Deep Bay","River Ganges","GR2","2024-06-19","1","1.3","<50","0.22","<0.05","<1","1","11","<1","<50","<0.1","6","<10","0.4","<1","192","1","<0.01","88","6.8","39000","0.27","<0.2","<0.01","230","<1","20","<1","2","<1","0.79","0.05","<0.5","0.12","7","<0.2","0.1","12","<1","<0.02","7.6","<1","0.34","4","0.27","170","56","9.4","<2","28.2","<10","31000"
"Deep Bay","River Ganges","GR2","2024-07-17","1","2.4","<50","0.26","<0.05","<1","2","12","<1","<50","<0.1","21","<10","3.5","<1","187","3","<0.01","78","6","180000","0.238","<0.2","<0.01","350","<1","<10","<1","2","1","0.69","0.056","<0.5","0.26","7","3.1","0.1","12","<1","0.02","25","<1","0.64","6","0.42","170","80","26.6","<2","28.6","20","15000"
"Deep Bay","River Ganges","GR2","2024-08-14","1","7.8","<50","0.72","0.05","<1","1","12","<1","<50","<0.1","23","11","6.5","<1","213","2","<0.01","76","6","230000","1.134","<0.2","<0.01","270","<1","40","<1","<2","<1","0.81","0.18","<0.5","0.41","6.9","3.4","0.1","14","<1","<0.02","12","<1","0.92","7","0.51","220","57","9.8","<2","27.4","20","19000"
"Deep Bay","River Ganges","GR2","2024-09-04","1","4","<50","3.8","<0.05","<1","2","14","<1","<50","<0.1","11","15","2.6","<1","306","2","<0.01","84","6.5","11000","0.054","0.2","<0.01","110","<1","<10","<1","<2","2","1.8","1.1","<0.5","0.59","6.9","1.6","0.1","17","<1","0.02","1","<1","3.9","5","0.61","270","130","5.8","<2","29.1","<10","3600"
"Deep Bay","River Ganges","GR2","2024-10-16","1","3","<50","0.59","<0.05","<1","1","13","<1","<50","<0.1","7","13","3.3","<1","219","2","<0.01","88","6.9","56000","0.062","0.2","<0.01","160","<1","<10","<1","<2","1","1.1","0.11","<0.5","0.15","7","2.1","0.1","17","<1","<0.02","4.8","<1","0.96","3","0.23","180","7","8","<2","27.7","<10","13000"
"Deep Bay","River Ganges","GR2","2024-11-13","1","14","<50","6.2","0.06","<1","1","15","<1","<50","<0.1","25","24","2.7","<1","303","3","<0.01","61","5.1","410000","0.05","0.3","<0.01","260","<1","20","<1","<2","2","1.9","0.23","<0.5","0.32","7","2.8","0.2","18","<1","<0.02","15","<1","6.8","10","0.46","240","60","9.7","<2","23.9","30","7500"
"Deep Bay","River Ganges","GR2","2024-12-11","1","3.6","<50","0.98","<0.05","<1","<1","13","<1","<50","<0.1","8","87","0.7","<1","227","1","<0.01","76","6.7","4700","0.012","0.3","<0.01","140","<1","130","<1","<2","2","1.6","0.18","<0.5","0.13","6.8","0.4","0.1","16","<1","<0.02","5.9","<1","1.2","4","0.22","250","70","7.5","<2","21.8","20","600"
"Deep Bay","River Ganges","GR3","2024-01-08","1","12","<50","0.17","<0.05","<1","<1","13","<1","<50","<0.1","5","18","0.4","<1","207","1","<0.01","93","8.8","260","0.065","0.2","<0.01","140","<1","700","<1","3","9","0.3","0.012","<0.5","0.012","7.3","<0.2","0.1","12","<1","0.02","16","<1","0.22","3","0.04","200","96","19.6","<2","18.3","<10","110"
"Deep Bay","River Ganges","GR3","2024-02-21","1","1.3","<50","0.17","<0.05","<1","1","16","<1","<50","<0.1","10","10","1","<1","217","1","<0.01","84","7.3","2000","0.008","0.3","<0.01","<50","<1","730","<1","5","3","0.29","0.013","<0.5","0.021","7.2","0.3","0.1","12","<1","0.02","16","<1","0.35","4","0.02","210","74","31.5","<2","22.4","150","670"
"Deep Bay","River Ganges","GR3","2024-03-08","1","5.7","<50","0.18","<0.05","1","2","17","<1","<50","<0.1","26","13","0.2","<1","253","2","<0.01","88","8.3","27000","0.012","0.3","<0.01","110","<1","460","<1","8","6","0.52","0.072","<0.5","0.014","7.6","<0.2","0.1","11","<1","0.08","4.1","<1","0.88","9","0.07","240","67","54.3","<2","18.4","<10","1500"
"Deep Bay","River Ganges","GR3","2024-04-19","1","3.7","70","0.86","0.06","<1","2","14","<1","<50","<0.1","8","36","0.7","2","381","2","<0.01","86","7.2","15000","0.011","0.4","<0.01","<50","<1","210","<1","23","4","1.4","0.069","<0.5","0.009","7.5","<0.2","0.2","13","<1","0.03","5.1","<1","1.6","6","<0.02","310","66","39.7","<2","24.6","<10","2000"
"Deep Bay","River Ganges","GR3","2024-05-23","1","5.8","<50","0.11","<0.05","<1","2","11","<1","<50","<0.1","10","18","<0.2","<1","280","2","<0.01","85","7","37000","0.005","0.2","<0.01","<50","<1","230","<1","8","3","0.44","0.02","<0.5","0.022","7.7","<0.2","0.1","13","<1","<0.02","21","<1","0.53","6","0.05","510","150","212.5","<2","24.7","<10","2500"
"Deep Bay","River Ganges","GR3","2024-06-19","1","0.8","<50","0.065","<0.05","<1","<1","12","<1","<50","<0.1","4","<10","0.3","<1","231","<1","<0.01","96","7.6","2300","0.14","<0.2","<0.01","<50","<1","350","<1","2","<1","0.36","0.004","<0.5","0.015","7.2","0.2","0.1","12","<1","0.03","17","<1","0.18","2","0.02","240","54","24.8","<2","27.1","<10","470"
"Deep Bay","River Ganges","GR3","2024-07-17","1","0.7","<50","0.056","<0.05","<1","<1","13","<1","<50","<0.1","6","14","0.3","<1","287","<1","<0.01","95","7.5","21000","0.097","0.2","<0.01","<50","<1","420","<1","4","<1","0.31","0.012","<0.5","0.008","7.6","0.3","0.1","11","<1","<0.02","17","<1","0.24","2","0.04","250","110","27.3","<2","28","20","1200"
"Deep Bay","River Ganges","GR3","2024-08-14","1","4.1","<50","0.092","<0.05","<1","1","9","<1","<50","<0.1","40","<10","0.7","<1","252","2","<0.01","97","7.7","170000","0.469","0.2","<0.01","<50","<1","140","<1","3","<1","0.32","0.015","0.6","0.019","7.8","0.3","0.1","11","<1","<0.02","170","<1","0.73","12","0.12","350","54","156.3","<2","27.7","<10","15000"
"Deep Bay","River Ganges","GR3","2024-09-04","1","3.6","<50","0.31","<0.05","<1","1","11","<1","<50","<0.1","4","<10","0.5","<1","258","<1","<0.01","94","7.4","3200","0.468","0.2","<0.01","<50","<1","460","<1","2","<1","0.55","0.02","<0.5","0.027","7.3","0.6","0.1","14","<1","<0.02","<0.5","<1","0.37","2","0.04","310","200","20.4","<2","27.8","<10","1200"
"Deep Bay","River Ganges","GR3","2024-10-16","1","3.2","<50","0.17","0.08","<1","<1","11","<1","<50","<0.1","4","<10","0.7","<1","187","<1","<0.01","93","7.6","12000","0.025","0.2","<0.01","<50","<1","310","<1","<2","<1","0.29","0.01","<0.5","0.02","7.1","0.6","0.1","15","<1","0.02","8.5","<1","0.35","2","0.03","190","28","24","<2","25.4","10","2300"
"Deep Bay","River Ganges","GR3","2024-11-13","1","6.6","<50","0.12","0.06","<1","3","12","<1","<50","<0.1","16","26","1.3","<1","317","3","<0.01","87","7.4","46000","0.936","0.4","<0.01","<50","<1","100","<1","8","1","0.59","0.046","<0.5","0.015","8.2","<0.2","0.2","15","<1","<0.02","95","<1","1.1","10","0.19","580","86","304.6","<2","23.3","<10","2600"
"Deep Bay","River Ganges","GR3","2024-12-11","1","1.2","70","0.13","<0.05","<1","<1","15","<1","<50","<0.1","7","<10","1.1","<1","162","<1","<0.01","87","7.8","4300","0.031","0.3","<0.01","60","<1","1100","<1","<2","<1","0.17","0.005","<0.5","0.013","7","0.6","0.1","16","<1","<0.02","17","<1","0.24","3","0.05","160","44","17","<2","20.9","10","3700"
"Deep Bay","River Indus","IN1","2024-01-08","1","8.1","<50","1","<0.05","<1","2","16","<1","90","<0.1","22","120","0.2","2","487","1","<0.01","74","6.6","42000","8.624","0.3","<0.01","80","<1","80","<1","<2","10","2.1","0.16","<0.5","0.096","6.8","<0.2","0.3","13","<1","<0.02","4.4","<1","2","9","0.2","380","120","5.4","<2","20.2","10","23000"
"Deep Bay","River Indus","IN1","2024-02-21","1","4.1","<50","1.9","<0.05","<1","3","15","<1","80","<0.1","15","110","37","<1","529","1","<0.01","65","5.5","90000","1.848","0.3","<0.01","70","<1","120","<1","2","7","2.1","0.11","<0.5","0.18","6.9","32","0.3","11","<1","0.03","24","<1","2.9","9","0.26","390","94","21.1","<2","23.6","<10","22000"
"Deep Bay","River Indus","IN1","2024-03-08","1","3.5","<50","1.4","0.06","<1","2","20","<1","80","0.3","15","110","7.6","<1","536","1","<0.01","71","6.6","70000","4.62","0.3","<0.01","60","<1","130","<1","2","4","3.8","0.099","<0.5","0.095","7","4.1","0.3","11","<1","<0.02","8.6","<1","2.1","8","0.22","400","83","14.5","<2","19.1","10","25000"
"Deep Bay","River Indus","IN1","2024-04-19","1","6.2","<50","1.6","0.06","<1","2","19","<1","50","0.1","13","78","12","1","482","3","<0.01","50","4.1","350000","9.24","0.3","<0.01","<50","<1","110","<1","3","6","2.7","0.15","<0.5","0.1","7","8.6","0.2","10","<1","<0.02","13","<1","2.6","9","0.22","360","72","16.1","<2","25.5","40","190000"
"Deep Bay","River Indus","IN1","2024-05-23","1","9.9","<50","0.9","0.06","<1","2","23","<1","<50","<0.1","11","57","0.2","<1","444","2","<0.01","58","4.7","31000","1.771","0.3","<0.01","70","<1","150","<1","4","5","3.3","0.11","<0.5","0.082","7","<0.2","0.2","13","<1","<0.02","11","<1","1.3","7","0.16","350","160","12.6","<2","26","20","15000"
"Deep Bay","River Indus","IN1","2024-06-19","1","1.5","<50","0.3","<0.05","<1","2","14","<1","<50","<0.1","17","48","0.7","<1","374","1","<0.01","84","6.5","31000","19.712","0.3","<0.01","90","<1","30","<1","<2","4","1.2","0.042","<0.5","0.052","6.9","0.2","0.2","15","<1","<0.02","7.7","<1","1.1","5","0.11","280","44","8.1","<2","28.8","<10","10000"
"Deep Bay","River Indus","IN1","2024-07-17","1","2.5","<50","0.52","<0.05","<1","3","13","<1","50","<0.1","20","49","2.6","<1","338","2","<0.01","74","5.6","280000","5.39","0.2","<0.01","110","<1","50","<1","<2","6","2.1","0.054","<0.5","0.14","7","<0.2","0.2","12","<1","0.05","10","<1","1.3","6","0.19","260","88","13.4","<2","29.5","30","33000"
"Deep Bay","River Indus","IN1","2024-08-14","1","4.2","<50","1.4","<0.05","<1","6","17","<1","<50","<0.1","17","15","5.4","<1","217","1","<0.01","55","4.3","310000","1.078","0.2","<0.01","190","<1","60","<1","<2","<1","0.46","0.14","<0.5","0.2","7.1","5.7","0.1","15","<1","<0.02","15","<1","1.7","4","0.31","220","98","11.4","<2","28.5","10","90000"
"Deep Bay","River Indus","IN1","2024-09-04","1","8.8","<50","1.1","0.07","<1","2","22","<1","<50","0.1","5","43","3.6","<1","376","2","<0.01","53","4.1","460000","11.55","0.3","<0.01","<50","<1","50","<1","<2","3","2.6","0.12","<0.5","0.18","6.9","3.7","0.2","14","<1","0.03","15","<1","1.2","4","0.19","440","240","23.2","<2","28.5","30","190000"
"Deep Bay","River Indus","IN1","2024-10-16","1","1.9","<50","0.41","0.07","<1","2","25","<1","60","<0.1","10","120","21","<1","621","2","<0.01","83","6.5","13000","26.18","0.3","<0.01","<50","<1","90","<1","3","5","4.1","0.082","<0.5","0.083","7.1","6.6","0.3","16","<1","<0.02","14","<1","1.1","5","0.15","470","30","12.2","<2","28.1","<10","3300"
"Deep Bay","River Indus","IN1","2024-11-13","1","1.8","<50","0.71","<0.05","<1","2","23","<1","60","<0.1","18","160","43","<1","720","2","<0.01","76","6.2","10000","27.797","0.4","<0.01","<50","<1","120","<1","2","7","4.9","0.11","<0.5","0.094","6.9","14","0.3","18","<1","<0.02","24","<1","1.8","6","0.22","540","120","19.3","<2","26","<10","3200"
"Deep Bay","River Indus","IN1","2024-12-11","1","4.3","<50","1.6","0.09","<1","4","18","<1","<50","<0.1","43","48","3.6","<1","336","1","<0.01","42","3.7","180000","17.556","0.4","<0.01","<50","<1","30","<1","3","4","0.92","0.11","<0.5","0.14","6.9","1.6","0.2","15","<1","<0.02","6.4","<1","2.5","7","0.23","260","70","9.3","<2","21.8","<10","33000"
"Deep Bay","River Indus","IN2","2024-01-08","1","2.3","<50","0.55","0.06","<1","2","20","<1","<50","<0.1","8","16","<0.2","<1","188","1","<0.01","81","7.4","28000","null","0.2","<0.01","100","<1","50","<1","<2","1","1.2","0.13","<0.5","0.086","7.1","<0.2","0.1","14","<1","<0.02","4","<1","0.9","4","0.12","170","94","4.6","<2","19.8","<10","9000"
"Deep Bay","River Indus","IN2","2024-02-21","1","3.4","<50","0.77","0.07","<1","2","19","<1","<50","<0.1","8","15","1.4","<1","226","1","<0.01","72","6","10000","null","0.3","<0.01","<50","<1","30","<1","3","2","0.94","0.16","<0.5","0.12","7.1","1.4","0.1","12","<1","<0.02","1","<1","1","4","0.14","180","92","5.8","<2","24.5","40","1500"
"Deep Bay","River Indus","IN2","2024-03-08","1","4","<50","1.1","0.1","<1","2","23","<1","<50","<0.1","13","15","2","<1","220","1","<0.01","60","5.5","150000","null","0.2","<0.01","110","<1","170","<1","2","1","1.3","0.16","<0.5","0.08","6.7","2.1","0.1","12","<1","<0.02","3.8","<1","1.7","6","0.16","170","38","9.2","<2","19.8","20","29000"
"Deep Bay","River Indus","IN2","2024-04-19","1","6.3","<50","1.1","0.05","<1","2","19","<1","<50","<0.1","15","12","4","<1","221","4","<0.01","42","3.4","81000","null","0.2","<0.01","60","<1","<10","<1","3","2","1.7","0.19","<0.5","0.19","7","3.1","0.1","10","<1","<0.02","17","<1","1.8","10","0.25","200","46","16.2","<2","26.1","<10","15000"
"Deep Bay","River Indus","IN2","2024-05-23","1","5.3","<50","0.49","0.06","<1","2","20","<1","<50","<0.1","5","<10","1.8","<1","187","2","<0.01","75","6.1","30000","null","<0.2","<0.01","150","<1","20","<1","<2","2","0.8","0.13","<0.5","0.1","6.9","1.9","0.1","14","<1","<0.02","3.4","<1","0.68","4","0.15","200","140","14.4","<2","25.5","20","6700"
"Deep Bay","River Indus","IN2","2024-06-19","1","0.9","<50","0.16","<0.05","<1","2","15","<1","<50","<0.1","3","<10","0.7","<1","143","<1","<0.01","102","7.9","40000","null","<0.2","<0.01","160","<1","40","<1","<2","<1","0.57","0.026","<0.5","0.044","7.1","0.4","0.1","16","<1","<0.02","1.2","<1","0.27","2","0.09","160","57","5.9","<2","28.3","10","4100"
"Deep Bay","River Indus","IN2","2024-07-17","1","2.7","<50","0.37","<0.05","<1","2","11","<1","<50","<0.1","11","<10","3.3","<1","121","1","<0.01","88","6.7","590000","null","<0.2","<0.01","150","<1","<10","<1","<2","<1","0.53","0.05","<0.5","0.11","7.4","3.8","0.1","9.5","<1","0.05","15","<1","0.65","5","0.19","200","100","33.9","<2","29.4","20","80000"
"Deep Bay","River Indus","IN2","2024-08-14","1","4.3","<50","0.63","<0.05","<1","2","18","<1","<50","<0.1","13","<10","3.4","<1","162","<1","<0.01","78","6.2","200000","null","<0.2","<0.01","180","<1","30","<1","<2","<1","0.62","0.093","0.5","0.096","7","4","0.1","15","<1","<0.02","9.6","<1","0.92","3","0.15","170","83","7.7","<2","27.6","<10","44000"
"Deep Bay","River Indus","IN2","2024-09-04","1","3.2","<50","0.35","<0.05","<1","2","19","<1","<50","<0.1","5","<10","2.2","<1","179","1","<0.01","79","6","60000","null","<0.2","<0.01","150","<1","90","<1","<2","<1","1.2","0.082","<0.5","0.13","6.9","2.3","0.1","16","<1","0.03","7.9","<1","0.52","3","0.13","190","110","13.5","<2","29.7","<10","9000"
"Deep Bay","River Indus","IN2","2024-10-16","1","1.9","<50","0.56","0.07","<1","2","17","<1","<50","<0.1","2","<10","1.7","<1","171","<1","<0.01","81","6.5","43000","null","0.2","<0.01","100","<1","10","<1","<2","<1","0.59","0.13","<0.5","0.11","7.1","2","0.1","17","<1","<0.02","4.5","<1","0.8","2","0.13","160","1.5","3.2","<2","27","<10","7200"
"Deep Bay","River Indus","IN2","2024-11-13","1","5.6","<50","0.66","0.06","<1","2","19","<1","<50","<0.1","14","14","1.6","<1","199","2","<0.01","85","7.1","110000","null","0.3","<0.01","100","<1","30","<1","2","2","0.85","0.18","<0.5","0.13","7.2","0.5","0.1","20","<1","<0.02","3.3","<1","1.1","4","0.16","170","36","8","<2","24.2","40","27000"
"Deep Bay","River Indus","IN2","2024-12-11","1","4.4","<50","0.41","<0.05","<1","2","20","<1","<50","<0.1","10","14","2.7","<1","205","<1","<0.01","120","10.1","25000","null","0.3","<0.01","<50","<1","130","<1","<2","<1","0.83","0.13","<0.5","0.1","7.6","2.8","0.1","16","<1","0.04","20","<1","0.84","4","0.18","210","64","24.9","<2","23.8","<10","11000"
"Deep Bay","River Indus","IN3","2024-01-08","1","1","<50","0.1","<0.05","<1","2","12","<1","<50","<0.1","10","12","0.3","<1","161","1","<0.01","109","9.8","10000","0.029","0.2","<0.01","100","<1","20","<1","3","1","1.1","0.05","<0.5","0.074","7.6","<0.2","0.1","18","<1","<0.02","2.3","<1","0.15","3","0.08","150","63","1.3","<2","20.5","<10","3800"
"Deep Bay","River Indus","IN3","2024-02-21","1","<0.1","<50","0.057","<0.05","<1","3","13","<1","<50","<0.1","4","18","0.5","<1","208","<1","<0.01","115","9.4","4200","0.022","0.2","<0.01","50","<1","10","<1","3","1","1","0.044","<0.5","0.12","7.9","<0.2","0.1","14","<1","<0.02","<0.5","<1","0.09","2","0.13","160","82","1.6","<2","25.4","<10","1500"
"Deep Bay","River Indus","IN3","2024-03-08","1","2","<50","0.39","<0.05","<1","2","14","<1","<50","<0.1","8","12","3","<1","190","1","<0.01","109","9.7","370000","0.029","0.2","<0.01","110","<1","20","<1","2","1","1.4","0.069","<0.5","0.12","7.7","2.1","0.1","14","<1","<0.02","1.2","<1","0.62","4","0.15","160","62","2.1","<2","20.9","<10","110000"
"Deep Bay","River Indus","IN3","2024-04-19","1","1.2","<50","0.061","<0.05","<1","2","16","<1","<50","<0.1","4","17","1.1","<1","241","1","<0.01","97","7.9","11000","0.036","0.3","<0.01","80","<1","20","<1","3","2","1.4","0.047","<0.5","0.12","7.5","1","0.1","17","<1","<0.02","1.6","<1","0.37","3","0.14","200","42","1.3","<2","25.5","<10","1100"
"Deep Bay","River Indus","IN3","2024-05-23","1","1.1","<50","0.11","<0.05","<1","2","9","<1","<50","<0.1","7","13","1.4","<1","204","1","<0.01","103","8.4","11000","0.032","<0.2","<0.01","170","<1","50","<1","2","1","0.81","0.04","<0.5","0.11","7.4","1.2","0.1","16","<1","<0.02","6.6","<1","0.32","5","0.17","200","120","8.7","<2","25.8","10","4900"
"Deep Bay","River Indus","IN3","2024-06-19","1","0.6","<50","0.066","<0.05","<1","2","9","<1","<50","<0.1","8","<10","0.7","<1","115","<1","<0.01","102","8","31000","0.319","<0.2","<0.01","210","<1","30","<1","<2","<1","0.39","0.01","<0.5","0.062","7.4","<0.2","0.1","17","<1","<0.02","2.7","<1","0.23","2","0.1","130","45","4.6","<2","27.9","<10","10000"
"Deep Bay","River Indus","IN3","2024-07-17","1","1","<50","0.12","<0.05","<1","3","10","<1","<50","<0.1","10","<10","2.5","<1","168","<1","<0.01","107","8.1","46000","0.096","<0.2","<0.01","290","<1","20","<1","2","<1","0.56","0.033","<0.5","0.13","7.7","1.1","0.1","17","<1","<0.02","4.9","<1","0.39","5","0.19","140","72","5.1","<2","30.2","20","15000"
"Deep Bay","River Indus","IN3","2024-08-14","1","4.8","<50","0.37","<0.05","<1","2","8","<1","<50","<0.1","13","<10","5.8","<1","117","3","<0.01","91","7.2","740000","0.298","<0.2","<0.01","210","<1","40","<1","<2","<1","1.1","0.035","<0.5","0.18","7.2","4.9","0.1","9.5","<1","0.03","52","<1","0.91","5","0.26","210","92","45.9","<2","27.7","10","180000"
"Deep Bay","River Indus","IN3","2024-09-04","1","0.3","<50","0.097","<0.05","<1","2","9","<1","<50","<0.1","7","<10","1.1","<1","150","<1","<0.01","108","8.2","7000","0.116","<0.2","<0.01","260","<1","10","<1","<2","<1","0.66","0.031","<0.5","0.13","7.5","1.2","0.1","20","<1","<0.02","2.2","<1","0.2","2","0.14","200","140","3.2","<2","29.6","<10","900"
"Deep Bay","River Indus","IN3","2024-10-16","1","0.5","<50","0.058","<0.05","<1","2","10","<1","<50","<0.1","4","<10","1.8","<1","132","<1","<0.01","105","8.3","2500","0.09","<0.2","<0.01","190","<1","<10","<1","<2","<1","0.56","0.018","<0.5","0.11","7.5","1.4","0.1","18","<1","<0.02","2.2","<1","0.15","1","0.11","130","15","2.3","<2","27.6","<10","660"
"Deep Bay","River Indus","IN3","2024-11-13","1","1.2","<50","0.15","<0.05","<1","2","13","<1","<50","<0.1","13","<10","1.2","<1","165","2","<0.01","100","8.3","80000","0.264","0.2","<0.01","140","<1","<10","<1","2","1","1.4","0.07","<0.5","0.16","7.6","1.1","0.1","20","<1","<0.02","4.1","<1","0.55","5","0.19","150","14","3.9","<2","24.5","20","11000"
"Deep Bay","River Indus","IN3","2024-12-11","1","1.1","<50","0.086","<0.05","<1","2","11","<1","<50","<0.1","4","<10","1.1","<1","145","1","<0.01","104","9","3500","0.038","<0.2","<0.01","100","<1","10","<1","<2","1","0.84","0.036","<0.5","0.14","7.4","<0.2","0.1","20","<1","<0.02","2","<1","0.19","2","0.16","140","57","1.6","<2","22.5","<10","360"
"Junk Bay","Tseng Lan Shue Stream","JR11","2024-01-05","1","1","<50","0.18","<0.05","<1","<1","18","<1","<50","<0.1","8","22","<0.2","<1","185","2","<0.01","102","9.9","4600","0.304","0.3","<0.01","60","<1","<10","<1","<2","1","5.5","0.16","<0.5","0.55","7.4","<0.2","0.1","11","<1","<0.02","1.6","<1","0.25","4","0.62","210","130","1.7","<2","17","<10","920"
"Junk Bay","Tseng Lan Shue Stream","JR11","2024-02-03","1","2.1","<50","0.21","<0.05","<1","<1","18","<1","<50","<0.1","5","23","1.4","1","200","4","<0.01","101","9.5","1600","0.07","0.3","<0.01","<50","<1","<10","<1","<2","2","7.7","0.19","0.8","0.57","7.1","1.4","0.1","12","<1","<0.02","3","<1","0.6","5","0.75","190","110","2","<2","18.2","<10","1400"
"Junk Bay","Tseng Lan Shue Stream","JR11","2024-03-21","1","1.8","<50","0.15","<0.05","<1","<1","15","<1","<50","<0.1","8","23","1","<1","211","2","<0.01","103","9.8","1700","0.56","0.3","<0.01","<50","2","<10","<1","<2","2","5.7","0.17","<0.5","0.5","7.3","1.1","0.1","9.1","<1","<0.02","0.8","<1","0.67","5","0.68","140","92","1.8","<2","17.5","10","710"
"Junk Bay","Tseng Lan Shue Stream","JR11","2024-04-03","1","1.8","<50","0.061","<0.05","<1","<1","15","<1","<50","<0.1","6","25","1","<1","237","1","<0.01","101","8.6","930","0.717","0.3","<0.01","<50","<1","<10","<1","<2","2","5.4","0.058","<0.5","0.51","7.8","0.5","0.1","9.9","<1","<0.02","4","<1","0.91","6","0.64","210","48","1.4","<2","23.8","<10","420"
"Junk Bay","Tseng Lan Shue Stream","JR11","2024-05-24","1","0.3","<50","0.099","<0.05","<1","<1","15","<1","<50","<0.1","5","10","0.3","<1","126","<1","<0.01","101","8.6","6900","1.477","<0.2","<0.01","50","<1","<10","<1","<2","1","1.8","0.059","<0.5","0.14","7.1","<0.2","0.1","14","<1","<0.02","2.9","<1","0.13","3","0.16","160","130","2.2","<2","23","10","3700"
"Junk Bay","Tseng Lan Shue Stream","JR11","2024-06-13","1","1.1","<50","0.08","<0.05","<1","<1","14","<1","<50","<0.1","7","11","0.3","<1","123","<1","<0.01","100","8.3","13000","1.546","<0.2","<0.01","<50","<1","<10","<1","<2","<1","1.1","0.059","<0.5","0.18","7.5","<0.2","0.1","16","<1","<0.02","2.2","<1","0.17","3","0.18","150","88","3","<2","25.1","<10","2900"
"Junk Bay","Tseng Lan Shue Stream","JR11","2024-07-10","1","0.3","<50","0.031","<0.05","<1","<1","15","<1","<50","<0.1","3","13","2.3","<1","158","1","<0.01","102","8.2","12000","0.444","<0.2","<0.01","60","<1","<10","<1","<2","<1","2","0.041","<0.5","0.34","7.5","2","0.1","14","<1","<0.02","1.6","<1","<0.05","2","0.36","140","46","3","<2","26.4","<10","900"
"Junk Bay","Tseng Lan Shue Stream","JR11","2024-08-28","1","2.7","<50","0.085","<0.05","<1","<1","14","<1","<50","<0.1","5","13","0.9","1","132","1","<0.01","101","8.1","9000","1.523","0.2","<0.01","<50","<1","<10","<1","<2","10","2.4","0.047","<0.5","0.29","7.4","1.3","0.1","17","<1","<0.02","5.9","<1","0.25","2","0.3","150","62","6","<2","26.4","<10","1300"
"Junk Bay","Tseng Lan Shue Stream","JR11","2024-09-16","1","0.4","50","0.046","<0.05","<1","<1","16","<1","<50","<0.1","7","14","0.8","<1","139","3","<0.01","100","8.1","20000","0.806","<0.2","<0.01","60","<1","<10","<1","<2","2","1.7","0.074","<0.5","0.2","7.6","<0.2","0.1","16","<1","<0.02","4.5","<1","0.05","2","0.21","150","51","4.8","<2","25.9","<10","5600"
"Junk Bay","Tseng Lan Shue Stream","JR11","2024-10-21","1","2.7","<50","0.028","<0.05","<1","<1","14","<1","<50","<0.1","2","14","1.8","<1","140","<1","<0.01","102","8.5","3500","0.528","0.2","<0.01","<50","<1","<10","<1","<2","<1","2.8","0.045","<0.5","0.34","6.9","0.9","0.1","15","<1","<0.02","4.1","<1","<0.05","2","0.37","160","74","1.8","<2","24.1","<10","2000"
"Junk Bay","Tseng Lan Shue Stream","JR11","2024-11-25","1","0.2","<50","0.047","<0.05","<1","<1","15","<1","50","<0.1","4","15","<0.2","<1","136","1","<0.01","101","9.2","4400","2.15","0.2","<0.01","<50","<1","<10","<1","<2","<1","2.7","0.11","<0.5","0.37","7.4","<0.2","0.1","17","<1","<0.02","3.4","<1","<0.05","2","0.39","140","57","1.8","<2","20.2","10","700"
"Junk Bay","Tseng Lan Shue Stream","JR11","2024-12-16","1","1.8","<50","0.33","<0.05","<1","<1","15","<1","<50","<0.1","9","18","0.6","<1","141","1","<0.01","102","10.5","3200","1.04","0.3","<0.01","<50","<1","<10","<1","<2","<1","3.9","0.13","<0.5","0.45","7.2","0.4","0.1","14","<1","<0.02","3.2","<1","0.38","3","0.47","170","97","1.5","<2","14.1","<10","660"
"Junk Bay","Tseng Lan Shue Stream","JR3","2024-01-05","1","8.7","<50","4.7","0.68","<1","<1","19","<1","<50","<0.1","20","23","0.4","<1","236","1","<0.01","48","4.5","130000","null","0.2","<0.01","100","<1","210","<1","<2","1","0.74","0.12","0.8","0.45","6.9","<0.2","0.1","13","<1","<0.02","2.8","<1","5.6","9","0.64","170","120","4.3","<2","19.2","10","90000"
"Junk Bay","Tseng Lan Shue Stream","JR3","2024-02-03","1","13","<50","8.3","0.49","<1","<1","19","<1","<50","<0.1","22","71","4.4","<1","252","1","<0.01","52","4.8","75000","null","0.3","<0.01","100","<1","300","<1","<2","2","1","0.12","1.1","0.61","6.9","2.3","0.1","15","<1","<0.02","13","<1","10","11","1.2","160","23","5.1","<2","19.4","<10","61000"
"Junk Bay","Tseng Lan Shue Stream","JR3","2024-03-21","1","11","<50","8.2","0.94","<1","<1","16","<1","<50","<0.1","27","22","7.5","<1","266","1","<0.01","48","4.3","140000","null","0.3","<0.01","70","<1","170","<1","<2","2","0.71","0.11","1.2","0.49","6.9","7.6","0.1","11","<1","0.03","10","<1","45","13","3.8","210","120","8.1","<2","19.9","10","120000"
"Junk Bay","Tseng Lan Shue Stream","JR3","2024-04-03","1","18","<50","8.7","0.59","<1","<1","18","<1","<50","<0.1","22","31","2.4","<1","309","1","<0.01","44","3.7","80000","null","0.3","<0.01","110","<1","190","<1","<2","2","0.033","0.16","0.6","0.5","7.1","2.2","0.2","11","<1","0.03","8","<1","9.9","14","0.73","240","62","6.6","<2","24.3","<10","67000"
"Junk Bay","Tseng Lan Shue Stream","JR3","2024-05-24","1","9.8","<50","2.2","0.5","<1","<1","16","<1","<50","<0.1","24","10","6.6","<1","162","3","<0.01","81","6.9","800000","null","<0.2","<0.01","<50","<1","60","<1","<2","1","1.3","0.1","<0.5","0.21","6.8","7.2","0.1","11","<1","0.03","9.6","<1","3.2","10","0.37","210","120","25.1","<2","23.2","40","360000"
"Junk Bay","Tseng Lan Shue Stream","JR3","2024-06-13","1","7.3","<50","1.3","0.06","<1","<1","16","<1","<50","<0.1","26","12","0.4","<1","139","1","<0.01","84","6.9","270000","null","<0.2","<0.01","100","<1","30","<1","<2","<1","1","0.092","<0.5","0.22","7.1","0.3","0.1","14","<1","0.05","120","<1","2.5","15","0.52","250","110","51.2","<2","25.2","10","170000"
"Junk Bay","Tseng Lan Shue Stream","JR3","2024-07-10","1","3.8","<50","2.3","0.11","<1","<1","16","<1","<50","<0.1","11","16","3.8","<1","201","1","<0.01","85","6.7","61000","null","<0.2","<0.01","90","<1","<10","<1","<2","<1","1.3","0.26","0.5","0.34","7","<0.2","0.1","16","<1","<0.02","0.7","<1","2.5","3","0.47","150","76","3","<2","27.7","<10","33000"
"Junk Bay","Tseng Lan Shue Stream","JR3","2024-08-28","1","4.6","<50","2.7","0.13","<1","<1","16","<1","<50","<0.1","5","14","0.6","<1","184","<1","<0.01","83","6.5","48000","null","<0.2","<0.01","<50","<1","20","<1","<2","<1","1.9","0.41","<0.5","0.44","6.7","0.6","0.1","19","<1","<0.02","2.2","<1","3","3","0.63","180","90","2.3","<2","27.9","<10","31000"
"Junk Bay","Tseng Lan Shue Stream","JR3","2024-09-16","1","3","<50","1.5","<0.05","<1","<1","18","<1","<50","<0.1","12","17","0.2","<1","168","3","<0.01","76","6.2","57000","null","<0.2","<0.01","50","<1","60","<1","<2","1","1.6","0.29","<0.5","0.26","6.7","0.2","0.1","17","<1","<0.02","5.8","<1","1.7","3","0.28","120","77","6.9","<2","25.7","<10","33000"
"Junk Bay","Tseng Lan Shue Stream","JR3","2024-10-21","1","7","<50","2","0.18","<1","<1","15","<1","<50","<0.1","8","17","2.7","<1","195","1","<0.01","71","5.8","53000","null","<0.2","<0.01","<50","<1","40","<1","<2","<1","1.6","0.33","<0.5","0.39","6.8","0.7","0.1","16","<1","<0.02","5.9","<1","3.1","3","0.42","170","59","5.6","<2","25.8","10","39000"
"Junk Bay","Tseng Lan Shue Stream","JR3","2024-11-25","1","3.5","<50","2.6","0.17","<1","<1","19","<1","60","<0.1","2","20","0.2","<1","190","1","<0.01","75","6.5","130000","null","0.2","<0.01","60","<1","130","<1","<2","<1","1.7","0.19","<0.5","0.35","7.1","<0.2","0.1","19","<1","<0.02","4.5","<1","2.7","3","0.38","180","74","11.3","<2","22.1","10","80000"
"Junk Bay","Tseng Lan Shue Stream","JR3","2024-12-16","1","9.9","<50","4.2","0.43","<1","<1","15","<1","<50","<0.1","19","20","1.1","1","223","2","<0.01","60","5.6","100000","null","0.2","<0.01","60","<1","120","<1","<2","1","1.4","0.19","1","0.58","7.4","<0.2","0.1","16","<1","0.02","5.2","<1","5.6","7","0.62","200","78","3.8","<2","18.5","<10","90000"
"Junk Bay","Tseng Lan Shue Stream","JR6","2024-01-05","1","8.1","<50","0.24","0.14","<1","<1","14","<1","<50","<0.1","19","25","<0.2","<1","211","2","<0.01","94","8.6","90000","null","0.3","<0.01","70","<1","20","<1","<2","2","3.4","0.15","<0.5","0.48","7.3","<0.2","0.1","8.8","<1","<0.02","10","<1","0.89","7","0.6","200","130","3.6","<2","19.3","10","29000"
"Junk Bay","Tseng Lan Shue Stream","JR6","2024-02-03","1","15","130","0.69","0.08","<1","<1","12","<1","50","<0.1","30","24","1.4","2","251","5","<0.01","92","8.4","23000","null","0.4","<0.01","100","<1","20","<1","3","2","3.3","0.29","1.2","0.51","8.5","1.6","0.1","11","<1","<0.02","13","<1","2.4","11","0.7","220","93","8.6","<2","19.8","<10","17000"
"Junk Bay","Tseng Lan Shue Stream","JR6","2024-03-21","1","6.7","<50","0.66","0.09","<1","<1","14","<1","<50","<0.1","14","23","0.5","<1","227","2","<0.01","92","8.4","60000","null","0.4","<0.01","<50","<1","10","<1","<2","2","3.6","0.43","<0.5","0.47","7.2","<0.2","0.1","8.2","<1","<0.02","1.2","<1","1.6","8","0.71","170","92","4.1","<2","19.5","10","17000"
"Junk Bay","Tseng Lan Shue Stream","JR6","2024-04-03","1","12","<50","0.35","0.06","<1","<1","13","<1","<50","<0.1","17","29","1.6","<1","256","1","<0.01","92","7.7","17000","null","0.4","<0.01","<50","<1","<10","<1","<2","<1","3.1","0.17","<0.5","0.44","7.7","1.5","0.1","8.7","<1","<0.02","20","<1","1.8","10","0.83","230","62","6.7","<2","24.6","<10","14000"
"Junk Bay","Tseng Lan Shue Stream","JR6","2024-05-24","1","3.3","<50","0.37","0.11","<1","<1","13","<1","<50","<0.1","14","15","0.3","<1","188","2","<0.01","96","8.1","180000","null","<0.2","<0.01","50","<1","10","<1","<2","1","1.4","0.087","0.5","0.22","7.1","<0.2","0.1","11","<1","<0.02","11","<1","1.1","7","0.3","180","94","6.4","<2","23.5","20","100000"
"Junk Bay","Tseng Lan Shue Stream","JR6","2024-06-13","1","7.1","<50","0.17","<0.05","<1","<1","8","<1","<50","<0.1","16","<10","0.4","<1","94","2","<0.01","97","7.9","140000","null","<0.2","<0.01","60","<1","<10","<1","<2","<1","0.85","0.051","<0.5","0.15","7.5","<0.2","0","8.6","<1","<0.02","27","<1","0.75","8","0.21","120","82","15.1","<2","25.6","10","27000"
"Junk Bay","Tseng Lan Shue Stream","JR6","2024-07-10","1","8","<50","0.2","0.31","<1","<1","15","<1","<50","<0.1","23","21","2.9","<1","249","3","<0.01","88","6.9","150000","null","0.3","<0.01","120","<1","20","<1","<2","1","2.5","0.22","1.3","0.54","7.3","1.1","0.1","12","<1","<0.02","1.2","<1","1.2","6","0.58","190","70","4.6","<2","27.6","<10","22000"
"Junk Bay","Tseng Lan Shue Stream","JR6","2024-08-28","1","7.7","<50","0.18","<0.05","<1","<1","13","<1","<50","<0.1","2","15","0.5","<1","203","1","<0.01","93","7.2","61000","null","0.3","<0.01","50","<1","<10","<1","<2","<1","2.1","0.23","<0.5","0.41","7.3","0.5","0.1","13","<1","<0.02","2.4","<1","0.92","4","0.45","190","81","2.9","<2","28.2","10","18000"
"Junk Bay","Tseng Lan Shue Stream","JR6","2024-09-16","1","2.6","<50","0.13","<0.05","<1","<1","13","<1","<50","<0.1","10","39","0.3","<1","177","3","<0.01","93","7.5","190000","null","0.3","<0.01","<50","<1","10","<1","<2","1","1.7","0.12","<0.5","0.24","7.3","<0.2","0.1","13","<1","<0.02","2.2","<1","0.2","3","0.27","160","49","3.2","<2","26.6","<10","17000"
"Junk Bay","Tseng Lan Shue Stream","JR6","2024-10-21","1","10","<50","0.27","0.15","<1","<1","12","<1","<50","<0.1","18","24","1.5","<1","209","2","<0.01","92","7.3","90000","null","0.4","<0.01","<50","<1","<10","<1","<2","<1","2.2","0.21","0.7","0.4","7.3","1.5","0.1","12","<1","<0.02","6.6","<1","1.2","5","0.44","210","75","2.8","<2","26.9","<10","80000"
"Junk Bay","Tseng Lan Shue Stream","JR6","2024-11-25","1","5.7","70","0.29","0.08","<1","<1","13","<1","60","<0.1","13","22","<0.2","<1","205","2","<0.01","92","7.9","130000","null","0.4","<0.01","<50","<1","20","<1","<2","<1","2.3","0.17","0.6","0.38","7.6","<0.2","0.1","13","<1","<0.02","3.8","<1","1.3","6","0.4","160","94","4.5","<2","22.8","10","26000"
"Junk Bay","Tseng Lan Shue Stream","JR6","2024-12-16","1","7.7","<50","0.26","0.12","<1","<1","13","<1","<50","<0.1","8","21","1.6","<1","203","2","<0.01","91","8.4","56000","null","0.4","<0.01","<50","<1","30","<1","<2","<1","2.2","0.17","0.6","0.38","7.4","<0.2","0.1","11","<1","0.02","4.8","<1","1.5","8","0.44","180","58","3.1","<2","19.1","<10","16000"
"Victoria Harbour","Kai Tak River","KN1","2024-01-10","1","1.1","<50","2","0.11","<1","2","17","<1","1800","<0.1","33","11000","1.5","<1","27492","3","<0.01","76","5.9","3100","null","0.7","<0.01","<50","<1","80","<1","7","8","2.6","0.54","<0.5","1.1","7.2","0.6","17.8","6.1","<1","<0.02","1.2","<1","2.2","7","1.4","26000","4300","2.3","3","22.7","10","1300"
"Victoria Harbour","Kai Tak River","KN1","2024-02-23","1","0.7","<50","5.7","0.06","<1","1","17","<1","1800","<0.1","14","8400","0.8","1","21078","2","<0.01","71","5.6","7100","null","0.6","<0.01","<50","<1","120","<1","5","9","1.6","0.55","<0.5","1.3","7.1","<0.2","13.1","6.2","<1","<0.02","2.2","<1","6.2","8","1.4","22000","5500","1.4","<2","23.4","20","1800"
"Victoria Harbour","Kai Tak River","KN1","2024-03-15","1","12","<50","3.1","0.07","<1","1","19","<1","1700","<0.1","75","9000","0.6","1","22621","2","<0.01","56","4.5","320000","null","0.6","<0.01","50","<1","120","<1","6","9","1.2","0.74","<0.5","0.77","7.1","0.2","14.6","3.8","<1","<0.02","5.6","<1","4.3","10","1.1","23000","5100","2.2","2","22.1","10","130000"
"Victoria Harbour","Kai Tak River","KN1","2024-04-17","1","1.8","<50","2","<0.05","<1","1","13","<1","1500","<0.1","36","7900","6.6","1","22861","3","<0.01","78","5.7","190000","null","0.7","<0.01","<50","<1","90","<1","6","8","2.4","0.73","<0.5","0.96","7.4","1.8","13.1","5.3","<1","<0.02","1.6","<1","2.8","8","1.1","19000","4500","1","<2","27.4","<10","28000"
"Victoria Harbour","Kai Tak River","KN1","2024-05-22","1","3.8","<50","3.5","<0.05","<1","1","16","<1","1400","<0.1","52","6800","0.8","1","19976","2","<0.01","64","4.8","340000","null","0.5","<0.01","80","<1","100","<1","6","6","1.1","0.43","<0.5","0.72","7.3","0.8","11.5","7.4","<1","<0.02","6.4","<1","3.8","9","0.84","18000","4600","3.4","<2","26.4","10","150000"
"Victoria Harbour","Kai Tak River","KN1","2024-06-17","1","2.5","<50","3.5","<0.05","<1","1","17","<1","1000","<0.1","45","5700","0.8","1","17335","1","<0.01","49","3.7","44000","null","0.5","<0.01","70","<1","80","2","5","3","1.4","0.33","<0.5","0.47","7.4","0.5","9.6","9.7","<1","<0.02","5.8","<1","3.8","9","0.68","15000","3800","3.7","<2","27.9","20","18000"
"Victoria Harbour","Kai Tak River","KN1","2024-07-08","1","4","<50","2.9","0.11","<1","1","17","<1","1300","<0.1","57","7400","4.7","2","21753","2","<0.01","61","4.4","80000","null","0.6","<0.01","50","<1","90","<1","5","6","2.1","0.65","<0.5","0.85","7","3.1","11.8","6.7","<1","<0.02","4.6","<1","3.3","9","1.2","19000","4100","0.9","<2","29.9","10","13000"
"Victoria Harbour","Kai Tak River","KN1","2024-08-07","1","3.4","<50","12","0.18","<1","2","16","<1","1200","<0.1","51","10000","2.5","2","23869","2","<0.01","66","4.7","340000","null","0.7","<0.01","130","<1","90","<1","5","5","1.4","0.33","<0.5","1.9","7.2","0.6","13.1","7.8","<1","0.03","2","<1","14","6","2.2","22000","4500","5.8","<2","29.7","<10","150000"
"Victoria Harbour","Kai Tak River","KN1","2024-09-02","1","5.4","<50","3.3","0.12","<1","1","18","<1","1700","<0.1","64","7800","3.3","3","24121","3","<0.01","77","5.4","42000","null","0.7","<0.01","90","<1","90","<1","5","6","3.7","0.91","<0.5","1.4","7.2","1.2","13.2","8.9","<1","<0.02","2.8","<1","3.7","5","1.4","21000","5100","1.7","<2","30","20","16000"
"Victoria Harbour","Kai Tak River","KN1","2024-10-03","1","2.2","<50","2.3","<0.05","<1","1","16","<1","1900","<0.1","39","14000","6","1","29255","2","<0.01","66","4.7","100000","null","0.8","<0.01","<50","<1","90","<1","6","5","2.2","0.65","<0.5","0.59","7.7","2","16.7","6.6","<1","<0.02","6.4","<1","2.9","5","0.72","29000","5900","4.6","<2","28.7","<10","24000"
"Victoria Harbour","Kai Tak River","KN1","2024-11-04","1","2.8","<50","3","0.15","<1","2","14","<1","1300","<0.1","29","11000","3.4","2","19703","2","<0.01","64","4.8","5200","null","0.7","<0.01","<50","<1","100","<1","5","5","2.9","0.63","<0.5","0.79","7.1","0.8","11.1","10","<1","<0.02","7.2","<1","3.3","5","0.97","23000","4200","6.9","2","27.7","10","3000"
"Victoria Harbour","Kai Tak River","KN1","2024-12-02","1","1.8","<50","8.9","0.06","<1","1","16","<1","1400","<0.1","22","9700","1.4","1","19725","2","<0.01","60","4.7","42000","null","0.7","<0.01","<50","<1","110","<1","5","7","2","0.71","<0.5","0.94","7.2","1.3","12.1","9.1","<1","<0.02","2.7","<1","9.8","6","1.6","21000","5400","1.4","<2","23.8","10","11000"
"Victoria Harbour","Kai Tak River","KN2","2024-01-10","1","1.3","<50","2","<0.05","<1","1","17","<1","1100","<0.1","28","8300","1","<1","21109","3","<0.01","84","6.6","7700","null","0.6","<0.01","<50","<1","80","<1","5","9","3.3","0.71","<0.5","1.3","7.1","0.3","13.1","7.2","<1","<0.02","1.6","<1","2.1","9","1.5","19000","3100","1.6","2","23.4","20","3000"
"Victoria Harbour","Kai Tak River","KN2","2024-02-23","1","2.2","<50","6","<0.05","<1","1","17","<1","1700","<0.1","14","7200","0.5","1","19172","2","<0.01","77","6.1","4200","null","0.6","<0.01","110","<1","110","<1","4","11","1.7","0.58","<0.5","1.5","7.2","<0.2","11.7","6.3","<1","<0.02","2.8","<1","6.4","10","1.6","20000","4500","2.4","<2","23.7","<10","1300"
"Victoria Harbour","Kai Tak River","KN2","2024-03-15","1","12","<50","3.7","0.06","<1","1","17","<1","1200","<0.1","78","7200","1","1","18697","3","<0.01","69","5.6","21000","null","0.6","<0.01","<50","<1","110","<1","4","10","1.6","0.96","<0.5","1.1","7.1","<0.2","11.8","4.8","<1","<0.02","4.6","<1","4.9","10","1.3","19000","4300","3.1","<2","22.3","10","8000"
"Victoria Harbour","Kai Tak River","KN2","2024-04-17","1","3.5","<50","2.4","0.06","<1","1","12","<1","1300","<0.1","28","6800","1.3","1","20602","2","<0.01","80","5.9","72000","null","0.6","<0.01","<50","<1","90","<1","5","8","2.6","0.58","<0.5","1.3","7.4","1.1","11.6","6.3","<1","<0.02","2.8","<1","3","8","1.4","18000","4000","2.4","<2","27.9","<10","29000"
"Victoria Harbour","Kai Tak River","KN2","2024-05-22","1","8.2","<50","4.2","<0.05","<1","1","16","<1","1100","<0.1","78","5800","0.3","1","18172","2","<0.01","79","6","80000","null","0.5","<0.01","70","<1","110","<1","5","6","1.5","0.73","<0.5","0.64","7.3","0.3","10.2","7.1","<1","<0.02","6","<1","4.6","9","0.91","17000","4600","6.5","<2","27.3","30","35000"
"Victoria Harbour","Kai Tak River","KN2","2024-06-17","1","2.6","<50","4.8","0.06","<1","1","16","<1","850","<0.1","34","4800","1","1","14899","1","<0.01","66","4.8","100000","null","0.5","<0.01","90","<1","110","<1","5","4","2","0.68","<0.5","0.68","7.4","<0.2","8","8.1","<1","0.02","4.2","<1","5.1","5","0.87","13000","3300","1.7","<2","28.9","20","21000"
"Victoria Harbour","Kai Tak River","KN2","2024-07-08","1","3.9","<50","4.5","0.08","<1","1","16","<1","1100","<0.1","57","8300","3.2","1","19962","2","<0.01","81","5.6","110000","null","0.6","<0.01","<50","<1","80","<1","4","6","2.5","0.61","<0.5","0.74","7.1","2","10.4","8.9","<1","<0.02","5","<1","5.1","10","1.1","16000","2300","3.6","<2","31.3","30","15000"
"Victoria Harbour","Kai Tak River","KN2","2024-08-07","1","5.3","<50","13","0.21","<1","1","16","<1","1300","<0.1","50","8200","1.9","1","20983","2","<0.01","81","5.6","1100000","null","0.6","<0.01","80","<1","100","<1","4","5","1.2","0.15","<0.5","1.2","7.3","0.8","11","8.5","<1","0.03","2.4","<1","16","10","2.2","20000","4300","3.4","<2","31.2","<10","250000"
"Victoria Harbour","Kai Tak River","KN2","2024-09-02","1","8.5","<50","3.4","0.11","<1","1","17","<1","1600","<0.1","54","7400","2.4","2","23265","3","<0.01","84","5.9","48000","null","0.8","<0.01","90","<1","80","<1","5","6","4.1","0.66","<0.5","1.1","7.2","2.4","12.5","8.9","<1","<0.02","3.3","<1","4.1","6","1.2","21000","5200","1.4","<2","30.5","20","23000"
"Victoria Harbour","Kai Tak River","KN2","2024-10-03","1","4.6","<50","1.8","<0.05","<1","<1","18","<1","1300","<0.1","34","9400","3.4","<1","21117","2","<0.01","87","6.2","41000","null","0.7","<0.01","<50","<1","110","<1","5","5","3","0.47","<0.5","0.6","7.7","1.2","11.5","8.3","<1","<0.02","4.1","<1","2.5","7","0.77","20000","4700","4","<2","29.5","<10","10000"
"Victoria Harbour","Kai Tak River","KN2","2024-11-04","1","2.8","<50","3.3","0.14","<1","1","13","<1","850","<0.1","37","5900","0.9","2","12728","2","<0.01","85","6.3","8000","0.12","0.6","<0.01","<50","<1","110","<1","3","5","3.3","0.91","<0.5","1.2","7.2","0.6","6.8","12","<1","<0.02","3.1","<1","3.7","6","1.3","12000","2400","1.5","<2","28.6","10","3200"
"Victoria Harbour","Kai Tak River","KN2","2024-12-02","1","1.9","<50","9.7","<0.05","<1","1","15","<1","1200","<0.1","32","10000","0.7","<1","18704","2","<0.01","74","5.8","4400","null","0.7","<0.01","<50","<1","110","<1","5","7","2.2","0.8","<0.5","1.3","7.3","0.7","11.2","9.2","<1","<0.02","2.1","<1","11","6","1.6","22000","3800","1.2","<2","24.6","20","800"
"Victoria Harbour","Kai Tak River","KN3","2024-01-10","1","2.1","<50","2","0.11","<1","1","17","<1","900","<0.1","49","7600","1","<1","19177","3","<0.01","89","7","9200","null","0.6","<0.01","<50","<1","80","<1","5","9","3.6","0.76","<0.5","1.2","7.1","0.7","11.8","7.5","<1","<0.02","3.5","<1","2.3","9","1.5","18000","2900","2.5","<2","23.4","20","5400"
"Victoria Harbour","Kai Tak River","KN3","2024-02-23","1","2","<50","5.9","0.08","<1","1","17","<1","1500","<0.1","18","6500","0.8","<1","17755","2","<0.01","75","6","10000","null","0.6","<0.01","<50","<1","110","<1","4","10","1.7","0.61","<0.5","1.5","7.2","0.4","10.8","6.5","<1","<0.02","2.8","<1","6.7","10","1.7","17000","3600","2.1","<2","23.6","10","2600"
"Victoria Harbour","Kai Tak River","KN3","2024-03-15","1","13","<50","3.1","0.17","<1","1","17","<1","1200","<0.1","82","6500","0.3","1","18746","3","<0.01","73","5.9","16000","null","0.6","<0.01","<50","<1","100","<1","4","10","1.6","0.79","<0.5","0.92","7.2","<0.2","11.7","4.8","<1","<0.02","6.9","<1","4.5","11","1.2","20000","4300","2.7","<2","22.5","10","8000"
"Victoria Harbour","Kai Tak River","KN3","2024-04-17","1","5.8","<50","2.4","0.06","<1","1","12","<1","1000","<0.1","26","5700","2.5","1","17265","2","<0.01","82","6.1","110000","null","0.6","<0.01","60","<1","100","<1","4","9","2.8","0.62","<0.5","1.3","7.3","1.6","9.5","7.7","<1","<0.02","9.2","<1","3.2","9","1.4","14000","3200","6","<2","28","20","30000"
"Victoria Harbour","Kai Tak River","KN3","2024-05-22","1","14","<50","3.6","<0.05","<1","1","16","<1","1000","<0.1","42","5700","1.1","1","17440","2","<0.01","82","6.1","88000","null","0.5","<0.01","90","<1","100","<1","4","6","1.6","0.46","<0.5","0.56","7.3","0.4","9.8","7.5","<1","<0.02","7.4","<1","4.1","9","0.72","16000","4400","4.3","<2","27.3","10","38000"
"Victoria Harbour","Kai Tak River","KN3","2024-06-17","1","4.4","<50","5.4","0.05","<1","1","16","<1","750","<0.1","37","4400","1.5","1","13819","1","<0.01","73","5.4","110000","null","0.5","<0.01","100","<1","110","<1","4","4","0.17","0.083","<0.5","0.61","7.4","1.3","7.3","8.2","<1","<0.02","11","<1","6","6","0.92","11000","2900","4.4","<2","28.9","10","32000"
"Victoria Harbour","Kai Tak River","KN3","2024-07-08","1","4.1","<50","3.6","0.09","<1","1","17","<1","1100","<0.1","60","6600","1.5","1","18978","2","<0.01","83","5.8","380000","null","0.6","<0.01","60","<1","100","<1","4","6","2.7","0.73","<0.5","0.64","7.1","1.4","9.9","9.1","<1","<0.02","6.6","<1","4.2","11","1.1","16000","4000","3.3","<2","31","10","38000"
"Victoria Harbour","Kai Tak River","KN3","2024-08-07","1","9.1","<50","14","0.17","<1","1","16","<1","1200","<0.1","60","9200","0.8","2","20821","2","<0.01","83","5.9","630000","null","0.6","<0.01","100","<1","100","<1","4","5","1.2","0.2","<0.5","1.3","7.3","0.4","11","8.4","<1","<0.02","2","<1","16","11","2.1","18000","3600","4.6","<2","30.8","<10","410000"
"Victoria Harbour","Kai Tak River","KN3","2024-09-02","1","9.2","<50","3.5","0.13","<1","1","17","<1","1500","<0.1","54","7700","3","2","22647","3","<0.01","87","6.1","54000","null","0.8","<0.01","110","<1","90","<1","5","6","4","0.86","<0.5","1.1","7.2","3","12.2","8.9","<1","<0.02","4.6","<1","3.8","8","1.1","16000","4000","2.2","<2","30.4","20","34000"
"Victoria Harbour","Kai Tak River","KN3","2024-10-03","1","4.7","<50","1.6","<0.05","<1","<1","18","<1","1200","<0.1","31","9200","3","1","20399","4","<0.01","85","6.1","170000","null","0.7","<0.01","60","<1","110","<1","5","5","3.3","0.41","<0.5","0.57","7.6","1.4","11.1","8.5","<1","<0.02","4.8","<1","2.4","6","0.73","21000","4800","4.3","<2","29.3","20","26000"
"Victoria Harbour","Kai Tak River","KN3","2024-11-04","1","6.3","<50","1.8","0.14","<1","1","12","<1","1300","<0.1","31","13000","4.3","2","10824","3","<0.01","98","7.5","13000","1.44","0.7","<0.01","<50","<1","90","<1","5","6","1.9","0.26","<0.5","0.62","7.4","1.9","5.9","7.8","<1","<0.02","7.8","<1","2","5","0.89","23000","2200","2.1","<2","27.2","20","5400"
"Victoria Harbour","Kai Tak River","KN3","2024-12-02","1","4.4","<50","9.6","<0.05","<1","1","15","<1","1000","<0.1","24","7600","1.1","1","16416","2","<0.01","87","6.9","11000","null","0.7","<0.01","<50","<1","110","<1","4","7","2.7","0.91","<0.5","1.3","7.4","0.4","9.8","9.6","<1","<0.02","5.4","<1","11","8","1.5","16000","3500","1.8","<2","24.1","30","4000"
"Victoria Harbour","Kai Tak River","KN4","2024-01-10","1","3.4","<50","1.6","0.11","<1","1","18","<1","780","<0.1","49","6500","1","<1","17271","2","<0.01","87","7","9200","null","0.6","<0.01","<50","<1","80","<1","5","8","4.2","0.73","<0.5","1.1","7.1","1","10.4","7.9","<1","<0.02","5.4","<1","2.1","9","1.3","15000","2500","2.4","<2","23.8","20","4600"
"Victoria Harbour","Kai Tak River","KN4","2024-02-23","1","4.9","<50","4.6","0.13","<1","1","17","<1","1400","<0.1","10","7500","3.2","<1","18423","2","<0.01","79","6.2","18000","null","0.6","<0.01","<50","<1","110","<1","4","10","1.6","0.76","<0.5","0.81","7.1","3.3","11","6.2","<1","<0.02","13","<1","5","10","0.9","18000","3700","4.5","<2","24.7","20","10000"
"Victoria Harbour","Kai Tak River","KN4","2024-03-15","1","19","<50","2","<0.05","<1","1","17","<1","1000","<0.1","91","6300","0.7","<1","18047","2","<0.01","83","6.6","11000","null","0.6","<0.01","<50","<1","100","<1","4","9","1.8","1.1","<0.5","0.8","7.1","<0.2","11.1","4.9","<1","<0.02","16","<1","3.9","16","1.1","18000","4200","4.8","<2","23.2","10","6000"
"Victoria Harbour","Kai Tak River","KN4","2024-04-17","1","6.9","<50","1.7","<0.05","<1","1","12","<1","840","<0.1","29","4700","1.4","<1","14862","2","<0.01","89","6.6","120000","null","0.6","<0.01","<50","<1","90","<1","3","8","3","0.75","<0.5","0.9","7.3","1.1","8.1","8.2","<1","<0.02","5","<1","2.6","8","0.99","12000","2900","4","<2","28.3","10","48000"
"Victoria Harbour","Kai Tak River","KN4","2024-05-22","1","23","<50","2.9","0.12","<1","<1","16","<1","840","<0.1","42","4700","1.9","1","15134","2","<0.01","86","6.5","120000","null","0.5","<0.01","90","<1","100","<1","4","7","2.4","0.77","<0.5","0.44","7.3","2.1","8.3","8","<1","<0.02","17","<1","3.5","11","0.6","13000","3500","6.8","<2","27.6","10","32000"
"Victoria Harbour","Kai Tak River","KN4","2024-06-17","1","4.9","<50","5.8","<0.05","<1","1","18","<1","770","<0.1","39","4200","1.1","1","13682","1","<0.01","82","6","160000","null","0.6","<0.01","120","<1","100","<1","4","4","1.8","0.85","<0.5","0.56","7.5","1.3","7.2","10","<1","0.05","7.2","<1","6.4","6","0.85","12000","3000","2.4","<2","29.2","10","38000"
"Victoria Harbour","Kai Tak River","KN4","2024-07-08","1","6.2","<50","3.2","0.1","<1","<1","18","<1","960","<0.1","44","6100","2.9","2","17701","2","<0.01","88","6.2","180000","null","0.6","<0.01","60","<1","80","<1","4","6","3","0.83","<0.5","0.61","7.1","1.9","9.2","9.7","<1","0.08","9.7","<1","4","10","0.93","14000","3500","3.3","<2","31.1","10","46000"
"Victoria Harbour","Kai Tak River","KN4","2024-08-07","1","9.6","<50","13","0.22","<1","1","16","<1","990","<0.1","55","6900","6.3","2","19099","2","<0.01","89","6.3","740000","null","0.6","<0.01","90","<1","90","<1","4","4","1.4","0.28","<0.5","1.2","7.3","<0.2","10","8.4","<1","0.02","3","<1","16","7","1.8","17000","3400","5.7","<2","30.9","<10","320000"
"Victoria Harbour","Kai Tak River","KN4","2024-09-02","1","9.3","<50","3.4","0.11","<1","1","17","<1","1500","<0.1","57","9000","3.3","2","22112","4","<0.01","86","6","30000","null","0.7","<0.01","120","<1","80","<1","5","6","3.8","1","<0.5","0.95","7.2","3.1","11.8","9.1","<1","<0.02","7.4","<1","3.7","7","1","20000","3900","3","<2","30.6","20","13000"
"Victoria Harbour","Kai Tak River","KN4","2024-10-03","1","4.7","110","1.2","<0.05","<1","<1","18","<1","1100","<0.1","39","9800","3.1","1","18685","2","<0.01","93","6.8","180000","null","0.7","<0.01","70","<1","100","<1","4","5","4.6","0.73","<0.5","0.56","7.7","1.8","10.1","8.8","<1","0.05","4.6","<1","2","7","0.67","18000","4200","4.6","<2","29.4","30","33000"
"Victoria Harbour","Kai Tak River","KN4","2024-11-04","1","5.8","<50","1.4","0.12","<1","1","13","<1","880","<0.1","35","5300","2.6","2","13700","2","<0.01","92","6.8","12000","null","0.6","<0.01","<50","<1","90","<1","3","5","3.7","0.41","<0.5","0.64","7.2","1","7.3","12","<1","0.02","5.6","<1","2.2","5","0.93","12000","2800","3.2","<2","28.8","10","6500"
"Victoria Harbour","Kai Tak River","KN4","2024-12-02","1","7.2","<50","8.8","<0.05","<1","1","15","<1","970","<0.1","19","7500","1.8","<1","16019","2","<0.01","93","7.3","23000","null","0.7","<0.01","<50","<1","110","<1","4","8","2.6","0.66","<0.5","0.69","7.3","1.7","9.4","9.6","<1","<0.02","9.3","<1","9.2","7","1.2","16000","3500","2.9","<2","24.9","30","5800"
"Victoria Harbour","Kai Tak River","KN5","2024-01-10","1","5","<50","1.2","0.07","<1","1","18","<1","960","<0.1","57","6500","1.3","<1","15722","2","<0.01","97","7.7","17000","8.568","0.6","<0.01","<50","<1","80","<1","4","8","4.6","0.63","<0.5","0.96","7.1","1.4","9.4","8.2","<1","<0.02","4.8","<1","1.8","10","1.2","14000","2400","3.7","<2","24","20","8000"
"Victoria Harbour","Kai Tak River","KN5","2024-02-23","1","12","<50","3.9","0.07","<1","<1","16","<1","1300","<0.1","10","6200","0.4","<1","16934","2","<0.01","90","7.1","15000","9.044","0.6","<0.01","60","<1","100","<1","4","10","1.8","0.6","<0.5","0.56","7.1","<0.2","10","6.5","<1","<0.02","11","<1","4.4","9","0.76","14000","3100","4.9","<2","24.8","20","6700"
"Victoria Harbour","Kai Tak River","KN5","2024-03-15","1","6.7","<50","1.6","<0.05","<1","1","17","<1","910","<0.1","70","6500","2.2","<1","16494","2","<0.01","93","7.5","21000","10.71","0.5","<0.01","<50","<1","100","<1","4","10","1.8","1.2","<0.5","0.58","7.1","2.2","10","4.9","<1","<0.02","13","<1","3.8","13","1","17000","3900","4.5","<2","23.3","10","6700"
"Victoria Harbour","Kai Tak River","KN5","2024-04-17","1","6.9","<50","1.5","<0.05","<1","1","12","<1","740","<0.1","35","4200","2","1","13446","2","<0.01","92","6.9","140000","18.513","0.6","<0.01","<50","<1","90","<1","3","8","3","0.68","<0.5","0.72","7.3","1.8","7.2","8.5","<1","<0.02","4.8","<1","2.6","10","0.9","11000","2600","3","<2","28.4","10","35000"
"Victoria Harbour","Kai Tak River","KN5","2024-05-22","1","5.3","<50","2.9","<0.05","<1","<1","15","<1","750","<0.1","44","4100","1.5","2","13689","2","<0.01","92","7","140000","7.208","0.5","<0.01","90","<1","110","<1","4","7","2.9","0.91","<0.5","0.46","7.3","1","7.5","8.3","<1","<0.02","12","<1","3.4","8","0.58","12000","3300","3.5","<2","27.7","20","41000"
"Victoria Harbour","Kai Tak River","KN5","2024-06-17","1","7.1","<50","5.7","0.08","<1","<1","17","<1","710","<0.1","32","4200","1.7","1","13439","1","<0.01","89","6.6","100000","11.22","0.6","<0.01","110","<1","110","<1","4","4","2.1","0.94","<0.5","0.56","7.4","1.4","7.1","10","<1","<0.02","15","<1","6.2","12","0.92","11000","2800","3.1","<2","29.2","10","40000"
"Victoria Harbour","Kai Tak River","KN5","2024-07-08","1","6.2","<50","3.2","<0.05","<1","<1","17","<1","850","<0.1","47","5100","2.3","2","15777","2","<0.01","98","6.9","120000","12.614","0.6","<0.01","70","<1","90","<1","4","6","2.8","0.61","<0.5","0.64","7.1","1.3","8.1","9.7","<1","<0.02","5.1","<1","4.1","12","0.92","12000","3000","1.9","<2","31.3","10","41000"
"Victoria Harbour","Kai Tak River","KN5","2024-08-07","1","17","<50","14","0.19","<1","1","17","<1","760","<0.1","48","6600","3.3","2","15632","2","<0.01","97","6.8","530000","10.88","0.6","<0.01","150","<1","100","<1","4","4","1.5","0.3","<0.5","1.1","7.3","0.4","8","9.3","<1","<0.02","3","<1","18","8","2","13000","2600","5.6","<2","31.5","<10","250000"
"Victoria Harbour","Kai Tak River","KN5","2024-09-02","1","9.1","<50","3.5","0.11","<1","<1","18","<1","1100","<0.1","61","5800","1.8","2","17120","3","<0.01","88","6.2","51000","9.248","0.7","<0.01","120","<1","80","<1","4","5","4.8","0.96","<0.5","0.97","7.1","1.6","8.9","10","<1","<0.02","5.1","<1","4.1","8","1","16000","3900","2.1","<2","31.1","10","27000"
"Victoria Harbour","Kai Tak River","KN5","2024-10-03","1","4.7","<50","1.1","<0.05","<1","<1","18","<1","950","<0.1","35","7100","0.7","1","16481","2","<0.01","100","7.3","29000","11.56","0.7","<0.01","80","<1","100","<1","4","4","3.9","0.37","<0.5","0.58","7.7","0.7","8.7","9.1","<1","<0.02","5.8","<1","2.4","9","0.72","16000","4100","2.3","<2","29.8","10","11000"
"Victoria Harbour","Kai Tak River","KN5","2024-11-04","1","5.7","<50","1.1","0.14","<1","1","13","<1","630","<0.1","28","3700","1.9","2","9821","2","<0.01","103","7.7","4000","1.904","0.6","<0.01","<50","<1","80","<1","3","8","4.4","0.63","<0.5","0.69","7.2","2","5.1","12","<1","<0.02","7.3","<1","3.7","6","1.9","8400","1900","1.7","<2","28.9","20","1700"
"Victoria Harbour","Kai Tak River","KN5","2024-12-02","1","9.1","<50","8.7","0.07","<1","<1","16","<1","930","<0.1","26","6900","2.5","<1","15920","1","<0.01","96","7.5","14000","13.09","0.7","<0.01","<50","<1","100","<1","4","7","3.8","0.92","<0.5","0.69","7.3","2.4","9.3","9.6","<1","<0.02","14","<1","9.5","8","1.1","15000","3400","3.7","<2","25.2","<10","4400"
"Victoria Harbour","Kai Tak River","KN7","2024-01-10","1","5.6","<50","1.1","0.06","<1","1","17","<1","900","<0.1","62","5700","1.1","<1","15762","2","<0.01","100","7.9","2900","4.86","0.6","<0.01","<50","<1","80","<1","4","8","4.8","0.61","<0.5","0.88","7","1","9.3","8.3","<1","<0.02","5.3","<1","1.9","12","1.1","13000","2300","3.3","<2","24.3","20","2100"
"Victoria Harbour","Kai Tak River","KN7","2024-02-23","1","12","<50","3.7","0.06","<1","<1","17","<1","1300","<0.1","14","6800","0.3","<1","16649","2","<0.01","100","7.9","12000","3","0.6","<0.01","50","<1","120","<1","4","11","2.4","0.75","<0.5","0.62","7.1","<0.2","9.9","6.5","<1","<0.02","11","<1","4.6","12","0.82","15000","3100","4.7","<2","24.5","20","9000"
"Victoria Harbour","Kai Tak River","KN7","2024-03-15","1","6.7","<50","1.5","<0.05","<1","1","17","<1","910","<0.1","74","6600","1.7","<1","16582","3","<0.01","98","7.9","9000","1.74","0.5","<0.01","<50","<1","100","<1","4","9","1.8","1.1","<0.5","0.56","7.2","1.8","10.1","4.9","<1","0.02","16","<1","3.9","13","1.1","16000","3500","5.5","<2","23.4","20","7000"
"Victoria Harbour","Kai Tak River","KN7","2024-04-17","1","7","<50","1.5","<0.05","<1","1","11","<1","710","<0.1","31","4200","1.6","<1","13186","1","<0.01","97","7.3","110000","2.1","0.6","<0.01","<50","<1","90","<1","3","8","3.2","0.7","<0.5","0.77","7.3","1","7.1","8.5","<1","<0.02","5.6","<1","3.1","10","0.9","11000","2900","4.1","<2","28.5","20","24000"
"Victoria Harbour","Kai Tak River","KN7","2024-05-22","1","15","<50","3.8","<0.05","<1","<1","14","<1","790","<0.1","44","4400","6.6","1","14033","2","<0.01","97","7.3","25000","4.375","0.5","<0.01","90","<1","90","<1","4","7","2.5","0.61","<0.5","0.53","7.2","5.1","7.6","8","<1","0.06","45","<1","4.5","11","0.73","13000","3600","22.8","<2","27.8","20","10000"
"Victoria Harbour","Kai Tak River","KN7","2024-06-17","1","7.4","<50","5.9","0.06","<1","<1","18","<1","710","<0.1","28","4300","1.9","1","13808","1","<0.01","97","7.1","55000","2.46","0.6","<0.01","110","<1","110","<1","4","4","1.8","0.76","<0.5","0.51","7.4","2.2","7.3","10","<1","<0.02","9.4","<1","6.6","6","0.93","12000","2900","2.6","<2","29.3","20","25000"
"Victoria Harbour","Kai Tak River","KN7","2024-07-08","1","6.3","<50","3.4","<0.05","<1","<1","17","<1","840","<0.1","55","4800","1.1","1","15899","2","<0.01","98","6.9","51000","1.89","0.6","<0.01","70","<1","80","<1","4","6","3.3","0.83","<0.5","0.64","7.1","0.8","8.1","9.7","<1","<0.02","6.9","<1","4.4","11","0.99","13000","3200","1.8","<2","31.4","20","13000"
"Victoria Harbour","Kai Tak River","KN7","2024-08-07","1","14","<50","14","0.14","<1","1","17","<1","820","<0.1","46","7000","1.3","2","15510","2","<0.01","97","6.8","130000","2.73","0.6","<0.01","140","<1","100","<1","4","5","1.7","0.29","<0.5","1.1","7.2","1.4","7.9","9.1","<1","0.02","6.5","<1","17","11","1.7","14000","2900","5.1","<2","31.5","<10","99000"
"Victoria Harbour","Kai Tak River","KN7","2024-09-02","1","8.6","<50","3.3","0.06","<1","<1","18","<1","1200","<0.1","61","6000","1.1","2","17225","2","<0.01","97","6.9","13000","2.07","0.7","<0.01","100","<1","70","<1","4","5","5","0.85","<0.5","0.88","7.2","1.1","8.9","10","<1","<0.02","6","<1","4","8","0.98","15000","2300","2.4","<2","31.2","20","9000"
"Victoria Harbour","Kai Tak River","KN7","2024-10-03","1","4.7","<50","1.2","<0.05","<1","<1","18","<1","970","<0.1","41","7400","0.9","1","16548","2","<0.01","98","7.1","5300","2.34","0.7","<0.01","100","<1","110","<1","4","5","4.8","0.63","<0.5","0.57","7.7","0.9","8.8","9.2","<1","<0.02","9.6","<1","2.3","7","0.64","55000","3900","2","<2","29.6","<10","1500"
"Victoria Harbour","Kai Tak River","KN7","2024-11-04","1","5.9","<50","1.1","0.08","<1","1","12","<1","580","<0.1","20","4000","1.5","2","9174","2","<0.01","102","7.7","1800","3.4","0.6","<0.01","<50","<1","80","<1","3","4","4","0.41","<0.5","0.68","7.2","0.8","4.7","12","<1","<0.02","5.5","<1","1.9","6","0.75","8400","1800","1.4","<2","28.8","20","1100"
"Victoria Harbour","Kai Tak River","KN7","2024-12-02","1","9.8","<50","7.9","<0.05","<1","<1","16","<1","1000","<0.1","30","7400","2.1","<1","15947","2","<0.01","100","7.8","6500","3.42","0.7","<0.01","<50","<1","100","<1","4","7","3.9","0.85","<0.5","0.67","7.3","1","9.3","9.6","<1","<0.02","12","<1","8.9","7","0.86","16000","3600","3.1","<2","25.2","20","2800"
"Deep Bay","Kam Tin River","KT1","2024-01-17","1","5.2","<50","4.3","0.21","<1","1","15","<1","<50","<0.1","15","32","9.1","1","343","1","<0.01","66","6","110000","0.643","0.5","<0.01","110","<1","100","<1","8","2","1.5","0.33","<0.5","0.73","7.9","8.3","0.2","15","<1","<0.02","6","<1","5.6","8","0.86","330","180","3.7","<2","20.3","<10","26000"
"Deep Bay","Kam Tin River","KT1","2024-02-14","1","13","<50","6.1","0.18","<1","<1","15","<1","<50","<0.1","20","21","5.6","1","368","1","<0.01","60","5.4","80000","0.347","0.5","<0.01","90","<1","100","<1","6","2","0.9","0.26","<0.5","1.1","7.8","2.2","0.2","12","<1","<0.02","12","<1","7.9","10","1.5","260","110","5.6","<2","20.7","<10","25000"
"Deep Bay","Kam Tin River","KT1","2024-03-11","1","19","80","5.9","0.24","<1","1","19","<1","50","<0.1","43","18","9.9","2","297","3","<0.01","47","4.4","360000","0.522","0.4","<0.01","160","<1","170","<1","7","1","1.3","0.25","0.6","0.63","8.1","5.4","0.2","11","<1","0.03","1.7","<1","8.5","16","1.2","280","140","21.8","<2","18.1","20","31000"
"Deep Bay","Kam Tin River","KT1","2024-04-18","1","9.3","240","6.4","0.17","<1","1","18","<1","<50","<0.1","11","27","9.7","<1","413","2","<0.01","69","5.5","310000","0.24","0.6","<0.01","140","<1","80","<1","12","2","1.5","0.64","<0.5","0.72","8.3","6.6","0.2","14","<1","<0.02","11","<1","6.8","11","0.85","250","56","6.5","2","27.2","<10","40000"
"Deep Bay","Kam Tin River","KT1","2024-05-16","1","4.8","<50","4","0.21","<1","1","15","<1","<50","<0.1","11","20","2.3","<1","335","3","<0.01","93","7.5","220000","0.627","0.5","<0.01","200","<1","30","<1","3","<1","0.83","0.38","<0.5","0.66","7.5","1.4","0.2","15","<1","<0.02","3.5","<1","5","8","0.94","230","48","6.7","<2","26.5","<10","14000"
"Deep Bay","Kam Tin River","KT1","2024-06-07","1","7.8","<50","1.8","<0.05","<1","1","16","<1","<50","<0.1","8","16","3.1","<1","301","2","<0.01","89","7.1","220000","0.49","0.4","<0.01","90","<1","60","<1","4","<1","1.3","0.48","0.7","0.56","7.5","2.4","0.1","17","<1","<0.02","1.6","<1","2.7","7","0.65","210","78","4.4","<2","27.1","<10","23000"
"Deep Bay","Kam Tin River","KT1","2024-07-11","1","6.7","<50","3.8","<0.05","<1","1","16","<1","<50","<0.1","25","11","5.7","<1","294","2","<0.01","91","6.7","120000","0.135","0.4","<0.01","180","<1","40","<1","6","1","1","0.22","<0.5","0.55","7.6","5.6","0.1","15","<1","<0.02","8.4","<1","4.1","7","0.7","170","84","9.5","<2","32.1","<10","20000"
"Deep Bay","Kam Tin River","KT1","2024-08-22","1","16","<50","5.6","0.14","<1","2","20","<1","<50","<0.1","30","12","2.1","<1","281","1","<0.01","83","6.3","260000","0.374","0.2","<0.01","160","<1","90","<1","<2","2","0.43","0.13","0.5","0.6","7.1","2.4","0.1","20","<1","<0.02","13","<1","7.3","12","1.1","240","100","6.5","<2","29.9","10","210000"
"Deep Bay","Kam Tin River","KT1","2024-09-12","1","14","<50","0.98","<0.05","<1","1","21","<1","<50","<0.1","10","13","0.8","<1","273","4","<0.01","88","6.7","110000","1.274","0.5","<0.01","100","<1","50","<1","3","2","1.2","0.28","<0.5","0.34","7.3","<0.2","0.1","18","<1","<0.02","16","<1","1.4","4","0.38","270","84","44.2","<2","29.5","10","23000"
"Deep Bay","Kam Tin River","KT1","2024-10-18","1","8.9","<50","2.6","0.14","<1","<1","16","<1","<50","<0.1","11","23","9.1","<1","408","1","<0.01","85","6.5","280000","0.235","0.6","<0.01","110","<1","20","<1","2","1","1.4","0.25","<0.5","0.58","7.4","9.3","0.2","16","<1","<0.02","30","<1","3.7","4","0.74","230","29","6.7","<2","29.4","20","34000"
"Deep Bay","Kam Tin River","KT1","2024-11-22","1","5.9","<50","2.7","0.13","<1","1","22","<1","60","<0.1","3","34","0.2","<1","369","2","<0.01","73","6.4","290000","0.691","0.5","<0.01","<50","<1","90","<1","4","1","0.76","0.23","<0.5","0.43","7.7","<0.2","0.2","20","<1","<0.02","23","<1","2.8","6","0.5","670","120","309.5","<2","22.1","<10","110000"
"Deep Bay","Kam Tin River","KT1","2024-12-12","1","12","<50","4.9","0.21","<1","<1","19","<1","<50","<0.1","24","25","1.2","<1","394","1","<0.01","68","6","190000","0.718","0.7","<0.01","80","<1","100","<1","2","1","1.1","0.37","<0.5","0.7","7.3","1.2","0.2","16","<1","0.03","8.2","<1","5.5","6","0.86","250","110","12.1","<2","21.6","10","20000"
"Deep Bay","Kam Tin River","KT2","2024-01-17","1","72","<50","13","0.44","<1","2","20","<1","60","<0.1","110","31","24","<1","445","1","<0.01","25","2.2","820000","0.24","0.4","<0.01","430","<1","210","<1","2","5","0.006","0.003","1.6","3.9","7.8","<0.2","0.2","16","<1","0.06","73","<1","19","53","4.9","410","180","18.6","<2","20.5","<10","130000"
"Deep Bay","Kam Tin River","KT2","2024-02-14","1","20","<50","9.1","0.38","<1","2","20","<1","60","<0.1","37","21","19","<1","364","2","<0.01","39","3.5","260000","0.172","0.3","<0.01","350","<1","200","<1","2","3","0.084","0.044","<0.5","1","7.4","3.5","0.2","12","<1","0.03","20","<1","12","18","1.5","270","120","7.9","<2","21.4","<10","80000"
"Deep Bay","Kam Tin River","KT2","2024-03-11","1","39","<50","9.7","0.39","<1","3","16","<1","60","<0.1","72","17","9","<1","314","2","<0.01","38","3.6","420000","0.234","0.3","<0.01","330","<1","180","<1","3","2","0.011","0.023","1.9","1.9","7.4","<0.2","0.2","11","<1","0.05","7.8","<1","15","33","2.5","160","86","23.6","<2","17.8","10","150000"
"Deep Bay","Kam Tin River","KT2","2024-04-18","1","34","<50","13","0.49","<1","2","20","<1","<50","<0.1","69","28","66","<1","453","3","<0.01","25","2","1000000","0.398","0.4","<0.01","310","<1","200","<1","2","3","0.003","0.007","0.9","2","7.7","22","0.2","13","<1","0.04","28","<1","15","24","2.8","260","98","14.2","<2","27.5","<10","160000"
"Deep Bay","Kam Tin River","KT2","2024-05-16","1","13","<50","10","0.23","<1","3","18","<1","<50","<0.1","31","17","8.8","<1","391","2","<0.01","39","3.1","390000","0.429","0.3","<0.01","280","<1","160","<1","3","2","0.49","0.31","0.7","1.5","7.5","6.6","0.2","15","<1","0.03","16","<1","12","18","1.9","240","42","11.2","<2","26.9","40","80000"
"Deep Bay","Kam Tin River","KT2","2024-06-07","1","13","<50","4.2","<0.05","<1","2","16","<1","<50","<0.1","19","14","1.1","<1","294","1","<0.01","63","5","210000","0.846","0.2","<0.01","170","<1","70","<1","2","2","0.4","0.2","0.7","0.59","7.3","0.5","0.1","18","<1","<0.02","2.7","<1","6.6","9","1","220","97","5.6","<2","27.3","<10","44000"
"Deep Bay","Kam Tin River","KT2","2024-07-11","1","9.1","<50","4.8","0.07","<1","2","16","<1","<50","<0.1","24","11","2.7","<1","286","2","<0.01","66","4.8","140000","0.761","0.2","<0.01","360","<1","20","<1","3","1","0.37","0.15","0.6","0.61","7.5","2.4","0.1","17","<1","<0.02","4.8","<1","5.3","11","0.88","190","94","5.6","<2","32.3","<10","29000"
"Deep Bay","Kam Tin River","KT2","2024-08-22","1","10","<50","1.3","0.09","<1","1","19","<1","<50","<0.1","4","10","2.9","<1","308","1","<0.01","54","4.1","170000","0.516","0.5","<0.01","120","<1","50","<1","3","1","1.3","0.2","<0.5","0.38","7.2","3.5","0.1","17","<1","<0.02","9.6","<1","1.5","4","0.5","240","110","7.2","<2","29.8","<10","32000"
"Deep Bay","Kam Tin River","KT2","2024-09-12","1","24","<50","5.8","0.07","<1","2","17","<1","<50","<0.1","17","11","0.3","<1","262","4","<0.01","76","5.8","280000","1.132","0.2","<0.01","130","<1","<10","<1","2","2","0.39","0.15","<0.5","0.63","7.3","0.3","0.1","20","<1","<0.02","7.8","<1","5.9","5","0.99","200","70","6.5","<2","28.9","<10","150000"
"Deep Bay","Kam Tin River","KT2","2024-10-18","1","9.9","<50","3","0.13","<1","2","16","<1","<50","<0.1","13","14","7.8","<1","272","2","<0.01","71","5.4","220000","0.286","0.3","<0.01","300","<1","30","<1","2","<1","0.43","0.12","0.7","0.55","7.5","4.8","0.1","20","<1","<0.02","12","<1","4.6","6","0.74","180","31","5","<2","29.8","<10","22000"
"Deep Bay","Kam Tin River","KT2","2024-11-22","1","8","<50","5","0.11","<1","2","20","<1","60","<0.1","16","16","1.5","<1","284","1","<0.01","53","4.7","180000","0.874","0.3","<0.01","200","<1","130","<1","2","2","0.46","0.13","<0.5","0.62","7.5","0.6","0.1","20","<1","<0.02","21","<1","6.2","6","1.1","220","73","7.7","<2","21.9","<10","90000"
"Deep Bay","Kam Tin River","KT2","2024-12-12","1","93","<50","10","0.21","<1","2","20","<1","<50","<0.1","170","23","3.9","<1","412","2","<0.01","20","1.7","810000","0.72","0.4","<0.01","430","<1","170","<1","<2","3","0.043","0.01","<0.5","2.4","7.4","0.2","0.2","20","<1","0.32","32","<1","18","33","3.4","300","120","30.1","<2","22.1","<10","330000"
"Victoria Harbour","Kau Wa Keng Stream","KW3","2024-01-06","1","7.6","<50","0.73","<0.05","<1","1","47","<1","330","0.5","30","2200","0.4","3","5812","2","<0.01","96","8.7","25000","0.01","0.6","<0.01","70","<1","810","<1","4","2","2.2","0.086","<0.5","0.051","8.8","<0.2","3.6","15","<1","0.04","36","<1","1","4","0.12","4800","1200","8.1","2","18.8","20","9000"
"Victoria Harbour","Kau Wa Keng Stream","KW3","2024-02-17","1","11","<50","0.47","<0.05","<1","<1","48","<1","400","0.5","22","2200","4","<1","6137","1","<0.01","107","9.5","62000","0.015","0.5","<0.01","<50","<1","950","<1","<2","3","2.4","0.062","<0.5","0.035","7.7","3.3","3.7","9","<1","<0.02","8.4","<1","0.73","3","0.12","4700","880","2.5","<2","20.1","100","41000"
"Victoria Harbour","Kau Wa Keng Stream","KW3","2024-03-02","1","1.2","<50","0.25","0.1","<1","<1","51","<1","430","0.2","20","2300","5.1","<1","5770","1","<0.01","98","9.7","41000","0.015","0.5","<0.01","<50","<1","1100","<1","<2","2","2.6","0.049","<0.5","0.006","7.2","4.4","4","11","<1","<0.02","16","<1","0.66","4","0.18","5100","1200","5.9","<2","14.6","220","36000"
"Victoria Harbour","Kau Wa Keng Stream","KW3","2024-04-13","1","5.4","60","0.5","0.07","<1","<1","44","<1","360","0.9","28","1700","1.4","1","5638","2","<0.01","103","8.7","320000","0.028","0.5","<0.01","<50","<1","910","<1","3","4","1.7","0.16","<0.5","0.028","8.1","1.4","3.2","7.7","<1","<0.02","5.4","<1","0.91","8","0.14","4300","1100","2.5","<2","23.2","110","290000"
"Victoria Harbour","Kau Wa Keng Stream","KW3","2024-05-09","1","2.6","<50","0.23","0.39","<1","<1","41","<1","190","3","12","1100","1.5","<1","3495","1","<0.01","107","9.1","130000","0.017","0.6","<0.01","<50","<1","740","<1","<2","1","2.4","0.04","<0.5","0.05","7.1","0.6","1.9","14","<1","<0.02","2.2","<1","0.35","4","0.09","2700","710","1.7","<2","22.9","180","59000"
"Victoria Harbour","Kau Wa Keng Stream","KW3","2024-06-08","1","1.6","<50","0.49","<0.05","<1","<1","41","<1","200","2.2","11","860","0.9","<1","3355","<1","<0.01","102","8.3","66000","0.035","0.6","<0.01","<50","<1","630","<1","<2","1","1.8","0.066","<0.5","0.031","7.3","1","1.7","14","<1","<0.02","4.2","<1","2.4","2","0.12","2500","740","2.7","<2","25.3","190","54000"
"Victoria Harbour","Kau Wa Keng Stream","KW3","2024-07-18","1","0.5","<50","0.23","<0.05","<1","<1","25","<1","110","1.1","7","380","1.2","<1","1619","<1","<0.01","100","8","73000","0.049","0.6","<0.01","<50","<1","240","<1","<2","<1","1.8","0.055","<0.5","0.051","7.4","1.1","0.8","13","<1","<0.02","12","<1","0.4","2","0.07","1100","330","13.9","<2","26.7","100","17000"
"Victoria Harbour","Kau Wa Keng Stream","KW3","2024-08-08","1","0.8","<50","0.3","<0.05","<1","<1","34","<1","180","1.5","4","920","0.4","<1","2813","<1","<0.01","101","8.1","120000","0.03","0.7","<0.01","<50","<1","380","<1","<2","<1","1.7","0.05","<0.5","0.041","7.3","0.3","1.4","15","<1","<0.02","2.1","<1","0.51","2","0.05","1600","35","4.9","<2","26.2","130","90000"
"Victoria Harbour","Kau Wa Keng Stream","KW3","2024-09-19","1","0.3","<50","0.44","<0.05","<1","<1","30","<1","150","1","5","420","1.3","<1","1850","1","<0.01","98","7.9","43000","0.007","0.7","<0.01","60","<1","310","<1","<2","1","1.4","0.065","<0.5","0.068","7.2","0.4","0.9","17","<1","<0.02","1.6","<1","0.59","2","0.09","1500","430","0.8","<2","26.3","130","25000"
"Victoria Harbour","Kau Wa Keng Stream","KW3","2024-10-24","1","5","<50","0.33","0.13","<1","<1","29","<1","160","0.9","13","1100","1.7","<1","2469","1","<0.01","98","8.6","440000","0.022","0.6","<0.01","<50","<1","230","<1","<2","2","2.1","0.045","<0.5","0.11","7.3","1.5","1.4","16","<1","<0.02","4.7","<1","0.63","2","0.14","2500","480","5.4","<2","21.7","100","35000"
"Victoria Harbour","Kau Wa Keng Stream","KW3","2024-11-21","1","1.8","<50","0.18","<0.05","<1","<1","9","<1","70","<0.1","8","140","0.5","<1","482","2","<0.01","101","9.1","90000","0.074","0.4","<0.01","<50","<1","30","<1","<2","<1","0.95","0.043","<0.5","0.11","7.7","<0.2","0.3","8.8","<1","<0.02","3.7","<1","0.45","3","0.11","420","130","11.2","<2","20.3","20","46000"
"Victoria Harbour","Kau Wa Keng Stream","KW3","2024-12-07","1","4.3","<50","0.62","<0.05","<1","<1","29","<1","190","0.5","12","1200","7.5","<1","2736","1","<0.01","96","8.7","32000","0.014","0.6","<0.01","50","<1","180","<1","<2","4","2.5","0.066","<0.5","0.19","7.2","7.4","1.6","15","<1","<0.02","22","<1","0.82","3","0.25","2500","420","1.5","<2","19.8","110","23000"
"Tolo Harbour And Channel","Kwun Yam Shan Stream","KY1","2024-01-10","1","0.4","<50","0.007","<0.05","<1","<1","13","<1","<50","<0.1","4","41","1","<1","303","<1","<0.01","97","9.3","1100","0","<0.2","<0.01","<50","<1","<10","<1","<2","<1","0.45","0.009","<0.5","0.064","8.2","0.6","0.2","15","<1","<0.02","2.8","<1","0.05","2","0.08","120","42","1.6","<2","17.5","<10","220"
"Tolo Harbour And Channel","Kwun Yam Shan Stream","KY1","2024-02-23","1","2.6","<50","0.061","<0.05","<1","<1","14","<1","<50","<0.1","3","160","<0.2","<1","184","1","<0.01","95","8.8","1900","0.001","<0.2","<0.01","<50","<1","<10","<1","<2","<1","0.59","0.01","<0.5","0.12","8.1","<0.2","0.1","13","<1","<0.02","2.2","<1","0.1","1","0.22","340","51","2","<2","19","<10","540"
"Tolo Harbour And Channel","Kwun Yam Shan Stream","KY1","2024-03-15","1","<0.1","<50","0.014","<0.05","<1","<1","14","<1","<50","<0.1","11","32","0.9","<1","106","1","<0.01","97","9.2","1000","0.007","<0.2","<0.01","<50","<1","<10","<1","<2","1","0.56","0.007","<0.5","0.12","8.1","0.3","0.1","14","<1","<0.02","2.5","<1","0.14","2","0.14","120","50","2.5","<2","17.8","<10","800"
"Tolo Harbour And Channel","Kwun Yam Shan Stream","KY1","2024-04-17","1","0.2","<50","0.026","<0.05","<1","<1","15","<1","<50","<0.1","5","25","0.9","<1","163","2","<0.01","94","8","3600","0.003","<0.2","<0.01","<50","<1","<10","<1","<2","<1","0.53","0.006","<0.5","0.13","8.2","0.6","0.1","16","<1","<0.02","3.8","<1","0.18","2","0.15","100","32","2","<2","23.7","<10","80"
"Tolo Harbour And Channel","Kwun Yam Shan Stream","KY1","2024-05-22","1","0.2","<50","0.026","<0.05","<1","<1","12","<1","<50","<0.1","6","21","2.4","<1","163","<1","<0.01","96","8.3","7900","0.101","<0.2","<0.01","<50","<1","<10","<1","<2","<1","0.71","0.005","<0.5","0.085","8.1","2.2","0.1","12","<1","<0.02","7.4","<1","0.13","2","0.1","130","78","4.1","<2","22.6","10","410"
"Tolo Harbour And Channel","Kwun Yam Shan Stream","KY1","2024-06-17","1","0.4","<50","0.026","<0.05","<1","<1","13","<1","<50","<0.1","5","26","1.1","<1","189","<1","<0.01","96","8","800","0.061","<0.2","<0.01","<50","<1","10","<1","<2","<1","0.64","0.005","<0.5","0.096","8.3","0.9","0.1","15","<1","<0.02","8.9","<1","<0.05","1","0.12","91","40","4.5","<2","24.5","<10","200"
"Tolo Harbour And Channel","Kwun Yam Shan Stream","KY1","2024-07-08","1","<0.1","70","0.021","<0.05","<1","<1","12","<1","<50","<0.1","5","20","1.3","<1","140","<1","<0.01","96","7.8","6000","0.015","<0.2","<0.01","<50","<1","<10","<1","3","<1","0.42","0.009","<0.5","0.12","8.2","0.7","0.1","16","<1","<0.02","7.9","<1","0.13","3","0.15","120","39","3.8","<2","25.8","<10","700"
"Tolo Harbour And Channel","Kwun Yam Shan Stream","KY1","2024-08-07","1","0.3","70","0.026","<0.05","<1","<1","11","<1","<50","<0.1","5","11","1.2","<1","185","<1","<0.01","97","7.9","6700","0.003","<0.2","<0.01","80","<1","<10","<1","<2","<1","0.49","<0.002","<0.5","0.11","8.4","0.8","0.1","15","<1","<0.02","1.8","<1","0.14","2","0.14","2000","340","6.5","<2","26","<10","1000"
"Tolo Harbour And Channel","Kwun Yam Shan Stream","KY1","2024-09-02","1","<0.1","<50","0.028","<0.05","<1","<1","14","<1","<50","<0.1","4","<10","0.4","<1","155","<1","<0.01","96","7.8","6400","0.018","<0.2","<0.01","<50","<1","<10","<1","<2","<1","0.55","0.008","<0.5","0.16","8.4","0.5","0.1","18","<1","<0.02","5.7","<1","0.1","1","0.19","5400","1300","3.7","<2","25.5","<10","2400"
"Tolo Harbour And Channel","Kwun Yam Shan Stream","KY1","2024-10-03","1","<0.1","60","0.005","<0.05","<1","<1","12","<1","<50","<0.1","3","28","0.3","<1","143","<1","<0.01","96","8.3","1900","0.022","<0.2","<0.01","50","<1","<10","<1","<2","<1","0.57","<0.002","<0.5","0.11","8.4","0.2","0.1","15","<1","<0.02","4.2","<1","0.08","1","0.13","78","28","2.9","<2","22.8","<10","800"
"Tolo Harbour And Channel","Kwun Yam Shan Stream","KY1","2024-11-04","1","0.1","<50","0.011","<0.05","<1","<1","12","<1","<50","<0.1","3","63","0.7","<1","175","<1","<0.01","98","8.5","1300","0.004","<0.2","<0.01","<50","<1","<10","<1","<2","<1","0.44","<0.002","<0.5","0.11","8","0.3","0.1","17","<1","<0.02","3.5","<1","<0.05","<1","0.12","170","36","2.1","<2","22.8","<10","110"
"Tolo Harbour And Channel","Kwun Yam Shan Stream","KY1","2024-12-02","1","<0.1","<50","0.048","<0.05","<1","<1","11","<1","<50","<0.1","2","34","0.6","<1","110","<1","<0.01","95","9.1","330","0.011","<0.2","<0.01","<50","<1","<10","<1","<2","<1","0.56","0.005","<0.5","0.089","8.6","<0.2","0.1","16","<1","<0.02","2.8","<1","<0.05","<1","0.1","100","40","1.8","<2","17.6","10","18"
"Southern","Mui Wo River","MW1","2024-01-19","1","<0.1","<50","0.014","<0.05","<1","1","13","<1","60","<0.1","12","210","1","<1","973","<1","<0.01","98","8.7","1700","0.021","<0.2","<0.01","<50","<1","20","<1","<2","<1","0.34","0.002","<0.5","0.11","7.3","<0.2","0.5","17","<1","<0.02","3.4","<1","0.06","1","0.16","600","200","2.1","<2","20.8","<10","470"
"Southern","Mui Wo River","MW1","2024-02-01","1","1","<50","0.02","<0.05","<1","1","14","<1","120","<0.1","7","380","1.9","<1","886","3","<0.01","99","8.8","900","0.027","<0.2","<0.01","<50","<1","20","<1","<2","1","0.57","0.006","<0.5","0.13","7.1","<0.2","0.5","19","<1","<0.02","2.4","<1","0.15","3","0.18","1100","260","1.9","<2","20.8","<10","630"
"Southern","Mui Wo River","MW1","2024-03-20","1","0.2","<50","0.043","<0.05","<1","1","14","<1","270","<0.1","12","1400","2.8","2","4236","1","<0.01","103","9.1","1500","0.034","<0.2","<0.01","50","<1","30","<1","<2","2","0.31","0.026","<0.5","0.11","7.3","2.5","2.5","15","<1","<0.02","2.2","<1","0.21","2","0.14","3500","900","3.5","<2","20.7","<10","240"
"Southern","Mui Wo River","MW1","2024-04-15","1","1.4","<50","0.13","0.12","<1","2","17","<1","1000","<0.1","58","8500","3.1","2","27236","2","<0.01","101","7.5","4200","0.708","0.5","<0.01","<50","<1","90","<1","4","3","0.26","0.013","<0.5","0.077","7.8","3.3","16.2","8.7","<1","<0.02","4.3","<1","0.33","9","0.15","28000","7000","2.7","<2","26.4","<10","660"
"Southern","Mui Wo River","MW1","2024-05-13","1","0.3","<50","0.088","0.05","<1","2","22","<1","2500","<0.1","54","12000","1.8","3","30857","6","<0.01","106","7.7","4900","0.332","0.5","<0.01","<50","<1","20","<1","6","6","0.35","0.014","<0.5","0.054","8","1.2","18.5","4.9","<1","<0.02","1.8","<1","0.22","6","0.1","31000","8300","1.4","<2","26.6","20","490"
"Southern","Mui Wo River","MW1","2024-06-21","1","<0.1","<50","0.053","<0.05","<1","<1","19","<1","290","<0.1","6","1400","1.2","<1","3055","<1","<0.01","100","7.8","33000","0.124","<0.2","<0.01","<50","<1","10","<1","<2","1","0.45","0.006","<0.5","0.076","7.2","1.3","1.5","16","<1","<0.02","3.1","<1","0.16","1","0.09","4800","1700","1.6","<2","27.9","<10","14000"
"Southern","Mui Wo River","MW1","2024-07-15","1","0.7","<50","0.024","<0.05","<1","<1","12","<1","<50","<0.1","7","11","1.1","<1","98","1","<0.01","105","8.2","9000","0.175","<0.2","<0.01","90","<1","<10","<1","<2","<1","0.27","0.004","<0.5","0.1","7","0.3","0","17","<1","<0.02","1.3","<1","0.1","1","0.11","530","330","1.5","<2","27.6","<10","620"
"Southern","Mui Wo River","MW1","2024-08-26","1","0.6","<50","0.042","<0.05","<1","<1","11","<1","<50","<0.1","3","17","1","<1","115","<1","<0.01","101","8","12000","0.182","<0.2","<0.01","<50","<1","<10","<1","<2","<1","0.34","0.005","<0.5","0.058","6.8","1","0.1","17","<1","<0.02","1","<1","0.12","<1","0.07","190","94","1.8","<2","27.6","<10","240"
"Southern","Mui Wo River","MW1","2024-09-23","1","0.9","80","0.043","<0.05","<1","<1","12","<1","50","<0.1","5","34","1.1","1","201","<1","<0.01","101","8.3","11000","0.04","<0.2","<0.01","110","<1","<10","<1","<2","1","0.51","0.002","<0.5","0.1","6.7","<0.2","0.1","15","<1","<0.02","1.6","<1","0.13","1","0.13","300","200","1.4","<2","25.4","<10","4500"
"Southern","Mui Wo River","MW1","2024-10-09","1","<0.1","<50","0.05","<0.05","<1","<1","13","<1","60","<0.1","3","240","0.9","<1","1247","<1","<0.01","100","8.3","4400","0.158","<0.2","<0.01","<50","<1","<10","<1","<2","<1","0.27","0.009","<0.5","0.067","7.4","0.8","0.6","19","<1","<0.02","1.4","<1","0.09","1","0.08","790","170","1.1","<2","24.5","10","390"
"Southern","Mui Wo River","MW1","2024-11-27","1","1.4","<50","0.038","<0.05","<1","1","12","<1","<50","<0.1","3","40","0.9","<1","183","<1","<0.01","100","9.2","6300","0.112","<0.2","<0.01","<50","<1","<10","<1","<2","<1","0.58","0.003","<0.5","0.11","7.2","0.3","0.1","18","<1","<0.02","1.6","<1","<0.05","<1","0.13","130","60","1.7","<2","19.3","20","1700"
"Southern","Mui Wo River","MW1","2024-12-09","1","<0.1","<50","0.03","<0.05","<1","1","15","<1","320","<0.1","10","1100","1.3","<1","2814","1","<0.01","96","8.8","43000","0.055","<0.2","<0.01","<50","<1","10","<1","<2","2","0.38","0.003","<0.5","0.11","7","0.6","1.7","20","<1","<0.02","<0.5","<1","0.07","1","0.11","2500","420","0.9","<2","19.1","<10","10000"
"Southern","Mui Wo River","MW2","2024-01-19","1","0.2","<50","0.65","0.1","<1","<1","9","<1","80","<0.1","8","280","2.5","<1","979","<1","<0.01","118","10.2","24000","null","<0.2","<0.01","150","<1","30","<1","<2","1","0.46","0.059","<0.5","0.13","7.7","1.2","0.5","17","<1","<0.02","3","<1","0.85","4","0.14","780","230","3.8","<2","22.5","<10","12000"
"Southern","Mui Wo River","MW2","2024-02-01","1","2.5","<50","0.65","0.07","<1","<1","8","<1","70","<0.1","8","200","3.1","<1","706","3","<0.01","126","10.9","5600","null","<0.2","<0.01","140","<1","20","<1","<2","1","0.8","0.073","<0.5","0.14","7.8","2.7","0.4","18","<1","<0.02","2.9","<1","0.81","5","0.19","700","270","4.7","<2","22.1","<10","2300"
"Southern","Mui Wo River","MW2","2024-03-20","1","1.6","<50","0.7","0.07","<1","1","8","<1","90","<0.1","10","300","1.3","<1","1155","1","<0.01","116","9.8","11000","null","<0.2","<0.01","200","<1","40","<1","<2","2","0.68","0.091","<0.5","0.13","7.6","0.7","0.6","15","<1","<0.02","6.8","<1","1.1","5","0.23","1200","430","9.3","<2","23.3","<10","2700"
"Southern","Mui Wo River","MW2","2024-04-15","1","1.7","<50","0.23","<0.05","<1","2","17","<1","2600","<0.1","82","13000","3.1","2","35393","4","<0.01","95","6.8","4900","null","0.6","<0.01","<50","<1","50","<1","9","7","0.3","0.019","<0.5","0.089","7.9","2.9","21.5","5.3","<1","<0.02","8.7","<1","0.39","10","0.19","33000","8000","4.3","<2","26.8","<10","1800"
"Southern","Mui Wo River","MW2","2024-05-13","1","0.7","<50","0.19","0.06","<1","1","16","<1","3100","<0.1","66","11000","1.7","4","34509","6","<0.01","103","7.3","36000","null","0.5","<0.01","50","<1","30","<1","8","7","0.28","0.018","<0.5","0.067","8","0.9","20.7","6.4","<1","<0.02","2","<1","0.36","7","0.13","27000","7500","1.7","<2","27","30","2800"
"Southern","Mui Wo River","MW2","2024-06-21","1","0.2","<50","0.14","<0.05","<1","<1","8","<1","60","<0.1","8","250","1.1","<1","1200","<1","<0.01","100","7.8","9000","null","<0.2","<0.01","160","<1","30","<1","<2","<1","0.24","0.012","<0.5","0.054","7.3","0.6","0.6","20","<1","<0.02","3.7","<1","0.33","2","0.08","1100","460","3.8","<2","28","<10","1900"
"Southern","Mui Wo River","MW2","2024-07-15","1","1.1","<50","0.12","<0.05","<1","<1","7","<1","<50","<0.1","13","11","1.4","<1","105","1","<0.01","106","8.2","8000","null","<0.2","<0.01","260","<1","10","<1","<2","<1","0.19","0.013","<0.5","0.067","7.2","0.3","0","18","<1","<0.02","3.7","<1","0.35","3","0.09","450","240","4.3","<2","28.6","<10","2700"
"Southern","Mui Wo River","MW2","2024-08-26","1","0.5","<50","0.1","<0.05","<1","<1","6","<1","<50","<0.1","2","14","1.3","<1","106","<1","<0.01","106","8.3","10000","null","<0.2","<0.01","160","<1","<10","<1","<2","<1","0.18","0.007","<0.5","0.032","6.9","1","0.1","18","<1","<0.02","2.8","<1","0.19","2","0.04","240","120","3.3","<2","27.9","10","2100"
"Southern","Mui Wo River","MW2","2024-09-23","1","2.1","90","0.74","<0.05","<1","<1","8","<1","<50","<0.1","8","190","0.9","<1","164","1","<0.01","102","8.4","8000","null","<0.2","<0.01","250","<1","20","<1","<2","<1","0.26","0.014","<0.5","0.08","6.9","0.4","0.1","17","<1","<0.02","6.8","<1","0.82","3","0.1","450","140","6.2","<2","25","<10","1800"
"Southern","Mui Wo River","MW2","2024-10-09","1","<0.1","<50","0.18","0.07","<1","<1","7","<1","<50","<0.1","4","160","0.7","<1","567","<1","<0.01","102","8.6","11000","null","<0.2","<0.01","140","<1","20","<1","<2","<1","0.22","0.011","<0.5","0.066","7.2","0.7","0.3","18","<1","<0.02","2","<1","0.3","2","0.1","450","30","3","<2","24.1","<10","1500"
"Southern","Mui Wo River","MW2","2024-11-27","1","1.2","<50","0.31","<0.05","<1","<1","7","<1","<50","<0.1","10","64","1.2","<1","236","<1","<0.01","106","9.8","4400","null","<0.2","<0.01","130","<1","10","<1","<2","<1","0.33","0.024","<0.5","0.082","7.4","<0.2","0.1","19","<1","<0.02","3.1","<1","0.36","2","0.11","190","65","3","<2","19.5","<10","1800"
"Southern","Mui Wo River","MW2","2024-12-09","1","<0.1","<50","0.33","<0.05","<1","<1","8","<1","100","<0.1","6","420","1.8","<1","1514","<1","<0.01","105","9.8","5900","null","<0.2","<0.01","110","<1","20","<1","<2","1","0.31","0.018","<0.5","0.084","7.3","0.6","0.9","20","<1","<0.02","3.2","<1","0.41","2","0.12","1100","140","4.3","<2","18.7","<10","2500"
"Southern","Mui Wo River","MW3","2024-01-19","1","<0.1","<50","0.032","<0.05","<1","<1","17","<1","<50","<0.1","13","<10","83","<1","71","<1","<0.01","113","10.2","5200","0.033","<0.2","<0.01","<50","<1","<10","<1","<2","<1","0.3","<0.002","<0.5","0.058","6.5","59","0","20","<1","<0.02","12","<1","0.36","7","0.14","160","90","2.6","<2","20.5","<10","54"
"Southern","Mui Wo River","MW3","2024-02-01","1","1.3","<50","0.078","<0.05","<1","<1","17","<1","<50","<0.1","6","300","5.8","<1","75","3","<0.01","109","9.9","580","0.064","<0.2","<0.01","<50","<1","20","<1","<2","<1","0.56","0.003","<0.5","0.067","6.8","4.9","0","21","<1","<0.02","2.9","<1","0.17","3","0.1","550","73","2","<2","20","10","29"
"Southern","Mui Wo River","MW3","2024-03-20","1","1.5","<50","0.029","<0.05","<1","<1","16","<1","<50","<0.1","14","<10","27","<1","76","<1","<0.01","97","8.9","900","0.002","<0.2","<0.01","<50","<1","<10","<1","<2","1","0.34","0.01","<0.5","0.056","6.6","26","0","20","<1","<0.02","58","<1","0.42","4","0.15","140","48","1.4","<2","19.7","<10","80"
"Southern","Mui Wo River","MW3","2024-04-15","1","1.1","<50","0.029","<0.05","<1","1","17","<1","<50","<0.1","6","24","6.9","<1","91","<1","<0.01","77","6.4","4300","0.016","<0.2","<0.01","<50","<1","10","<1","<2","1","0.33","0.004","<0.5","0.057","6.5","7.8","0","22","<1","<0.02","7.2","<1","0.21","7","0.11","140","94","1.9","<2","24.3","<10","120"
"Southern","Mui Wo River","MW3","2024-05-13","1","<0.1","<50","0.019","<0.05","<1","<1","20","<1","<50","<0.1","3","29","10","<1","74","1","<0.01","110","9.2","12000","0.024","<0.2","<0.01","<50","<1","<10","<1","<2","<1","0.63","0.005","<0.5","0.1","6.7","6.3","0","16","<1","<0.02","1.5","<1","0.06","2","0.12","160","88","1.4","<2","24.5","20","4300"
"Southern","Mui Wo River","MW3","2024-06-21","1","<0.1","<50","0.011","<0.05","<1","<1","13","<1","<50","<0.1","2","<10","0.7","<1","55","<1","<0.01","100","8.1","6400","0.095","<0.2","<0.01","<50","<1","10","<1","<2","<1","0.35","0.004","<0.5","0.079","6.9","<0.2","0","18","<1","<0.02","1.3","<1","0.08","<1","0.09","100","56","1.3","<2","26.2","10","250"
"Southern","Mui Wo River","MW3","2024-07-15","1","0.5","<50","<0.005","<0.05","<1","<1","13","<1","<50","<0.1","4","<10","1.2","<1","58","1","<0.01","102","8.2","4500","0.225","<0.2","<0.01","60","<1","<10","<1","<2","<1","0.24","<0.002","<0.5","0.065","6.6","1.2","0","18","<1","<0.02","1.3","<1","0.07","1","0.07","180","110","1.5","<2","26.5","<10","300"
"Southern","Mui Wo River","MW3","2024-08-26","1","<0.1","<50","0.022","<0.05","<1","<1","12","<1","<50","<0.1","3","<10","1.3","<1","56","<1","<0.01","103","8.3","4500","0.103","<0.2","<0.01","<50","<1","<10","<1","<2","<1","0.32","0.002","<0.5","0.036","6.7","1.2","0","17","<1","<0.02","3.6","<1","0.05","1","0.05","120","110","1.8","<2","26","10","190"
"Southern","Mui Wo River","MW3","2024-09-23","1","0.9","<50","0.012","<0.05","<1","<1","11","<1","<50","<0.1","5","<10","0.7","<1","46","<1","<0.01","100","8.3","3800","0.464","<0.2","<0.01","70","<1","<10","<1","<2","<1","0.49","<0.002","<0.5","0.048","6.5","0.7","0","15","<1","<0.02","1.7","<1","0.08","2","0.05","78","58","1.5","<2","24.6","<10","500"
"Southern","Mui Wo River","MW3","2024-10-09","1","<0.1","<50","0.015","0.08","<1","<1","12","<1","<50","<0.1","3","<10","0.8","<1","58","<1","<0.01","98","8.2","4700","0.07","<0.2","<0.01","<50","<1","<10","<1","<2","<1","0.23","<0.002","<0.5","0.065","6.7","0.8","0","19","<1","<0.02","1.2","<1","<0.05","<1","0.07","60","3.5","0.9","<2","24","<10","200"
"Southern","Mui Wo River","MW3","2024-11-27","1","0.9","<50","0.026","<0.05","<1","<1","12","<1","<50","<0.1","3","<10","2.5","<1","59","<1","<0.01","104","9.5","1500","0.031","<0.2","<0.01","<50","<1","<10","<1","<2","<1","0.47","<0.002","<0.5","0.094","6.9","2.5","0","18","<1","<0.02","2.3","<1","0.08","<1","0.12","72","22","1.5","<2","19.9","<10","250"
"Southern","Mui Wo River","MW3","2024-12-09","1","<0.1","<50","0.011","<0.05","<1","<1","15","<1","<50","<0.1","3","<10","1.5","<1","63","<1","<0.01","101","9.3","2400","0.045","<0.2","<0.01","50","<1","<10","<1","<2","1","0.34","0.004","<0.5","0.13","6.6","0.6","0","20","<1","<0.02","2.2","<1","<0.05","1","0.15","64","28","1.2","<2","19.3","<10","900"
"Southern","Mui Wo River","MW4","2024-01-19","1","0.1","<50","0.38","<0.05","<1","<1","29","<1","1200","<0.1","8","6700","1.8","<1","17349","2","<0.01","76","6.1","900","0.016","0.4","<0.01","80","<1","240","<1","4","3","0.35","0.012","<0.5","0.023","6.7","<0.2","10.7","11","<1","<0.02","9.8","<1","0.49","3","0.08","16000","3800","2.9","<2","23.1","10","170"
"Southern","Mui Wo River","MW4","2024-02-01","1","1.3","<50","0.38","<0.05","<1","<1","20","<1","680","<0.1","15","3600","1.4","<1","10548","4","<0.01","70","5.9","1900","0.059","0.4","<0.01","<50","<1","120","<1","3","2","0.9","0.011","<0.5","0.12","6.8","1.2","6.4","17","<1","<0.02","1.8","<1","0.42","6","0.16","9900","1900","4.5","<2","22.1","20","1100"
"Southern","Mui Wo River","MW4","2024-03-20","1","2.1","<50","1.9","0.1","<1","1","21","<1","740","<0.1","20","3600","1.9","<1","12526","2","<0.01","101","8.5","5400","0.014","0.4","<0.01","<50","<1","250","<1","3","3","0.37","0.02","<0.5","0.097","7.2","1.4","7.7","14","<1","<0.02","8.4","<1","2","8","0.25","12000","3100","6","<2","22.1","10","570"
"Southern","Mui Wo River","MW4","2024-04-15","1","1.4","<50","0.22","<0.05","<1","2","16","<1","2500","<0.1","65","14000","2.2","1","37312","4","<0.01","93","6.6","1200","0.422","0.7","<0.01","<50","<1","30","<1","9","6","0.35","0.015","<0.5","0.05","7.8","2.1","22.9","4.9","<1","<0.02","11","<1","0.46","11","0.12","36000","8500","3.5","<2","26.4","<10","440"
"Southern","Mui Wo River","MW4","2024-05-13","1","0.6","<50","0.08","<0.05","<1","2","16","<1","3600","<0.1","54","14000","4.6","3","38244","7","<0.01","104","7.3","1200","0.578","0.6","<0.01","<50","<1","10","<1","9","8","0.27","0.012","<0.5","0.038","8","2.4","23.4","2.5","<1","<0.02","1.6","<1","0.2","6","0.1","42000","15000","1.3","2","26.7","20","170"
"Southern","Mui Wo River","MW4","2024-06-21","1","0.8","<50","0.24","<0.05","<1","<1","25","<1","870","<0.1","21","4500","1.2","1","13485","2","<0.01","95","7.1","17000","0.515","0.3","<0.01","<50","<1","60","<1","3","3","0.41","0.008","<0.5","0.065","7","<0.2","7.3","14","<1","<0.02","4.1","<1","0.43","2","0.1","13000","3900","5.2","<2","28.1","10","4700"
"Southern","Mui Wo River","MW4","2024-07-15","1","2.6","<50","0.25","<0.05","<1","2","10","<1","200","<0.1","13","480","15","<1","2292","4","<0.01","100","7.7","4400","0.175","0.2","<0.01","150","<1","50","<1","<2","<1","0.58","0.01","<0.5","0.16","6.9","6.2","1.1","18","<1","<0.02","3","<1","0.73","3","0.22","2300","750","6.1","<2","28.9","<10","370"
"Southern","Mui Wo River","MW4","2024-08-26","1","0.7","<50","0.22","<0.05","<1","<1","17","<1","230","<0.1","6","870","5.1","1","2806","<1","<0.01","100","7.6","3800","0.035","0.2","<0.01","50","<1","70","<1","<2","<1","0.51","0.009","<0.5","0.065","6.9","2.1","1.3","18","<1","<0.02","8.8","<1","0.42","2","0.13","2500","690","7","<2","28.9","10","480"
"Southern","Mui Wo River","MW4","2024-09-23","1","0.7","<50","0.13","0.07","<1","3","11","<1","280","<0.1","16","1200","1.9","<1","3939","<1","<0.01","88","6.9","3100","0.017","0.2","<0.01","50","<1","130","<1","2","<1","0.78","0.008","<0.5","0.28","6.6","1.6","2","19","<1","<0.02","20","<1","0.2","2","0.31","3200","870","7.8","<2","27.3","10","140"
"Southern","Mui Wo River","MW4","2024-10-09","1","<0.1","<50","0.45","0.28","<1","<1","23","<1","890","<0.1","45","4400","1.7","1","14543","1","<0.01","98","7.7","23000","0.109","0.3","<0.01","<50","<1","120","<1","2","2","0.33","0.005","<0.5","0.081","6.7","1.6","8.4","17","<1","<0.02","12","<1","0.62","2","0.16","9800","1900","8.5","<2","25.2","20","3800"
"Southern","Mui Wo River","MW4","2024-11-27","1","1.9","<50","1.2","0.1","<1","<1","16","<1","290","<0.1","15","1800","0.6","<1","3523","<1","<0.01","91","8.2","3700","0.073","0.3","<0.01","<50","<1","160","<1","<2","<1","0.32","0.015","<0.5","0.14","7.2","0.2","2.1","19","<1","<0.02","7.4","<1","1.3","3","0.21","5400","710","5.8","<2","19.8","10","420"
"Southern","Mui Wo River","MW4","2024-12-09","1","1","<50","0.7","<0.05","<1","<1","40","<1","1300","<0.1","23","8800","1.2","<1","20592","2","<0.01","86","7.2","10000","0.054","0.5","<0.01","<50","<1","160","<1","5","3","0.37","0.008","<0.5","0.057","7","0.9","13.9","13","<1","<0.02","4.2","<1","0.78","3","0.13","22000","3900","5.3","<2","19.6","20","600"
"Southern","Mui Wo River","MW5","2024-01-19","1","<0.1","<50","0.064","<0.05","<1","<1","9","<1","100","<0.1","6","390","1.4","<1","1646","<1","<0.01","117","10.4","11000","0.019","0.2","<0.01","150","<1","20","<1","<2","1","0.18","0.023","<0.5","0.03","7.4","<0.2","0.9","20","<1","<0.02","2.4","<1","0.14","2","0.03","1500","620","1.7","<2","21.3","<10","3700"
"Southern","Mui Wo River","MW5","2024-02-01","1","1.7","<50","0.075","<0.05","<1","<1","8","<1","90","<0.1","9","290","2.1","<1","1009","2","<0.01","126","11","2400","0.021","0.3","<0.01","140","<1","20","<1","<2","<1","0.33","0.03","<0.5","0.071","7.6","2.2","0.5","22","<1","<0.02","3.6","<1","0.21","4","0.08","930","270","2.2","<2","22","<10","1600"
"Southern","Mui Wo River","MW5","2024-03-20","1","1.2","<50","0.13","<0.05","<1","<1","10","<1","160","<0.1","17","710","2.7","<1","2392","<1","<0.01","112","9.9","9000","0.013","0.2","<0.01","140","<1","60","<1","<2","1","0.18","0.021","<0.5","0.023","7.3","3.4","1.3","20","<1","<0.02","25","<1","0.39","4","0.11","2400","780","2.9","<2","21.2","<10","1900"
"Southern","Mui Wo River","MW5","2024-04-15","1","2.2","<50","0.18","0.08","<1","1","15","<1","1400","<0.1","67","7400","8","<1","23696","3","<0.01","93","6.9","7400","0.245","0.5","<0.01","<50","<1","60","<1","5","5","0.14","0.015","<0.5","0.027","7.6","6.6","13.8","20","<1","<0.02","13","<1","0.44","9","0.17","22000","5600","7.3","<2","26.9","<10","2600"
"Southern","Mui Wo River","MW5","2024-05-13","1","0.6","<50","0.13","<0.05","<1","<1","15","<1","1300","<0.1","28","2700","2.2","2","9167","3","<0.01","98","7.7","23000","0.016","0.3","<0.01","50","<1","60","<1","4","3","0.13","0.015","<0.5","0.067","7.6","2.3","5","17","<1","<0.02","5.2","<1","0.35","5","0.11","8000","2300","4.3","<2","26.5","<10","6400"
"Southern","Mui Wo River","MW5","2024-06-21","1","<0.1","<50","0.058","<0.05","<1","<1","15","<1","100","<0.1","3","400","0.7","<1","1673","<1","<0.01","101","7.7","8600","0.01","<0.2","<0.01","110","<1","50","<1","<2","<1","0.21","0.004","<0.5","0.045","7.1","<0.2","0.8","20","<1","<0.02","2.3","<1","0.16","1","0.05","1200","310","2.4","<2","28.9","<10","3500"
"Southern","Mui Wo River","MW5","2024-07-15","1","0.8","<50","0.072","<0.05","<1","<1","9","<1","<50","<0.1","10","91","2.2","<1","393","<1","<0.01","107","8.2","11000","0.105","<0.2","<0.01","210","<1","20","<1","<2","<1","0.12","0.005","<0.5","0.066","7.4","1.6","0.2","20","<1","<0.02","5.2","<1","0.26","3","0.08","840","420","2.3","<2","28.9","<10","3000"
"Southern","Mui Wo River","MW5","2024-08-26","1","0.2","<50","0.056","<0.05","<1","<1","8","<1","<50","<0.1","3","22","2.1","<1","154","<1","<0.01","105","8.2","6900","0.124","<0.2","<0.01","170","<1","30","<1","<2","<1","0.17","0.003","<0.5","0.029","7.2","<0.2","0.1","20","<1","<0.02","2.8","<1","0.13","1","0.04","260","160","2.6","<2","28.4","<10","1000"
"Southern","Mui Wo River","MW5","2024-09-23","1","2.2","<50","0.058","<0.05","<1","<1","11","<1","<50","<0.1","8","150","0.5","<1","564","<1","<0.01","102","8.3","2700","0.232","<0.2","<0.01","180","<1","30","<1","<2","<1","0.24","0.005","<0.5","0.07","7","0.4","0.3","20","<1","<0.02","2.8","<1","0.16","2","0.08","510","140","3.3","<2","25.8","<10","560"
"Southern","Mui Wo River","MW5","2024-10-09","1","<0.1","<50","0.039","0.07","<1","<1","10","<1","140","<0.1","2","440","0.7","<1","1551","<1","<0.01","106","8.9","4400","0.009","<0.2","<0.01","100","<1","30","<1","<2","<1","0.12","0.003","<0.5","0.061","7.1","0.7","0.8","20","<1","<0.02","4","<1","0.12","1","0.07","1500","250","1.4","<2","24","<10","930"
"Southern","Mui Wo River","MW5","2024-11-27","1","1.3","<50","0.066","<0.05","<1","<1","9","<1","70","<0.1","2","340","1.3","<1","1132","<1","<0.01","114","10.2","6600","0.026","<0.2","<0.01","80","<1","10","<1","<2","<1","0.13","0.005","<0.5","0.046","7.5","1.4","0.6","20","<1","<0.02","2.6","<1","0.09","1","0.08","880","260","3.3","<2","20.8","<10","450"
"Southern","Mui Wo River","MW5","2024-12-09","1","<0.1","<50","0.074","<0.05","<1","<1","11","<1","150","<0.1","8","1100","1","1","2385","1","<0.01","109","10.1","4100","0.007","0.2","<0.01","90","<1","30","<1","<2","2","0.13","0.01","<0.5","0.04","7.2","0.8","1.4","20","<1","<0.02","1.6","<1","0.12","1","0.06","2800","300","1.9","<2","18.7","<10","2200"
"Port Shelter","Ho Chung River","PR1","2024-01-05","1","1.7","<50","0.98","<0.05","<1","1","28","<1","820","<0.1","28","6800","0.4","3","17753","3","<0.01","95","8","8000","null","0.6","<0.01","<50","<1","60","<1","6","4","0.41","0.028","<0.5","0.088","8.3","<0.2","11.5","11","<1","<0.02","3.7","<1","1.1","4","0.09","19000","4400","2.3","2","20.8","<10","1200"
"Port Shelter","Ho Chung River","PR1","2024-02-03","1","1.1","<50","0.84","<0.05","<1","<1","22","<1","750","<0.1","21","3900","1.1","<1","10476","4","<0.01","83","7.3","11000","null","0.5","<0.01","<50","<1","70","<1","5","3","0.73","0.051","<0.5","0.091","7.2","0.4","6.7","15","<1","<0.02","2.6","<1","0.97","4","0.12","10000","2300","2.4","<2","19.6","<10","5500"
"Port Shelter","Ho Chung River","PR1","2024-03-21","1","1.7","<50","1.3","<0.05","<1","1","18","<1","1600","<0.1","32","8000","0.5","1","22474","3","<0.01","84","6.9","13000","null","0.6","<0.01","<50","<1","80","<1","6","5","0.46","0.033","<0.5","0.084","7.6","<0.2","15","7.7","<1","<0.02","1.2","<1","1.5","5","0.22","23000","5500","2.6","3","20.5","<10","1800"
"Port Shelter","Ho Chung River","PR1","2024-04-03","1","2.1","<50","1.6","<0.05","<1","1","26","<1","1200","<0.1","47","5900","1.5","2","17300","3","<0.01","80","6.2","31000","null","0.6","<0.01","<50","<1","130","<1","6","4","0.43","0.052","<0.5","0.16","7.4","0.7","10","10","<1","<0.02","3.4","<1","1.7","7","0.2","17000","4100","3.8","<2","25.7","<10","11000"
"Port Shelter","Ho Chung River","PR1","2024-05-24","1","0.2","<50","0.37","<0.05","<1","<1","29","<1","400","<0.1","12","1900","0.5","<1","6358","1","<0.01","92","7.7","140000","null","0.2","<0.01","<50","<1","60","<1","<2","2","0.48","0.016","<0.5","0.065","7","<0.2","3.6","13","<1","<0.02","2.3","<1","0.48","2","0.09","5400","1700","3","<2","23.5","20","9000"
"Port Shelter","Ho Chung River","PR1","2024-06-13","1","1.1","<50","0.38","<0.05","<1","<1","16","<1","100","<0.1","5","290","0.2","<1","1079","<1","<0.01","97","7.9","46000","null","<0.2","<0.01","<50","<1","40","<1","<2","<1","0.43","0.016","<0.5","0.078","7.4","<0.2","0.5","16","<1","<0.02","3.6","<1","0.53","2","0.09","1100","550","4","<2","26","<10","13000"
"Port Shelter","Ho Chung River","PR1","2024-07-10","1","1.1","<50","0.35","<0.05","<1","<1","21","<1","540","<0.1","19","2400","1.2","<1","6671","1","<0.01","96","7.2","80000","null","0.3","<0.01","<50","<1","70","<1","2","1","0.31","0.013","<0.5","0.063","7.2","0.9","3.3","15","<1","<0.02","1.6","<1","0.57","2","0.08","5500","1500","1.9","<2","29.4","<10","2100"
"Port Shelter","Ho Chung River","PR1","2024-08-28","1","0.9","<50","0.36","0.12","<1","<1","23","<1","680","<0.1","26","3500","1.2","3","9141","1","<0.01","105","7.8","27000","null","0.4","<0.01","50","<1","30","<1","2","2","0.35","0.018","<0.5","0.083","7.5","1","4.6","16","<1","<0.02","4.5","<1","0.54","2","0.1","6400","230","3","<2","29.7","10","6700"
"Port Shelter","Ho Chung River","PR1","2024-09-16","1","0.9","<50","0.66","0.07","<1","<1","27","<1","1100","<0.1","78","6300","0.6","2","14487","4","<0.01","88","6.6","19000","null","0.4","<0.01","<50","<1","50","<1","3","3","0.11","0.06","<0.5","0.14","7.4","0.2","7.9","12","<1","<0.02","3.4","<1","1.3","2","0.16","16000","5700","4.3","<2","27.8","<10","9000"
"Port Shelter","Ho Chung River","PR1","2024-10-21","1","1.7","<50","0.39","0.19","<1","<1","22","<1","570","<0.1","14","3300","2","2","7695","1","<0.01","95","7.5","17000","null","0.4","<0.01","<50","<1","60","<1","3","2","0.37","0.027","<0.5","0.094","7.2","1.7","4.2","17","<1","<0.02","8.4","<1","0.52","1","0.11","7200","1800","2.9","<2","25.9","<10","8000"
"Port Shelter","Ho Chung River","PR1","2024-11-25","1","0.3","<50","0.38","0.18","<1","<1","25","<1","1200","<0.1","27","7800","0.4","2","16292","3","<0.01","92","7.5","10000","null","0.6","<0.01","<50","<1","90","<1","5","3","0.55","0.028","<0.5","0.098","7.5","<0.2","10.1","14","<1","<0.02","4.8","<1","0.45","2","0.13","17000","3600","2.5","<2","22.4","<10","1700"
"Port Shelter","Ho Chung River","PR1","2024-12-16","1","1.1","<50","0.57","<0.05","<1","<1","20","<1","1200","<0.1","25","6700","0.8","1","13786","2","<0.01","94","8.5","5300","null","0.6","<0.01","<50","<1","80","<1","4","3","0.34","0.022","<0.5","0.068","7.3","0.7","9.5","15","<1","<0.02","2.4","<1","0.62","2","0.09","18000","3800","2.4","<2","17.5","<10","2600"
"Port Shelter","Ho Chung River","PR2","2024-01-05","1","1.2","<50","0.035","<0.05","<1","<1","22","<1","<50","<0.1","<2","40","0.4","1","289","<1","<0.01","89","8.4","5500","0.324","0.5","<0.01","80","<1","100","<1","2","1","0.52","0.007","<0.5","0.018","7.2","0.3","0.2","20","<1","<0.02","2","<1","0.06","2","<0.02","170","76","1.3","<2","18.2","<10","1900"
"Port Shelter","Ho Chung River","PR2","2024-02-03","1","1","<50","0.061","<0.05","<1","<1","23","<1","<50","<0.1","9","11","0.7","<1","156","2","<0.01","90","8.3","1500","0.148","0.5","<0.01","<50","<1","100","<1","<2","1","0.7","0.005","<0.5","0.026","7.4","0.5","0.1","23","<1","<0.02","3.8","<1","0.12","3","0.04","120","42","2.8","<2","19.4","<10","1200"
"Port Shelter","Ho Chung River","PR2","2024-03-21","1","0.5","<50","0.054","<0.05","<1","<1","25","<1","<50","<0.1","2","32","1","<1","233","<1","<0.01","98","9","5600","0.784","0.3","<0.01","<50","<1","70","<1","<2","2","0.52","0.007","<0.5","0.018","7.3","0.4","0.1","18","<1","<0.02","<0.5","<1","0.24","2","0.04","140","88","1.7","<2","19.7","10","2300"
"Port Shelter","Ho Chung River","PR2","2024-04-03","1","0.8","<50","0.13","<0.05","<1","<1","25","<1","<50","<0.1","9","27","0.9","<1","351","<1","<0.01","84","6.9","2500","0.24","0.5","<0.01","60","<1","90","<1","2","1","0.45","0.008","<0.5","0.031","7.5","0.7","0.2","19","<1","<0.02","2.2","<1","0.23","5","0.05","150","71","2.1","<2","25.5","<10","680"
"Port Shelter","Ho Chung River","PR2","2024-05-24","1","<0.1","<50","0.019","<0.05","<1","<1","17","<1","<50","<0.1","3","29","0.5","<1","111","<1","<0.01","100","8.5","6700","0.632","<0.2","<0.01","60","<1","<10","<1","<2","1","0.4","0.002","<0.5","0.037","7.6","0.4","0.1","15","<1","<0.02","3","<1","0.1","<1","0.04","86","19","2.6","<2","23","<10","2500"
"Port Shelter","Ho Chung River","PR2","2024-06-13","1","0.6","<50","0.034","<0.05","<1","<1","17","<1","<50","<0.1","6","<10","0.4","<1","69","<1","<0.01","100","8.2","45000","0.612","<0.2","<0.01","110","<1","<10","<1","<2","<1","0.38","0.004","<0.5","0.045","7.4","0.3","0","15","<1","<0.02","12","<1","0.18","3","0.06","130","91","11.5","<2","25.5","<10","5200"
"Port Shelter","Ho Chung River","PR2","2024-07-10","1","<0.1","<50","0.049","<0.05","<1","<1","18","<1","<50","<0.1","4","14","1","<1","99","<1","<0.01","105","8.2","15000","0.372","<0.2","<0.01","110","<1","20","<1","<2","<1","0.24","0.004","<0.5","0.041","7.7","0.7","0","19","<1","<0.02","1.9","<1","0.12","1","0.05","110","76","1.9","<2","28.3","<10","2800"
"Port Shelter","Ho Chung River","PR2","2024-08-28","1","0.5","<50","0.053","<0.05","<1","<1","16","<1","<50","<0.1","3","11","0.6","2","120","<1","<0.01","106","8.3","9200","0.26","<0.2","<0.01","100","<1","<10","<1","<2","<1","0.25","0.012","<0.5","0.054","7.6","0.7","0.1","20","<1","<0.02","2.2","<1","0.16","1","0.07","440","280","1.5","<2","28","<10","3700"
"Port Shelter","Ho Chung River","PR2","2024-09-16","1","0.2","60","0.034","<0.05","<1","<1","19","<1","<50","<0.1","8","16","0.4","1","183","2","<0.01","101","8.2","16000","0.072","<0.2","<0.01","100","<1","10","<1","<2","1","0.41","0.004","<0.5","0.062","7.4","0.4","0.1","16","<1","<0.02","6.8","<1","0.17","2","0.08","88","34","6.7","<2","26","10","4800"
"Port Shelter","Ho Chung River","PR2","2024-10-21","1","1.7","<50","0.034","<0.05","<1","<1","18","<1","<50","<0.1","3","17","1.1","<1","127","<1","<0.01","99","8.2","6800","0.134","<0.2","<0.01","70","<1","<10","<1","<2","<1","0.3","0.004","<0.5","0.056","7.3","0.4","0.1","19","<1","<0.02","4.4","<1","0.09","1","0.08","100","21","6.7","<2","25.1","<10","1800"
"Port Shelter","Ho Chung River","PR2","2024-11-25","1","0.9","<50","0.065","<0.05","<1","<1","18","<1","50","<0.1","2","29","0.4","1","91","<1","<0.01","102","9.1","11000","0.18","0.3","<0.01","90","<1","60","<1","<2","<1","0.44","0.003","<0.5","0.046","7.7","<0.2","0.1","20","<1","<0.02","6.1","<1","0.08","1","0.06","130","42","3.4","<2","21.2","20","4500"
"Port Shelter","Ho Chung River","PR2","2024-12-16","1","0.7","60","0.056","<0.05","<1","<1","18","<1","<50","<0.1","5","80","1.1","<1","140","<1","<0.01","101","9.9","4900","0.26","0.2","<0.01","<50","<1","50","<1","<2","<1","0.3","0.002","<0.5","0.039","7.4","<0.2","0.1","20","<1","<0.02","1.1","<1","0.09","1","0.05","190","34","1.4","<2","16","10","2200"
"Port Shelter","Sha Kok Mei Stream","PR5","2024-01-05","1","5.7","<50","0.31","0.16","<1","<1","45","<1","<50","<0.1","9","21","1.7","<1","177","1","<0.01","88","8","13000","null","0.3","<0.01","90","<1","20","<1","<2","2","1.2","0.12","<0.5","0.087","7.3","0.8","0.1","13","<1","<0.02","2.8","<1","0.49","4","0.11","200","120","1.7","<2","19.8","<10","3400"
"Port Shelter","Sha Kok Mei Stream","PR5","2024-02-03","1","2.3","<50","0.25","0.06","<1","<1","39","<1","<50","<0.1","7","20","0.9","<1","171","3","<0.01","89","8.2","570","null","0.3","<0.01","<50","<1","20","<1","<2","1","3.2","0.069","<0.5","0.1","7.4","0.5","0.1","14","<1","<0.02","4.1","<1","0.43","4","0.11","140","71","2.5","<2","19.5","<10","350"
"Port Shelter","Sha Kok Mei Stream","PR5","2024-03-21","1","4.3","<50","0.51","0.12","<1","<1","54","<1","<50","<0.1","10","20","0.6","<1","212","1","<0.01","70","6.2","18000","null","0.3","<0.01","90","<1","30","<1","<2","2","1.7","0.13","<0.5","0.16","7.1","<0.2","0.1","15","<1","<0.02","4","<1","0.8","5","0.2","200","120","1.3","<2","21","20","6600"
"Port Shelter","Sha Kok Mei Stream","PR5","2024-04-03","1","4.2","<50","0.28","0.06","<1","<1","41","<1","<50","<0.1","47","39","3.8","<1","190","<1","<0.01","78","6.5","5000","null","0.4","<0.01","80","<1","20","<1","<2","1","0.83","0.069","<0.5","0.066","7.4","3.7","0.1","11","<1","<0.02","120","<1","1.7","13","0.42","230","34","9.3","<2","24.5","<10","2100"
"Port Shelter","Sha Kok Mei Stream","PR5","2024-05-24","1","1.9","<50","0.34","0.1","<1","<1","42","<1","<50","<0.1","7","14","2.3","<1","153","1","<0.01","89","7.6","92000","null","<0.2","<0.01","50","<1","10","<1","<2","1","1.1","0.039","<0.5","0.083","7.2","1.3","0.1","13","<1","<0.02","3.9","<1","0.61","4","0.1","130","93","6.5","<2","23.7","10","41000"
"Port Shelter","Sha Kok Mei Stream","PR5","2024-06-13","1","1.7","70","0.12","<0.05","<1","<1","44","<1","<50","<0.1","11","<10","2.7","<1","105","1","<0.01","97","7.9","36000","null","<0.2","<0.01","130","<1","10","<1","<2","<1","1.2","0.019","<0.5","0.08","7.3","2.3","0.1","13","<1","<0.02","63","<1","0.75","7","0.14","210","120","51.6","<2","25.6","40","16000"
"Port Shelter","Sha Kok Mei Stream","PR5","2024-07-10","1","1.1","<50","0.28","0.07","<1","<1","42","<1","<50","<0.1","9","13","1.1","<1","204","<1","<0.01","93","7.1","16000","null","0.2","<0.01","90","<1","20","<1","<2","<1","0.87","0.06","<0.5","0.11","7.5","0.3","0.1","15","<1","<0.02","1.2","<1","0.53","2","0.12","160","78","1.6","<2","29.3","<10","5000"
"Port Shelter","Sha Kok Mei Stream","PR5","2024-08-28","1","1.3","<50","0.18","<0.05","<1","<1","36","<1","<50","<0.1","3","14","0.6","2","118","<1","<0.01","92","7.1","45000","null","<0.2","<0.01","80","<1","<10","<1","<2","<1","0.72","0.027","<0.5","0.1","7.3","0.6","0.1","15","<1","<0.02","2.2","<1","0.37","2","0.12","140","50","1.5","<2","28.8","<10","12000"
"Port Shelter","Sha Kok Mei Stream","PR5","2024-09-16","1","0.6","<50","0.071","<0.05","<1","<1","38","<1","<50","<0.1","3","<10","1.9","<1","120","2","<0.01","91","7.3","39000","null","<0.2","<0.01","80","<1","<10","<1","<2","1","0.63","0.024","<0.5","0.12","7.2","<0.2","0.1","20","<1","<0.02","3","<1","0.15","1","0.13","110","56","3","<2","26.6","10","10000"
"Port Shelter","Sha Kok Mei Stream","PR5","2024-10-21","1","2.4","<50","0.12","0.12","<1","<1","38","<1","<50","<0.1","5","<10","0.6","<1","117","<1","<0.01","86","6.9","46000","null","<0.2","<0.01","50","<1","<10","<1","<2","<1","0.76","0.042","<0.5","0.11","7.1","0.6","0.1","20","<1","<0.02","3.4","<1","0.18","2","0.12","130","50","0.8","<2","26.4","<10","16000"
"Port Shelter","Sha Kok Mei Stream","PR5","2024-11-25","1","2","<50","0.25","<0.05","<1","<1","44","<1","50","<0.1","3","18","<0.2","<1","138","<1","<0.01","86","7.5","31000","null","0.2","<0.01","50","<1","10","<1","<2","<1","0.99","0.086","<0.5","0.18","7.3","<0.2","0.1","20","<1","<0.02","3.7","<1","0.33","2","0.21","140","58","1.7","<2","22","<10","9500"
"Port Shelter","Sha Kok Mei Stream","PR5","2024-12-16","1","3.1","<50","0.27","0.06","<1","<1","49","<1","<50","<0.1","5","44","0.6","<1","159","<1","<0.01","84","8.1","49000","null","0.2","<0.01","<50","<1","20","<1","<2","<1","1.4","0.096","<0.5","0.15","7.3","0.4","0.1","19","<1","<0.02","2.1","<1","0.35","2","0.16","130","52","3.5","<2","16.6","<10","40000"
"Port Shelter","Sha Kok Mei Stream","PR6","2024-01-05","1","0.4","<50","0.096","0.07","<1","<1","68","<1","<50","<0.1","5","17","<0.2","<1","132","<1","<0.01","114","10.6","12000","null","<0.2","<0.01","<50","<1","10","<1","<2","1","1.6","0.012","<0.5","0.063","7.2","<0.2","0.1","16","<1","<0.02","3.5","<1","0.17","2","0.11","160","88","0.9","<2","18.6","<10","7100"
"Port Shelter","Sha Kok Mei Stream","PR6","2024-02-03","1","0.7","<50","0.099","<0.05","<1","<1","75","<1","<50","<0.1","5","17","2.1","<1","150","5","<0.01","102","9.3","3600","null","0.2","<0.01","<50","<1","10","<1","<2","1","5","0.018","0.7","0.08","7.2","0.7","0.1","20","<1","<0.02","0.6","<1","0.22","3","0.09","120","42","1.8","<2","19.3","<10","2300"
"Port Shelter","Sha Kok Mei Stream","PR6","2024-03-21","1","2.1","<50","0.038","0.94","<1","<1","68","<1","<50","<0.1","8","22","1","<1","169","1","<0.01","105","9.5","6700","null","<0.2","<0.01","<50","<1","10","<1","<2","1","1.7","0.018","<0.5","0.061","7.2","0.7","0.1","16","<1","<0.02","4.2","<1","0.14","4","0.11","130","68","1.5","<2","20.3","<10","4800"
"Port Shelter","Sha Kok Mei Stream","PR6","2024-04-03","1","2.1","<50","0.16","0.1","<1","<1","71","<1","<50","<0.1","5","14","1.2","<1","187","<1","<0.01","103","8.5","62000","null","0.2","<0.01","<50","<1","20","<1","<2","1","1.6","0.014","<0.5","0.096","7.4","<0.2","0.1","16","<1","<0.02","1.8","<1","0.31","3","0.11","160","42","1.5","<2","24.7","<10","56000"
"Port Shelter","Sha Kok Mei Stream","PR6","2024-05-24","1","0.4","<50","0.06","<0.05","<1","<1","62","<1","<50","<0.1","4","<10","0.8","<1","126","<1","<0.01","98","8.3","36000","null","<0.2","<0.01","60","<1","10","<1","<2","1","1.2","0.009","<0.5","0.07","7","0.8","0.1","16","<1","<0.02","3.6","<1","0.21","3","0.08","140","90","5.2","<2","23.4","10","10000"
"Port Shelter","Sha Kok Mei Stream","PR6","2024-06-13","1","1","80","0.06","<0.05","<1","<1","50","<1","<50","<0.1","9","<10","1.1","<1","100","1","<0.01","99","8.1","38000","null","<0.2","<0.01","130","<1","<10","<1","<2","<1","1.4","0.017","<0.5","0.024","7.2","0.8","0.1","15","<1","<0.02","53","<1","0.45","6","0.1","190","110","44.4","<2","25.3","20","9000"
"Port Shelter","Sha Kok Mei Stream","PR6","2024-07-10","1","0.2","<50","0.056","<0.05","<1","<1","62","<1","<50","<0.1","5","<10","8.9","<1","138","<1","<0.01","114","8.8","24000","null","<0.2","<0.01","70","<1","<10","<1","<2","<1","1.4","0.005","<0.5","0.095","7.4","4.9","0.1","18","<1","<0.02","6","<1","0.21","2","0.11","150","75","4.6","<2","28.9","<10","3200"
"Port Shelter","Sha Kok Mei Stream","PR6","2024-08-28","1","<0.1","<50","0.064","<0.05","<1","<1","63","<1","<50","<0.1","2","15","1.2","<1","133","<1","<0.01","113","8.8","30000","null","<0.2","<0.01","50","<1","<10","<1","<2","<1","1.6","0.009","<0.5","0.11","7.3","0.9","0.1","20","<1","<0.02","1","<1","0.09","1","0.12","160","54","1.3","<2","28.6","10","2400"
"Port Shelter","Sha Kok Mei Stream","PR6","2024-09-16","1","0.2","<50","0.06","<0.05","<1","<1","64","<1","<50","<0.1","6","10","0.3","<1","129","2","<0.01","97","7.9","10000","null","<0.2","<0.01","<50","<1","<10","<1","<2","1","1","0.007","<0.5","0.14","7.1","0.3","0.1","20","<1","<0.02","1","<1","0.07","1","0.14","130","67","2.3","<2","26.3","<10","5300"
"Port Shelter","Sha Kok Mei Stream","PR6","2024-10-21","1","2.5","<50","0.022","<0.05","<1","<1","62","<1","<50","<0.1","2","11","0.7","<1","129","<1","<0.01","103","8.4","23000","null","<0.2","<0.01","<50","<1","<10","<1","<2","<1","1.4","0.009","<0.5","0.08","7.1","0.7","0.1","19","<1","<0.02","2","<1","<0.05","1","0.09","150","70","0.9","<2","25.8","<10","6500"
"Port Shelter","Sha Kok Mei Stream","PR6","2024-11-25","1","0.2","<50","0.084","<0.05","<1","<1","61","<1","<50","<0.1","3","22","<0.2","<1","152","<1","<0.01","101","8.9","12000","null","<0.2","<0.01","<50","<1","<10","<1","<2","<1","1.6","0.008","<0.5","0.15","7.4","<0.2","0.1","20","<1","<0.02","2.1","<1","0.12","1","0.17","130","52","1.2","<2","22","<10","9000"
"Port Shelter","Sha Kok Mei Stream","PR6","2024-12-16","1","1.4","<50","0.073","<0.05","<1","<1","62","<1","<50","<0.1","3","13","1.1","<1","115","<1","<0.01","105","10.3","25000","null","<0.2","<0.01","<50","<1","<10","<1","<2","<1","1.4","0.006","<0.5","0.097","7.1","<0.2","0.1","19","<1","<0.02","1.6","<1","0.19","2","0.1","110","38","1.4","<2","16.4","<10","5100"
"Port Shelter","Tai Chung Hau Stream","PR7","2024-01-05","1","3.6","<50","0.064","0.23","<1","<1","31","<1","<50","<0.1","12","110","0.5","<1","417","1","<0.01","106","9.7","16000","0.122","0.3","<0.01","70","<1","20","<1","<2","1","0.58","0.012","<0.5","0.01","7.5","0.3","0.2","12","<1","<0.02","1.3","<1","0.28","4","0.02","440","190","2.2","<2","19.5","<10","2300"
"Port Shelter","Tai Chung Hau Stream","PR7","2024-02-03","1","3.3","<50","0.076","<0.05","<1","<1","35","<1","70","<0.1","6","200","1","<1","724","3","<0.01","95","8.7","37000","0.189","0.3","<0.01","<50","<1","20","<1","<2","1","2.3","0.016","0.8","0.021","7.3","1.1","0.4","14","<1","<0.02","1","<1","0.4","4","0.04","1400","370","1.9","<2","19.3","<10","31000"
"Port Shelter","Tai Chung Hau Stream","PR7","2024-03-21","1","6.2","<50","0.067","0.25","<1","<1","34","<1","480","<0.1","8","2500","1.2","<1","5293","1","<0.01","99","8.7","20000","0.098","0.4","<0.01","<50","<1","100","<1","2","2","0.78","0.017","<0.5","0.003","7.2","<0.2","3.1","10","<1","<0.02","6.4","<1","0.53","6","0.1","5000","980","2.9","<2","20.9","<10","5900"
"Port Shelter","Tai Chung Hau Stream","PR7","2024-04-03","1","3.4","<50","0.15","0.09","<1","<1","32","<1","<50","<0.1","11","140","1.7","<1","947","1","<0.01","105","8.7","38000","0.179","0.4","<0.01","<50","<1","80","<1","<2","2","0.72","0.02","<0.5","0.012","7.6","0.8","0.5","11","<1","<0.02","8.3","<1","0.64","6","0.08","500","150","2.4","<2","24.8","<10","3300"
"Port Shelter","Tai Chung Hau Stream","PR7","2024-05-24","1","2.5","<50","0.041","0.06","<1","<1","28","<1","70","<0.1","7","300","0.4","<1","1228","1","<0.01","98","8.3","150000","0.262","<0.2","<0.01","<50","<1","90","<1","<2","1","0.57","0.011","<0.5","0.042","6.9","0.2","0.6","14","<1","<0.02","6.2","<1","0.34","4","0.06","820","300","4.9","<2","23.5","10","90000"
"Port Shelter","Tai Chung Hau Stream","PR7","2024-06-13","1","1.2","120","0.036","<0.05","<1","<1","21","<1","<50","<0.1","11","<10","0.7","<1","68","<1","<0.01","99","8.2","33000","3.067","<0.2","<0.01","110","<1","10","<1","<2","<1","0.54","0.006","<0.5","0.044","7.5","0.9","0","13","<1","0.02","69","<1","0.51","6","0.07","160","77","35.4","<2","25.1","<10","8000"
"Port Shelter","Tai Chung Hau Stream","PR7","2024-07-10","1","1.5","<50","0.027","<0.05","<1","<1","31","<1","140","<0.1","8","680","0.9","<1","2589","1","<0.01","98","7.5","150000","0.09","<0.2","<0.01","80","<1","30","<1","<2","<1","0.44","0.006","<0.5","0.046","7.2","0.9","1.2","16","<1","<0.02","2","<1","0.29","1","0.06","1700","490","2","<2","28.8","<10","20000"
"Port Shelter","Tai Chung Hau Stream","PR7","2024-08-28","1","2","90","0.076","<0.05","<1","<1","17","<1","<50","<0.1","2","25","1.2","1","220","<1","<0.01","103","7.9","90000","0.762","0.2","<0.01","80","<1","<10","<1","<2","1","0.55","0.012","<0.5","0.1","8.9","0.5","0.1","19","<1","<0.02","2.2","<1","0.39","2","0.11","78","26","1.8","<2","29.1","40","16000"
"Port Shelter","Tai Chung Hau Stream","PR7","2024-09-16","1","1.7","<50","0.038","<0.05","<1","<1","28","<1","50","<0.1","3","190","0.7","<1","728","3","<0.01","97","7.7","32000","0.032","<0.2","<0.01","60","<1","40","<1","<2","1","0.52","0.01","<0.5","0.072","7.2","<0.2","0.3","17","<1","<0.02","2.8","<1","0.3","2","0.08","680","330","3","<2","26.8","10","10000"
"Port Shelter","Tai Chung Hau Stream","PR7","2024-10-21","1","4.4","<50","0.036","0.13","<1","<1","26","<1","<50","<0.1","10","140","1.7","<1","470","<1","<0.01","108","8.7","180000","0.069","<0.2","<0.01","<50","<1","<10","<1","<2","<1","0.51","0.009","<0.5","0.093","7.3","1.5","0.2","18","<1","<0.02","3.8","<1","0.39","2","0.1","370","100","2.5","<2","26.2","<10","20000"
"Port Shelter","Tai Chung Hau Stream","PR7","2024-11-25","1","2.5","<50","0.036","<0.05","<1","<1","25","<1","80","<0.1","2","150","<0.2","<1","648","<1","<0.01","101","8.8","43000","0.682","0.2","<0.01","<50","<1","40","<1","<2","<1","0.72","0.008","<0.5","0.079","7.5","<0.2","0.3","20","<1","<0.02","5.2","<1","0.23","2","0.09","510","220","2.6","<2","22.2","<10","23000"
"Port Shelter","Tai Chung Hau Stream","PR7","2024-12-16","1","4.3","<50","0.032","0.12","<1","<1","30","<1","50","<0.1","9","230","0.7","<1","3712","<1","<0.01","105","9.9","590000","0.435","0.3","<0.01","<50","<1","20","<1","<2","<1","0.58","0.008","<0.5","0.06","7.3","0.6","2.3","17","<1","<0.02","1.8","<1","0.35","2","0.08","610","130","2.2","<2","17.5","<10","4400"
"Port Shelter","Tai Chung Hau Stream","PR8","2024-01-05","1","6.9","<50","0.012","0.06","<1","<1","36","<1","<50","<0.1","14","25","<0.2","<1","192","1","<0.01","100","9.1","22000","null","0.3","<0.01","60","<1","120","<1","<2","1","0.58","0.011","1","0.016","7.5","<0.2","0.1","12","<1","<0.02","7.3","<1","0.43","5","0.07","140","82","3","<2","19.9","<10","130"
"Port Shelter","Tai Chung Hau Stream","PR8","2024-02-03","1","2.8","<50","0.026","0.07","<1","<1","38","<1","<50","<0.1","7","14","1","<1","160","3","<0.01","96","8.8","4400","null","0.4","<0.01","60","<1","30","<1","<2","1","2.5","0.005","1.1","0.027","7.5","0.5","0.1","13","<1","<0.02","1.8","<1","0.21","4","0.05","150","64","4.8","<2","19.3","<10","240"
"Port Shelter","Tai Chung Hau Stream","PR8","2024-03-21","1","7.7","<50","0.17","0.06","<1","<1","38","<1","<50","<0.1","39","16","24","<1","172","<1","<0.01","100","9","54000","null","0.5","<0.01","<50","<1","310","<1","<2","2","1","0.014","<0.5","0.003","7.3","24","0.1","9.8","<1","0.02","18","<1","2","17","0.28","240","150","12.7","<2","20.5","<10","6000"
"Port Shelter","Tai Chung Hau Stream","PR8","2024-04-03","1","5.8","<50","0.23","0.09","<1","<1","35","<1","<50","<0.1","11","18","0.5","<1","206","2","<0.01","101","8.5","21000","null","0.4","<0.01","<50","<1","380","<1","<2","2","0.77","0.015","<0.5","0.037","7.8","0.3","0.1","11","<1","<0.02","2","<1","0.63","6","0.1","180","43","1.8","<2","23.8","<10","1500"
"Port Shelter","Tai Chung Hau Stream","PR8","2024-05-24","1","4.4","<50","0.085","0.05","<1","<1","29","<1","<50","<0.1","12","12","0.4","<1","118","1","<0.01","98","8.3","47000","null","<0.2","<0.01","50","<1","120","<1","<2","2","0.58","0.012","<0.5","0.024","7.1","<0.2","0.1","14","<1","<0.02","13","<1","0.52","5","0.09","170","110","10.8","<2","23.4","30","2700"
"Port Shelter","Tai Chung Hau Stream","PR8","2024-06-13","1","1.1","90","0.044","<0.05","<1","<1","28","<1","<50","<0.1","15","<10","1.2","<1","81","1","<0.01","98","8.1","43000","null","<0.2","<0.01","90","<1","20","<1","<2","<1","0.58","0.007","<0.5","0.04","7.5","0.8","0","13","<1","<0.02","41","<1","0.62","7","0.08","180","93","47.9","<2","25","<10","14000"
"Port Shelter","Tai Chung Hau Stream","PR8","2024-07-10","1","2","<50","0.1","<0.05","<1","<1","32","<1","<50","<0.1","5","14","0.7","<1","148","<1","<0.01","98","7.6","120000","null","<0.2","<0.01","60","<1","120","<1","<2","<1","0.58","0.01","<0.5","0.078","7.3","0.6","0.1","17","<1","<0.02","0.6","<1","0.4","2","0.1","110","84","1.5","<2","28.3","<10","34000"
"Port Shelter","Tai Chung Hau Stream","PR8","2024-08-28","1","1.7","90","0.13","0.31","<1","<1","29","<1","<50","<0.1","10","11","1.3","<1","174","1","<0.01","98","7.6","2900","null","0.3","<0.01","100","<1","50","<1","<2","<1","0.58","0.011","<0.5","0.13","9","0.8","0.1","10","<1","<0.02","3.5","<1","0.49","3","0.15","340","110","2.5","<2","28.5","<10","160"
"Port Shelter","Tai Chung Hau Stream","PR8","2024-09-16","1","0.3","<50","0.04","<0.05","<1","<1","35","<1","<50","<0.1","3","<10","0.6","<1","164","2","<0.01","96","7.7","29000","null","0.2","<0.01","70","<1","90","<1","<2","1","0.57","0.013","<0.5","0.052","7.4","<0.2","0.1","18","<1","<0.02","1.4","<1","0.16","2","0.06","130","63","2","<2","26.7","<10","6200"
"Port Shelter","Tai Chung Hau Stream","PR8","2024-10-21","1","4.1","<50","0.023","0.27","<1","<1","33","<1","<50","<0.1","9","<10","0.7","<1","127","<1","<0.01","96","7.8","180000","null","0.3","<0.01","<50","<1","<10","<1","<2","<1","0.59","0.009","<0.5","0.082","7.2","0.4","0.1","18","<1","<0.02","3.6","<1","0.21","2","0.1","130","50","1.5","<2","26","20","100000"
"Port Shelter","Tai Chung Hau Stream","PR8","2024-11-25","1","4.8","<50","0.014","<0.05","<1","<1","35","<1","50","<0.1","2","28","0.2","<1","193","<1","<0.01","96","8.4","38000","null","0.3","<0.01","<50","<1","40","<1","<2","<1","0.91","0.008","<0.5","0.052","7.5","<0.2","0.1","20","<1","<0.02","6","<1","0.25","2","0.08","160","52","5.2","<2","22.4","<10","1300"
"Port Shelter","Tai Chung Hau Stream","PR8","2024-12-16","1","7.5","<50","0.081","0.12","<1","<1","34","<1","<50","<0.1","7","13","0.4","<1","154","<1","<0.01","98","9.3","40000","null","0.3","<0.01","<50","<1","10","<1","<2","<1","0.59","0.003","<0.5","0.18","7.4","0.4","0.1","17","<1","<0.02","2","<1","0.76","4","0.21","120","48","3.3","<2","18","<10","2200"
"Deep Bay","River Beas","RB1","2024-01-08","1","2.1","<50","0.06","<0.05","<1","4","13","<1","<50","<0.1","9","11","0.2","<1","151","2","<0.01","124","11.1","1900","0.145","<0.2","<0.01","150","<1","20","<1","<2","2","1.2","0.058","<0.5","0.22","8.2","<0.2","0.1","15","<1","<0.02","5.2","<1","0.31","3","0.29","120","66","3.9","<2","20.6","<10","900"
"Deep Bay","River Beas","RB1","2024-02-21","1","2.7","<50","0.18","<0.05","<1","5","17","<1","<50","<0.1","6","14","7.1","<1","205","1","<0.01","124","10.2","4500","0.124","<0.2","<0.01","130","<1","<10","<1","<2","1","1.1","0.12","<0.5","0.33","8","6.8","0.1","13","<1","<0.02","2.6","<1","0.42","4","0.38","170","77","2.8","<2","25.6","<10","3300"
"Deep Bay","River Beas","RB1","2024-03-08","1","15","<50","0.14","<0.05","<1","4","15","<1","<50","<0.1","16","<10","3.6","<1","175","1","<0.01","124","11","12000","0.091","<0.2","<0.01","170","<1","10","<1","<2","<1","1.6","0.087","<0.5","0.28","8.2","1","0.1","13","<1","<0.02","1","<1","0.42","4","0.3","110","91","2.5","<2","21.3","<10","1500"
"Deep Bay","River Beas","RB1","2024-04-19","1","2.3","<50","0.21","0.08","<1","6","18","<1","<50","<0.1","5","12","2.4","<1","224","2","<0.01","130","10.3","7000","0.113","<0.2","<0.01","250","<1","50","<1","2","2","1.5","0.12","<0.5","0.23","8.2","2.1","0.1","16","<1","<0.02","2.8","<1","0.61","6","0.3","200","56","7.5","<2","27.6","<10","5000"
"Deep Bay","River Beas","RB1","2024-05-23","1","1.4","<50","0.17","<0.05","<1","4","15","<1","<50","<0.1","7","24","0.6","<1","174","1","<0.01","112","9","56000","0.102","<0.2","<0.01","230","<1","60","<1","<2","1","1.1","0.1","<0.5","0.23","7.4","<0.2","0.1","17","<1","<0.02","9.8","<1","0.32","4","0.28","170","100","2.9","<2","26.3","<10","3600"
"Deep Bay","River Beas","RB1","2024-06-19","1","1.1","<50","0.094","<0.05","<1","4","12","<1","<50","<0.1","3","<10","0.6","<1","111","<1","<0.01","112","8.5","18000","0.36","<0.2","<0.01","170","<1","30","<1","<2","<1","0.48","0.019","<0.5","0.11","7.4","0.5","0.1","20","<1","<0.02","2","<1","0.21","2","0.17","130","76","3.5","<2","29.9","<10","2400"
"Deep Bay","River Beas","RB1","2024-07-17","1","1.6","<50","0.13","<0.05","<1","5","13","<1","<50","<0.1","14","<10","1.9","<1","145","2","<0.01","117","8.7","67000","0.069","<0.2","<0.01","220","<1","10","<1","<2","<1","0.68","0.044","<0.5","0.24","7.7","1.9","0.1","16","<1","0.04","13","<1","0.56","5","0.3","140","66","25.1","<2","31.1","10","7700"
"Deep Bay","River Beas","RB1","2024-08-14","1","1","<50","0.12","<0.05","<1","4","14","<1","<50","<0.1","9","<10","5.4","<1","124","1","<0.01","106","8.4","49000","0.024","<0.2","<0.01","170","<1","20","<1","<2","<1","0.65","0.042","<0.5","0.14","7.3","4.7","0.1","17","<1","<0.02","12","<1","0.3","2","0.19","130","38","16.4","<2","27.5","<10","6900"
"Deep Bay","River Beas","RB1","2024-09-04","1","1","<50","0.089","<0.05","<1","4","13","<1","<50","<0.1","3","<10","1.5","<1","116","1","<0.01","112","8.5","25000","0.504","<0.2","<0.01","190","<1","<10","<1","<2","<1","0.81","0.042","<0.5","0.16","7.3","1.4","0.1","18","<1","<0.02","3.7","<1","0.3","3","0.17","120","62","7.4","<2","29.6","10","8600"
"Deep Bay","River Beas","RB1","2024-10-16","1","1.7","<50","0.12","0.05","<1","7","19","<1","<50","<0.1","4","<10","2.8","<1","138","<1","<0.01","116","8.9","18000","0.284","<0.2","<0.01","70","<1","<10","<1","<2","<1","1.1","0.067","<0.5","0.23","7.9","2.8","0.1","20","<1","<0.02","10","<1","0.26","2","0.26","140","5","8","<2","28.8","<10","5500"
"Deep Bay","River Beas","RB1","2024-11-13","1","5.6","<50","0.42","0.11","<1","4","15","<1","<50","<0.1","18","44","5.3","<1","158","2","<0.01","109","9","180000","0.068","<0.2","<0.01","140","<1","<10","<1","<2","1","1.3","0.09","<0.5","0.18","7.6","3.9","0.1","13","<1","<0.02","9","<1","1.1","6","0.34","140","24","10.9","<2","25","20","38000"
"Deep Bay","River Beas","RB1","2024-12-11","1","1.8","<50","0.13","<0.05","<1","4","15","<1","<50","<0.1","7","12","1.6","<1","156","1","<0.01","113","9.8","5800","0.084","<0.2","<0.01","80","<1","10","<1","<2","<1","1.4","0.082","<0.5","0.38","7.6","0.9","0.1","19","<1","<0.02","3.4","<1","0.24","3","0.39","160","66","4.6","<2","22.7","<10","2800"
"Deep Bay","River Beas","RB2","2024-01-08","1","11","<50","1.3","0.09","<1","6","13","<1","<50","<0.1","20","15","0.7","<1","197","<1","<0.01","92","8.3","43000","0.023","0.2","<0.01","210","<1","60","<1","<2","2","0.42","0.14","<0.5","0.39","7.1","<0.2","0.1","13","<1","<0.02","16","<1","2.5","11","0.48","150","86","4.4","<2","20.2","<10","31000"
"Deep Bay","River Beas","RB2","2024-02-21","1","17","<50","4.4","0.09","<1","8","22","<1","<50","<0.1","65","26","1.9","<1","286","<1","<0.01","67","5.6","470000","0.007","0.2","<0.01","270","<1","220","<1","2","2","0.005","0.004","1.1","0.89","7","1.7","0.1","11","<1","0.03","20","<1","7.5","23","1.3","210","110","15.5","<2","24.1","<10","460000"
"Deep Bay","River Beas","RB2","2024-03-08","1","16","<50","1.9","0.08","<1","6","22","<1","<50","<0.1","17","12","5.1","<1","209","<1","<0.01","88","8.1","39000","0.007","0.2","<0.01","190","<1","100","<1","<2","1","0.23","0.097","<0.5","0.35","7.1","4.9","0.1","12","<1","<0.02","1.6","<1","2.6","9","0.5","150","34","4.8","<2","19.5","<10","23000"
"Deep Bay","River Beas","RB2","2024-04-19","1","6.4","<50","1.3","0.06","<1","7","20","<1","<50","<0.1","15","42","8.5","<1","218","2","<0.01","92","7.5","39000","0.008","<0.2","<0.01","210","<1","90","<1","3","2","1.4","0.19","<0.5","0.26","7.1","7.5","0.1","10","<1","0.02","7","<1","2.1","9","0.37","210","54","23.4","<2","25.8","<10","15000"
"Deep Bay","River Beas","RB2","2024-05-23","1","4.2","<50","0.76","<0.05","<1","8","22","<1","<50","<0.1","8","<10","5.1","<1","196","1","<0.01","77","6.3","90000","0.189","<0.2","<0.01","240","<1","40","<1","<2","2","0.65","0.1","<0.5","0.14","6.7","4.6","0.1","15","<1","<0.02","8.4","<1","1.1","6","0.22","190","96","8.7","<2","25.5","20","21000"
"Deep Bay","River Beas","RB2","2024-06-19","1","4.6","<50","0.17","<0.05","<1","6","16","<1","<50","<0.1","12","<10","0.3","<1","148","<1","<0.01","92","7.2","350000","0.277","<0.2","<0.01","60","<1","40","<1","<2","<1","0.77","0.047","<0.5","0.089","7","<0.2","0.1","18","<1","<0.02","2.4","<1","0.54","3","0.17","150","60","3.7","<2","27.6","<10","6600"
"Deep Bay","River Beas","RB2","2024-07-17","1","3.9","<50","0.53","<0.05","<1","6","14","<1","<50","<0.1","14","<10","4.2","<1","148","1","<0.01","92","7.1","180000","0.594","<0.2","<0.01","220","<1","10","<1","<2","<1","0.59","0.064","<0.5","0.15","7.3","5","0.1","13","<1","0.02","9.1","<1","1","5","0.23","150","69","29.4","<2","28.6","10","42000"
"Deep Bay","River Beas","RB2","2024-08-14","1","2","<50","0.56","<0.05","<1","6","18","<1","<50","<0.1","12","14","3.9","<1","146","1","<0.01","93","7.3","58000","0.502","<0.2","<0.01","200","<1","20","<1","<2","<1","0.71","0.081","<0.5","0.13","7.1","4.2","0.1","15","<1","<0.02","6.4","<1","0.82","3","0.18","140","88","6.3","<2","27.9","20","18000"
"Deep Bay","River Beas","RB2","2024-09-04","1","3.4","<50","0.42","<0.05","<1","6","15","<1","<50","<0.1","5","<10","5.3","<1","130","1","<0.01","86","6.8","110000","0.448","<0.2","<0.01","130","<1","10","<1","<2","<1","1","0.078","<0.5","0.2","6.9","2.1","0.1","15","<1","<0.02","9","<1","0.8","4","0.21","150","82","18.8","<2","27.6","30","44000"
"Deep Bay","River Beas","RB2","2024-10-16","1","4.1","<50","0.52","0.07","<1","4","13","<1","<50","<0.1","6","<10","7.9","<1","168","1","<0.01","94","7.6","40000","0.227","<0.2","<0.01","130","<1","<10","<1","<2","<1","0.59","0.11","<0.5","0.15","7.1","7.5","0.1","17","<1","<0.02","9.7","<1","0.98","2","0.22","150","34","4.1","<2","26.6","<10","26000"
"Deep Bay","River Beas","RB2","2024-11-13","1","4.3","<50","1","<0.05","<1","6","19","<1","<50","<0.1","10","16","2.8","<1","184","1","<0.01","92","7.5","230000","0.162","0.3","<0.01","100","<1","30","<1","<2","1","0.79","0.13","<0.5","0.14","7.2","1.9","0.1","20","<1","<0.02","110","<1","1.3","3","0.2","360","64","142.3","<2","25.3","30","110000"
"Deep Bay","River Beas","RB2","2024-12-11","1","5","<50","0.81","<0.05","<1","7","18","<1","<50","<0.1","6","14","1","<1","176","1","<0.01","92","8.1","140000","0.101","0.2","<0.01","80","<1","20","<1","<2","<1","0.5","0.1","<0.5","0.22","7.1","1","0.1","16","<1","<0.02","10","<1","1.5","4","0.29","170","61","11.3","<2","21.5","<10","30000"
"Deep Bay","River Beas","RB3","2024-01-08","1","5.8","<50","1.2","0.07","<1","6","17","<1","<50","<0.1","16","18","0.4","<1","201","1","<0.01","88","8.3","8500","null","0.2","<0.01","220","<1","60","<1","<2","2","0.46","0.14","<0.5","0.15","7.2","<0.2","0.1","13","<1","<0.02","9.9","<1","2","7","0.26","190","130","8.5","<2","18.5","<10","3300"
"Deep Bay","River Beas","RB3","2024-02-21","1","14","<50","1.8","<0.05","<1","7","16","<1","<50","<0.1","14","25","2.8","<1","291","1","<0.01","82","6.8","20000","null","0.3","<0.01","80","<1","70","<1","<2","3","0.25","0.091","<0.5","0.19","7.2","2.3","0.1","12","<1","0.05","34","<1","2.6","7","0.34","270","93","47.8","<2","25.1","<10","8000"
"Deep Bay","River Beas","RB3","2024-03-08","1","23","<50","2.7","0.11","1","3","18","<1","80","<0.1","26","73","4.3","<1","433","1","<0.01","59","5.5","90000","null","0.3","<0.01","80","<1","150","<1","2","4","1.9","0.11","<0.5","0.16","7","4.2","0.2","11","<1","<0.02","0.8","<1","3.5","11","0.38","320","67","12","<2","18.6","<10","43000"
"Deep Bay","River Beas","RB3","2024-04-19","1","22","<50","4.4","0.54","<1","7","19","<1","<50","<0.1","26","53","6.4","<1","371","2","<0.01","61","5","490000","null","0.3","<0.01","160","<1","150","<1","3","4","0.44","0.39","<0.5","0.33","7.2","3","0.2","11","<1","0.03","4","<1","5.7","16","0.57","290","74","23.1","<2","25.6","20","80000"
"Deep Bay","River Beas","RB3","2024-05-23","1","3.2","<50","1.1","0.07","<1","4","19","<1","60","<0.1","16","55","0.5","<1","415","1","<0.01","50","4","140000","null","0.3","<0.01","110","<1","120","<1","3","5","1.7","0.11","<0.5","0.13","6.8","<0.2","0.2","13","<1","<0.02","9.4","<1","1.7","8","0.21","310","130","11.1","<2","26.1","10","15000"
"Deep Bay","River Beas","RB3","2024-06-19","1","2.7","<50","0.32","<0.05","<1","7","17","<1","<50","<0.1","9","<10","1.3","<1","156","1","<0.01","97","7.5","190000","null","<0.2","<0.01","60","<1","20","<1","<2","<1","0.71","0.047","<0.5","0.094","7.1","1.1","0.1","18","<1","<0.02","4.9","<1","0.52","3","0.15","160","57","15.7","<2","28.4","<10","11000"
"Deep Bay","River Beas","RB3","2024-07-17","1","5.8","<50","0.58","<0.05","<1","9","16","<1","<50","<0.1","15","<10","3.3","<1","187","1","<0.01","92","7","270000","null","<0.2","<0.01","230","<1","20","<1","4","<1","0.56","0.078","<0.5","0.14","7.7","<0.2","0.1","14","<1","0.04","160","<1","1.3","7","0.32","260","47","76.8","<2","30","40","40000"
"Deep Bay","River Beas","RB3","2024-08-14","1","5.2","<50","0.74","<0.05","<1","8","16","<1","<50","<0.1","14","17","6.4","<1","184","2","<0.01","103","8.1","94000","null","<0.2","<0.01","150","<1","20","<1","3","<1","0.67","0.063","0.5","0.073","7.5","7.1","0.1","10","<1","0.02","30","<1","1","4","0.22","210","83","21.1","<2","28.1","30","26000"
"Deep Bay","River Beas","RB3","2024-09-04","1","3.5","<50","0.51","<0.05","<1","2","16","<1","<50","<0.1","4","<10","2","<1","201","1","<0.01","71","5.3","90000","null","0.2","<0.01","<50","<1","50","<1","<2","<1","1","0.1","<0.5","0.19","6.9","2.1","0.1","17","<1","<0.02","6.2","<1","0.67","3","0.2","260","170","8.3","<2","30.1","<10","22000"
"Deep Bay","River Beas","RB3","2024-10-16","1","5.7","<50","1.1","0.07","<1","5","20","<1","50","<0.1","9","60","29","1","397","2","<0.01","65","5.2","80000","null","0.3","<0.01","70","<1","80","<1","2","6","1.3","0.15","<0.5","0.15","7","7.4","0.2","16","<1","<0.02","11","<1","2.1","6","0.24","300","15","10.8","<2","27.3","10","15000"
"Deep Bay","River Beas","RB3","2024-11-13","1","4.2","<50","1.6","<0.05","<1","5","20","<1","<50","<0.1","19","50","21","<1","354","<1","<0.01","57","4.7","42000","null","0.4","<0.01","80","<1","120","<1","3","3","0.93","0.15","<0.5","0.16","7.1","9.9","0.2","19","<1","0.02","8.9","<1","2.7","7","0.29","270","55","14.2","<2","25.1","30","9000"
"Deep Bay","River Beas","RB3","2024-12-11","1","6","<50","0.39","<0.05","<1","6","24","<1","<50","<0.1","18","14","5.4","<1","208","1","<0.01","106","9.3","62000","null","0.3","<0.01","70","<1","90","<1","<2","1","0.51","0.073","<0.5","0.15","7.2","2.3","0.1","16","<1","<0.02","64","<1","0.97","4","0.33","260","100","26.9","<2","21.8","<10","3600"
"North Western","Tung Chung River","TC1","2024-01-19","1","<0.1","<50","0.03","<0.05","<1","<1","19","<1","<50","<0.1","<2","16","1.1","<1","72","1","<0.01","100","9","190","0.01","<0.2","<0.01","70","<1","90","<1","<2","<1","0.062","0.002","<0.5","0.007","7.2","<0.2","0","18","<1","<0.02","2.4","<1","0.07","<1","<0.02","150","100","0.4","<2","20.7","<10","31"
"North Western","Tung Chung River","TC1","2024-02-01","1","1.1","<50","0.035","<0.05","<1","<1","20","<1","<50","<0.1","4","<10","1","<1","69","<1","<0.01","99","8.9","900","0.022","<0.2","<0.01","<50","<1","70","<1","<2","1","0.1","0.003","<0.5","0.008","6.9","<0.2","0","19","<1","<0.02","1.2","<1","0.06","2","<0.02","75","50","1.8","<2","20.6","<10","160"
"North Western","Tung Chung River","TC1","2024-03-20","1","0.2","<50","0.12","<0.05","<1","<1","23","<1","<50","<0.1","3","<10","0.7","<1","81","<1","<0.01","100","8.9","900","0.038","<0.2","<0.01","90","<1","150","<1","<2","1","0.064","0.008","<0.5","0.017","7","<0.2","0","18","<1","<0.02","0.8","<1","0.23","3","0.05","120","74","0.6","<2","21.3","<10","30"
"North Western","Tung Chung River","TC1","2024-04-15","1","1.6","<50","0.86","0.05","<1","1","25","<1","<50","<0.1","7","45","1.7","<1","252","<1","<0.01","94","7.7","900","0.04","<0.2","<0.01","180","<1","270","<1","<2","1","0.11","0.031","<0.5","0.059","7.4","0.5","0.1","15","<1","<0.02","2.2","<1","0.9","6","0.11","130","50","1.5","<2","25.5","<10","170"
"North Western","Tung Chung River","TC1","2024-05-13","1","0.4","<50","0.78","<0.05","<1","1","23","<1","<50","<0.1","8","42","1.9","<1","268","<1","<0.01","93","7.6","4600","0.017","<0.2","<0.01","110","<1","70","<1","<2","<1","0.11","0.015","<0.5","0.086","7.2","1.5","0.1","17","<1","<0.02","28","<1","0.96","6","0.09","250","94","2","<2","25.7","10","290"
"North Western","Tung Chung River","TC1","2024-06-21","1","<0.1","<50","0.026","<0.05","<1","<1","21","<1","<50","<0.1","6","<10","0.4","<1","77","<1","<0.01","94","7.4","3600","0.354","<0.2","<0.01","80","<1","110","<1","<2","<1","0.13","<0.002","<0.5","0.042","6.9","<0.2","0","20","<1","<0.02","1.5","<1","0.14","1","0.06","80","37","1.2","<2","28","<10","520"
"North Western","Tung Chung River","TC1","2024-07-15","1","0.4","<50","0.019","<0.05","<1","1","21","<1","<50","<0.1","2","<10","0.5","<1","75","<1","<0.01","96","7.5","1100","0.508","<0.2","<0.01","170","<1","110","<1","<2","<1","0.062","<0.002","<0.5","0.036","6.9","0.4","0","19","<1","<0.02","3.5","<1","0.08","1","0.04","93","36","0.7","<2","28.2","<10","150"
"North Western","Tung Chung River","TC1","2024-08-26","1","1.4","<50","0.04","<0.05","<1","<1","17","<1","<50","<0.1","3","19","0.7","<1","61","<1","<0.01","96","7.5","2000","0.4","<0.2","<0.01","110","<1","50","<1","<2","<1","0.1","<0.002","<0.5","0.016","6.6","0.7","0","17","<1","<0.02","2","<1","0.11","1","0.02","160","80","0.9","<2","27.6","10","180"
"North Western","Tung Chung River","TC1","2024-09-23","1","1","<50","0.022","<0.05","<1","<1","17","<1","<50","<0.1","4","<10","0.4","<1","57","14","<0.01","95","7.9","5400","0.324","<0.2","<0.01","90","<1","30","<1","<2","<1","0.27","0.004","<0.5","0.081","6.8","<0.2","0","18","<1","<0.02","3","<1","0.11","2","0.09","89","74","2.3","<2","25.1","10","900"
"North Western","Tung Chung River","TC1","2024-10-09","1","<0.1","<50","0.021","<0.05","<1","<1","16","<1","<50","<0.1","3","12","0.3","<1","58","<1","<0.01","94","7.9","3300","0.322","<0.2","<0.01","60","<1","50","<1","<2","<1","0.17","0.003","<0.5","0.021","6.9","<0.2","0","20","<1","<0.02","2.7","<1","<0.05","<1","0.03","62","18","1","<2","24","40","530"
"North Western","Tung Chung River","TC1","2024-11-27","1","1.2","<50","0.033","<0.05","<1","<1","19","<1","<50","<0.1","3","<10","0.2","<1","59","<1","<0.01","95","8.6","1900","0.187","<0.2","<0.01","<50","<1","80","<1","<2","<1","0.19","<0.002","<0.5","0.029","6.9","0.2","0","18","<1","<0.02","1.3","<1","<0.05","1","0.05","68","24","0.8","<2","19.7","<10","46"
"North Western","Tung Chung River","TC1","2024-12-09","1","<0.1","<50","0.021","<0.05","<1","<1","20","<1","<50","<0.1","8","27","0.3","<1","80","<1","<0.01","94","8.7","100","0.54","<0.2","<0.01","70","<1","70","<1","<2","<1","0.053","0.003","<0.5","0.06","6.9","0.4","0","20","<1","<0.02","1.3","<1","0.17","1","0.07","110","34","0.5","<2","18.9","20","22"
"North Western","Tung Chung River","TC2","2024-01-19","1","0.2","<50","0.013","<0.05","<1","1","13","<1","<50","<0.1","3","<10","0.9","<1","108","<1","<0.01","98","8.8","990","0.187","<0.2","<0.01","50","<1","10","<1","<2","<1","0.43","0.005","<0.5","0.051","7.6","<0.2","0.1","18","<1","<0.02","2","<1","0.09","1","0.06","130","78","1.2","<2","20.3","<10","300"
"North Western","Tung Chung River","TC2","2024-02-01","1","1.6","<50","0.16","<0.05","<1","<1","21","<1","<50","<0.1","4","<10","1.2","<1","93","2","<0.01","94","8.4","900","0.462","<0.2","<0.01","<50","<1","10","<1","<2","<1","1.1","0.025","<0.5","0.03","7","0.4","0.1","19","<1","<0.02","9.4","<1","0.22","2","0.04","100","47","4.6","<2","21","<10","270"
"North Western","Tung Chung River","TC2","2024-03-20","1","0.5","<50","0.049","<0.05","<1","1","17","<1","<50","<0.1","4","12","1.1","<1","154","2","<0.01","96","8.6","1100","0.024","<0.2","<0.01","<50","<1","20","<1","<2","2","0.56","0.034","<0.5","0.038","7.5","0.3","0.1","16","<1","<0.02","<0.5","<1","0.2","3","0.07","130","58","1.9","<2","21","<10","220"
"North Western","Tung Chung River","TC2","2024-04-15","1","0.9","<50","0.026","<0.05","<1","2","15","<1","<50","<0.1","5","44","0.9","<1","312","<1","<0.01","86","7.1","1200","1.302","<0.2","<0.01","60","<1","20","<1","<2","1","0.51","0.004","<0.5","0.07","7.3","0.8","0.2","16","<1","<0.02","3.1","<1","0.12","4","0.09","130","52","1.4","<2","25.3","<10","470"
"North Western","Tung Chung River","TC2","2024-05-13","1","0.3","<50","0.018","<0.05","<1","1","18","<1","50","<0.1","4","51","1.9","<1","122","2","<0.01","97","7.8","12000","0.521","<0.2","<0.01","60","<1","20","<1","<2","2","0.34","0.008","<0.5","0.056","7.5","1.4","0.1","17","<1","<0.02","1.7","<1","0.21","5","0.07","340","170","35.2","<2","26.3","320","1000"
"North Western","Tung Chung River","TC2","2024-06-21","1","0.3","<50","0.031","<0.05","<1","<1","10","<1","<50","<0.1","4","<10","0.7","<1","101","<1","<0.01","98","7.6","8000","2.814","<0.2","<0.01","60","<1","10","<1","<2","<1","0.16","0.004","<0.5","0.047","7.5","<0.2","0","19","<1","<0.02","5.4","<1","0.13","1","0.06","76","34","6","<2","28.8","<10","3300"
"North Western","Tung Chung River","TC2","2024-07-15","1","0.8","<50","0.022","<0.05","<1","1","14","<1","<50","<0.1","5","<10","1","<1","85","<1","<0.01","99","7.7","5400","1.2","<0.2","<0.01","110","<1","20","<1","<2","<1","0.2","0.004","<0.5","0.056","7.3","0.6","0","19","<1","<0.02","2.2","<1","0.16","2","0.07","74","42","2","<2","28.7","<10","610"
"North Western","Tung Chung River","TC2","2024-08-26","1","0.2","<50","0.053","<0.05","<1","<1","9","<1","<50","<0.1","3","<10","0.9","1","61","<1","<0.01","98","7.7","5100","2.93","<0.2","<0.01","140","<1","<10","<1","<2","<1","0.14","0.007","<0.5","0.021","7.1","0.5","0","17","<1","<0.02","2.6","<1","0.16","2","0.03","87","56","1.1","<2","28.2","<10","2100"
"North Western","Tung Chung River","TC2","2024-09-23","1","1.1","<50","0.033","<0.05","<1","<1","12","<1","<50","<0.1","3","<10","0.5","<1","65","<1","<0.01","98","8.1","12000","0.48","<0.2","<0.01","110","<1","10","<1","<2","<1","0.26","0.006","<0.5","0.046","7","0.5","0","17","<1","<0.02","4.7","<1","0.14","2","0.06","100","72","6.9","<2","24.9","<10","480"
"North Western","Tung Chung River","TC2","2024-10-09","1","<0.1","<50","0.041","<0.05","<1","<1","10","<1","<50","<0.1","2","52","0.6","<1","85","<1","<0.01","97","8.2","8000","2.117","<0.2","<0.01","60","<1","10","<1","<2","<1","0.14","0.005","<0.5","0.043","7.7","0.4","0","18","<1","<0.02","2.7","<1","0.07","1","0.05","140","24","0.8","<2","23.8","<10","360"
"North Western","Tung Chung River","TC2","2024-11-27","1","1.8","<50","0.034","<0.05","<1","<1","13","<1","<50","<0.1","4","<10","0.5","<1","68","<1","<0.01","97","8.9","8000","0.079","<0.2","<0.01","<50","<1","10","<1","<2","<1","0.27","0.005","<0.5","0.04","7.5","0.5","0","17","<1","<0.02","2.8","<1","0.08","2","0.06","80","33","1.5","<2","19.5","20","480"
"North Western","Tung Chung River","TC2","2024-12-09","1","1","<50","0.05","<0.05","<1","<1","17","<1","<50","<0.1","4","13","1.3","<1","86","<1","<0.01","95","8.9","1300","0.504","<0.2","<0.01","60","<1","20","<1","<2","2","0.35","0.013","<0.5","0.051","7.3","1","0.1","20","<1","<0.02","1","<1","0.1","1","0.07","81","43","1.1","<2","18.5","<10","480"
"North Western","Tung Chung River","TC3","2024-01-19","1","9.5","<50","1.6","0.39","<1","1","10","<1","<50","<0.1","15","<10","1.8","<1","94","<1","<0.01","105","8.9","110000","0.026","<0.2","<0.01","<50","<1","<10","<1","<2","<1","0.078","0.016","<0.5","0.16","8","0.7","0","14","<1","<0.02","3.3","<1","2.2","5","0.23","120","72","2.5","<2","23.6","<10","42000"
"North Western","Tung Chung River","TC3","2024-02-01","1","18","<50","2.1","0.26","<1","1","12","<1","<50","<0.1","18","26","1.3","<1","122","3","<0.01","99","8.7","170000","0.057","<0.2","<0.01","70","<1","<10","<1","<2","1","0.21","0.03","<0.5","0.16","7.6","0.4","0.1","17","<1","<0.02","4.8","<1","2.2","8","0.24","96","41","4","<2","21.6","<10","100000"
"North Western","Tung Chung River","TC3","2024-03-20","1","22","<50","1.9","0.84","<1","1","13","<1","<50","<0.1","18","13","1.6","<1","123","1","<0.01","98","8.2","200000","0.015","<0.2","<0.01","<50","<1","<10","<1","<2","2","0.26","0.026","1","0.099","7.6","1","0.1","12","<1","<0.02","<0.5","<1","2.6","8","0.29","120","66","3.3","<2","24.4","110","35000"
"North Western","Tung Chung River","TC3","2024-04-15","1","11","<50","2.5","1","<1","1","12","<1","<50","<0.1","24","<10","2.5","<1","168","1","<0.01","93","7.4","74000","0.055","<0.2","<0.01","60","<1","<10","<1","<2","1","0.18","0.03","0.9","0.26","7.9","2.5","0.1","12","<1","<0.02","2","<1","2.7","9","0.41","130","100","2.6","<2","27.1","<10","33000"
"North Western","Tung Chung River","TC3","2024-05-13","1","6.2","<50","1.4","0.9","<1","2","15","<1","<50","<0.1","15","<10","4.3","<1","134","1","<0.01","113","8.8","180000","0.029","<0.2","<0.01","60","<1","<10","<1","<2","<1","0.22","0.056","0.8","0.17","8.3","2","0.1","13","<1","<0.02","2.4","<1","2","6","0.22","150","84","1.7","<2","28.5","20","36000"
"North Western","Tung Chung River","TC3","2024-06-21","1","3.2","<50","0.46","0.11","<1","1","11","<1","<50","<0.1","7","<10","0.9","<1","77","<1","<0.01","105","8","35000","0.098","<0.2","<0.01","<50","<1","10","<1","<2","<1","0.12","0.011","<0.5","0.064","7.4","<0.2","0","15","<1","<0.02","2.6","<1","0.58","2","0.08","48","27","2.3","<2","29.8","<10","14000"
"North Western","Tung Chung River","TC3","2024-07-15","1","4.2","<50","1.1","0.13","<1","2","12","<1","<50","<0.1","10","<10","1.5","<1","88","<1","<0.01","109","8.2","51000","0.054","<0.2","<0.01","70","<1","<10","<1","<2","<1","0.15","0.052","<0.5","0.12","7.7","1.6","0","15","<1","<0.02","2.4","<1","0.72","3","0.07","66","44","2.1","<2","30.5","<10","36000"
"North Western","Tung Chung River","TC3","2024-08-26","1","2.9","<50","0.61","0.25","<1","1","12","<1","<50","<0.1","9","<10","0.7","<1","67","<1","<0.01","105","8","68000","0.017","<0.2","<0.01","70","<1","<10","<1","<2","<1","0.13","0.013","0.5","0.057","7.1","0.7","0","14","<1","<0.02","1.4","<1","0.72","2","0.08","110","76","1.4","<2","29.7","<10","6200"
"North Western","Tung Chung River","TC3","2024-09-23","1","2.4","<50","0.13","<0.05","<1","<1","12","<1","<50","<0.1","4","<10","0.4","<1","41","<1","<0.01","100","8.3","13000","0.658","<0.2","<0.01","60","<1","<10","<1","<2","<1","0.43","0.006","<0.5","0.045","6.7","0.3","0","13","<1","<0.02","1.8","<1","0.16","1","0.06","76","54","0.7","<2","24.9","<10","3400"
"North Western","Tung Chung River","TC3","2024-10-09","1","4.8","<50","0.16","0.17","<1","<1","11","<1","<50","<0.1","7","<10","0.7","<1","57","<1","<0.01","99","8.3","200000","0.091","<0.2","<0.01","<50","<1","<10","<1","<2","<1","0.11","0.009","<0.5","0.062","7.1","0.5","0","16","<1","<0.02","1.8","<1","0.42","2","0.11","110","22","5.8","<2","24.5","<10","2700"
"North Western","Tung Chung River","TC3","2024-11-27","1","7.2","<50","0.8","0.17","<1","1","13","<1","<50","<0.1","3","17","0.7","<1","69","<1","<0.01","95","8.5","130000","0.097","<0.2","<0.01","<50","<1","20","<1","<2","<1","0.33","0.043","0.6","0.095","7.2","0.5","0","15","<1","<0.02","3.4","<1","0.97","3","0.15","72","23","1.8","<2","20.8","20","90000"
"North Western","Tung Chung River","TC3","2024-12-09","1","5.1","<50","0.91","0.22","<1","<1","11","<1","<50","<0.1","11","<10","1.5","<1","84","<1","<0.01","99","9","82000","0.06","<0.2","<0.01","<50","<1","<10","<1","<2","<1","0.26","0.034","<0.5","0.092","7.4","<0.2","0","17","<1","<0.02","6","<1","1","4","0.16","71","48","2.3","<2","19.8","<10","26000"
"North Western","Tuen Mun River","TN1","2024-01-04","1","19","<50","5.3","1","<1","<1","21","<1","160","<0.1","42","500","2.2","1","2417","1","<0.01","52","4.7","290000","0.515","0.4","<0.01","100","<1","110","<1","2","2","0.47","0.11","<0.5","0.45","7.3","0.7","1.4","12","<1","0.04","10","<1","7.7","9","0.71","1600","280","16.5","<2","20.2","<10","150000"
"North Western","Tuen Mun River","TN1","2024-02-15","1","23","<50","6.1","1","<1","<1","18","<1","220","<0.1","38","750","29","<1","2982","2","<0.01","66","5.8","500000","0.319","0.4","<0.01","80","<1","70","<1","<2","2","0.16","0.27","1.6","0.54","7.4","9.5","1.7","9.3","<1","0.04","1","<1","7.2","10","0.68","1900","400","6.1","<2","21.5","<10","80000"
"North Western","Tuen Mun River","TN1","2024-03-01","1","21","<50","6.8","0.94","<1","<1","20","<1","240","<0.1","23","900","2.8","<1","2688","1","<0.01","45","4.3","350000","0.405","0.4","<0.01","100","<1","90","<1","2","2","0.59","0.14","0.7","0.45","7.4","1.1","1.7","8.4","<1","0.03","9.9","<1","7.8","10","1.8","1800","290","6.3","<2","17.1","<10","130000"
"North Western","Tuen Mun River","TN1","2024-04-08","1","19","<50","6.3","0.99","<1","1","21","<1","170","<0.1","19","670","0.5","<1","2977","1","<0.01","44","3.6","480000","0.423","0.4","<0.01","50","<1","110","<1","2","2","0.012","<0.002","1.4","0.38","7.6","0.3","1.5","10","<1","0.02","5.2","<1","6.5","14","0.62","1700","260","7.1","<2","25.5","<10","100000"
"North Western","Tuen Mun River","TN1","2024-05-03","1","9.5","<50","4","0.71","<1","<1","21","<1","100","<0.1","13","320","2.2","<1","1463","2","<0.01","74","6.1","430000","0.158","0.4","<0.01","60","<1","90","<1","3","2","0.97","0.2","<0.5","0.35","7.5","<0.2","0.7","11","<1","<0.02","5.9","<1","4.9","8","0.52","900","200","3.9","<2","25.3","<10","80000"
"North Western","Tuen Mun River","TN1","2024-06-22","1","58","<50","2.7","0.64","<1","<1","16","<1","60","<0.1","32","190","0.9","<1","1024","1","<0.01","84","6.4","150000","0.187","0.4","<0.01","80","<1","50","<1","<2","<1","0.5","0.32","1.6","0.26","7.6","<0.2","0.5","17","<1","<0.02","4.8","<1","3.3","6","0.41","490","85","6.3","<2","29.7","70","38000"
"North Western","Tuen Mun River","TN1","2024-07-19","1","7.8","<50","3.2","0.07","<1","1","17","<1","80","<0.1","17","230","3.3","<1","1194","2","<0.01","73","5.7","520000","0.38","0.3","<0.01","100","<1","70","<1","3","1","0.68","0.073","<0.5","0.23","7.4","1","0.6","8","<1","0.03","10","<1","3.4","6","0.38","710","200","21.3","<2","27.9","20","130000"
"North Western","Tuen Mun River","TN1","2024-08-02","1","9","<50","1.3","0.18","<1","<1","19","<1","<50","<0.1","11","120","1","<1","680","1","<0.01","96","7.1","270000","0.14","0.4","<0.01","70","<1","40","<1","2","<1","1.1","0.19","<0.5","0.19","7.6","0.7","0.3","18","<1","<0.02","2.7","<1","1.5","5","0.29","410","140","2.8","<2","31.4","<10","10000"
"North Western","Tuen Mun River","TN1","2024-09-20","1","8.7","<50","5","0.1","<1","<1","19","<1","140","<0.1","23","470","5","<1","2678","1","<0.01","58","4.3","490000","0.208","0.5","<0.01","120","<1","60","<1","2","1","0.74","0.11","0.6","0.41","7.6","4.5","1.3","9","<1","<0.02","5.5","<1","5.3","6","0.57","1700","540","3.5","<2","29.6","<10","70000"
"North Western","Tuen Mun River","TN1","2024-10-10","1","14","<50","3.8","0.63","<1","<1","18","<1","160","<0.1","23","470","3.7","<1","2722","<1","<0.01","67","5.2","330000","0.165","0.5","<0.01","90","<1","60","<1","2","1","1.1","0.17","0.5","0.42","7.6","3.8","1.3","12","<1","<0.02","5.4","<1","5.3","5","0.58","1500","240","3.6","<2","27.9","<10","51000"
"North Western","Tuen Mun River","TN1","2024-11-11","1","24","<50","5.5","0.67","<1","<1","17","<1","170","<0.1","26","950","11","1","2977","1","<0.01","59","4.8","380000","0.314","0.5","<0.01","100","<1","80","<1","<2","2","0.51","0.14","1","0.51","7.6","5.5","1.5","15","<1","0.04","5.9","<1","6.6","7","0.77","1900","320","6.7","<2","26","<10","110000"
"North Western","Tuen Mun River","TN1","2024-12-06","1","14","<50","6.7","0.47","<1","<1","16","<1","140","<0.1","19","940","2.7","<1","2590","1","<0.01","44","3.7","410000","0.761","0.5","<0.01","70","<1","70","<1","4","2","0.62","0.17","0.8","0.45","7.3","1.6","1.4","14","<1","0.03","10","<1","7","8","0.59","1800","240","5","<2","22.5","<10","230000"
"North Western","Tuen Mun River","TN2","2024-01-04","1","11","<50","4.9","0.83","<1","<1","12","<1","<50","<0.1","25","46","2.6","<1","370","1","<0.01","66","5.9","210000","0.01","0.4","<0.01","80","<1","100","<1","4","2","0.51","0.07","<0.5","0.54","7.5","2.5","0.2","17","<1","<0.02","3.8","<1","5.4","10","0.66","180","78","6.6","<2","20.5","<10","120000"
"North Western","Tuen Mun River","TN2","2024-02-15","1","12","<50","5.9","0.53","<1","<1","12","<1","<50","<0.1","23","35","5.4","<1","318","1","<0.01","59","5.2","130000","0.005","0.4","<0.01","70","<1","90","<1","3","2","0.35","0.061","1.5","0.93","7.3","4.3","0.2","9.7","<1","0.05","5.6","<1","7.6","9","1.2","180","64","5.3","<2","21.9","<10","110000"
"North Western","Tuen Mun River","TN2","2024-03-01","1","5.9","<50","5.7","0.5","<1","<1","14","<1","<50","<0.1","20","110","1.1","<1","344","1","<0.01","83","8","56000","0.009","0.4","<0.01","70","<1","60","<1","10","2","1.5","0.08","<0.5","0.51","7.4","1.4","0.2","13","<1","<0.02","7","<1","6.3","9","1.2","260","56","3.6","<2","17.4","10","38000"
"North Western","Tuen Mun River","TN2","2024-04-08","1","20","<50","5.7","0.3","<1","2","15","<1","<50","<0.1","31","18","2.6","<1","364","2","<0.01","80","6.4","700000","0.01","0.6","<0.01","140","<1","160","<1","23","2","0.28","0.22","<0.5","0.38","7.7","3.1","0.2","13","<1","0.02","11","<1","6.2","21","0.68","240","40","12.5","<2","26.4","<10","450000"
"North Western","Tuen Mun River","TN2","2024-05-03","1","5.8","450","1.2","0.21","<1","<1","28","<1","<50","<0.1","19","21","4.6","8","353","2","<0.01","98","7.9","97000","0.014","0.7","<0.01","90","<1","<10","<1","52","<1","1.5","0.17","<0.5","0.12","10.2","0.9","0.2","15","<1","0.05","58","<1","1.9","8","0.19","330","68","36.7","3","26.7","<10","84000"
"North Western","Tuen Mun River","TN2","2024-06-22","1","3.6","<50","0.93","0.1","<1","<1","7","<1","<50","<0.1","2","<10","0.3","<1","176","1","<0.01","101","7.5","14000","0.062","0.4","<0.01","<50","<1","30","<1","5","<1","0.71","0.037","<0.5","0.15","7.3","<0.2","0.1","20","<1","<0.02","3.9","<1","1.1","2","0.17","100","36","8.3","<2","31.1","10","9100"
"North Western","Tuen Mun River","TN2","2024-07-19","1","3.4","410","1.1","0.06","<1","<1","34","<1","<50","<0.1","11","<10","1.1","5","275","2","<0.01","91","7.1","30000","0.146","0.4","<0.01","90","<1","20","<1","21","<1","0.73","0.078","<0.5","0.17","10.3","1.2","0.1","16","<1","0.02","16","<1","2.4","4","0.34","200","72","14.3","<2","28.2","<10","12000"
"North Western","Tuen Mun River","TN2","2024-08-02","1","1.9","<50","1.1","0.1","<1","<1","10","<1","<50","<0.1","6","<10","1.2","<1","187","<1","<0.01","97","7.3","90000","0.165","0.3","<0.01","<50","<1","50","<1","2","<1","0.8","0.022","<0.5","0.096","7.4","<0.2","0.1","12","<1","<0.02","3.2","<1","1.1","3","0.16","120","100","6.1","<2","30.3","<10","80000"
"North Western","Tuen Mun River","TN2","2024-09-20","1","3.8","80","1.9","0.32","<1","<1","12","<1","<50","<0.1","15","11","0.9","4","317","1","<0.01","80","6.1","99000","0.019","0.5","<0.01","60","<1","30","<1","21","<1","0.74","0.045","<0.5","0.31","8","0.6","0.1","20","<1","<0.02","1.7","<1","2.4","5","0.34","200","100","3.5","<2","29.6","<10","60000"
"North Western","Tuen Mun River","TN2","2024-10-10","1","8.7","50","2.6","0.23","<1","<1","13","<1","<50","<0.1","12","25","1","3","343","<1","<0.01","87","6.8","31000","0.022","0.4","<0.01","<50","<1","30","<1","12","<1","0.79","0.049","<0.5","0.28","8.2","1","0.2","18","<1","<0.02","5.8","<1","2.7","4","0.35","170","19","4.3","<2","27.7","<10","18000"
"North Western","Tuen Mun River","TN2","2024-11-11","1","15","<50","2.5","0.33","<1","<1","11","<1","<50","<0.1","19","12","4.9","<1","313","<1","<0.01","81","6.5","80000","0.01","0.5","<0.01","60","<1","40","<1","4","<1","0.66","0.036","<0.5","0.37","7.4","4.6","0.2","19","<1","<0.02","4.2","<1","3.1","6","0.46","140","43","6.5","<2","26","<10","39000"
"North Western","Tuen Mun River","TN2","2024-12-06","1","8.7","<50","5.9","0.42","<1","<1","15","<1","<50","<0.1","14","57","2.3","1","276","2","<0.01","68","5.8","96000","0.011","0.4","<0.01","100","<1","50","<1","5","2","0.8","0.08","0.8","0.58","7.1","0.9","0.1","15","<1","<0.02","5","<1","6.2","9","0.69","250","150","2.9","<2","22.7","<10","69000"
"North Western","Tuen Mun River","TN3","2024-01-04","1","2.7","60","0.32","<0.05","<1","2","17","<1","1800","<0.1","41","12000","0.8","2","32046","5","<0.01","74","6","28000","null","0.7","<0.01","<50","<1","60","<1","9","6","0.28","0.022","<0.5","0.012","7.5","0.7","22.8","5.2","<1","<0.02","1.2","<1","0.51","5","0.04","28000","6900","1.4","4","19.1","<10","11000"
"North Western","Tuen Mun River","TN3","2024-02-15","1","2","<50","0.47","<0.05","<1","2","17","<1","2600","<0.1","51","14000","3.1","2","32709","4","<0.01","71","5.6","14000","null","0.7","<0.01","<50","<1","50","<1","9","7","0.38","0.023","<0.5","0.055","7.5","0.5","22.6","3","<1","<0.02","3.4","<1","0.8","4","0.09","37000","8400","2.1","3","20.6","<10","5700"
"North Western","Tuen Mun River","TN3","2024-03-01","1","2.2","<50","0.46","0.09","<1","2","15","<1","2700","<0.1","13","15000","1.3","<1","32853","4","<0.01","75","6.2","11000","null","0.7","<0.01","<50","<1","30","<1","9","6","0.39","0.017","<0.5","0.031","7.6","<0.2","24.6","2.8","<1","<0.02","2","<1","0.56","7","0.23","42000","12000","1.8","3","17.3","20","8300"
"North Western","Tuen Mun River","TN3","2024-04-08","1","4.3","50","0.65","0.06","<1","2","21","<1","1800","<0.1","67","12000","24","2","32474","4","<0.01","89","6.5","16000","null","0.7","<0.01","<50","<1","110","<1","8","6","0.51","0.06","<0.5","0.086","8","0.4","20","2.3","<1","<0.02","4.1","<1","1","9","0.17","31000","7000","1.6","3","25.6","<10","3200"
"North Western","Tuen Mun River","TN3","2024-05-03","1","1.3","<50","0.63","<0.05","<1","1","26","<1","850","<0.1","23","4300","0.5","<1","13617","1","<0.01","57","4.5","230000","null","0.5","<0.01","<50","<1","100","<1","5","3","0.78","0.1","<0.5","0.066","7.3","0.3","7.8","8.1","<1","<0.02","1.9","<1","1.1","5","0.09","13000","3700","1.2","<2","25.1","<10","22000"
"North Western","Tuen Mun River","TN3","2024-06-22","1","3.3","<50","0.28","<0.05","<1","1","28","<1","780","<0.1","18","3900","27","<1","12711","1","<0.01","106","7.7","8000","null","0.5","<0.01","<50","<1","100","<1","4","2","0.64","0.072","<0.5","0.006","7.9","8.7","6.5","9.9","<1","<0.02","5.2","<1","0.78","4","0.07","9800","1900","1.7","<2","30.2","<10","1500"
"North Western","Tuen Mun River","TN3","2024-07-19","1","2.8","80","0.55","<0.05","<1","1","27","<1","1000","<0.1","53","5200","1","2","13860","2","<0.01","75","5.7","390000","null","0.4","<0.01","50","<1","70","<1","7","2","0.54","0.05","<0.5","0.012","7.7","0.9","7.5","8.4","<1","<0.02","7.1","<1","0.8","4","0.1","13000","3600","4.7","2","27.8","20","54000"
"North Western","Tuen Mun River","TN3","2024-08-02","1","1.1","<50","0.51","<0.05","<1","1","26","<1","880","<0.1","60","4800","0.8","1","15994","2","<0.01","72","5.2","90000","null","0.5","<0.01","<50","<1","90","<1","5","2","0.53","0.069","<0.5","0.06","7.4","<0.2","8.4","10","<1","<0.02","1.2","<1","0.68","3","0.08","16000","5100","3.5","<2","29.9","150","27000"
"North Western","Tuen Mun River","TN3","2024-09-20","1","1","<50","0.38","0.06","<1","2","17","<1","3300","<0.1","75","19000","4.6","2","43257","5","<0.01","81","5.3","1900","null","0.8","<0.01","80","<1","40","<1","9","6","0.28","0.055","<0.5","0.075","7.9","3.7","25","3.4","<1","<0.02","6","<1","0.45","2","0.12","46000","14000","2.5","3","30.1","10","60"
"North Western","Tuen Mun River","TN3","2024-10-10","1","1.7","90","0.48","0.14","<1","1","20","<1","2300","<0.1","41","18000","5","2","33431","3","<0.01","67","4.8","34000","null","0.8","<0.01","<50","<1","80","<1","7","5","0.26","0.027","<0.5","0.077","7.9","2.7","20.1","5.7","<1","<0.02","9.4","<1","0.69","3","0.15","33000","5000","3.6","<2","26.9","10","7100"
"North Western","Tuen Mun River","TN3","2024-11-11","1","1.3","220","0.31","0.12","<1","2","17","<1","2300","<0.1","31","16000","2.3","3","33889","4","<0.01","82","5.9","19000","null","0.8","<0.01","<50","<1","30","<1","8","5","0.38","0.037","<0.5","0.045","7.8","1.6","20.7","5.3","<1","<0.02","2.9","<1","0.51","4","0.16","34000","6000","1.8","2","26.2","20","3500"
"North Western","Tuen Mun River","TN3","2024-12-06","1","3","80","0.63","<0.05","<1","1","22","<1","1600","<0.1","27","9800","4.5","1","24788","2","<0.01","69","5.5","22000","null","0.8","<0.01","<50","<1","110","<1","8","4","0.51","0.035","<0.5","0.053","7.4","3.7","16.1","6.7","<1","<0.02","5.6","<1","0.97","4","0.17","24000","4300","2.2","<2","22","<10","4400"
"North Western","Tuen Mun River","TN4","2024-01-04","1","1.3","60","0.23","<0.05","<1","1","22","<1","1200","<0.1","49","12000","2.5","2","27236","4","<0.01","83","6.9","12000","null","0.7","<0.01","<50","<1","50","<1","7","5","0.25","0.022","<0.5","0.006","7.4","2.6","19.1","4.7","<1","<0.02","14","<1","0.41","5","0.04","31000","7900","2.9","3","19.2","<10","6600"
"North Western","Tuen Mun River","TN4","2024-02-15","1","2.8","<50","0.49","<0.05","<1","1","22","<1","1800","<0.1","39","10000","1.8","1","25000","3","<0.01","67","5.5","78000","null","0.7","<0.01","60","<1","90","<1","7","6","0.45","0.029","<0.5","0.049","7.3","<0.2","17","4.2","<1","<0.02","3.5","<1","0.85","5","0.08","30000","6700","2.4","2","20.1","40","32000"
"North Western","Tuen Mun River","TN4","2024-03-01","1","2","50","0.49","<0.05","<1","2","16","<1","3300","<0.1","29","15000","1.5","<1","31417","5","<0.01","76","6.3","22000","null","0.7","<0.01","<50","<1","30","<1","9","6","0.38","0.018","<0.5","0.028","7.6","<0.2","23.4","2.9","<1","<0.02","2.2","<1","0.58","6","0.18","39000","10000","1.8","3","17.2","10","5000"
"North Western","Tuen Mun River","TN4","2024-04-08","1","2.9","70","0.84","0.08","<1","2","27","<1","1600","<0.1","59","11000","3.4","2","28823","4","<0.01","69","5.1","58000","null","0.7","<0.01","<50","<1","160","<1","8","7","0.5","0.063","<0.5","0.071","7.7","0.5","17.7","3","<1","<0.02","3.8","<1","1.1","9","0.13","30000","7000","1.8","3","25.3","30","27000"
"North Western","Tuen Mun River","TN4","2024-05-03","1","2.7","<50","0.71","0.05","<1","<1","27","<1","540","<0.1","15","2600","1","<1","8292","1","<0.01","70","5.6","460000","null","0.5","<0.01","<50","<1","120","<1","5","2","0.9","0.1","<0.5","0.06","7.4","<0.2","4.6","9.7","<1","<0.02","2.8","<1","1.2","6","0.1","7100","2100","1.6","<2","24.9","<10","52000"
"North Western","Tuen Mun River","TN4","2024-06-22","1","1","<50","0.4","<0.05","<1","1","28","<1","750","<0.1","19","3600","19","<1","12101","2","<0.01","92","6.7","3200","null","0.5","<0.01","<50","<1","120","<1","4","2","0.62","0.066","<0.5","0.006","7.5","3.3","6.2","11","<1","<0.02","3.6","<1","0.76","3","0.05","11000","2000","1","<2","30","<10","1100"
"North Western","Tuen Mun River","TN4","2024-07-19","1","1.7","80","0.6","0.05","<1","1","32","<1","1100","<0.1","55","5600","1.3","2","16711","2","<0.01","73","5.4","210000","null","0.5","<0.01","60","<1","110","<1","6","3","0.54","0.048","<0.5","0.05","7.6","0.7","9.3","8.2","<1","<0.02","5.6","<1","0.68","3","0.1","15000","4400","3.9","<2","27.5","20","30000"
"North Western","Tuen Mun River","TN4","2024-08-02","1","0.9","<50","0.42","<0.05","<1","1","25","<1","780","<0.1","49","4000","0.5","1","14977","2","<0.01","72","5.3","120000","null","0.5","<0.01","<50","<1","80","<1","5","2","0.54","0.054","<0.5","0.058","7.3","<0.2","7.9","11","<1","<0.02","0.6","<1","0.69","4","0.08","15000","4600","1.3","<2","29.6","<10","36000"
"North Western","Tuen Mun River","TN4","2024-09-20","1","0.6","60","0.52","<0.05","<1","2","18","<1","3200","<0.1","78","21000","6.3","2","40879","5","<0.01","69","4.7","4700","null","0.8","<0.01","110","<1","60","<1","9","7","0.26","0.045","<0.5","0.098","7.7","4","23.9","4","<1","<0.02","4.7","<1","0.65","3","0.14","47000","13000","1.7","3","29.2","10","800"
"North Western","Tuen Mun River","TN4","2024-10-10","1","1.7","90","0.22","0.09","<1","1","18","<1","1900","<0.1","39","12000","17","2","29443","3","<0.01","129","9.2","17000","null","0.8","<0.01","<50","<1","40","<1","7","5","0.47","0.036","<0.5","0.083","8.1","10","17","9","<1","<0.02","13","<1","0.57","3","0.23","26000","4400","5.4","<2","28.2","<10","1600"
"North Western","Tuen Mun River","TN4","2024-11-11","1","1.4","210","0.24","0.08","<1","2","16","<1","2500","<0.1","43","18000","2.8","2","37463","5","<0.01","98","7","26000","null","0.8","<0.01","<50","<1","30","<1","9","7","0.37","0.038","<0.5","0.047","7.8","2.4","23.1","4.7","<1","<0.02","32","<1","0.72","7","0.25","39000","7100","13.9","2","26.2","<10","4700"
"North Western","Tuen Mun River","TN4","2024-12-06","1","9.3","<50","0.36","<0.05","<1","<1","25","<1","350","<0.1","28","2100","5.3","<1","5659","1","<0.01","111","9.4","100000","null","0.6","<0.01","<50","<1","60","<1","3","3","0.81","0.059","<0.5","0.021","7.7","4.9","3.2","13","<1","<0.02","19","<1","1.3","8","0.2","4800","850","4.8","<2","22.4","<10","17000"
"North Western","Tuen Mun River","TN5","2024-01-04","1","1.6","60","0.27","<0.05","<1","1","22","<1","1200","<0.1","32","12000","1.4","2","29166","4","<0.01","72","6","14000","null","0.7","<0.01","<50","<1","100","<1","8","6","0.23","0.024","<0.5","<0.002","7.4","1.5","20.7","4.4","<1","<0.02","1.8","<1","0.39","5","0.03","33000","8100","1.7","3","18.9","<10","5200"
"North Western","Tuen Mun River","TN5","2024-02-15","1","2.2","<50","0.43","<0.05","<1","1","18","<1","1900","<0.1","35","12000","2.3","1","28840","3","<0.01","73","5.8","8000","null","0.7","<0.01","<50","<1","60","<1","8","6","0.42","0.024","<0.5","0.044","7.5","<0.2","19.8","3.5","<1","<0.02","4.6","<1","0.8","4","0.08","29000","7100","2","3","20.4","<10","5900"
"North Western","Tuen Mun River","TN5","2024-03-01","1","2.7","<50","0.48","0.07","<1","2","16","<1","2000","<0.1","25","14000","1.6","<1","32679","4","<0.01","74","6.1","24000","null","0.7","<0.01","<50","<1","40","<1","9","6","0.38","0.017","<0.5","0.06","7.6","0.9","24.2","3","<1","<0.02","2.4","<1","0.63","6","0.74","38000","8700","1.9","3","17.6","10","5400"
"North Western","Tuen Mun River","TN5","2024-04-08","1","4.1","60","0.5","<0.05","<1","2","23","<1","1600","<0.1","55","12000","16","2","31960","5","<0.01","89","6.5","55000","null","0.7","<0.01","<50","<1","120","<1","8","7","0.5","0.06","<0.5","0.092","8","<0.2","19.8","2.3","<1","<0.02","1.7","<1","0.59","7","0.11","29000","6300","1.2","3","25.3","<10","6800"
"North Western","Tuen Mun River","TN5","2024-05-03","1","8.7","<50","0.73","<0.05","<1","1","28","<1","610","<0.1","11","2800","0.8","<1","9772","1","<0.01","69","5.5","1400000","null","0.5","<0.01","<50","<1","120","<1","5","2","0.83","0.098","<0.5","0.068","7.4","<0.2","5.5","9.2","<1","<0.02","6.4","<1","1.3","5","0.1","8700","2500","1.7","<2","25.1","<10","45000"
"North Western","Tuen Mun River","TN5","2024-06-22","1","0.6","<50","0.34","<0.05","<1","1","28","<1","760","<0.1","26","3800","21","<1","12447","2","<0.01","101","7.3","4200","null","0.5","<0.01","<50","<1","110","<1","4","3","0.63","0.069","<0.5","0.009","7.7","8.2","6.4","10","<1","<0.02","3.4","<1","0.73","3","0.08","9500","1900","1.4","<2","30.4","<10","1200"
"North Western","Tuen Mun River","TN5","2024-07-19","1","3.6","70","0.62","<0.05","<1","1","27","<1","940","<0.1","55","4800","1","2","14917","2","<0.01","75","5.7","300000","null","0.4","<0.01","70","<1","90","<1","6","3","0.54","0.048","<0.5","0.058","7.6","1.1","8.2","8.3","<1","<0.02","6.9","<1","0.82","3","0.11","13000","3600","4.2","<2","27.9","20","65000"
"North Western","Tuen Mun River","TN5","2024-08-02","1","1.8","<50","0.45","0.05","<1","1","26","<1","710","<0.1","52","4300","0.6","1","13876","2","<0.01","77","5.6","350000","null","0.5","<0.01","<50","<1","110","<1","5","2","0.52","0.06","<0.5","0.059","7.4","<0.2","7.2","11","<1","<0.02","1.1","<1","0.71","4","0.08","14000","5100","1.7","<2","29.9","<10","27000"
"North Western","Tuen Mun River","TN5","2024-09-20","1","<0.1","<50","0.5","0.06","<1","2","16","<1","3300","<0.1","83","20000","5.6","2","42844","5","<0.01","75","5","2200","null","0.8","<0.01","110","<1","40","<1","9","7","0.27","0.055","<0.5","0.1","7.8","2.6","24.9","3.4","<1","<0.02","7.3","<1","0.62","2","0.13","47000","13000","3","3","29.7","10","400"
"North Western","Tuen Mun River","TN5","2024-10-10","1","4.1","80","0.65","0.06","<1","1","23","<1","2200","<0.1","45","18000","7.8","1","32667","3","<0.01","95","6.8","62000","null","0.8","<0.01","<50","<1","110","<1","8","5","0.27","0.024","<0.5","0.16","8.1","2.9","19.7","5.9","<1","<0.02","11","<1","1.1","3","0.28","35000","5000","9.8","<2","26.5","<10","9000"
"North Western","Tuen Mun River","TN5","2024-11-11","1","4.3","240","0.36","0.09","<1","2","18","<1","2200","<0.1","31","16000","2.3","2","32857","4","<0.01","87","6.3","47000","null","0.8","<0.01","<50","<1","50","<1","8","6","0.37","0.037","<0.5","0.053","7.7","2.2","19.9","5.7","<1","<0.02","3.4","<1","0.53","4","0.16","33000","6300","3","2","26.4","<10","2500"
"North Western","Tuen Mun River","TN5","2024-12-06","1","3.9","80","0.67","<0.05","<1","1","22","<1","1100","<0.1","23","8100","4","<1","17252","2","<0.01","77","6.4","45000","null","0.7","<0.01","<50","<1","140","<1","5","4","0.56","0.036","<0.5","0.05","7.6","2.5","11","9.1","<1","<0.02","4.6","<1","0.97","4","0.13","17000","2900","1.7","<2","21.3","<10","24000"
"North Western","Tuen Mun River","TN6","2024-01-04","1","2.2","<50","0.25","0.11","<1","2","17","<1","1400","<0.1","49","14000","0.8","2","33790","4","<0.01","76","6.1","20000","null","0.8","<0.01","70","<1","60","<1","9","7","0.23","0.023","<0.5","0.011","7.2","0.6","24.4","3.5","<1","<0.02","1.6","<1","0.41","5","0.03","41000","13000","2.1","4","18.8","10","15000"
"North Western","Tuen Mun River","TN6","2024-02-15","1","1.5","<50","0.47","0.1","<1","1","21","<1","1700","<0.1","22","11000","1.6","1","26716","3","<0.01","75","6.1","27000","null","0.7","<0.01","<50","<1","70","<1","7","6","0.43","0.027","<0.5","0.036","7.2","<0.2","18.2","3.8","<1","<0.02","4.1","<1","0.99","4","0.07","29000","6500","1.5","3","20.2","10","13000"
"North Western","Tuen Mun River","TN6","2024-03-01","1","1.2","<50","0.43","0.07","<1","2","16","<1","3800","<0.1","17","16000","1.2","<1","34197","5","<0.01","77","6.4","11000","null","0.7","<0.01","<50","<1","50","<1","9","7","0.35","0.018","<0.5","0.031","7.5","<0.2","25.8","2.4","<1","<0.02","2.3","<1","0.5","5","0.25","40000","8000","1.5","4","17.1","20","4900"
"North Western","Tuen Mun River","TN6","2024-04-08","1","1.8","<50","0.31","0.05","<1","2","19","<1","1900","<0.1","31","14000","7.3","2","35255","5","<0.01","90","6.6","5700","null","0.7","<0.01","<50","<1","50","<1","10","9","0.56","0.037","<0.5","0.047","7.8","0.8","22.4","1.6","<1","<0.02","3","<1","0.59","4","0.12","36000","8300","2.2","3","24.7","<10","1200"
"North Western","Tuen Mun River","TN6","2024-05-03","1","5","<50","0.6","<0.05","<1","1","25","<1","970","<0.1","16","5300","1.2","<1","15505","2","<0.01","80","6.4","370000","null","0.5","<0.01","<50","<1","90","<1","5","3","0.78","0.1","<0.5","0.071","7.4","<0.2","9.1","7.5","<1","<0.02","2.8","<1","1.1","4","0.09","15000","4100","2.4","<2","24.5","10","22000"
"North Western","Tuen Mun River","TN6","2024-06-22","1","1.6","<50","0.043","<0.05","<1","2","20","<1","1000","<0.1","27","5300","22","<1","16784","2","<0.01","113","8.2","1400","null","0.4","<0.01","<50","<1","<10","<1","4","3","0.71","0.1","<0.5","0.027","7.9","10","9.1","7.8","<1","<0.02","5.2","<1","0.41","3","0.1","14000","2700","2.7","2","29","<10","340"
"North Western","Tuen Mun River","TN6","2024-07-19","1","2","80","0.62","<0.05","<1","2","20","<1","960","<0.1","50","4900","0.6","2","12155","2","<0.01","79","6.1","720000","null","0.4","<0.01","80","<1","40","<1","5","3","0.54","0.044","<0.5","0.034","7.2","0.7","6.7","6.3","<1","0.03","5.2","<1","0.86","3","0.1","14000","4100","7.5","2","26.8","10","150000"
"North Western","Tuen Mun River","TN6","2024-08-02","1","1","<50","0.7","<0.05","<1","2","23","<1","1000","<0.1","57","5200","1.2","1","16227","3","<0.01","81","6","36000","null","0.5","<0.01","<50","<1","60","<1","6","3","0.61","0.076","<0.5","0.095","7.1","0.2","8.8","9.7","<1","<0.02","1.4","<1","0.98","3","0.14","16000","5100","1.5","2","28.5","<10","6500"
"North Western","Tuen Mun River","TN6","2024-09-20","1","6.9","<50","0.32","<0.05","<1","2","15","<1","3400","<0.1","50","23000","4.7","2","42299","6","<0.01","84","5.7","450","null","0.8","<0.01","120","<1","30","<1","10","8","0.31","0.062","<0.5","0.055","7.5","0.8","25.3","3.1","<1","<0.02","10","<1","0.38","2","0.11","54000","14000","2.8","3","28.3","10","30"
"North Western","Tuen Mun River","TN6","2024-10-10","1","1.6","50","0.68","<0.05","<1","2","19","<1","2600","<0.1","43","21000","3.1","4","38268","4","<0.01","72","5.1","34000","null","0.8","<0.01","<50","<1","70","<1","9","5","0.17","0.026","<0.5","0.13","7.1","2.1","23.9","4.5","<1","<0.02","6.8","<1","0.8","2","0.21","39000","6000","3.8","<2","25.8","30","13000"
"North Western","Tuen Mun River","TN6","2024-11-11","1","1.5","100","0.41","0.2","<1","2","15","<1","2700","<0.1","25","20000","2.4","2","39776","5","<0.01","82","5.8","80000","null","0.8","<0.01","<50","<1","40","<1","10","7","0.26","0.055","<0.5","0.05","7.4","1.9","25.4","3.8","<1","<0.02","5.8","<1","0.52","3","0.2","41000","7300","7.6","3","25","10","7500"
"North Western","Tuen Mun River","TN6","2024-12-06","1","2.5","100","0.59","<0.05","<1","2","19","<1","2300","<0.1","25","19000","7.4","2","36047","4","<0.01","76","5.7","19000","null","0.8","<0.01","60","<1","60","<1","9","9","0.36","0.037","<0.5","0.056","7.5","6.6","24.3","4","<1","<0.02","5.8","<1","0.65","4","0.15","40000","7700","2.4","2","22","20","2500"
"Tolo Harbour And Channel","Lam Tsuen River","TR12","2024-01-12","1","<0.1","<50","0.022","<0.05","<1","<1","24","<1","<50","<0.1","2","27","3.5","<1","141","<1","<0.01","113","10.5","7700","0.211","<0.2","<0.01","<50","<1","20","<1","<2","1","0.56","0.027","<0.5","0.007","8.1","<0.2","0.1","17","<1","<0.02","1.6","<1","0.07","4","0.02","170","41","1","<2","19.3","<10","900"
"Tolo Harbour And Channel","Lam Tsuen River","TR12","2024-02-02","1","1.1","<50","0.011","<0.05","<1","<1","25","<1","<50","<0.1","6","14","3.8","<1","193","1","<0.01","128","11.2","8500","0.437","0.2","<0.01","<50","<1","10","<1","<2","1","1.3","0.016","<0.5","0.046","8.8","2.9","0.1","20","<1","<0.02","0.9","<1","0.1","3","0.06","130","90","1.3","<2","22","<10","4300"
"Tolo Harbour And Channel","Lam Tsuen River","TR12","2024-03-07","1","1.9","<50","0.039","<0.05","<1","<1","26","<1","<50","<0.1","<2","11","1.9","<1","154","<1","<0.01","109","10.1","3800","0.255","0.2","<0.01","<50","<1","20","<1","<2","<1","1.1","0.016","<0.5","0.045","7.8","1.4","0.1","17","<1","<0.02","0.8","<1","0.17","3","0.07","130","84","0.9","<2","19.1","<10","770"
"Tolo Harbour And Channel","Lam Tsuen River","TR12","2024-04-12","1","1.7","110","0.2","<0.05","<1","<1","26","<1","70","<0.1","10","240","3.6","<1","981","2","<0.01","130","10.4","8000","0.124","1.1","<0.01","80","<1","60","<1","<2","2","0.57","0.015","<0.5","0.046","8","3.4","0.5","18","<1","<0.02","1.7","<1","0.4","6","0.07","720","260","1.5","<2","26.2","40","510"
"Tolo Harbour And Channel","Lam Tsuen River","TR12","2024-05-29","1","<0.1","<50","0.026","<0.05","<1","<1","18","<1","<50","<0.1","5","<10","1.6","<1","171","1","<0.01","106","8.8","3300","2.176","<0.2","<0.01","90","<1","30","<1","<2","1","0.7","0.008","<0.5","0.075","7.6","1.6","0.1","16","<1","<0.02","4.1","<1","0.14","4","0.08","95","68","2.2","<2","24.3","<10","900"
"Tolo Harbour And Channel","Lam Tsuen River","TR12","2024-06-05","1","<2","<50","0.026","<0.05","<1","<1","19","<1","<50","<0.1","5","<10","2.5","<1","113","<1","<0.01","104","8.9","5800","0.507","<0.2","<0.01","70","<1","10","<1","<2","<1","0.74","0.012","<0.5","0.058","7.7","2","0.1","14","<1","<0.02","2","<1","0.17","1","0.06","130","87","1.7","<2","23.1","10","1900"
"Tolo Harbour And Channel","Lam Tsuen River","TR12","2024-07-12","1","2.7","<50","0.037","<0.05","<1","<1","17","<1","<50","<0.1","11","<10","5.1","<1","137","2","<0.01","113","8.9","170000","0.605","<0.2","<0.01","110","<1","<10","<1","<2","<1","0.53","0.014","<0.5","0.055","8.5","4.3","0.1","16","<1","<0.02","3.7","<1","0.29","3","0.07","180","86","3.3","<2","27.8","<10","31000"
"Tolo Harbour And Channel","Lam Tsuen River","TR12","2024-08-16","1","1.1","<50","0.044","<0.05","<1","<1","17","<1","<50","<0.1","10","<10","1.8","<1","113","<1","<0.01","106","8.5","7200","0.869","<0.2","<0.01","<50","<1","10","<1","<2","<1","0.7","0.007","<0.5","0.063","7.9","1.6","0.1","18","<1","<0.02","3","<1","0.14","2","0.07","150","92","2.6","<2","26.4","10","2200"
"Tolo Harbour And Channel","Lam Tsuen River","TR12","2024-09-09","1","0.9","<50","0.036","<0.05","<1","<1","13","<1","<50","<0.1","2","14","0.7","<1","88","2","<0.01","103","8.4","16000","1.997","<0.2","<0.01","<50","<1","20","<1","<2","<1","0.63","0.007","<0.5","0.11","7.5","0.8","0","19","<1","<0.02","2.8","<1","0.05","1","0.11","110","84","2.7","<2","26","<10","2600"
"Tolo Harbour And Channel","Lam Tsuen River","TR12","2024-10-17","1","<0.1","<50","0.014","<0.05","<1","<1","17","<1","<50","<0.1","3","<10","6.9","<1","117","<1","<0.01","120","9.8","7400","0.538","0.2","<0.01","<50","<1","<10","<1","<2","<1","0.51","0.013","<0.5","0.06","8.6","2.7","0.1","19","<1","<0.02","3.5","<1","0.08","1","0.07","120","3","0.6","<2","25.6","<10","1800"
"Tolo Harbour And Channel","Lam Tsuen River","TR12","2024-11-01","1","1.3","<50","0.033","<0.05","<1","<1","20","<1","<50","<0.1","3","13","4.8","<1","129","<1","<0.01","117","9.8","45000","0.254","0.2","<0.01","<50","<1","<10","<1","<2","<1","0.59","0.009","<0.5","0.061","8.4","3.8","0.1","20","<1","<0.02","2.4","<1","0.08","1","0.08","110","32","0.9","<2","24.3","<10","840"
"Tolo Harbour And Channel","Lam Tsuen River","TR12","2024-12-13","1","0.7","<50","0.061","<0.05","<1","<1","22","<1","<50","<0.1","7","19","1.8","<1","150","<1","<0.01","115","10.7","1400","0.447","0.2","<0.01","<50","<1","10","<1","<2","<1","0.58","0.009","<0.5","0.064","8.4","1.4","0.1","21","<1","<0.02","2.6","<1","0.12","2","0.07","140","60","1.1","<2","18.9","<10","530"
"Tolo Harbour And Channel","Lam Tsuen River","TR12B","2024-01-12","1","<0.1","<50","0.014","<0.05","<1","<1","21","<1","<50","<0.1","<2","<10","0.7","<1","109","<1","<0.01","115","10.4","3200","0.528","<0.2","<0.01","<50","<1","20","<1","<2","1","0.57","0.024","<0.5","0.008","7.5","0.7","0.1","16","<1","<0.02","2.8","<1","<0.05","3","<0.02","120","21","0.6","<2","20.6","<10","90"
"Tolo Harbour And Channel","Lam Tsuen River","TR12B","2024-02-02","1","0.6","<50","0.027","<0.05","<1","<1","23","<1","<50","<0.1","4","<10","0.9","<1","124","3","<0.01","111","9.4","2200","0.61","0.2","<0.01","<50","<1","20","<1","<2","<1","1.3","0.009","<0.5","0.037","7.6","0.4","0.1","20","<1","<0.02","1.5","<1","0.16","3","0.05","89","72","1.1","<2","23.2","<10","460"
"Tolo Harbour And Channel","Lam Tsuen River","TR12B","2024-03-07","1","1","<50","0.041","<0.05","<1","<1","26","<1","<50","<0.1","3","<10","0.9","<1","117","<1","<0.01","104","9.5","18000","0.478","<0.2","<0.01","<50","<1","20","<1","<2","<1","1.1","0.005","<0.5","0.041","7.2","0.7","0.1","16","<1","<0.02","0.5","<1","0.08","2","0.06","86","14","0.7","<2","19.8","<10","150"
"Tolo Harbour And Channel","Lam Tsuen River","TR12B","2024-04-12","1","1.2","<50","0.044","<0.05","<1","<1","24","<1","<50","<0.1","9","11","1.9","<1","145","1","<0.01","109","8.7","14000","0.067","0.2","<0.01","<50","<1","60","<1","<2","1","0.56","0.009","<0.5","0.047","7.1","1.4","0.1","17","<1","<0.02","2.3","<1","0.25","5","0.06","190","140","2.5","<2","27.3","<10","800"
"Tolo Harbour And Channel","Lam Tsuen River","TR12B","2024-05-29","1","<0.1","<50","0.036","<0.05","<1","<1","16","<1","<50","<0.1","6","18","0.9","<1","145","<1","<0.01","109","8.7","1500","1.134","<0.2","<0.01","<50","<1","10","<1","<2","<1","0.65","0.004","<0.5","0.053","7.1","0.4","0.1","16","<1","<0.02","2.2","<1","0.09","3","0.06","74","40","2.5","<2","27.3","<10","450"
"Tolo Harbour And Channel","Lam Tsuen River","TR12B","2024-06-05","1","<2","<50","0.034","<0.05","<1","<1","16","<1","<50","<0.1","4","<10","1.1","<1","76","<1","<0.01","102","8.7","3400","1.206","<0.2","<0.01","<50","<1","10","<1","<2","<1","0.62","0.006","<0.5","0.05","7.3","1","0","17","<1","<0.02","1.2","<1","<0.05","<1","0.05","100","80","1.1","<2","23.3","<10","590"
"Tolo Harbour And Channel","Lam Tsuen River","TR12B","2024-07-12","1","0.2","<50","0.032","<0.05","<1","<1","16","<1","<50","<0.1","5","<10","2.2","<1","91","1","<0.01","111","8.5","30000","1.168","<0.2","<0.01","<50","<1","10","<1","<2","<1","0.45","0.004","<0.5","0.057","7.7","2","0","17","<1","<0.02","1.2","<1","0.15","1","0.07","140","56","1.2","<2","29.3","<10","3300"
"Tolo Harbour And Channel","Lam Tsuen River","TR12B","2024-08-16","1","0.5","<50","0.043","<0.05","<1","<1","13","<1","<50","<0.1","6","<10","1.1","<1","83","<1","<0.01","103","8.2","2000","0.924","<0.2","<0.01","<50","<1","30","<1","<2","<1","0.59","0.003","<0.5","0.068","7.2","0.9","0","17","<1","<0.02","1.4","<1","0.07","1","0.07","110","64","1.5","<2","27.4","20","560"
"Tolo Harbour And Channel","Lam Tsuen River","TR12B","2024-09-09","1","1","<50","0.024","<0.05","<1","<1","12","<1","<50","<0.1","3","<10","0.7","<1","66","<1","<0.01","100","8","4800","2.172","<0.2","<0.01","<50","<1","30","<1","<2","<1","0.62","0.006","<0.5","0.059","7","0.7","0","18","<1","<0.02","1.3","<1","<0.05","<1","0.06","100","91","2.1","<2","27","<10","650"
"Tolo Harbour And Channel","Lam Tsuen River","TR12B","2024-10-17","1","<0.1","<50","0.02","0.06","<1","<1","14","<1","<50","<0.1","2","<10","1.7","<1","81","<1","<0.01","111","8.9","5000","0.077","<0.2","<0.01","<50","<1","<10","<1","<2","<1","0.46","0.006","<0.5","0.066","7.5","1.2","0","19","<1","<0.02","3","<1","0.1","<1","0.09","86","22","0.7","<2","26.7","10","1900"
"Tolo Harbour And Channel","Lam Tsuen River","TR12B","2024-11-01","1","0.5","<50","0.027","<0.05","<1","<1","16","<1","<50","<0.1","2","<10","0.8","<1","92","<1","<0.01","108","8.9","9000","0.68","0.2","<0.01","<50","<1","10","<1","<2","<1","0.55","0.005","<0.5","0.1","7.5","0.7","0","20","<1","<0.02","1.7","<1","<0.05","<1","0.11","94","42","0.7","<2","25.4","<10","400"
"Tolo Harbour And Channel","Lam Tsuen River","TR12B","2024-12-13","1","0.4","<50","0.049","<0.05","<1","<1","19","<1","<50","<0.1","2","<10","0.5","<1","117","<1","<0.01","109","10.1","1700","0.233","0.2","<0.01","<50","<1","20","<1","<2","<1","0.59","0.005","<0.5","0.088","7.6","0.5","0.1","20","<1","<0.02","0.9","<1","0.09","1","0.1","87","38","2.6","<2","19.4","<10","570"
"Tolo Harbour And Channel","Lam Tsuen River","TR12C","2024-01-12","1","1.5","<50","0.13","<0.05","<1","<1","26","<1","<50","<0.1","5","10","1.4","<1","230","<1","<0.01","103","9.4","4800","0.115","<0.2","<0.01","100","<1","20","<1","<2","1","0.58","0.012","<0.5","0.008","7.7","1","0.1","20","<1","<0.02","22","<1","0.23","5","0.04","200","45","2","<2","19.7","<10","1900"
"Tolo Harbour And Channel","Lam Tsuen River","TR12C","2024-02-02","1","2.6","<50","0.2","<0.05","<1","<1","31","<1","<50","<0.1","7","12","1.8","<1","186","3","<0.01","102","8.8","10000","0.038","0.2","<0.01","70","<1","30","<1","<2","1","1.4","0.029","<0.5","0.052","7.6","1.4","0.1","21","<1","<0.02","10","<1","0.42","6","0.09","130","90","1.5","<2","22.5","<10","4600"
"Tolo Harbour And Channel","Lam Tsuen River","TR12C","2024-03-07","1","3.7","<50","0.3","<0.05","<1","<1","29","<1","<50","<0.1","16","11","17","<1","189","1","<0.01","93","8.5","27000","0.03","0.2","<0.01","<50","<1","60","<1","<2","<1","1.4","0.038","<0.5","0.065","7","13","0.1","17","<1","<0.02","8.2","<1","1","5","0.23","180","31","2.2","<2","19.5","20","4900"
"Tolo Harbour And Channel","Lam Tsuen River","TR12C","2024-04-12","1","1.8","<50","0.43","<0.05","<1","<1","36","<1","<50","<0.1","13","23","4.9","<1","252","1","<0.01","95","7.6","38000","0.036","0.2","<0.01","120","<1","100","<1","<2","2","0.9","0.036","<0.5","0.06","7.2","4.7","0.1","14","<1","<0.02","11","<1","0.72","11","0.15","320","110","2.6","<2","27","<10","15000"
"Tolo Harbour And Channel","Lam Tsuen River","TR12C","2024-05-29","1","<0.1","<50","0.053","<0.05","<1","<1","26","<1","<50","<0.1","7","<10","0.9","<1","102","<1","<0.01","103","8.7","3300","0.17","<0.2","<0.01","170","<1","40","<1","<2","<1","0.7","0.011","<0.5","0.074","7.5","0.7","0.1","19","<1","<0.02","3.5","<1","0.26","7","0.08","170","110","2.7","<2","23.9","10","1400"
"Tolo Harbour And Channel","Lam Tsuen River","TR12C","2024-06-05","1","<2","<50","0.058","<0.05","<1","<1","24","<1","<50","<0.1","7","25","0.7","<1","162","<1","<0.01","100","8.5","9000","0.163","<0.2","<0.01","260","<1","50","<1","<2","<1","0.33","0.006","<0.5","0.023","7.5","0.7","0.1","7.5","<1","<0.02","0.9","<1","0.22","2","0.08","140","66","2.3","<2","23.6","<10","2200"
"Tolo Harbour And Channel","Lam Tsuen River","TR12C","2024-07-12","1","4.4","<50","0.1","<0.05","<1","<1","19","<1","<50","<0.1","7","<10","1.9","<1","154","2","<0.01","100","7.8","340000","0.435","<0.2","<0.01","280","<1","<10","<1","<2","<1","0.56","0.021","<0.5","0.071","7.4","1.8","0.1","17","<1","<0.02","30","<1","0.49","4","0.14","220","100","9.8","<2","28.4","<10","48000"
"Tolo Harbour And Channel","Lam Tsuen River","TR12C","2024-08-16","1","0.7","<50","0.079","<0.05","<1","<1","22","<1","<50","<0.1","10","<10","1.4","<1","159","<1","<0.01","105","8.3","5900","0.05","<0.2","<0.01","230","<1","40","<1","<2","<1","0.57","0.012","<0.5","0.058","7.5","0.9","0.1","20","<1","<0.02","2.4","<1","0.16","2","0.09","210","170","2.8","<2","26.9","<10","2100"
"Tolo Harbour And Channel","Lam Tsuen River","TR12C","2024-09-09","1","1.2","<50","0.043","<0.05","<1","<1","20","<1","<50","<0.1","7","<10","4.1","<1","147","<1","<0.01","104","8.3","19000","0.297","<0.2","<0.01","120","<1","50","<1","<2","<1","0.68","0.011","<0.5","0.097","7.3","1.4","0.1","20","<1","<0.02","4.8","<1","0.16","2","0.1","150","100","3.2","<2","27.1","20","2200"
"Tolo Harbour And Channel","Lam Tsuen River","TR12C","2024-10-17","1","<0.1","<50","0.033","<0.05","<1","<1","21","<1","<50","<0.1","2","<10","1.8","<1","143","<1","<0.01","105","8.5","9000","0.032","0.2","<0.01","200","<1","10","<1","<2","<1","0.53","0.01","<0.5","0.07","7.4","1.3","0.1","20","<1","<0.02","5.7","<1","0.18","2","0.08","140","17","1.5","<2","25.8","<10","900"
"Tolo Harbour And Channel","Lam Tsuen River","TR12C","2024-11-01","1","3.6","<50","0.08","<0.05","<1","<1","22","<1","<50","<0.1","3","<10","1","<1","147","<1","<0.01","102","8.5","22000","0.214","0.2","<0.01","120","<1","30","<1","<2","<1","0.59","0.01","<0.5","0.058","7.3","<0.2","0.1","20","<1","<0.02","2","<1","0.09","1","0.07","130","37","1.3","<2","24.8","<10","3100"
"Tolo Harbour And Channel","Lam Tsuen River","TR12C","2024-12-13","1","1.4","<50","0.084","<0.05","<1","<1","25","<1","<50","<0.1","5","<10","0.7","<1","171","<1","<0.01","100","9.1","10000","0.094","0.2","<0.01","60","<1","40","<1","<2","<1","0.57","0.016","<0.5","0.059","7.5","0.4","0.1","20","<1","<0.02","<0.5","<1","0.22","2","0.07","140","46","1.2","<2","19.8","<10","2700"
"Tolo Harbour And Channel","Lam Tsuen River","TR12D","2024-01-12","1","<0.1","<50","0.011","<0.05","<1","<1","18","<1","<50","<0.1","<2","<10","0.6","<1","57","<1","<0.01","109","10","1000","0.048","0.3","<0.01","80","<1","<10","<1","<2","1","0.2","0.008","<0.5","0.006","7.5","0.4","0","18","<1","<0.02","1.3","<1","<0.05","1","<0.02","90","19","0.3","<2","19.3","<10","80"
"Tolo Harbour And Channel","Lam Tsuen River","TR12D","2024-02-02","1","0.4","<50","0.006","<0.05","<1","<1","16","<1","<50","<0.1","<2","<10","3.4","<1","75","3","<0.01","109","9.7","1400","0.083","0.3","<0.01","<50","<1","<10","<1","<2","<1","0.49","<0.002","<0.5","0.013","7.7","2.9","0","19","<1","<0.02","2.6","<1","<0.05","1","<0.02","68","40","0.6","<2","21.3","<10","360"
"Tolo Harbour And Channel","Lam Tsuen River","TR12D","2024-03-07","1","1","<50","0.013","<0.05","<1","<1","26","<1","<50","<0.1","6","<10","1.2","<1","76","<1","<0.01","107","9.8","4500","0.014","0.3","<0.01","<50","<1","<10","<1","<2","<1","0.59","<0.002","<0.5","0.039","7.3","<0.2","0","17","<1","<0.02","1.2","<1","0.11","2","0.06","130","54","0.9","<2","19.6","<10","200"
"Tolo Harbour And Channel","Lam Tsuen River","TR12D","2024-04-12","1","0.6","<50","0.024","<0.05","<1","<1","23","<1","<50","<0.1","4","<10","0.9","<1","85","1","<0.01","107","8.6","4100","0.225","0.3","<0.01","<50","<1","<10","<1","<2","1","0.41","0.005","<0.5","0.025","7.3","0.8","0","18","<1","<0.02","0.8","<1","0.12","2","0.03","180","150","0.6","<2","26.5","<10","210"
"Tolo Harbour And Channel","Lam Tsuen River","TR12D","2024-05-29","1","<0.1","<50","0.015","<0.05","<1","<1","18","<1","<50","<0.1","4","<10","0.5","<1","88","<1","<0.01","110","9.1","840","0.4","0.2","<0.01","<50","<1","<10","<1","<2","<1","0.45","<0.002","<0.5","0.041","7.5","<0.2","0","16","<1","<0.02","1.4","<1","<0.05","2","0.05","100","82","1.8","<2","24.7","20","330"
"Tolo Harbour And Channel","Lam Tsuen River","TR12D","2024-06-05","1","<2","<50","0.018","<0.05","<1","<1","14","<1","<50","<0.1","3","<10","0.6","<1","50","<1","<0.01","100","8.7","1200","0.135","0.2","<0.01","<50","<1","<10","<1","<2","<1","0.36","0.003","<0.5","0.033","7.4","0.4","0","17","<1","<0.02","0.6","<1","0.07","<1","0.04","81","50","0.8","<2","22.6","10","69"
"Tolo Harbour And Channel","Lam Tsuen River","TR12D","2024-07-12","1","<0.1","<50","0.018","<0.05","<1","<1","15","<1","<50","<0.1","3","<10","0.7","<1","60","1","<0.01","103","8.1","6900","0.088","0.2","<0.01","<50","<1","<10","<1","<2","<1","0.2","<0.002","<0.5","0.049","7.6","0.7","0","18","<1","<0.02","1.4","<1","<0.05","<1","0.06","94","43","0.6","<2","27.6","<10","140"
"Tolo Harbour And Channel","Lam Tsuen River","TR12D","2024-08-16","1","0.8","<50","0.021","<0.05","<1","<1","18","<1","<50","<0.1","4","<10","0.6","<1","55","<1","<0.01","101","8.2","950","0.403","0.2","<0.01","<50","<1","<10","<1","<2","<1","0.31","0.006","<0.5","0.024","7.5","0.5","0","17","<1","<0.02","1.4","<1","<0.05","<1","0.03","100","58","0.6","<2","25.8","10","550"
"Tolo Harbour And Channel","Lam Tsuen River","TR12D","2024-09-09","1","0.7","<50","0.018","<0.05","<1","<1","16","<1","<50","<0.1","3","<10","0.9","<1","42","<1","<0.01","100","8.3","2100","1.011","0.2","<0.01","<50","<1","<10","<1","<2","<1","0.48","<0.002","<0.5","0.049","7.2","0.3","0","18","<1","<0.02","1.2","<1","<0.05","<1","0.05","72","64","1.1","<2","25.1","20","220"
"Tolo Harbour And Channel","Lam Tsuen River","TR12D","2024-10-17","1","<0.1","<50","0.023","<0.05","<1","<1","17","<1","<50","<0.1","3","<10","0.7","<1","48","<1","<0.01","105","8.7","87000","0.27","0.3","<0.01","<50","<1","<10","<1","<2","<1","0.16","<0.002","<0.5","0.055","7.5","0.5","0","18","<1","<0.02","3","<1","<0.05","<1","0.07","68","26","0","<2","25.1","<10","26000"
"Tolo Harbour And Channel","Lam Tsuen River","TR12D","2024-11-01","1","1.6","<50","0.022","<0.05","<1","<1","16","<1","<50","<0.1","2","<10","0.6","<1","49","<1","<0.01","103","8.7","1300","0.238","0.3","<0.01","<50","<1","<10","<1","<2","<1","0.22","<0.002","<0.5","0.074","7.5","0.6","0","19","<1","<0.02","1.1","<1","<0.05","<1","0.09","66","23","0.2","<2","23.9","<10","250"
"Tolo Harbour And Channel","Lam Tsuen River","TR12D","2024-12-13","1","<0.1","<50","0.029","<0.05","<1","<1","18","<1","<50","<0.1","3","<10","0.5","<1","53","1","<0.01","104","9.7","840","0.033","0.3","<0.01","<50","<1","<10","<1","<2","<1","0.25","<0.002","<0.5","0.058","7.4","<0.2","0","21","<1","<0.02","0.5","<1","0.06","<1","0.06","62","24","0.8","<2","18.5","<10","31"
"Tolo Harbour And Channel","Lam Tsuen River","TR12E","2024-01-12","1","<0.1","<50","0.044","<0.05","<1","<1","21","<1","<50","<0.1","5","130","0.2","<1","833","<1","<0.01","100","9.1","1400","0.437","1","<0.01","<50","<1","10","<1","2","1","0.58","0.019","<0.5","0.007","8.1","<0.2","0.5","20","<1","<0.02","5.2","<1","0.06","3","0.02","420","81","5.4","<2","19.6","<10","1200"
"Tolo Harbour And Channel","Lam Tsuen River","TR12E","2024-02-02","1","0.4","80","0.075","<0.05","<1","<1","32","<1","<50","<0.1","9","1300","0.6","1","4259","3","<0.01","102","9.1","<1","0.151","0.7","<0.01","<50","<1","10","<1","3","1","1.6","0.009","<0.5","0.055","9.1","<0.2","2.5","21","<1","<0.02","3.6","<1","0.14","8","0.06","3100","440","3.2","<2","20.6","<10","<1"
"Tolo Harbour And Channel","Lam Tsuen River","TR12E","2024-03-07","1","<0.1","70","0.018","<0.05","<1","<1","17","<1","<50","<0.1","5","140","0.5","<1","656","<1","<0.01","99","9.1","<1","0.028","0.8","<0.01","<50","<1","<10","<1","3","<1","0.77","<0.002","<0.5","0.042","9.7","<0.2","0.4","19","<1","<0.02","1.6","<1","<0.05","3","0.07","420","58","1.6","<2","19.7","<10","<1"
"Tolo Harbour And Channel","Lam Tsuen River","TR12E","2024-04-12","1","0.9","80","0.086","<0.05","<1","<1","27","<1","<50","<0.1","8","300","0.3","<1","1356","<1","<0.01","101","8.3","4200","0.209","0.9","<0.01","<50","<1","20","<1","3","2","0.57","0.01","<0.5","0.028","8.5","<0.2","0.7","18","<1","<0.02","1.2","<1","0.13","7","0.04","850","210","1.5","<2","24.7","<10","900"
"Tolo Harbour And Channel","Lam Tsuen River","TR12E","2024-05-29","1","<0.1","<50","0.035","<0.05","<1","<1","22","<1","<50","<0.1","7","40","0.6","<1","124","<1","<0.01","110","9.3","510","0.209","0.4","<0.01","<50","<1","<10","<1","<2","<1","0.59","0.003","<0.5","0.05","8","0.7","0.1","18","<1","<0.02","2","<1","<0.05","3","0.05","260","180","2.2","<2","23.6","10","350"
"Tolo Harbour And Channel","Lam Tsuen River","TR12E","2024-06-05","1","<2","<50","0.04","<0.05","<1","<1","24","<1","<50","<0.1","3","170","0.4","<1","700","<1","<0.01","100","8.5","3500","0.84","0.5","<0.01","<50","<1","10","<1","<2","<1","0.59","0.005","<0.5","0.054","7.9","0.4","0.4","20","<1","<0.02","0.8","<1","0.06","2","0.06","450","110","1.3","<2","23.3","<10","1500"
"Tolo Harbour And Channel","Lam Tsuen River","TR12E","2024-07-12","1","<0.1","<50","0.035","<0.05","<1","<1","20","<1","<50","<0.1","2","76","0.4","<1","503","<1","<0.01","100","8","7800","0.064","0.8","<0.01","50","<1","10","<1","<2","<1","0.58","<0.002","<0.5","0.042","8","0.5","0.2","21","<1","<0.02","1","<1","0.09","1","0.05","320","78","1.2","<2","27","<10","2600"
"Tolo Harbour And Channel","Lam Tsuen River","TR12E","2024-08-16","1","1","60","0.036","<0.05","<1","<1","20","<1","<50","<0.1","3","130","1","<1","697","<1","<0.01","102","8.2","650","0.126","0.5","<0.01","<50","<1","10","<1","<2","<1","0.56","0.005","<0.5","0.027","8.1","0.9","0.3","18","<1","<0.02","5.3","<1","<0.05","2","0.04","400","54","2.7","<2","26.1","<10","230"
"Tolo Harbour And Channel","Lam Tsuen River","TR12E","2024-09-09","1","0.9","140","0.061","<0.05","<1","<1","35","<1","<50","<0.1","4","460","0.6","3","2165","<1","<0.01","99","7.9","1000","0.36","0.6","<0.01","<50","<1","<10","<1","3","<1","0.85","0.009","<0.5","0.096","8.7","<0.2","1.1","17","<1","<0.02","8","<1","0.15","3","0.11","1500","280","11.6","<2","26.6","10","410"
"Tolo Harbour And Channel","Lam Tsuen River","TR12E","2024-10-17","1","<0.1","<50","0.017","0.06","<1","<1","32","<1","<50","<0.1","3","330","0.9","<1","1329","<1","<0.01","102","8.3","2300","0.36","0.8","<0.01","<50","<1","20","<1","2","1","0.65","<0.002","<0.5","0.066","7.7","0.4","0.7","20","<1","<0.02","4","<1","<0.05","1","0.08","830","41","2.1","<2","25.6","<10","660"
"Tolo Harbour And Channel","Lam Tsuen River","TR12E","2024-11-01","1","1.7","<50","0.038","<0.05","<1","<1","21","<1","<50","<0.1","3","120","0.2","<1","819","<1","<0.01","100","8.4","11000","0.047","0.8","<0.01","<50","<1","10","<1","2","<1","0.64","0.005","<0.5","0.057","8.1","<0.2","0.4","20","<1","<0.02","1.3","<1","<0.05","<1","0.1","350","58","0.9","<2","24","<10","3700"
"Tolo Harbour And Channel","Lam Tsuen River","TR12E","2024-12-13","1","<0.1","300","<0.005","<0.05","<1","<1","16","<1","<50","<0.1","2","340","0.5","<1","1517","<1","<0.01","101","9","<1","0.042","0.6","<0.01","<50","<1","<10","<1","<2","<1","0.47","<0.002","<0.5","0.054","9.6","<0.2","0.8","18","<1","<0.02","3.6","<1","0.09","2","0.06","900","81","1.8","<2","20.8","<10","<1"
"Tolo Harbour And Channel","Lam Tsuen River","TR12F","2024-01-12","1","<0.1","<50","0.006","<0.05","<1","<1","18","<1","<50","<0.1","5","<10","0.7","<1","96","2","<0.01","102","9.7","4400","0.012","<0.2","<0.01","110","<1","10","<1","<2","1","0.17","0.018","<0.5","0.007","7.5","0.6","0.1","20","<1","<0.02","2.8","<1","<0.05","3","<0.02","160","65","2.2","<2","17.9","<10","1400"
"Tolo Harbour And Channel","Lam Tsuen River","TR12F","2024-02-02","1","0.6","<50","0.007","<0.05","<1","<1","19","<1","<50","<0.1","8","<10","1.2","<1","93","3","<0.01","108","9.7","17000","0.078","<0.2","<0.01","60","<1","<10","<1","<2","<1","0.42","<0.002","<0.5","0.022","7.7","1.2","0.1","24","<1","<0.02","<0.5","<1","0.07","4","0.04","92","44","1.3","<2","20.5","<10","15000"
"Tolo Harbour And Channel","Lam Tsuen River","TR12F","2024-03-07","1","1.7","<50","0.014","<0.05","<1","<1","17","<1","<50","<0.1","6","<10","3.8","<1","97","<1","<0.01","102","9.5","2800","0.047","<0.2","<0.01","80","<1","10","<1","<2","<1","0.39","<0.002","<0.5","0.042","7.3","1.8","0.1","20","<1","<0.02","5.2","<1","0.18","2","0.06","92","44","1.7","<2","18.9","<10","300"
"Tolo Harbour And Channel","Lam Tsuen River","TR12F","2024-04-12","1","0.7","<50","0.034","<0.05","<1","<1","22","<1","<50","<0.1","6","<10","0.9","<1","121","<1","<0.01","102","8.6","3200","0.286","<0.2","<0.01","80","<1","10","<1","<2","<1","0.25","0.002","<0.5","0.03","7.4","0.9","0.1","20","<1","<0.02","2.3","<1","0.1","5","0.04","82","32","1.9","<2","24.3","<10","260"
"Tolo Harbour And Channel","Lam Tsuen River","TR12F","2024-05-29","1","<0.1","<50","0.021","<0.05","<1","<1","19","<1","<50","<0.1","7","<10","0.7","<1","77","<1","<0.01","97","8.2","1500","0.043","<0.2","<0.01","170","<1","40","<1","<2","<1","0.44","0.003","<0.5","0.05","7.2","0.4","0","21","<1","<0.02","1.2","<1","0.22","4","0.05","100","66","3.5","<2","23.7","20","310"
"Tolo Harbour And Channel","Lam Tsuen River","TR12F","2024-06-05","1","<2","<50","0.022","<0.05","<1","<1","18","<1","<50","<0.1","6","<10","0.6","<1","99","<1","<0.01","99","8.5","5000","0.122","<0.2","<0.01","270","<1","40","<1","<2","<1","0.51","0.004","<0.5","0.054","7.3","0.5","0.1","20","<1","<0.02","1","<1","0.21","2","0.06","120","67","2.8","<2","23.3","10","360"
"Tolo Harbour And Channel","Lam Tsuen River","TR12F","2024-07-12","1","0.1","<50","0.017","<0.05","<1","<1","13","<1","<50","<0.1","8","<10","1.3","<1","101","<1","<0.01","100","8","69000","0.353","<0.2","<0.01","370","<1","50","<1","<2","<1","0.27","<0.002","<0.5","0.091","7.6","1.1","0","20","<1","<0.02","1.8","<1","0.16","2","0.11","120","38","5.1","<2","27.2","<10","5300"
"Tolo Harbour And Channel","Lam Tsuen River","TR12F","2024-08-16","1","0.9","<50","0.045","<0.05","<1","<1","16","<1","<50","<0.1","7","<10","0.7","<1","102","<1","<0.01","100","8.1","13000","0.17","<0.2","<0.01","220","<1","30","<1","<2","<1","0.38","0.007","<0.5","0.041","7.5","0.3","0.1","20","<1","<0.02","2.3","<1","0.09","1","0.06","110","42","2.7","<2","26.4","<10","1600"
"Tolo Harbour And Channel","Lam Tsuen River","TR12F","2024-09-09","1","0.9","<50","0.021","<0.05","<1","<1","14","<1","<50","<0.1","3","<10","0.8","<1","84","<1","<0.01","100","8","8800","0.27","<0.2","<0.01","100","<1","30","<1","<2","<1","0.6","<0.002","<0.5","0.079","7.4","0.8","0","20","<1","<0.02","3","<1","0.06","1","0.09","110","84","4.6","<2","26.7","10","400"
"Tolo Harbour And Channel","Lam Tsuen River","TR12F","2024-10-17","1","0.4","<50","0.028","<0.05","<1","<1","15","<1","<50","<0.1","2","<10","1.2","<1","101","<1","<0.01","104","8.6","8000","0.15","<0.2","<0.01","210","<1","<10","<1","<2","<1","0.21","0.003","<0.5","0.051","7.5","1.4","0.1","21","<1","<0.02","<0.5","<1","0.07","<1","0.06","96","16","2.1","<2","24.9","<10","700"
"Tolo Harbour And Channel","Lam Tsuen River","TR12F","2024-11-01","1","3.1","<50","0.01","<0.05","<1","<1","14","<1","<50","<0.1","3","<10","1.2","<1","88","<1","<0.01","99","8.6","13000","0.046","<0.2","<0.01","140","<1","20","<1","<2","<1","0.21","<0.002","<0.5","0.054","7.6","<0.2","0","20","<1","<0.02","1.9","<1","<0.05","<1","0.08","98","40","1.8","<2","22.6","<10","800"
"Tolo Harbour And Channel","Lam Tsuen River","TR12F","2024-12-13","1","0.2","<50","0.03","<0.05","<1","<1","18","<1","<50","<0.1","6","<10","1.7","<1","84","<1","<0.01","102","9.7","1500","0.055","<0.2","<0.01","100","<1","10","<1","<2","<1","0.27","<0.002","<0.5","0.044","7.4","0.8","0.1","28","<1","<0.02","0.9","<1","0.08","1","0.05","96","26","2","<2","18","<10","370"
"Tolo Harbour And Channel","Lam Tsuen River","TR12G","2024-01-12","1","<0.1","<50","0.013","<0.05","<1","<1","14","<1","<50","<0.1","5","10","0.4","<1","68","<1","<0.01","100","9.3","2200","0.022","<0.2","<0.01","110","<1","40","<1","<2","1","0.009","0.015","<0.5","0.008","7.3","<0.2","0","20","<1","<0.02","<0.5","<1","<0.05","3","0.03","150","68","1.1","<2","18.6","<10","120"
"Tolo Harbour And Channel","Lam Tsuen River","TR12G","2024-02-02","1","0.5","<50","0.015","<0.05","<1","<1","16","<1","<50","<0.1","<2","<10","0.5","<1","90","3","<0.01","101","9","2600","0.017","<0.2","<0.01","140","<1","40","<1","<2","<1","0.15","<0.002","<0.5","0.02","7.6","<0.2","0","26","<1","<0.02","1.2","<1","<0.05","2","0.02","91","66","1.6","<2","21","<10","150"
"Tolo Harbour And Channel","Lam Tsuen River","TR12G","2024-03-07","1","1.6","<50","0.017","<0.05","<1","<1","13","<1","<50","<0.1","8","<10","1.5","<1","75","<1","<0.01","96","9","3800","0.014","<0.2","<0.01","120","<1","60","<1","<2","<1","0.12","<0.002","<0.5","0.037","7.3","0.8","0","20","<1","<0.02","12","<1","0.27","2","0.11","100","30","2.8","<2","18.7","<10","80"
"Tolo Harbour And Channel","Lam Tsuen River","TR12G","2024-04-12","1","0.5","<50","0.019","<0.05","<1","<1","15","<1","<50","<0.1","6","<10","0.6","<1","82","<1","<0.01","95","7.9","5400","0.013","<0.2","<0.01","170","<1","30","<1","<2","<1","0.05","<0.002","<0.5","0.036","7.1","0.3","0","20","<1","<0.02","<0.5","<1","0.08","4","0.05","56","42","1.8","<2","24.6","<10","350"
"Tolo Harbour And Channel","Lam Tsuen River","TR12G","2024-05-29","1","<0.1","<50","0.021","<0.05","<1","<1","16","<1","<50","<0.1","12","<10","0.5","<1","76","<1","<0.01","103","8.7","1000","0.012","<0.2","<0.01","260","<1","110","<1","<2","<1","0.19","<0.002","<0.5","0.042","7.4","<0.2","0","20","<1","<0.02","3.7","<1","0.25","4","0.05","150","110","1.4","<2","23.7","<10","130"
"Tolo Harbour And Channel","Lam Tsuen River","TR12G","2024-06-05","1","<2","<50","0.009","<0.05","<1","<1","14","<1","<50","<0.1","8","<10","0.5","<1","81","<1","<0.01","96","8.2","1100","0.176","<0.2","<0.01","290","<1","130","<1","<2","<1","0.18","0.003","<0.5","0.046","7.2","0.3","0","20","<1","<0.02","4","<1","0.2","2","0.06","110","72","4.2","<2","23","<10","140"
"Tolo Harbour And Channel","Lam Tsuen River","TR12G","2024-07-12","1","0.1","<50","0.015","<0.05","<1","<1","14","<1","<50","<0.1","11","<10","0.6","<1","79","<1","<0.01","95","7.6","11000","0.047","<0.2","<0.01","490","<1","150","<1","<2","<1","0.12","<0.002","<0.5","0.037","7.1","0.5","0","20","<1","<0.02","3.9","<1","0.14","2","0.09","250","130","7.4","<2","26.7","<10","900"
"Tolo Harbour And Channel","Lam Tsuen River","TR12G","2024-08-16","1","0.8","<50","0.027","<0.05","<1","<1","14","<1","<50","<0.1","8","<10","1.1","<1","79","<1","<0.01","96","7.8","2800","0.025","<0.2","<0.01","270","<1","60","<1","<2","4","0.21","0.002","<0.5","0.058","7.3","1.2","0","20","<1","<0.02","2","<1","0.13","1","0.08","110","45","2.9","<2","25.7","10","440"
"Tolo Harbour And Channel","Lam Tsuen River","TR12G","2024-09-09","1","0.7","<50","0.019","<0.05","<1","<1","11","<1","<50","<0.1","4","<10","0.6","<1","64","<1","<0.01","98","8","5200","0.756","<0.2","<0.01","140","<1","30","<1","<2","<1","0.34","<0.002","<0.5","0.083","7.3","0.3","0","20","<1","<0.02","2.4","<1","0.05","1","0.09","93","73","2.7","<2","25.8","<10","300"
"Tolo Harbour And Channel","Lam Tsuen River","TR12G","2024-10-17","1","<0.1","<50","0.007","<0.05","<1","<1","12","<1","<50","<0.1","3","<10","0.7","<1","69","<1","<0.01","101","8.4","7000","0.054","<0.2","<0.01","320","<1","50","<1","<2","<1","0.075","<0.002","<0.5","0.054","7.3","0.7","0","20","<1","<0.02","5.8","<1","0.11","1","0.07","91","20","3.1","<2","24.7","<10","1200"
"Tolo Harbour And Channel","Lam Tsuen River","TR12G","2024-11-01","1","1.8","<50","0.006","<0.05","<1","<1","12","<1","<50","<0.1","3","<10","1.4","<1","70","<1","<0.01","98","8.4","4100","0.06","<0.2","<0.01","200","<1","50","<1","<2","<1","0.061","<0.002","<0.5","0.046","7.3","<0.2","0","20","<1","<0.02","2.7","<1","0.05","<1","0.06","95","66","2.6","<2","23.2","<10","290"
"Tolo Harbour And Channel","Lam Tsuen River","TR12G","2024-12-13","1","<0.1","<50","0.022","<0.05","<1","<1","13","<1","<50","<0.1","3","<10","0.7","<1","74","<1","<0.01","98","9.2","710","0.022","<0.2","<0.01","200","1","60","<1","<2","<1","0.09","<0.002","<0.5","0.034","7.1","<0.2","0","26","<1","<0.02","2.3","<1","0.07","1","0.04","93","28","2.6","<2","18.3","10","51"
"Tolo Harbour And Channel","Lam Tsuen River","TR12H","2024-01-12","1","<0.1","<50","0.012","<0.05","<1","<1","12","<1","<50","<0.1","4","<10","0.9","<1","81","<1","<0.01","101","9.5","3300","0.031","<0.2","<0.01","<50","2","10","<1","<2","<1","0.57","0.027","<0.5","0.008","7.5","0.9","0","19","<1","<0.02","2.5","<1","<0.05","2","0.02","130","55","3.6","<2","18.3","<10","900"
"Tolo Harbour And Channel","Lam Tsuen River","TR12H","2024-02-02","1","0.6","<50","0.013","<0.05","<1","<1","14","<1","<50","<0.1","7","<10","0.8","<1","83","3","<0.01","103","9.2","5100","0.023","0.2","<0.01","<50","<1","<10","<1","<2","<1","1.2","0.005","<0.5","0.04","7.5","0.5","0","21","<1","<0.02","1.2","<1","0.07","2","0.06","93","52","0.7","<2","21","<10","2700"
"Tolo Harbour And Channel","Lam Tsuen River","TR12H","2024-03-07","1","1.1","<50","0.017","<0.05","<1","<1","15","<1","<50","<0.1","7","<10","1.3","<1","72","<1","<0.01","99","9.3","11000","0.011","<0.2","<0.01","<50","<1","10","<1","<2","<1","0.82","0.003","<0.5","0.057","7.2","<0.2","0","18","<1","<0.02","2.4","<1","0.1","2","0.06","120","50","1","<2","18.8","<10","900"
"Tolo Harbour And Channel","Lam Tsuen River","TR12H","2024-04-12","1","0.7","<50","0.025","<0.05","<1","<1","18","<1","<50","<0.1","8","<10","1.1","<1","97","1","<0.01","99","8.2","9100","0.115","0.2","<0.01","<50","<1","<10","<1","<2","<1","0.56","0.011","<0.5","0.05","7.1","1","0","19","<1","<0.02","1.6","<1","0.17","4","0.06","110","87","1.2","<2","25","<10","360"
"Tolo Harbour And Channel","Lam Tsuen River","TR12H","2024-05-29","1","<0.1","<50","0.021","<0.05","<1","<1","13","<1","<50","<0.1","7","<10","1.2","<1","58","1","<0.01","104","8.8","3400","0.252","<0.2","<0.01","<50","<1","<10","<1","<2","<1","0.64","0.004","<0.5","0.098","7.4","0.5","0","17","<1","<0.02","2.6","<1","0.09","2","0.1","170","140","0.5","<2","23.8","10","2100"
"Tolo Harbour And Channel","Lam Tsuen River","TR12H","2024-06-05","1","<2","<50","0.024","<0.05","<1","<1","11","<1","<50","<0.1","3","<10","0.6","<1","67","<1","<0.01","99","8.6","4100","0.156","<0.2","<0.01","<50","<1","<10","<1","<2","<1","0.62","0.005","<0.5","0.077","7.3","0.4","0","18","<1","<0.02","1.5","<1","0.12","<1","0.09","100","73","1.3","<2","22.7","<10","2100"
"Tolo Harbour And Channel","Lam Tsuen River","TR12H","2024-07-12","1","0.1","<50","0.028","<0.05","<1","<1","11","<1","<50","<0.1","5","<10","1.9","<1","83","2","<0.01","100","7.9","47000","0.039","<0.2","<0.01","<50","<1","<10","<1","<2","<1","0.59","0.003","<0.5","0.057","7.6","1.4","0","19","<1","<0.02","1.9","<1","0.15","1","0.06","190","100","1.4","<2","27.3","<10","4700"
"Tolo Harbour And Channel","Lam Tsuen River","TR12H","2024-08-16","1","0.6","<50","0.03","<0.05","<1","<1","11","<1","<50","<0.1","5","<10","0.7","<1","80","<1","<0.01","100","8.1","8000","1.102","<0.2","<0.01","<50","<1","<10","<1","<2","<1","0.56","0.005","<0.5","0.059","7.4","0.6","0","19","<1","<0.02","<0.5","<1","<0.05","<1","0.07","120","61","1.6","<2","26","<10","1400"
"Tolo Harbour And Channel","Lam Tsuen River","TR12H","2024-09-09","1","0.7","<50","0.019","<0.05","<1","<1","9","<1","<50","<0.1","4","<10","0.9","<1","63","<1","<0.01","100","8.1","13000","1.296","<0.2","<0.01","<50","<1","<10","<1","<2","<1","0.72","<0.002","<0.5","0.068","7.4","<0.2","0","19","<1","<0.02","1.8","<1","<0.05","<1","0.08","94","74","2.9","<2","25.5","<10","1300"
"Tolo Harbour And Channel","Lam Tsuen River","TR12H","2024-10-17","1","0.1","<50","0.017","<0.05","<1","<1","11","<1","<50","<0.1","3","<10","1.1","<1","73","1","<0.01","104","8.6","60000","0.05","<0.2","<0.01","<50","<1","<10","<1","<2","<1","0.6","<0.002","<0.5","0.066","7.5","1.3","0","19","<1","<0.02","3","<1","0.08","<1","0.08","91","20","0.5","<2","25.2","<10","19000"
"Tolo Harbour And Channel","Lam Tsuen River","TR12H","2024-11-01","1","2.1","<50","0.022","<0.05","<1","<1","12","<1","<50","<0.1","2","<10","0.7","<1","76","1","<0.01","101","8.5","2000","0.24","<0.2","<0.01","<50","<1","<10","<1","<2","<1","0.61","0.005","<0.5","0.058","7.4","0.7","0","20","<1","<0.02","1.1","<1","0.06","<1","0.07","98","52","0.5","<2","24","<10","1100"
"Tolo Harbour And Channel","Lam Tsuen River","TR12H","2024-12-13","1","0.4","<50","0.026","<0.05","<1","<1","14","<1","<50","<0.1","4","<10","0.7","<1","72","1","<0.01","104","9.8","900","0.004","<0.2","<0.01","<50","<1","<10","<1","<2","<1","0.77","0.002","<0.5","0.055","7.3","0.3","0","22","<1","<0.02","0.8","<1","<0.05","<1","0.06","92","38","0.6","<2","18.5","10","250"
"Tolo Harbour And Channel","Lam Tsuen River","TR12I","2024-01-12","1","2.9","<50","0.27","<0.05","<1","1","27","<1","1800","<0.1","33","10000","0.4","<1","23774","3","<0.01","80","6.7","39000","null","0.6","<0.01","<50","<1","80","<1","6","5","0.48","0.015","<0.5","0.01","7.4","0.3","16.3","8.2","<1","<0.02","4.3","<1","0.34","6","0.04","27000","5800","2.9","3","19.5","<10","15000"
"Tolo Harbour And Channel","Lam Tsuen River","TR12I","2024-02-02","1","1.8","<50","0.37","<0.05","<1","1","28","<1","1400","<0.1","42","7900","1.3","<1","19108","4","<0.01","78","6.4","31000","null","0.6","<0.01","<50","<1","70","<1","6","4","0.95","0.027","<0.5","0.064","7.3","0.8","12.4","12","<1","<0.02","4.6","<1","0.47","6","0.08","21000","4700","1.8","<2","21.1","10","18000"
"Tolo Harbour And Channel","Lam Tsuen River","TR12I","2024-03-07","1","3.2","<50","0.43","<0.05","<1","<1","27","<1","1300","<0.1","59","6800","0.9","<1","16521","2","<0.01","79","6.9","130000","null","0.5","<0.01","<50","<1","80","<1","5","4","0.58","0.017","<0.5","0.064","7.4","<0.2","11.2","10","<1","<0.02","5.4","<1","0.81","4","0.14","18000","3100","2.4","<2","18.6","10","59000"
"Tolo Harbour And Channel","Lam Tsuen River","TR12I","2024-04-12","1","5.9","<50","0.65","0.12","<1","1","28","<1","1500","<0.1","74","7900","0.6","<1","23709","3","<0.01","63","4.8","900000","null","0.6","<0.01","<50","<1","110","<1","6","4","0.54","0.03","<0.5","0.09","7.3","0.4","14.4","9.1","<1","<0.02","4.2","<1","1.4","11","0.2","25000","6800","2.4","2","24.7","<10","310000"
"Tolo Harbour And Channel","Lam Tsuen River","TR12I","2024-05-29","1","<0.1","<50","0.092","<0.05","<1","<1","25","<1","110","<0.1","8","450","0.5","<1","1834","1","<0.01","93","7.7","11000","null","<0.2","<0.01","<50","<1","40","<1","<2","<1","0.81","0.01","<0.5","0.056","7.4","0.3","0.9","15","<1","<0.02","2.5","<1","0.31","3","0.06","2100","990","2","<2","24.2","20","4300"
"Tolo Harbour And Channel","Lam Tsuen River","TR12I","2024-06-05","1","<2","<50","0.15","<0.05","<1","<1","24","<1","210","<0.1","6","850","0.7","<1","3121","<1","<0.01","88","7.4","80000","null","0.3","<0.01","<50","<1","40","<1","<2","<1","0.65","0.014","<0.5","0.066","7.2","0.7","1.7","16","<1","<0.02","0.8","<1","0.38","2","0.08","3100","880","1.3","<2","23.3","10","38000"
"Tolo Harbour And Channel","Lam Tsuen River","TR12I","2024-07-12","1","2.4","<50","0.22","<0.05","<1","<1","23","<1","710","<0.1","43","3200","0.7","1","12660","2","<0.01","73","5.4","570000","null","0.4","<0.01","60","<1","70","<1","3","2","0.55","0.021","<0.5","0.084","7.3","0.5","6.7","13","<1","<0.02","2.8","<1","0.61","3","0.11","11000","3000","2.1","<2","28.8","<10","55000"
"Tolo Harbour And Channel","Lam Tsuen River","TR12I","2024-08-16","1","2.1","<50","0.29","0.08","<1","<1","24","<1","780","<0.1","13","4400","0.3","1","12135","1","<0.01","89","6.9","200000","null","0.4","<0.01","<50","<1","70","<1","3","1","0.57","0.015","<0.5","0.058","7.2","<0.2","6.8","13","<1","<0.02","3.4","<1","0.49","2","0.09","13000","3700","2.5","<2","26.1","10","120000"
"Tolo Harbour And Channel","Lam Tsuen River","TR12I","2024-09-09","1","0.3","<50","0.038","<0.05","<1","<1","16","<1","<50","<0.1","4","130","0.6","<1","531","<1","<0.01","101","8.2","19000","null","<0.2","<0.01","<50","<1","30","<1","<2","<1","0.61","0.004","<0.5","0.068","7.2","0.5","0.3","18","<1","<0.02","2","<1","0.08","1","0.07","510","260","3.2","<2","25.9","<10","4200"
"Tolo Harbour And Channel","Lam Tsuen River","TR12I","2024-10-17","1","0.6","<50","0.2","0.17","<1","<1","26","<1","670","<0.1","27","3900","2.8","2","9791","2","<0.01","88","6.9","180000","null","0.4","<0.01","<50","<1","60","<1","2","2","0.57","0.014","<0.5","0.057","7.3","0.6","5.3","15","<1","<0.02","2.3","<1","0.36","1","0.07","9200","2300","0.9","<2","26.5","<10","31000"
"Tolo Harbour And Channel","Lam Tsuen River","TR12I","2024-11-01","1","4.8","<50","0.31","0.18","<1","1","25","<1","1500","<0.1","18","8500","0.9","2","19518","3","<0.01","78","6.1","150000","null","0.6","<0.01","<50","<1","60","<1","5","4","0.56","0.024","<0.5","0.071","7.1","0.8","11.8","13","<1","<0.02","1.8","<1","0.49","2","0.11","21000","5400","1.6","<2","24.1","<10","35000"
"Tolo Harbour And Channel","Lam Tsuen River","TR12I","2024-12-13","1","4","70","0.35","0.09","<1","1","20","<1","2200","<0.1","27","12000","0.6","1","25093","3","<0.01","71","5.8","160000","null","0.7","<0.01","<50","<1","60","<1","6","4","0.3","0.01","<0.5","0.041","7.3","0.6","16.8","8.4","<1","<0.02","5.4","<1","0.62","3","0.12","28000","5600","2.7","<2","20.7","<10","47000"
"Tolo Harbour And Channel","Tai Po River","TR13","2024-01-18","1","4.1","<50","0.064","<0.05","<1","<1","21","<1","<50","<0.1","6","40","2.1","<1","152","1","<0.01","102","9.3","180000","0.063","<0.2","<0.01","<50","<1","<10","<1","<2","1","0.95","0.031","<0.5","0.06","8.4","<0.2","0.1","18","<1","<0.02","11","<1","0.25","2","0.1","170","94","4.3","<2","19.8","<10","31000"
"Tolo Harbour And Channel","Tai Po River","TR13","2024-02-24","1","1.3","<50","0.13","<0.05","<1","<1","22","<1","<50","<0.1","4","17","2.6","<1","189","<1","<0.01","102","9.6","33000","0.113","<0.2","<0.01","70","<1","20","<1","<2","1","1","0.051","<0.5","0.092","7.5","2.1","0.1","15","<1","<0.02","1.2","<1","0.16","2","0.1","140","61","2.3","<2","18.5","<10","30000"
"Tolo Harbour And Channel","Tai Po River","TR13","2024-03-18","1","5.2","<50","0.15","0.08","<1","<1","23","<1","<50","<0.1","6","110","0.4","<1","142","<1","<0.01","101","9","34000","0.225","<0.2","<0.01","<50","<1","20","<1","3","2","1.2","0.081","<0.5","0.12","7.6","0.3","0.1","16","<1","<0.02","13","<1","0.4","3","0.14","240","54","1.8","<2","20.8","<10","17000"
"Tolo Harbour And Channel","Tai Po River","TR13","2024-04-20","1","1.5","60","0.15","0.08","<1","<1","28","<1","<50","<0.1","4","24","1.1","<1","527","1","<0.01","102","8.3","14000","0.546","0.2","<0.01","<50","<1","<10","<1","4","1","1.3","0.087","<0.5","0.089","7.9","1.1","0.3","18","<1","<0.02","1","<1","0.27","2","0.11","230","96","1.8","<2","26","<10","6200"
"Tolo Harbour And Channel","Tai Po River","TR13","2024-05-10","1","<2","<50","0.081","<0.05","<1","<1","22","<1","<50","<0.1","4","12","1.3","<1","161","<1","<0.01","102","8.7","76000","0.441","<0.2","<0.01","<50","<1","<10","<1","<2","<1","0.57","0.035","<0.5","0.075","7.4","0.7","0.1","15","<1","<0.02","1.9","<1","0.26","3","0.08","210","99","3.2","<2","23.6","10","23000"
"Tolo Harbour And Channel","Tai Po River","TR13","2024-06-15","1","0.3","50","0.045","<0.05","<1","<1","20","<1","<50","<0.1","5","11","1.4","<1","83","<1","<0.01","99","8.2","19000","0.84","<0.2","<0.01","100","<1","<10","<1","<2","<1","0.58","0.009","<0.5","0.045","7.2","1.1","0","15","<1","<0.02","11","<1","0.26","4","0.06","120","78","13.7","<2","25.2","<10","4700"
"Tolo Harbour And Channel","Tai Po River","TR13","2024-07-06","1","<2","<50","0.072","<0.05","<1","<1","18","<1","<50","<0.1","7","<10","1.5","<1","420","1","<0.01","100","7.9","78000","0.728","<0.2","<0.01","<50","<1","10","<1","<2","<1","0.49","0.017","<0.5","0.048","7.7","1.5","0.2","16","<1","<0.02","8.6","<1","0.24","3","0.08","91","50","6.5","<2","27.7","<10","25000"
"Tolo Harbour And Channel","Tai Po River","TR13","2024-08-03","1","<2","<50","0.059","<0.05","<1","<1","18","<1","<50","<0.1","5","<10","0.6","1","153","<1","<0.01","101","8.1","24000","0.7","<0.2","<0.01","70","<1","<10","<1","<2","<1","0.45","0.012","<0.5","0.045","7.6","0.5","0.1","17","<1","<0.02","3.6","<1","0.09","1","0.05","110","52","3.5","<2","26.9","<10","7700"
"Tolo Harbour And Channel","Tai Po River","TR13","2024-09-07","1","0.6","50","0.077","0.12","<1","<1","18","<1","<50","<0.1","4","69","1.5","<1","98","<1","<0.01","100","8.1","27000","1.772","<0.2","<0.01","<50","<1","<10","<1","<2","<1","0.55","0.013","<0.5","0.049","7.5","1.8","0","8.8","<1","0.04","19","<1","0.19","2","0.06","240","100","24.7","<2","26.4","10","17000"
"Tolo Harbour And Channel","Tai Po River","TR13","2024-10-05","1","<2","<50","0.017","<0.05","<1","<1","19","<1","<50","<0.1","3","<10","0.7","<1","395","<1","<0.01","100","8.4","23000","0.736","<0.2","<0.01","70","<1","<10","<1","<2","<1","0.44","0.014","<0.5","0.053","7.8","0.4","0.2","18","<1","<0.02","2.2","<1","0.08","2","0.06","580","22","1.9","<2","24.1","<10","9300"
"Tolo Harbour And Channel","Tai Po River","TR13","2024-11-02","1","<0.1","<50","0.049","<0.05","<1","<1","18","<1","<50","<0.1","4","16","1.3","<1","102","<1","<0.01","103","8.8","12000","0.385","<0.2","<0.01","<50","<1","<10","<1","<2","<1","0.52","0.015","<0.5","0.062","7.2","0.9","0.1","20","<1","<0.02","3","<1","0.22","1","0.08","120","74","1","<2","22.7","<10","4500"
"Tolo Harbour And Channel","Tai Po River","TR13","2024-12-08","1","0.8","<50","0.083","<0.05","<1","<1","17","<1","<50","<0.1","2","<10","1.2","<1","108","1","<0.01","101","9.6","13000","0.48","<0.2","<0.01","<50","<1","10","<1","<2","<1","0.55","0.03","<0.5","0.062","7.5","0.7","0.1","20","<1","<0.02","0.8","<1","0.17","1","0.07","88","38","1.7","<2","17.7","<10","8400"
"Tolo Harbour And Channel","Tai Po Kau Stream","TR14","2024-01-18","1","0.3","<50","0.2","<0.05","<1","<1","32","<1","210","<0.1","7","940","0.6","<1","3163","<1","<0.01","98","9.1","4500","0.021","<0.2","<0.01","<50","<1","40","<1","<2","<1","0.27","0.006","<0.5","0.032","7","<0.2","1.9","19","<1","<0.02","8","<1","0.23","<1","0.04","2700","700","1.6","<2","18.4","<10","3900"
"Tolo Harbour And Channel","Tai Po Kau Stream","TR14","2024-02-24","1","0.8","<50","0.16","<0.05","<1","<1","37","<1","890","0.1","7","3000","<0.2","<1","12610","2","<0.01","90","7.9","4000","0.04","0.2","<0.01","<50","<1","90","<1","3","3","0.36","0.008","<0.5","0.037","7","<0.2","8.2","14","<1","<0.02","0.6","<1","0.25","1","0.05","6700","1500","1.2","<2","19.3","<10","3600"
"Tolo Harbour And Channel","Tai Po Kau Stream","TR14","2024-03-18","1","1.6","<50","0.25","<0.05","<1","<1","37","<1","180","0.1","8","840","0.8","<1","3172","<1","<0.01","95","8.5","20000","0.022","<0.2","<0.01","<50","<1","60","<1","<2","2","0.29","0.008","<0.5","0.049","6.9","<0.2","1.8","18","<1","<0.02","8.4","<1","0.45","2","0.07","2600","690","0.8","<2","20.3","<10","18000"
"Tolo Harbour And Channel","Tai Po Kau Stream","TR14","2024-04-20","1","0.5","<50","0.3","<0.05","<1","<1","36","<1","1800","0.2","28","5300","0.7","1","30057","3","<0.01","73","5.4","620","0.058","0.4","<0.01","<50","<1","280","<1","7","6","0.31","0.01","<0.5","0.044","7","0.2","18.4","15","<1","<0.02","1.6","<1","0.38","2","0.08","13000","3400","2.1","<2","25.6","<10","440"
"Tolo Harbour And Channel","Tai Po Kau Stream","TR14","2024-05-10","1","<2","<50","0.075","<0.05","<1","<1","26","<1","790","<0.1","31","7800","0.6","1","5851","2","<0.01","97","8.2","5900","0.079","0.4","<0.01","<50","<1","40","<1","2","2","0.27","0.006","<0.5","0.05","7.1","0.6","3.3","11","<1","<0.02","0.8","<1","0.16","5","0.06","16000","3100","1","<2","22.7","20","3000"
"Tolo Harbour And Channel","Tai Po Kau Stream","TR14","2024-06-15","1","<0.1","<50","0.055","<0.05","<1","<1","22","<1","<50","<0.1","4","100","0.7","<1","404","<1","<0.01","97","8","2700","0.018","<0.2","<0.01","50","<1","20","1","<2","<1","0.63","0.003","<0.5","0.047","6.9","0.4","0.2","17","<1","<0.02","3.6","<1","0.19","2","0.05","290","110","3.7","<2","24.7","<10","1100"
"Tolo Harbour And Channel","Tai Po Kau Stream","TR14","2024-07-06","1","<2","<50","0.3","0.06","<1","<1","24","<1","1500","<0.1","31","5400","1","1","22643","2","<0.01","92","6.6","12000","0.15","0.3","<0.01","<50","<1","30","1","5","2","0.26","0.006","<0.5","0.054","7.8","1.1","12.6","14","<1","<0.02","3","<1","0.37","2","0.07","11000","1700","5","<2","28.6","<10","8400"
"Tolo Harbour And Channel","Tai Po Kau Stream","TR14","2024-08-03","1","<2","<50","0.11","<0.05","<1","<1","28","<1","180","<0.1","29","1700","0.7","<1","5874","<1","<0.01","97","7.7","17000","0.186","<0.2","<0.01","70","<1","30","<1","<2","<1","0.49","0.007","<0.5","0.029","7","0.7","3.1","16","<1","<0.02","1","<1","0.18","2","0.04","4800","1500","1.8","<2","26.2","10","10000"
"Tolo Harbour And Channel","Tai Po Kau Stream","TR14","2024-09-07","1","0.1","<50","0.087","<0.05","<1","<1","19","<1","<50","<0.1","3","110","1.3","<1","367","<1","<0.01","97","7.8","8800","0.11","<0.2","<0.01","<50","<1","20","<1","<2","<1","0.74","0.006","<0.5","0.08","7.1","1.2","0.2","18","<1","<0.02","3.4","<1","0.12","1","0.09","400","210","7.8","<2","26.3","10","1700"
"Tolo Harbour And Channel","Tai Po Kau Stream","TR14","2024-10-05","1","<2","<50","0.13","<0.05","<1","2","26","<1","1100","<0.1","39","15000","0.6","1","22035","2","<0.01","80","6.2","5000","0.14","0.5","<0.01","<50","<1","90","<1","4","2","0.26","0.003","<0.5","0.067","7","<0.2","13.3","11","<1","<0.02","3","<1","0.26","2","0.1","28000","3600","0.9","<2","24.9","30","3600"
"Tolo Harbour And Channel","Tai Po Kau Stream","TR14","2024-11-02","1","<0.1","<50","0.067","<0.05","<1","<1","20","<1","90","<0.1","2","440","0.5","<1","1653","<1","<0.01","98","8.6","900","0.123","<0.2","<0.01","<50","<1","30","<1","<2","<1","0.24","0.005","<0.5","0.059","6.8","0.4","0.9","20","<1","<0.02","1.2","<1","0.15","<1","0.08","1300","370","0.6","<2","21.8","<10","800"
"Tolo Harbour And Channel","Tai Po Kau Stream","TR14","2024-12-08","1","0.3","<50","0.05","<0.05","<1","<1","22","<1","160","<0.1","8","1200","0.5","<1","2630","<1","<0.01","99","9.3","1100","0.059","<0.2","<0.01","<50","<1","30","<1","<2","<1","0.23","0.004","<0.5","0.026","7.1","0.3","1.6","20","<1","<0.02","<0.5","<1","0.1","1","0.04","2400","400","0.8","<2","17.8","<10","460"
"Tolo Harbour And Channel","Fo Tan Nullah","TR17","2024-01-03","1","5","<50","0.083","0.34","<1","<1","25","<1","740","<0.1","30","3900","15","2","12992","5","<0.01","144","12","26000","0.03","0.6","<0.01","90","<1","70","<1","5","3","0.44","0.042","<0.5","0.01","9.4","1.1","8","14","<1","<0.02","2.6","<1","0.19","4","0.04","9600","1900","2.6","<2","22.1","<10","3200"
"Tolo Harbour And Channel","Fo Tan Nullah","TR17","2024-02-22","1","6.7","<50","0.29","0.08","<1","<1","35","<1","1100","<0.1","46","5200","0.3","1","13374","4","<0.01","96","7.8","48000","0.066","0.8","<0.01","<50","<1","160","<1","6","4","0.96","0.069","<0.5","0.011","8.4","<0.2","8.1","12","<1","<0.02","17","<1","0.74","7","0.05","11000","2200","4.9","<2","22.9","10","32000"
"Tolo Harbour And Channel","Fo Tan Nullah","TR17","2024-03-04","1","2.1","<50","0.051","0.1","<1","<1","26","<1","1100","<0.1","27","5600","5.4","1","16973","4","<0.01","132","11.2","5300","0.025","0.8","<0.01","60","<1","80","<1","6","4","1.5","0.03","<0.5","0.028","9.1","4.3","11.1","14","<1","<0.02","7.6","<1","0.34","5","0.24","11000","2400","1.4","<2","20.1","<10","1800"
"Tolo Harbour And Channel","Fo Tan Nullah","TR17","2024-04-10","1","6.4","<50","0.044","0.29","<1","<1","29","<1","270","<0.1","44","3200","8.5","1","5921","5","<0.01","133","10.1","42000","0.09","0.7","<0.01","130","<1","50","<1","4","3","0.54","0.032","<0.5","0.048","9.6","2.9","3","9.8","<1","<0.02","2","<1","0.49","8","0.1","7000","1800","4.2","<2","28.6","<10","10000"
"Tolo Harbour And Channel","Fo Tan Nullah","TR17","2024-05-17","1","<0.1","<50","0.066","<0.05","<1","<1","20","<1","1200","<0.1","28","5000","7.4","2","13585","3","<0.01","122","9.6","43000","0.08","0.6","<0.01","<50","<1","50","<1","6","2","0.45","0.022","<0.5","0.036","9","4.4","7.7","12","<1","<0.02","3.7","<1","0.32","5","0.05","10000","2400","5.6","<2","25.7","<10","16000"
"Tolo Harbour And Channel","Fo Tan Nullah","TR17","2024-06-20","1","0.7","<50","0.027","<0.05","<1","<1","10","<1","150","<0.1","3","640","0.9","<1","1693","1","<0.01","112","8.7","21000","0.26","0.3","<0.01","<50","<1","<10","<1","<2","<1","0.57","0.005","<0.5","0.056","9","0.7","0.8","19","<1","<0.02","2.8","<1","0.15","1","0.07","1700","330","2.2","<2","28","<10","1600"
"Tolo Harbour And Channel","Fo Tan Nullah","TR17","2024-07-24","1","3.7","<50","0.14","0.13","<1","<1","33","<1","140","<0.1","14","870","1.9","<1","2845","3","<0.01","118","8.7","100000","0.205","0.6","<0.01","160","<1","240","<1","3","1","0.83","0.024","<0.5","0.025","8.7","1.3","1.3","17","<1","<0.02","1.9","<1","0.47","3","0.04","2100","730","1.9","<2","31.3","10","8200"
"Tolo Harbour And Channel","Fo Tan Nullah","TR17","2024-08-05","1","9.7","<50","0.07","0.23","<1","<1","29","<1","120","<0.1","17","420","1","<1","2023","3","<0.01","114","8.4","2700000","0.005","0.5","<0.01","160","<1","290","<1","3","<1","0.84","0.4","<0.5","0.013","8.3","<0.2","0.9","16","<1","0.06","7.8","<1","0.64","5","0.04","1300","490","7.7","<2","31.2","10","25000"
"Tolo Harbour And Channel","Fo Tan Nullah","TR17","2024-09-11","1","0.8","<50","0.22","<0.05","<1","<1","27","<1","100","<0.1","3","370","0.5","<1","1607","2","<0.01","109","8.5","240000","0.153","0.5","<0.01","110","<1","360","<1","<2","<1","0.72","0.021","<0.5","0.056","8.3","0.4","0.8","13","<1","<0.02","<0.5","<1","0.41","1","0.07","1200","370","3.7","<2","28.4","<10","15000"
"Tolo Harbour And Channel","Fo Tan Nullah","TR17","2024-10-02","1","4.5","<50","0.15","<0.05","<1","<1","40","<1","150","<0.1","7","840","0.5","<1","2512","2","<0.01","110","8.5","110000","0.036","0.6","<0.01","130","<1","450","<1","<2","1","0.64","0.18","<0.5","0.031","8.6","<0.2","1.2","16","<1","<0.02","1","<1","0.45","3","0.07","1700","430","3.3","<2","28.1","20","28000"
"Tolo Harbour And Channel","Fo Tan Nullah","TR17","2024-11-06","1","4.2","<50","0.12","0.3","<1","<1","25","<1","500","<0.1","14","4200","9.4","2","8039","5","<0.01","173","13.2","180000","0.038","0.8","<0.01","70","<1","20","<1","4","2","0.51","0.042","<0.5","0.063","9.2","4.2","4.2","15","<1","<0.02","5.9","<1","0.89","5","0.09","7800","1100","2.3","<2","28.1","<10","13000"
"Tolo Harbour And Channel","Fo Tan Nullah","TR17","2024-12-04","1","2.7","<50","0.062","<0.05","<1","<1","19","<1","600","<0.1","20","5100","5.5","<1","11199","3","<0.01","177","13.9","31000","0.007","0.8","<0.01","<50","<1","10","<1","4","2","0.29","0.21","<0.5","0.045","9.9","1.1","6.2","12","<1","<0.02","2.4","<1","0.35","3","0.05","10000","1700","2.6","<2","25.9","<10","2300"
"Tolo Harbour And Channel","Fo Tan Nullah","TR17L","2024-01-03","1","2.1","<50","0.29","<0.05","<1","1","26","<1","2000","<0.1","57","12000","1.6","3","31143","5","<0.01","88","6.9","350","null","0.8","<0.01","60","<1","110","<1","9","6","0.3","0.013","<0.5","0.004","7.7","1.3","21.1","5.4","<1","<0.02","1.6","<1","0.38","4","0.03","31000","7700","1.4","3","21.2","10","180"
"Tolo Harbour And Channel","Fo Tan Nullah","TR17L","2024-02-22","1","3.3","<50","0.38","0.09","<1","1","19","<1","2800","<0.1","36","13000","0.6","1","36347","4","<0.01","76","5.7","2300","null","0.8","<0.01","<50","<1","120","<1","10","7","0.38","0.022","<0.5","0.047","7.7","<0.2","24.2","3.9","<1","<0.02","0.8","<1","0.54","5","0.08","40000","9900","2","3","22.7","20","750"
"Tolo Harbour And Channel","Fo Tan Nullah","TR17L","2024-03-04","1","1.8","<50","0.26","0.06","<1","1","24","<1","3000","<0.1","34","12000","2.2","1","28818","4","<0.01","86","7.1","3900","null","0.8","<0.01","60","<1","130","<1","8","6","0.5","0.024","<0.5","0.012","7.6","2","20.5","5.7","<1","<0.02","0.6","<1","0.39","6","0.11","33000","7400","1.3","2","18.8","20","290"
"Tolo Harbour And Channel","Fo Tan Nullah","TR17L","2024-04-10","1","1.5","<50","0.3","0.08","<1","1","24","<1","2600","<0.1","78","14000","0.7","1","35542","4","<0.01","81","5.9","4400","null","0.8","<0.01","<50","<1","150","<1","10","6","0.39","0.024","<0.5","0.043","7.9","0.7","22.8","4.5","<1","<0.02","2.3","<1","0.41","10","0.11","35000","8600","1.2","<2","24.2","<10","1000"
"Tolo Harbour And Channel","Fo Tan Nullah","TR17L","2024-05-17","1","1.1","<50","0.21","<0.05","<1","1","25","<1","1800","<0.1","48","11000","3.3","2","29420","4","<0.01","89","6.4","1000","null","0.8","<0.01","<50","<1","270","<1","9","4","0.4","0.029","<0.5","0.037","7.7","0.8","17.3","5.3","<1","<0.02","4.2","<1","0.41","6","0.07","27000","6000","1.1","<2","27.2","10","180"
"Tolo Harbour And Channel","Fo Tan Nullah","TR17L","2024-06-20","1","1.3","<50","0.18","<0.05","<1","<1","22","<1","510","<0.1","9","2400","0.8","1","7761","2","<0.01","105","8","120000","null","0.5","<0.01","<50","<1","100","<1","4","2","0.55","0.031","<0.5","0.042","8.3","0.3","4","15","<1","<0.02","3","<1","0.42","2","0.07","6500","1700","3.3","<2","28.4","10","8100"
"Tolo Harbour And Channel","Fo Tan Nullah","TR17L","2024-07-24","1","0.6","<50","0.17","<0.05","<1","1","21","<1","1800","<0.1","89","8700","2.3","1","30871","4","<0.01","89","6","15000","null","0.7","<0.01","<50","<1","80","<1","7","5","0.42","0.017","<0.5","0.045","7.8","1.5","16.8","9.3","<1","<0.02","3.2","<1","0.35","3","0.07","29000","8000","1.3","2","31.2","<10","700"
"Tolo Harbour And Channel","Fo Tan Nullah","TR17L","2024-08-05","1","1.3","<50","0.12","<0.05","<1","<1","22","<1","1200","<0.1","94","6900","1","2","23520","3","<0.01","91","6.4","13000","null","0.7","<0.01","<50","<1","120","<1","5","3","0.45","0.086","<0.5","0.033","7.7","<0.2","12.6","10","<1","<0.02","1.2","<1","0.24","2","0.07","23000","6700","1.5","<2","30.7","10","1300"
"Tolo Harbour And Channel","Fo Tan Nullah","TR17L","2024-09-11","1","0.5","<50","0.34","0.09","<1","<1","22","<1","450","<0.1","20","2100","0.6","1","5885","2","<0.01","101","7.6","46000","null","0.6","<0.01","<50","<1","150","<1","4","2","0.59","0.037","<0.5","0.073","7.9","<0.2","2.9","16","<1","<0.02","2.6","<1","0.4","1","0.08","5300","1800","3.1","<2","29.5","<10","11000"
"Tolo Harbour And Channel","Fo Tan Nullah","TR17L","2024-10-02","1","1.8","<50","0.25","<0.05","<1","1","20","<1","2000","<0.1","31","13000","1.3","2","33477","3","<0.01","88","6.1","110000","null","0.8","<0.01","<50","<1","10","<1","9","5","0.32","0.014","<0.5","0.048","8.3","1.2","19.2","5.8","<1","<0.02","3.4","<1","0.39","3","0.11","33000","7600","1.5","<2","29.1","10","33000"
"Tolo Harbour And Channel","Fo Tan Nullah","TR17L","2024-11-06","1","2.6","<50","0.36","0.21","<1","1","19","<1","2500","<0.1","27","19000","3.6","2","26358","5","<0.01","79","5.8","11000","null","0.9","<0.01","<50","<1","100","<1","9","7","0.33","0.016","<0.5","0.039","7.8","2.3","15.7","4.9","<1","<0.02","2.4","<1","0.48","2","0.14","35000","5000","2","<2","26.2","<10","4800"
"Tolo Harbour And Channel","Fo Tan Nullah","TR17L","2024-12-04","1","2","<50","0.15","<0.05","<1","1","15","<1","2900","<0.1","29","19000","2.1","1","37457","4","<0.01","88","6.5","860","null","0.9","<0.01","<50","<1","70","<1","10","5","0.17","0.006","<0.5","0.019","8.1","0.7","24.3","3.2","<1","<0.02","4","<1","0.24","4","0.08","38000","6900","1.2","<2","23.9","10","40"
"Tolo Harbour And Channel","Tai Wai Nullah","TR19","2024-01-03","1","1.2","<50","0.011","0.07","<1","<1","50","<1","130","<0.1","5","510","3.3","2","2050","2","<0.01","119","10.8","34000","0.096","0.5","<0.01","<50","<1","30","<1","7","6","0.59","0.012","<0.5","0.027","8.1","3.1","1.2","20","<1","<0.02","2.6","<1","0.14","3","0.04","1900","500","5.8","<2","19.7","<10","3900"
"Tolo Harbour And Channel","Tai Wai Nullah","TR19","2024-02-22","1","2.8","<50","0.43","0.05","<1","<1","62","<1","200","<0.1","10","1300","0.2","<1","2732","1","<0.01","91","7.7","120000","0.27","0.6","<0.01","<50","<1","110","<1","8","8","0.86","0.03","<0.5","0.058","7.4","<0.2","1.5","16","<1","0.02","27","<1","0.63","4","0.07","2500","320","19.6","<2","23.1","<10","66000"
"Tolo Harbour And Channel","Tai Wai Nullah","TR19","2024-03-04","1","2.9","<50","0.11","0.07","<1","<1","52","<1","240","0.1","11","860","2.3","2","2978","2","<0.01","92","8.4","43000","0.122","0.6","<0.01","50","<1","90","<1","15","7","1.3","0.026","<0.5","0.02","7.6","1.1","1.8","19","<1","0.02","30","<1","1.5","6","0.12","2700","760","17.3","<2","19.2","10","3900"
"Tolo Harbour And Channel","Tai Wai Nullah","TR19","2024-04-10","1","5.9","<50","0.013","0.1","<1","<1","46","<1","490","0.2","58","2700","1.2","<1","8402","3","<0.01","107","8.8","340000","0.056","0.6","<0.01","<50","<1","100","<1","7","9","0.75","0.011","0.7","0.012","7.6","<0.2","4.8","17","<1","<0.02","2","<1","0.35","10","0.05","7500","1700","3.2","<2","24","10","10000"
"Tolo Harbour And Channel","Tai Wai Nullah","TR19","2024-05-17","1","3","<50","0.034","0.18","<1","<1","32","<1","930","0.1","28","3900","4.3","2","12105","4","<0.01","134","10.4","190000","0.086","0.7","<0.01","<50","<1","70","<1","6","8","0.5","0.011","<0.5","0.044","8","2.5","6.7","15","<1","<0.02","3.2","<1","0.28","4","0.06","11000","2400","4.1","<2","26.6","10","6500"
"Tolo Harbour And Channel","Tai Wai Nullah","TR19","2024-06-20","1","1.4","110","0.011","<0.05","<1","<1","21","<1","290","<0.1","9","1400","0.8","<1","4690","2","<0.01","116","8.8","210000","0.13","0.4","<0.01","<50","<1","40","<1","4","5","0.5","0.017","<0.5","0.03","8","0.7","2.3","18","<1","<0.02","2.3","<1","0.15","2","0.04","4600","1500","3.3","<2","28.7","20","25000"
"Tolo Harbour And Channel","Tai Wai Nullah","TR19","2024-07-24","1","0.8","<50","0.016","<0.05","<1","<1","26","<1","150","<0.1","8","660","2.4","<1","2431","2","<0.01","107","8.3","99000","0.072","0.4","<0.01","50","<1","30","<1","4","6","0.54","0.008","<0.5","0.074","7.4","1.4","1.2","19","<1","<0.02","2.6","<1","0.27","2","0.09","2600","910","4.8","<2","28.5","10","17000"
"Tolo Harbour And Channel","Tai Wai Nullah","TR19","2024-08-05","1","0.6","<50","0.083","<0.05","<1","<1","19","<1","<50","<0.1","2","95","1.8","<1","432","2","<0.01","110","8.4","170000","0.211","0.4","<0.01","50","<1","30","<1","3","5","0.58","0.009","<0.5","0.017","7.3","1.3","0.2","19","<1","<0.02","2.6","<1","0.23","2","0.04","800","550","3","<2","29.4","70","4600"
"Tolo Harbour And Channel","Tai Wai Nullah","TR19","2024-09-11","1","1.1","60","0.089","<0.05","<1","<1","19","<1","<50","<0.1","8","82","0.6","<1","384","3","<0.01","106","8.2","16000","0.289","0.4","<0.01","<50","<1","30","<1","3","5","0.59","0.006","<0.5","0.055","7.5","<0.2","0.2","21","<1","<0.02","<0.5","<1","0.21","1","0.06","330","120","3.7","<2","28.2","10","720"
"Tolo Harbour And Channel","Tai Wai Nullah","TR19","2024-10-02","1","5.5","<50","0.01","0.06","<1","<1","20","<1","50","<0.1","7","120","0.6","<1","451","1","<0.01","107","8.7","90000","0.026","0.4","<0.01","50","<1","30","<1","3","3","0.58","0.017","<0.5","0.027","7.4","0.3","0.2","19","<1","<0.02","18","<1","0.26","2","0.05","430","140","27.5","<2","25.7","<10","10000"
"Tolo Harbour And Channel","Tai Wai Nullah","TR19","2024-11-06","1","3","<50","0.13","<0.05","<1","<1","23","<1","50","<0.1","8","270","1.5","<1","502","2","<0.01","107","9.1","33000","0.086","0.5","<0.01","<50","<1","50","<1","4","4","0.55","0.009","<0.5","0.026","7.6","1.3","0.3","15","<1","<0.02","6.6","<1","0.36","2","0.05","510","62","8.3","<2","23.7","10","3000"
"Tolo Harbour And Channel","Tai Wai Nullah","TR19","2024-12-04","1","2.3","<50","0.074","0.09","<1","<1","23","<1","50","<0.1","2","160","0.8","<1","485","2","<0.01","117","10.1","63000","0.112","0.5","<0.01","<50","<1","40","<1","4","5","0.7","0.009","<0.5","0.081","7.7","0.9","0.2","20","<1","<0.02","1","<1","0.3","3","0.09","340","72","2.1","<2","22.8","<10","8000"
"Tolo Harbour And Channel","Tai Wai Nullah","TR19A","2024-01-03","1","0.5","<50","0.075","<0.05","<1","<1","25","<1","380","<0.1","24","2200","1.6","2","5805","2","<0.01","106","9.7","1200","0.051","1.1","<0.01","<50","<1","<10","<1","10","2","0.51","0.009","<0.5","0.023","7.7","1.6","3.6","20","<1","<0.02","2","<1","0.19","4","0.02","4500","780","2.7","<2","18.8","<10","800"
"Tolo Harbour And Channel","Tai Wai Nullah","TR19A","2024-02-22","1","0.9","<50","0.47","0.09","<1","<1","35","<1","1300","0.1","20","7100","<0.2","1","17594","3","<0.01","119","9.6","340000","0.104","0.7","<0.01","<50","<1","20","<1","7","4","0.8","0.021","<0.5","0.076","7.8","<0.2","10.9","11","<1","<0.02","4.8","<1","0.73","4","0.1","17000","5800","3.3","<2","22.9","10","300000"
"Tolo Harbour And Channel","Tai Wai Nullah","TR19A","2024-03-04","1","0.6","<50","0.097","0.08","<1","<1","40","<1","1300","0.1","44","7500","1.2","2","16742","3","<0.01","110","9.5","<1","0.019","0.8","<0.01","50","<1","<10","<1","12","4","0.86","0.019","<0.5","0.035","8","1","11.2","14","<1","<0.02","25","<1","0.27","5","0.21","16000","3900","16.8","2","19.4","10","<1"
"Tolo Harbour And Channel","Tai Wai Nullah","TR19A","2024-04-10","1","1.2","<50","0.084","<0.05","<1","<1","20","<1","490","<0.1","33","2600","2.5","1","6950","2","<0.01","134","11","18000","0.017","0.9","<0.01","<50","<1","20","<1","6","3","0.71","0.025","<0.5","0.036","8.5","0.8","3.9","18","<1","<0.02","1.6","<1","0.25","6","0.05","5500","1100","1.3","<2","24.1","<10","12000"
"Tolo Harbour And Channel","Tai Wai Nullah","TR19A","2024-05-17","1","0.2","<50","0.096","0.09","<1","<1","25","<1","430","<0.1","15","1500","4.4","1","6041","3","<0.01","142","10.6","39000","0.013","0.8","<0.01","<50","<1","<10","<1","6","<1","0.6","0.022","<0.5","0.06","8.6","2.5","3","20","<1","<0.02","2.9","<1","0.35","4","0.06","3400","630","1.1","<2","29.7","10","15000"
"Tolo Harbour And Channel","Tai Wai Nullah","TR19A","2024-06-20","1","0.7","<50","0.05","<0.05","<1","<1","24","<1","410","0.1","12","2200","1.9","<1","6935","1","<0.01","116","8.8","35000","0.169","0.6","<0.01","<50","<1","<10","<1","4","1","0.58","0.009","<0.5","0.04","8.3","0.9","3.5","18","<1","<0.02","1.7","<1","0.19","2","0.05","4900","1200","2","<2","29.1","10","12000"
"Tolo Harbour And Channel","Tai Wai Nullah","TR19A","2024-07-24","1","0.3","<50","0.06","<0.05","<1","<1","21","<1","<50","<0.1","6","39","1.8","1","275","1","0.01","112","8.6","37000","0.045","0.7","<0.01","190","<1","<10","<1","4","1","0.63","0.018","<0.5","0.045","8.1","1.9","0.1","20","<1","<0.02","1.6","<1","0.16","2","0.05","220","100","1.1","<2","29.2","10","19000"
"Tolo Harbour And Channel","Tai Wai Nullah","TR19A","2024-08-05","1","0.1","<50","0.079","<0.05","<1","<1","20","<1","<50","<0.1","6","110","2.1","<1","326","1","0.02","115","8.6","11000","0.035","0.6","<0.01","<50","<1","<10","<1","3","<1","0.65","0.011","<0.5","0.021","8.1","1.3","0.1","15","<1","<0.02","2.8","<1","0.22","2","0.04","250","51","2.3","<2","30.7","<10","2800"
"Tolo Harbour And Channel","Tai Wai Nullah","TR19A","2024-09-11","1","<0.1","60","0.04","<0.05","<1","<1","23","<1","<50","<0.1","9","49","0.8","<1","251","3","0.02","107","8.3","1","0.063","0.6","<0.01","<50","<1","10","<1","3","1","0.72","<0.002","<0.5","0.06","7.8","<0.2","0.1","20","<1","<0.02","1.2","<1","0.25","3","0.07","220","54","4.7","<2","28.6","10","<1"
"Tolo Harbour And Channel","Tai Wai Nullah","TR19A","2024-10-02","1","1.6","<50","0.05","0.05","<1","<1","25","<1","<50","<0.1","2","41","1.5","<1","262","<1","0.03","108","8.8","18000","0.019","0.7","<0.01","70","<1","10","<1","3","<1","0.91","0.017","<0.5","0.045","7.8","1.7","0.1","20","<1","<0.02","7.3","<1","0.13","2","0.06","200","30","12.5","<2","26.2","<10","17000"
"Tolo Harbour And Channel","Tai Wai Nullah","TR19A","2024-11-06","1","0.7","<50","0.079","<0.05","<1","<1","37","<1","<50","<0.1","8","150","5.5","<1","520","<1","0.02","108","9.1","160000","0.02","0.8","<0.01","<50","<1","<10","<1","4","<1","0.75","0.022","<0.5","0.038","7.7","5.4","0.3","20","<1","<0.02","3.3","<1","0.31","3","0.06","370","42","1.7","<2","23.9","10","130000"
"Tolo Harbour And Channel","Tai Wai Nullah","TR19A","2024-12-04","1","1.3","<50","0.087","<0.05","<1","<1","29","<1","50","<0.1","3","150","2.2","2","559","1","0.01","111","9.8","18000","0.009","0.9","<0.01","<50","<1","<10","<1","7","2","0.86","0.025","<0.5","0.046","7.7","2","0.3","20","<1","<0.02","1.8","<1","0.22","2","0.06","410","59","5.9","<2","21.2","<10","4100"
"Tolo Harbour And Channel","Tai Wai Nullah","TR19C","2024-01-03","1","2.3","<50","0.085","0.06","<1","<1","44","<1","120","<0.1","11","440","17","2","1701","2","<0.01","102","9.2","22000","0.33","0.5","<0.01","<50","<1","20","<1","8","3","0.83","0.011","<0.5","0.029","8.5","17","1","17","<1","0.24","100","<1","0.5","5","0.09","1800","430","39.7","<2","19.7","<10","3600"
"Tolo Harbour And Channel","Tai Wai Nullah","TR19C","2024-02-22","1","2.2","<50","0.27","<0.05","<1","<1","47","<1","140","<0.1","6","720","0.3","<1","1831","2","<0.01","97","8.2","170000","0.126","0.5","<0.01","<50","<1","70","<1","6","4","0.91","0.021","<0.5","0.057","8","<0.2","1","16","<1","0.04","93","<1","0.55","3","0.12","1900","620","77.7","<2","23.1","<10","140000"
"Tolo Harbour And Channel","Tai Wai Nullah","TR19C","2024-03-04","1","1.9","<50","0.19","0.08","<1","<1","39","<1","150","0.1","10","470","1.3","1","1597","2","<0.01","96","8.8","90","0.033","0.6","<0.01","<50","<1","60","<1","8","6","1.4","0.015","<0.5","0.017","7.5","0.5","0.9","18","<1","<0.02","16","<1","1.8","7","0.27","4800","1200","11.5","<2","19.4","10","16"
"Tolo Harbour And Channel","Tai Wai Nullah","TR19C","2024-04-10","1","1.1","<50","0.098","<0.05","<1","<1","45","<1","490","0.2","53","2400","1.3","<1","7588","3","<0.01","109","8.9","16000","0.042","0.6","<0.01","<50","<1","100","<1","7","9","0.88","0.017","<0.5","0.081","7.6","0.5","4.3","17","<1","<0.02","2.6","<1","0.33","6","0.09","6100","1400","2.4","<2","24.2","10","11000"
"Tolo Harbour And Channel","Tai Wai Nullah","TR19C","2024-05-17","1","0.5","<50","0.088","0.16","<1","<1","30","<1","940","0.2","23","4700","5.1","1","13837","3","<0.01","127","9.8","72000","0.034","0.7","<0.01","<50","<1","70","<1","6","8","0.56","0.009","<0.5","0.11","7.9","1","7.8","15","<1","<0.02","6.5","<1","0.24","3","0.12","12000","2600","2.8","<2","26.4","<10","900"
"Tolo Harbour And Channel","Tai Wai Nullah","TR19C","2024-06-20","1","0.7","<50","0.026","<0.05","<1","<1","19","<1","290","<0.1","9","1300","1.4","<1","4724","2","<0.01","112","8.6","17000","0.395","0.4","<0.01","<50","<1","40","<1","3","4","0.56","0.009","<0.5","0.064","8","0.6","2.4","18","<1","<0.02","3.2","<1","0.15","2","0.08","4100","1300","3.6","<2","28.2","<10","3800"
"Tolo Harbour And Channel","Tai Wai Nullah","TR19C","2024-07-24","1","1","<50","0.15","<0.05","<1","<1","22","<1","130","<0.1","8","470","0.9","<1","2086","2","<0.01","107","8.3","21000","0.115","0.4","<0.01","60","<1","40","<1","3","6","0.57","0.009","<0.5","0.058","7.4","0.9","1","19","<1","<0.02","1.4","<1","0.29","2","0.07","1900","750","2.1","<2","28.5","<10","4300"
"Tolo Harbour And Channel","Tai Wai Nullah","TR19C","2024-08-05","1","0.9","<50","0.053","<0.05","<1","<1","19","<1","<50","<0.1","3","64","1.1","<1","344","2","<0.01","106","8.2","11000","0.134","0.3","<0.01","<50","<1","20","<1","2","3","0.57","0.005","<0.5","0.04","7.3","0.5","0.2","20","<1","<0.02","2","<1","0.2","2","0.05","340","160","2.6","<2","28.7","10","4400"
"Tolo Harbour And Channel","Tai Wai Nullah","TR19C","2024-09-11","1","0.3","<50","0.033","0.08","<1","<1","19","<1","<50","<0.1","4","53","0.4","<1","287","2","<0.01","105","8.3","8200","0.135","0.4","<0.01","<50","<1","20","<1","2","3","0.58","0.005","<0.5","0.039","7.5","0.3","0.1","20","<1","<0.02","1.6","<1","0.09","1","0.05","300","110","3.4","<2","27.7","10","1100"
"Tolo Harbour And Channel","Tai Wai Nullah","TR19C","2024-10-02","1","7.2","<50","0.016","<0.05","<1","<1","15","<1","<50","<0.1","5","46","0.3","<1","245","<1","<0.01","105","8.5","14000","0.144","0.4","<0.01","70","<1","20","<1","<2","2","0.58","0.006","<0.5","0.037","7.4","0.4","0.1","18","<1","<0.02","2.4","<1","<0.05","1","0.05","190","100","4","<2","25.7","<10","3300"
"Tolo Harbour And Channel","Tai Wai Nullah","TR19C","2024-11-06","1","1.1","<50","0.036","0.06","<1","<1","19","<1","<50","<0.1","8","67","1","<1","298","1","<0.01","107","9","230000","0.11","0.4","<0.01","<50","<1","20","<1","3","3","0.61","0.017","<0.5","0.047","7.5","0.8","0.1","19","<1","<0.02","2.1","<1","0.13","1","0.06","250","16","1.7","<2","24","<10","200000"
"Tolo Harbour And Channel","Tai Wai Nullah","TR19C","2024-12-04","1","10","<50","0.014","<0.05","<1","<1","25","<1","<50","<0.1","4","73","1.5","<1","325","2","<0.01","107","9.3","4000","0.146","0.4","<0.01","<50","<1","20","<1","3","4","0.77","0.006","<0.5","0.041","7.7","<0.2","0.2","20","<1","<0.02","0.9","<1","<0.05","2","0.04","240","46","1.8","<2","22.5","<10","1600"
"Tolo Harbour And Channel","Shing Mun Main Channel","TR19I","2024-01-03","1","3.7","<50","0.082","0.07","<1","2","16","<1","2000","<0.1","32","16000","8.3","2","41498","5","<0.01","104","7.8","1400","null","0.8","<0.01","60","<1","10","<1","11","7","0.063","0.003","<0.5","<0.002","7.9","7.7","29.3","1.2","<1","<0.02","5.2","<1","0.25","5","0.03","37000","8500","2","4","20.7","<10","100"
"Tolo Harbour And Channel","Shing Mun Main Channel","TR19I","2024-02-22","1","8.2","<50","0.18","0.05","<1","2","13","<1","3400","<0.1","28","18000","0.9","2","45601","5","<0.01","108","7.8","4000","null","0.8","<0.01","70","<1","30","<1","12","8","0.087","0.005","<0.5","0.01","8","<0.2","31.4","1.1","<1","<0.02","7.6","<1","0.61","5","0.11","47000","9700","3","5","22.3","20","1300"
"Tolo Harbour And Channel","Shing Mun Main Channel","TR19I","2024-03-04","1","2.2","<50","0.26","<0.05","<1","1","26","<1","1900","<0.1","29","12000","2.2","1","27634","4","<0.01","94","7.8","3600","null","0.8","<0.01","90","<1","130","<1","9","6","0.53","0.023","<0.5","0.003","7.7","2","19.5","5.9","<1","<0.02","1.8","<1","0.42","5","0.09","31000","6900","1.2","2","18.9","20","460"
"Tolo Harbour And Channel","Shing Mun Main Channel","TR19I","2024-04-10","1","2.3","<50","0.17","0.05","<1","1","21","<1","2800","<0.1","65","15000","3","2","40036","4","<0.01","95","6.9","5300","null","0.8","<0.01","<50","<1","100","<1","11","8","0.31","0.015","<0.5","0.05","7.9","0.9","26","3.2","<1","<0.02","4.8","<1","0.39","9","0.14","40000","8900","2.2","<2","24.2","10","900"
"Tolo Harbour And Channel","Shing Mun Main Channel","TR19I","2024-05-17","1","5.7","<50","0.042","0.07","<1","1","18","<1","2400","<0.1","60","14000","12","2","37497","4","<0.01","112","7.9","450","null","0.7","<0.01","<50","<1","40","<1","10","5","0.25","0.013","<0.5","0.008","8.1","3.3","22.8","2.3","<1","<0.02","5.4","<1","0.29","5","0.06","39000","13000","0.8","2","26.9","10","10"
"Tolo Harbour And Channel","Shing Mun Main Channel","TR19I","2024-06-20","1","3.4","<50","0.066","<0.05","<1","<1","16","<1","1300","<0.1","36","7400","15","1","21570","3","<0.01","114","8.2","160000","null","0.5","<0.01","<50","<1","10","<1","5","4","0.29","0.018","<0.5","0.007","8.3","3","11.8","7.1","<1","<0.02","7.4","<1","0.4","3","0.07","21000","6200","4.5","<2","29.4","10","14000"
"Tolo Harbour And Channel","Shing Mun Main Channel","TR19I","2024-07-24","1","2.4","<50","0.06","<0.05","<1","2","14","<1","2700","<0.1","73","13000","21","1","43274","4","<0.01","102","6.5","13000","null","0.7","<0.01","<50","<1","<10","<1","9","7","0.15","0.008","<0.5","0.037","8","5.2","24.1","2.6","<1","<0.02","3.6","<1","0.39","4","0.12","41000","11000","3.4","3","32","<10","1700"
"Tolo Harbour And Channel","Shing Mun Main Channel","TR19I","2024-08-05","1","0.8","<50","0.071","0.07","<1","1","19","<1","1600","<0.1","82","12000","2.9","1","33038","3","<0.01","104","6.8","3400","null","0.7","<0.01","<50","<1","20","<1","7","5","0.35","0.017","<0.5","0.035","8","1","17.5","7.1","<1","<0.02","1.7","<1","0.26","3","0.09","49000","12000","1.6","<2","33","<10","170"
"Tolo Harbour And Channel","Shing Mun Main Channel","TR19I","2024-09-11","1","1","<50","0.17","0.09","<1","<1","18","<1","1200","<0.1","38","7600","1.3","2","17203","4","<0.01","103","7.3","3800","null","0.6","<0.01","<50","<1","50","<1","5","4","0.57","0.012","<0.5","0.046","7.9","0.3","9","11","<1","<0.02","3.8","<1","0.26","2","0.07","18000","5600","2.5","<2","30.7","<10","390"
"Tolo Harbour And Channel","Shing Mun Main Channel","TR19I","2024-10-02","1","2.2","<50","0.15","<0.05","<1","1","17","<1","2000","<0.1","39","15000","6.9","1","35134","3","<0.01","99","6.9","3100","null","0.8","<0.01","60","<1","<10","<1","8","5","0.24","0.004","<0.5","0.018","8.5","1.5","20.6","4.7","<1","<0.02","3.6","<1","0.31","3","0.1","37000","8400","1.2","<2","28.3","<10","130"
"Tolo Harbour And Channel","Shing Mun Main Channel","TR19I","2024-11-06","1","3","<50","0.083","0.06","<1","2","12","<1","3100","<0.1","27","21000","11","2","43062","5","<0.01","96","6.8","2500","null","0.9","<0.01","<50","<1","<10","<1","10","8","0.14","0.012","<0.5","0.017","8.1","3.7","27.4","1.6","<1","<0.02","2.6","<1","0.37","4","0.17","44000","7800","1.8","2","25.6","10","900"
"Tolo Harbour And Channel","Shing Mun Main Channel","TR19I","2024-12-04","1","3.4","<50","0.048","<0.05","<1","1","11","<1","3000","<0.1","31","20000","12","1","44002","4","<0.01","111","8","70","null","0.9","<0.01","<50","<1","<10","<1","11","8","0.026","<0.002","<0.5","0.019","8.3","1.8","29.3","0.69","<1","<0.02","4.4","<1","0.24","5","0.1","38000","5600","2.5","2","23.5","<10","30"
"Tolo Harbour And Channel","Tin Sum Nullah","TR20B","2024-01-03","1","<0.1","<50","<0.005","<0.05","<1","<1","13","<1","<50","<0.1","4","49","0.3","3","133","<1","<0.01","101","9.2","<1","0.03","0.4","<0.01","50","<1","<10","<1","9","1","0.43","<0.002","<0.5","0.012","7.7","<0.2","0.1","14","<1","<0.02","2","<1","0.16","2","0.02","150","56","2.6","<2","19.8","<10","<1"
"Tolo Harbour And Channel","Tin Sum Nullah","TR20B","2024-02-22","1","0.8","<50","<0.005","<0.05","<1","<1","15","<1","50","<0.1","6","77","0.2","2","230","<1","<0.01","101","9","<1","0.21","0.6","<0.01","<50","<1","<10","<1","2","3","1.1","<0.002","<0.5","0.038","8","0.3","0.1","12","<1","<0.02","4.1","<1","<0.05","3","0.04","220","58","3.1","<2","20.8","<10","<1"
"Tolo Harbour And Channel","Tin Sum Nullah","TR20B","2024-03-04","1","0.5","<50","<0.005","<0.05","<1","<1","18","<1","60","<0.1","7","25","<0.2","1","154","1","<0.01","100","9.4","<1","0.018","0.6","<0.01","70","<1","20","<1","3","2","1.6","<0.002","<0.5","0.044","7.6","<0.2","0.1","13","<1","<0.02","0.7","<1","<0.05","2","0.13","180","96","1.5","<2","18.6","<10","<1"
"Tolo Harbour And Channel","Tin Sum Nullah","TR20B","2024-04-10","1","<0.1","210","0.074","<0.05","<1","<1","21","<1","60","<0.1","6","26","0.5","3","258","2","<0.01","100","8.5","<1","0.075","0.5","<0.01","<50","<1","<10","<1","16","2","1.4","0.17","<0.5","0.033","9.5","<0.2","0.1","15","<1","<0.02","4","<1","0.2","5","0.04","200","26","1.8","<2","23.4","<10","<1"
"Tolo Harbour And Channel","Tin Sum Nullah","TR20B","2024-05-17","1","1","50","0.1","0.05","<1","<1","17","<1","50","<0.1","7","110","1.1","3","182","1","<0.01","100","8.3","18","0.044","0.4","<0.01","<50","<1","10","<1","7","<1","1","0.034","<0.5","0.056","8.5","0.4","0.1","19","<1","<0.02","22","<1","0.4","3","0.07","260","43","16.9","2","24.6","<10","12"
"Tolo Harbour And Channel","Tin Sum Nullah","TR20B","2024-06-20","1","<0.1","820","0.14","<0.05","1","2","14","<1","50","<0.1","5","30","0.9","6","315","2","<0.01","100","7.9","770","0.082","0.4","<0.01","<50","<1","<10","<1","23","<1","0.54","0.061","<0.5","0.12","10.3","0.4","0.1","20","<1","<0.02","30","<1","0.39","3","0.16","300","60","21.9","5","27.1","<10","170"
"Tolo Harbour And Channel","Tin Sum Nullah","TR20B","2024-07-24","1","<0.1","350","0.069","<0.05","<1","<1","12","<1","<50","<0.1","2","100","0.5","<1","269","<1","<0.01","98","7.7","<1","0.051","0.5","<0.01","<50","<1","<10","<1","5","<1","0.65","0.025","<0.5","0.09","9.7","0.2","0.1","19","<1","<0.02","5.6","<1","0.24","1","0.1","240","56","5.1","<2","27.8","<10","<1"
"Tolo Harbour And Channel","Tin Sum Nullah","TR20B","2024-08-05","1","<0.1","670","0.049","<0.05","<1","<1","15","<1","<50","<0.1","6","26","0.7","1","534","2","<0.01","100","7.8","<1","0.062","0.4","<0.01","<50","<1","<10","<1","4","<1","0.64","0.015","<0.5","0.032","10.5","<0.2","0.2","20","<1","<0.02","13","<1","0.16","2","0.04","330","110","5.1","<2","27.7","<10","<1"
"Tolo Harbour And Channel","Tin Sum Nullah","TR20B","2024-09-11","1","<0.1","960","0.15","<0.05","<1","<1","17","<1","<50","<0.1","6","20","<0.2","1","952","2","<0.01","100","7.9","<1","0.053","0.4","<0.01","<50","<1","<10","<1","3","1","0.79","0.018","<0.5","0.11","11","<0.2","0.5","20","<1","<0.02","22","<1","0.31","1","0.12","490","130","6.4","<2","26.8","10","<1"
"Tolo Harbour And Channel","Tin Sum Nullah","TR20B","2024-10-02","1","<0.1","150","0.022","<0.05","<1","<1","14","<1","50","<0.1","2","16","0.6","1","197","<1","<0.01","99","8.1","1","0.027","0.4","<0.01","60","<1","<10","<1","5","<1","0.89","0.022","<0.5","0.082","9","<0.2","0.1","20","<1","<0.02","34","<1","<0.05","2","0.1","170","38","9.2","<2","25.6","<10","<1"
"Tolo Harbour And Channel","Tin Sum Nullah","TR20B","2024-11-06","1","<0.1","<50","0.009","<0.05","<1","<1","15","<1","60","<0.1","7","58","0.4","1","185","<1","<0.01","102","8.6","<1","0.019","0.5","<0.01","<50","<1","<10","<1","3","1","1","<0.002","<0.5","0.044","7.2","0.4","0.1","20","<1","<0.02","6.9","<1","<0.05","2","0.08","190","25","7.9","<2","23.7","<10","<1"
"Tolo Harbour And Channel","Tin Sum Nullah","TR20B","2024-12-04","1","<0.1","60","<0.005","<0.05","<1","<1","16","<1","<50","<0.1","3","60","0.4","1","156","<1","<0.01","101","9","<1","0.073","0.5","<0.01","<50","<1","<10","<1","3","3","0.81","<0.002","<0.5","0.033","7.4","0.3","0.1","19","<1","<0.02","14","<1","<0.05","2","0.04","160","34","8","<2","21.2","<10","<1"
"Tolo Harbour And Channel","Siu Lek Yuen Nullah","TR23A","2024-01-03","1","1.1","<50","0.094","<0.05","<1","<1","26","<1","1400","<0.1","24","11000","1.2","2","26278","4","<0.01","90","7.3","2100","null","0.6","<0.01","70","<1","50","<1","8","5","0.26","0.006","<0.5","0.002","7.6","<0.2","17.8","8.3","<1","<0.02","1.8","<1","0.33","3","0.02","26000","6700","1.9","2","20.4","10","900"
"Tolo Harbour And Channel","Siu Lek Yuen Nullah","TR23A","2024-02-22","1","8.2","<50","0.16","<0.05","<1","1","20","<1","2900","<0.1","16","17000","1.1","1","39789","5","<0.01","88","6.5","600","null","0.8","<0.01","70","<1","40","<1","10","8","0.17","0.006","<0.5","0.017","7.7","1","26.7","3.1","<1","<0.02","2.2","<1","0.26","2","0.04","43000","11000","1.1","4","22.7","10","140"
"Tolo Harbour And Channel","Siu Lek Yuen Nullah","TR23A","2024-03-04","1","1.3","<50","0.32","0.09","<1","1","24","<1","2600","<0.1","21","1900","2.2","1","29280","4","<0.01","82","6.8","10000","null","0.7","<0.01","70","<1","80","<1","9","5","0.45","0.02","<0.5","0.019","7.6","1.4","20.9","6","<1","<0.02","1.8","<1","0.41","3","0.15","29000","6700","1.1","2","18.7","20","5500"
"Tolo Harbour And Channel","Siu Lek Yuen Nullah","TR23A","2024-04-10","1","1.4","<50","0.2","<0.05","<1","<1","26","<1","1700","<0.1","37","10000","1.2","2","27955","4","<0.01","84","6.5","14000","null","0.7","<0.01","60","<1","100","<1","8","6","0.35","0.021","<0.5","0.031","7.8","0.4","17.9","6.7","<1","<0.02","5.8","<1","0.38","8","0.09","31000","6700","1","<2","23.2","20","700"
"Tolo Harbour And Channel","Siu Lek Yuen Nullah","TR23A","2024-05-17","1","2.4","<50","0.084","<0.05","<1","<1","25","<1","1100","<0.1","48","5900","1.8","1","16768","2","<0.01","96","7.4","8000","null","0.5","<0.01","<50","<1","60","<1","4","2","0.38","0.012","<0.5","0.099","7.8","0.6","9.7","12","<1","<0.02","3.1","<1","0.24","3","0.12","15000","3900","1.1","<2","25.9","10","690"
"Tolo Harbour And Channel","Siu Lek Yuen Nullah","TR23A","2024-06-20","1","0.7","<50","0.042","<0.05","<1","<1","13","<1","1200","<0.1","40","7300","4.9","<1","19868","2","<0.01","98","7.3","8000","null","0.4","<0.01","<50","<1","30","<1","5","4","0.26","0.008","<0.5","0.069","8.2","1.8","11.2","11","<1","<0.02","6.5","<1","0.2","2","0.1","20000","5500","2","<2","27.4","10","680"
"Tolo Harbour And Channel","Siu Lek Yuen Nullah","TR23A","2024-07-24","1","0.5","<50","0.036","<0.05","<1","<1","18","<1","1200","<0.1","94","8200","6.3","1","21404","2","<0.01","93","6.6","14000","null","0.6","<0.01","<50","<1","20","<1","4","4","0.26","0.008","<0.5","0.055","8","2","11.5","10","<1","<0.02","<0.5","<1","0.25","3","0.08","26000","8200","1.9","<2","30.2","10","900"
"Tolo Harbour And Channel","Siu Lek Yuen Nullah","TR23A","2024-08-05","1","1","<50","0.062","<0.05","1","1","14","<1","1900","<0.1","78","11000","5.8","1","27583","5","<0.01","98","6.9","1600","null","0.6","<0.01","50","<1","<10","<1","7","5","0.17","0.004","<0.5","0.028","8","2.4","15.4","8.6","<1","<0.02","3.2","<1","0.3","2","0.08","26000","7800","2.7","2","29.5","20","350"
"Tolo Harbour And Channel","Siu Lek Yuen Nullah","TR23A","2024-09-11","1","0.4","<50","0.14","0.07","<1","<1","15","<1","530","<0.1","23","3400","0.3","<1","8195","5","<0.01","92","6.9","50000","null","0.5","<0.01","<50","<1","40","<1","3","2","0.36","0.014","<0.5","0.053","7.8","0.3","4.2","16","<1","<0.02","4.9","<1","0.18","1","0.06","9200","2400","2.9","<2","28.9","<10","3900"
"Tolo Harbour And Channel","Siu Lek Yuen Nullah","TR23A","2024-10-02","1","1","<50","0.096","<0.05","<1","<1","21","<1","470","<0.1","21","2700","0.5","<1","7598","<1","<0.01","96","7.7","26000","null","0.4","<0.01","60","<1","20","<1","<2","1","0.38","0.011","<0.5","0.084","8.1","0.5","4.1","15","<1","<0.02","2","<1","0.17","1","0.1","6700","1600","1.8","<2","25.5","<10","3700"
"Tolo Harbour And Channel","Siu Lek Yuen Nullah","TR23A","2024-11-06","1","1.7","<50","0.096","<0.05","<1","<1","21","<1","1600","<0.1","27","10000","5.1","2","21228","4","<0.01","95","7.3","4700","null","0.7","<0.01","<50","<1","70","<1","6","5","0.32","0.015","<0.5","0.052","8","2.7","12.7","10","<1","<0.02","1.4","<1","0.29","3","0.09","21000","3800","2","<2","25","10","1000"
"Tolo Harbour And Channel","Siu Lek Yuen Nullah","TR23A","2024-12-04","1","1.2","<50","0.088","<0.05","<1","<1","20","<1","1800","<0.1","23","9600","1.8","2","28639","3","<0.01","90","6.9","3900","null","0.6","<0.01","<50","<1","70","<1","7","3","0.31","0.003","<0.5","0.046","8","1.2","18.3","11","<1","<0.02","3.4","<1","0.18","2","0.07","23000","3200","1.9","<2","23.3","<10","1400"
"Tolo Harbour And Channel","Siu Lek Yuen Nullah","TR23L","2024-01-03","1","0.5","<50","0.04","<0.05","<1","1","31","<1","400","<0.1","20","1700","0.4","2","513","6","<0.01","107","9.4","420","0.018","1.5","<0.01","70","<1","30","<1","9","4","0.56","0.015","<0.5","0.019","8.7","0.3","0.3","20","<1","<0.02","7.2","<1","0.34","5","0.05","3200","420","0.7","<2","21.3","740","60"
"Tolo Harbour And Channel","Siu Lek Yuen Nullah","TR23L","2024-02-22","1","3.9","<50","0.012","<0.05","<1","<1","7","<1","<50","<0.1","9","230","0.6","<1","441","1","<0.01","111","9.1","3100","0.279","1","<0.01","<50","<1","<10","<1","7","<1","0.42","0.004","<0.5","0.032","9","0.3","0.2","17","<1","<0.02","2.4","<1","0.12","3","0.04","470","64","1.1","<2","25.4","<10","100"
"Tolo Harbour And Channel","Siu Lek Yuen Nullah","TR23L","2024-03-04","1","7.6","<50","2.8","0.18","<1","<1","21","<1","330","<0.1","33","12000","1.6","<1","5403","3","<0.01","102","9.1","990000","0.087","0.7","<0.01","<50","<1","160","<1","6","2","0.55","0.032","<0.5","0.28","8.1","<0.2","3.2","16","<1","<0.02","5.8","<1","3.9","8","0.37","4000","790","4.2","<2","20.2","10","850000"
"Tolo Harbour And Channel","Siu Lek Yuen Nullah","TR23L","2024-04-10","1","1","<50","0.012","<0.05","<1","<1","8","<1","<50","<0.1","8","86","1.9","<1","629","2","<0.01","108","8.9","3100","0.067","1.3","<0.01","<50","<1","<10","<1","11","1","0.35","0.023","<0.5","0.038","8.9","1","0.3","20","<1","<0.02","3.2","<1","0.2","7","0.05","220","29","3.4","<2","25.3","<10","900"
"Tolo Harbour And Channel","Siu Lek Yuen Nullah","TR23L","2024-05-17","1","6.9","<50","0.012","<0.05","<1","<1","5","<1","<50","<0.1","6","15","0.2","<1","311","<1","<0.01","103","8.3","18000","0.02","0.9","<0.01","<50","<1","<10","<1","6","<1","0.22","0.002","<0.5","0.044","8.6","0.2","0.1","21","<1","<0.02","1","<1","0.1","2","0.05","160","84","1.5","<2","26.5","<10","900"
"Tolo Harbour And Channel","Siu Lek Yuen Nullah","TR23L","2024-06-20","1","0.1","<50","0.012","<0.05","<1","<1","4","<1","<50","<0.1","3","20","0.6","<1","360","<1","<0.01","101","8","4300","0.312","0.4","<0.01","<50","<1","<10","<1","<2","<1","0.17","0.004","<0.5","0.058","8.6","<0.2","0.2","17","<1","<0.02","1.8","<1","<0.05","1","0.07","120","68","1.4","<2","27.3","<10","300"
"Tolo Harbour And Channel","Siu Lek Yuen Nullah","TR23L","2024-07-24","1","<0.1","<50","0.046","<0.05","<1","<1","3","<1","<50","<0.1","5","31","0.5","<1","303","<1","<0.01","102","7.7","520","0.064","0.7","<0.01","<50","<1","20","<1","4","<1","0.27","0.003","<0.5","0.086","8.3","0.5","0.1","19","<1","<0.02","<0.5","<1","0.09","1","0.1","150","40","1.6","<2","30.3","<10","<10"
"Tolo Harbour And Channel","Siu Lek Yuen Nullah","TR23L","2024-08-05","1","<0.1","<50","0.031","<0.05","<1","<1","8","<1","<50","<0.1","2","160","0.5","<1","365","<1","<0.01","103","7.9","5500","0.067","0.4","<0.01","<50","<1","20","<1","<2","<1","0.21","<0.002","<0.5","0.02","7.8","0.3","0.2","16","<1","<0.02","39","<1","0.09","1","0.02","430","100","2.7","<2","29.4","<10","320"
"Tolo Harbour And Channel","Siu Lek Yuen Nullah","TR23L","2024-09-11","1","0.1","<50","0.009","<0.05","<1","<1","3","<1","<50","<0.1","3","180","0.3","<1","200","2","<0.01","102","7.9","9000","0.133","0.5","<0.01","<50","<1","10","<1","3","<1","0.32","<0.002","<0.5","0.034","8.2","<0.2","0.1","18","<1","<0.02","38","<1","0.1","<1","0.05","360","40","30.9","<2","28.6","<10","300"
"Tolo Harbour And Channel","Siu Lek Yuen Nullah","TR23L","2024-10-02","1","0.1","<50","0.013","<0.05","<1","<1","7","<1","<50","<0.1","3","18","0.4","<1","219","<1","<0.01","103","8.1","1100","0.022","0.5","<0.01","60","<1","10","<1","<2","<1","0.22","0.004","<0.5","0.038","8.5","<0.2","0.1","16","<1","<0.02","1.3","<1","<0.05","1","0.05","82","16","1","<2","27.3","<10","220"
"Tolo Harbour And Channel","Siu Lek Yuen Nullah","TR23L","2024-11-06","1","<0.1","<50","0.011","<0.05","<1","<1","9","<1","<50","<0.1","7","43","1","<1","405","<1","<0.01","108","8.8","3000","0.038","0.6","<0.01","<50","<1","10","<1","2","<1","0.21","<0.002","<0.5","0.025","8.9","1","0.2","18","<1","<0.02","1","<1","0.13","1","0.06","150","22","3","<2","25.6","<10","80"
"Tolo Harbour And Channel","Siu Lek Yuen Nullah","TR23L","2024-12-04","1","0.4","<50","0.008","<0.05","<1","<1","7","<1","<50","<0.1","3","67","1","<1","392","<1","<0.01","109","9.3","1100","0.011","0.7","<0.01","<50","<1","20","<1","3","3","0.2","<0.002","<0.5","0.034","9","1","0.2","18","<1","<0.02","1.5","<1","<0.05","1","0.03","190","64","1.1","<2","23.5","10","100"
"Tolo Harbour And Channel","Shan Liu Stream","TR4","2024-01-18","1","1.5","<50","0.17","0.06","<1","1","18","<1","<50","<0.1","4","13","1","<1","170","<1","<0.01","102","8.9","6700","0.004","<0.2","<0.01","<50","<1","<10","<1","<2","<1","0.39","0.003","<0.5","0.041","7.4","<0.2","0.1","17","<1","<0.02","1.4","<1","0.21","2","0.06","200","110","0.5","<2","21.8","<10","3300"
"Tolo Harbour And Channel","Shan Liu Stream","TR4","2024-02-24","1","1.6","<50","0.79","<0.05","<1","1","19","<1","<50","<0.1","5","53","0.9","<1","274","1","<0.01","90","8.2","9600","0.019","<0.2","<0.01","<50","<1","<10","<1","<2","2","0.57","0.005","<0.5","0.11","7.4","0.8","0.2","14","<1","<0.02","1.7","<1","0.97","2","0.12","190","87","1","<2","19.6","<10","7600"
"Tolo Harbour And Channel","Shan Liu Stream","TR4","2024-03-18","1","1.8","<50","0.043","<0.05","<1","2","21","<1","<50","<0.1","9","59","0.6","<1","562","<1","<0.01","93","8.2","6900","0.016","<0.2","<0.01","70","<1","10","<1","<2","1","0.83","0.009","<0.5","0.11","7.4","0.2","0.3","16","<1","<0.02","1.4","<1","0.13","2","0.12","580","140","1.4","<2","21.2","<10","570"
"Tolo Harbour And Channel","Shan Liu Stream","TR4","2024-04-20","1","0.8","<50","0.32","<0.05","<1","2","25","<1","<50","<0.1","3","20","0.9","<1","296","1","<0.01","88","7.2","2900","0.086","<0.2","<0.01","<50","<1","<10","<1","<2","2","1.1","0.024","<0.5","0.078","7.5","0.4","0.1","16","<1","<0.02","1.4","<1","0.42","2","0.08","250","68","0.7","<2","25.4","<10","900"
"Tolo Harbour And Channel","Shan Liu Stream","TR4","2024-05-10","1","<2","<50","0.13","<0.05","<1","2","23","<1","<50","<0.1","4","60","0.8","<1","565","<1","<0.01","90","7.6","14000","0.039","<0.2","<0.01","<50","<1","<10","<1","<2","<1","1.1","0.007","<0.5","0.073","7.6","0.7","0.3","15","<1","<0.02","1","<1","0.28","4","0.09","220","56","1.7","<2","23.6","<10","1900"
"Tolo Harbour And Channel","Shan Liu Stream","TR4","2024-06-15","1","0.4","<50","0.061","<0.05","<1","1","19","<1","<50","<0.1","4","<10","1.1","<1","141","<1","<0.01","93","7.7","6800","0.024","<0.2","<0.01","<50","<1","<10","<1","<2","<1","0.74","0.004","<0.5","0.068","7","0.9","0.1","13","<1","<0.02","4.6","<1","0.14","3","0.08","130","86","7.7","<2","25.3","<10","2800"
"Tolo Harbour And Channel","Shan Liu Stream","TR4","2024-07-06","1","<2","<50","0.12","<0.05","<1","2","12","<1","<50","<0.1","3","<10","0.8","<1","442","<1","<0.01","104","8","12000","0.028","<0.2","<0.01","<50","<1","10","<1","<2","<1","0.38","0.003","<0.5","0.057","7.5","0.9","0.2","19","<1","<0.02","0.6","<1","0.13","2","0.06","160","58","1.4","<2","29.4","<10","3800"
"Tolo Harbour And Channel","Shan Liu Stream","TR4","2024-08-03","1","<2","<50","0.094","<0.05","<1","2","19","<1","<50","<0.1","3","17","1.1","<1","333","<1","<0.01","103","7.9","10000","0.009","<0.2","<0.01","70","<1","<10","<1","<2","<1","0.58","0.006","<0.5","0.049","7.4","1.1","0.1","15","<1","<0.02","1.9","<1","0.16","2","0.06","120","46","4","<2","29.2","<10","1800"
"Tolo Harbour And Channel","Shan Liu Stream","TR4","2024-09-07","1","0.4","<50","0.068","<0.05","<1","1","13","<1","<50","<0.1","3","<10","1.4","<1","127","<1","<0.01","96","7.7","31000","0.034","0.2","<0.01","<50","<1","10","<1","<2","<1","0.73","0.006","<0.5","0.11","7.1","1.7","0.1","12","<1","0.02","10","<1","0.23","2","0.11","140","100","23.8","<2","26.7","20","8000"
"Tolo Harbour And Channel","Shan Liu Stream","TR4","2024-10-05","1","<2","<50","0.028","<0.05","<1","<1","16","<1","<50","<0.1","6","15","0.8","<1","664","1","<0.01","106","8.5","4100","0.009","<0.2","<0.01","<50","<1","<10","<1","<2","1","0.52","0.003","<0.5","0.072","7.5","0.7","0.3","17","<1","<0.02","1.3","<1","0.09","1","0.09","160","22","1.1","<2","26.8","20","600"
"Tolo Harbour And Channel","Shan Liu Stream","TR4","2024-11-02","1","<0.1","<50","0.15","<0.05","<1","2","16","<1","<50","<0.1","2","19","0.9","<1","393","<1","<0.01","98","8.2","2600","0.003","<0.2","<0.01","<50","<1","<10","<1","<2","<1","0.45","0.005","<0.5","0.072","7.4","0.6","0.2","19","<1","<0.02","2.2","<1","0.18","1","0.1","130","44","1.3","<2","24.4","<10","450"
"Tolo Harbour And Channel","Shan Liu Stream","TR4","2024-12-08","1","1.3","<50","0.33","<0.05","<1","1","15","<1","<50","<0.1","3","10","1.2","<1","356","<1","<0.01","96","8.6","14000","0.042","<0.2","<0.01","<50","<1","<10","<1","<2","<1","0.42","0.005","<0.5","0.091","7.3","<0.2","0.2","20","<1","<0.02","1.2","<1","0.43","2","0.1","120","65","0.7","<2","20.9","<10","2100"
"Tolo Harbour And Channel","Tung Tze Stream","TR6","2024-01-18","1","2.8","<50","0.46","<0.05","<1","1","26","<1","1200","<0.1","8","6200","2","<1","15980","2","<0.01","85","7.2","19000","null","0.4","<0.01","50","<1","80","<1","5","3","0.86","0.044","<0.5","0.063","7.4","1","10.2","12","<1","<0.02","9.8","<1","0.5","3","0.08","13000","3200","5.6","<2","21","<10","12000"
"Tolo Harbour And Channel","Tung Tze Stream","TR6","2024-02-24","1","1.6","<50","0.48","0.1","<1","2","23","<1","2300","<0.1","20","15000","2.1","2","33738","4","<0.01","77","6.1","4200","null","0.7","<0.01","90","<1","110","<1","9","7","0.32","0.028","<0.5","0.086","7.3","1.7","23.4","4.2","<1","<0.02","3.8","<1","0.66","3","0.14","28000","3800","2.1","3","20.5","10","2600"
"Tolo Harbour And Channel","Tung Tze Stream","TR6","2024-03-18","1","4.2","<50","0.35","<0.05","<1","2","13","<1","3400","<0.1","55","15000","10","2","40699","5","<0.01","94","7.1","2900","null","0.7","<0.01","<50","<1","50","<1","10","7","0.18","0.021","<0.5","0.026","7.8","2.6","28.5","2.5","<1","<0.02","6","<1","0.65","5","0.15","39000","14000","2.4","4","21","10","1100"
"Tolo Harbour And Channel","Tung Tze Stream","TR6","2024-04-20","1","2.1","<50","0.91","<0.05","<1","2","25","<1","1200","<0.1","30","6400","2.3","<1","19097","2","<0.01","70","5.3","13000","null","0.5","<0.01","<50","<1","190","<1","5","4","0.88","0.035","<0.5","0.09","7.3","2.2","11","12","<1","<0.02","5.5","<1","1","4","0.2","14000","3300","4.3","<2","26.3","<10","8000"
"Tolo Harbour And Channel","Tung Tze Stream","TR6","2024-05-10","1","<2","<50","0.088","0.06","<1","2","10","<1","3500","<0.1","66","15000","3.3","4","37413","7","<0.01","100","7.2","250","null","0.6","<0.01","50","<1","10","<1","9","7","0.22","0.011","<0.5","0.036","8.1","1.7","23.9","1.4","<1","<0.02","4.3","<1","0.35","7","0.09","33000","8900","1.1","3","24.7","20","58"
"Tolo Harbour And Channel","Tung Tze Stream","TR6","2024-06-15","1","1.5","<50","0.61","<0.05","<1","1","18","<1","240","<0.1","14","910","3.4","<1","3670","<1","<0.01","68","5.4","44000","null","0.2","<0.01","80","<1","90","1","2","<1","0.62","0.065","<0.5","0.14","7.1","3.8","1.9","11","<1","0.02","24","<1","1.1","10","0.2","2500","630","21.5","<2","26.3","<10","14000"
"Tolo Harbour And Channel","Tung Tze Stream","TR6","2024-07-06","1","<2","<50","0.11","<0.05","<1","2","15","<1","3000","<0.1","37","14000","1.5","2","40650","3","<0.01","93","6.1","4800","null","0.6","<0.01","<50","<1","30","<1","8","5","0.16","<0.002","<0.5","0.034","8.1","0.3","23","5.2","<1","<0.02","2.2","<1","0.23","4","0.11","31000","7200","1.9","<2","30.8","10","760"
"Tolo Harbour And Channel","Tung Tze Stream","TR6","2024-08-03","1","<2","<50","0.7","0.08","<1","2","21","<1","1600","<0.1","80","7200","2.5","1","26149","3","<0.01","81","5.7","4100","null","0.5","<0.01","60","<1","110","<1","6","4","0.26","0.02","<0.5","0.2","7.5","1.2","14.4","7.6","<1","<0.02","1.6","<1","0.9","5","0.25","22000","6800","3.2","2","30","10","2500"
"Tolo Harbour And Channel","Tung Tze Stream","TR6","2024-09-07","1","1.2","<50","0.53","0.13","<1","1","15","<1","300","<0.1","24","1400","2.5","<1","4121","<1","<0.01","75","5.9","38000","null","<0.2","<0.01","60","<1","100","<1","<2","<1","0.58","0.005","<0.5","0.16","7","2.4","2.1","9","<1","0.02","15","<1","0.7","3","0.17","3300","1200","25.5","<2","27","<10","8000"
"Tolo Harbour And Channel","Tung Tze Stream","TR6","2024-10-05","1","<2","<50","0.18","0.25","<1","2","9","<1","3000","<0.1","34","22000","0.7","2","49644","4","<0.01","94","6.2","95","null","0.8","<0.01","<50","<1","20","<1","11","11","0.027","0.003","<0.5","0.037","7.9","0.5","30.5","1.1","<1","<0.02","4.2","<1","0.2","2","0.18","41000","5900","0.9","3","27.8","<10","41"
"Tolo Harbour And Channel","Tung Tze Stream","TR6","2024-11-02","1","0.5","<50","1","0.09","<1","2","16","<1","2600","<0.1","25","20000","1.3","2","38432","5","<0.01","76","5.5","2700","null","0.7","<0.01","<50","<1","50","<1","9","7","0.2","0.061","<0.5","0.38","7.4","0.7","24.7","5.2","<1","<0.02","2.7","<1","1.1","2","0.53","39000","7100","0.6","2","24.4","20","2500"
"Tolo Harbour And Channel","Tung Tze Stream","TR6","2024-12-08","1","0.8","<50","0.28","<0.05","<1","1","18","<1","1900","<0.1","23","14000","0.8","<1","28712","3","<0.01","92","7.4","5100","null","0.7","<0.01","<50","<1","40","<1","7","4","0.32","0.016","<0.5","0.053","7.6","0.7","19.5","7.9","<1","<0.02","4.2","<1","0.31","3","0.12","32000","7000","4.1","<2","20.7","<10","2800"
"Deep Bay","Tin Shui Wai Nullah","TSR1","2024-01-04","1","14","<50","1.4","0.24","<1","<1","25","<1","150","<0.1","53","490","35","1","1837","2","<0.01","117","10.6","220000","null","0.5","<0.01","100","<1","40","<1","6","2","2.1","0.24","<0.5","0.099","8.7","36","1","9.2","<1","0.03","190","<1","3","17","0.42","1800","340","12.5","<2","20","<10","12000"
"Deep Bay","Tin Shui Wai Nullah","TSR1","2024-02-15","1","5.1","<50","2","0.09","<1","<1","13","<1","80","<0.1","14","200","23","<1","809","<1","<0.01","122","10.4","13000","null","0.4","<0.01","110","<1","70","<1","2","2","0.93","0.12","<0.5","0.15","7.8","1.3","0.4","7","<1","0.03","16","<1","2.7","7","0.31","540","130","9.9","<2","23","<10","3700"
"Deep Bay","Tin Shui Wai Nullah","TSR1","2024-03-01","1","5.9","<50","4.8","0.19","<1","<1","19","<1","100","<0.1","14","240","2.3","<1","748","1","<0.01","57","5.6","580000","null","0.4","<0.01","110","<1","130","<1","4","2","0.68","0.095","<0.5","0.31","7.4","2.7","0.5","9.7","<1","<0.02","2.8","<1","5.2","12","0.63","520","74","3","<2","15.7","<10","50000"
"Deep Bay","Tin Shui Wai Nullah","TSR1","2024-04-08","1","8.9","<50","5.1","<0.05","<1","2","21","<1","120","<0.1","19","420","5.9","<1","1416","<1","<0.01","38","3","210000","null","0.4","<0.01","<50","<1","360","<1","4","2","0.25","0.18","<0.5","0.2","7.4","4.6","0.7","15","<1","0.05","33","<1","5.6","16","0.7","890","110","35.5","<2","26.8","<10","37000"
"Deep Bay","Tin Shui Wai Nullah","TSR1","2024-05-03","1","11","<50","1.4","0.15","<1","<1","23","<1","90","<0.1","15","280","16","<1","1251","2","<0.01","113","9.1","200000","null","0.5","<0.01","<50","<1","140","<1","6","2","2.4","0.28","<0.5","0.087","8","3.4","0.6","9","<1","0.04","97","<1","2.2","9","0.2","870","120","34.7","<2","26.5","<10","70000"
"Deep Bay","Tin Shui Wai Nullah","TSR1","2024-06-22","1","2.9","<50","0.99","0.06","<1","<1","12","<1","<50","<0.1","10","62","0.9","<1","389","<1","<0.01","78","5.9","340000","null","0.4","<0.01","<50","<1","50","<1","<2","<1","0.55","0.19","<0.5","0.13","7.3","<0.2","0.2","18","<1","<0.02","<0.5","<1","1.4","3","0.18","220","58","4.7","<2","30.4","<10","150000"
"Deep Bay","Tin Shui Wai Nullah","TSR1","2024-07-19","1","5.3","<50","2.1","<0.05","<1","1","14","<1","<50","<0.1","23","41","3.2","2","252","3","<0.01","65","5.1","660000","null","0.2","<0.01","190","<1","60","<1","5","1","0.51","0.077","<0.5","0.15","7.5","2.4","0.1","11","<1","0.02","10","<1","2.8","5","0.22","200","71","16.1","<2","28.1","20","200000"
"Deep Bay","Tin Shui Wai Nullah","TSR1","2024-08-02","1","2.2","<50","0.72","<0.05","<1","<1","11","<1","<50","<0.1","15","89","0.9","<1","334","1","<0.01","86","6.6","130000","null","0.4","<0.01","80","<1","50","<1","<2","1","0.67","0.088","<0.5","0.082","7","0.6","0.1","15","<1","<0.02","7","<1","0.78","3","0.13","250","88","6","<2","29.7","10","23000"
"Deep Bay","Tin Shui Wai Nullah","TSR1","2024-09-20","1","2.3","<50","1.3","<0.05","<1","<1","14","<1","<50","<0.1","11","240","1.4","<1","549","<1","<0.01","79","5.9","30000","null","0.4","<0.01","180","<1","70","<1","<2","<1","0.66","0.17","<0.5","0.17","7.7","0.7","0.2","19","<1","<0.02","3.2","<1","1.5","4","0.21","560","150","3.8","<2","30.4","10","4100"
"Deep Bay","Tin Shui Wai Nullah","TSR1","2024-10-10","1","1.9","50","1","0.08","<1","<1","13","<1","<50","<0.1","3","48","1.4","<1","367","<1","<0.01","104","8.1","20000","null","0.4","<0.01","160","<1","30","<1","3","<1","0.69","0.18","<0.5","0.15","8.4","<0.2","0.2","19","<1","<0.02","6.8","<1","1.6","3","0.21","240","33","3.8","<2","28.2","<10","1300"
"Deep Bay","Tin Shui Wai Nullah","TSR1","2024-11-11","1","7.3","<50","1.4","0.06","<1","<1","18","<1","100","<0.1","8","420","2.3","<1","1634","<1","<0.01","73","5.9","80000","null","0.5","<0.01","<50","<1","50","<1","<2","<1","0.89","0.09","<0.5","0.19","7.5","1.9","0.8","15","<1","<0.02","5.4","<1","1.7","3","0.28","1100","200","6","<2","25.6","<10","18000"
"Deep Bay","Tin Shui Wai Nullah","TSR1","2024-12-06","1","3.4","<50","2.9","0.1","<1","<1","17","<1","140","<0.1","9","500","1.3","<1","1971","1","<0.01","60","5.2","160000","null","0.5","<0.01","50","<1","150","<1","3","2","0.51","0.091","<0.5","0.19","7.1","<0.2","1.1","12","<1","<0.02","6.2","<1","3","5","0.34","1400","210","6.1","<2","22.3","30","6300"
"Deep Bay","Tin Shui Wai Nullah","TSR2","2024-01-04","1","5","<50","0.82","<0.05","<1","<1","12","<1","80","<0.1","10","320","4.8","1","1184","1","<0.01","112","9.9","29000","0.065","0.3","<0.01","90","<1","50","<1","2","2","1.2","0.11","<0.5","0.081","7.6","4.7","0.6","16","<1","<0.02","5.6","<1","1.1","3","0.16","800","170","3.3","<2","21","<10","19000"
"Deep Bay","Tin Shui Wai Nullah","TSR2","2024-02-15","1","3.9","<50","1.3","<0.05","<1","<1","8","<1","100","<0.1","11","280","14","<1","1076","2","<0.01","132","11.2","22000","0.133","0.3","<0.01","<50","<1","10","<1","<2","1","2","0.27","<0.5","0.098","8.1","1.1","0.6","11","<1","<0.02","6.8","<1","2.2","4","0.16","680","150","2.9","<2","23.5","<10","9600"
"Deep Bay","Tin Shui Wai Nullah","TSR2","2024-03-01","1","1.9","<50","1.1","0.06","<1","<1","13","<1","140","<0.1","15","410","2.2","<1","1297","1","<0.01","106","10.5","32000","0.25","0.3","<0.01","80","<1","60","<1","2","2","1.5","0.086","<0.5","0.13","7.6","1","0.8","14","<1","<0.02","1.4","<1","1.3","4","0.44","910","150","1.6","<2","15.9","<10","22000"
"Deep Bay","Tin Shui Wai Nullah","TSR2","2024-04-08","1","3.5","<50","1.8","0.07","<1","<1","10","<1","80","<0.1","7","220","1.3","<1","799","1","<0.01","96","7.5","260000","0.056","0.4","<0.01","90","<1","50","<1","2","3","1.2","0.13","<0.5","0.15","8","1.7","0.4","15","<1","<0.02","17","<1","2.1","4","0.18","560","120","3.5","<2","27.7","<10","120000"
"Deep Bay","Tin Shui Wai Nullah","TSR2","2024-05-03","1","6.2","60","0.87","0.08","<1","<1","6","<1","<50","<0.1","15","40","1.7","<1","279","<1","<0.01","114","9.2","130000","0.007","0.4","<0.01","<50","<1","20","<1","2","<1","1.3","0.069","<0.5","0.095","8.3","1.4","0.1","14","<1","<0.02","11","<1","1.7","5","0.1","230","62","12.8","<2","26.6","<10","51000"
"Deep Bay","Tin Shui Wai Nullah","TSR2","2024-06-22","1","1.7","60","0.82","0.08","<1","<1","3","<1","<50","<0.1","4","<10","1","<1","156","<1","<0.01","117","8.6","21000","0.15","0.3","<0.01","60","<1","10","<1","<2","<1","0.66","0.038","<0.5","0.071","8.3","<0.2","0.1","20","<1","<0.02","3.7","<1","13","7","0.08","94","26","6.3","<2","31.8","<10","14000"
"Deep Bay","Tin Shui Wai Nullah","TSR2","2024-07-19","1","1.4","<50","0.34","<0.05","<1","<1","5","<1","<50","<0.1","7","<10","3.2","<1","154","<1","<0.01","101","7.9","150000","0.342","0.4","<0.01","90","<1","20","<1","3","<1","0.55","0.019","<0.5","0.033","8.2","2.7","0.1","15","<1","0.03","18","<1","0.63","4","0.08","140","44","31.1","<2","27.8","10","30000"
"Deep Bay","Tin Shui Wai Nullah","TSR2","2024-08-02","1","1.1","<50","0.44","<0.05","<1","<1","4","<1","<50","<0.1","6","55","2","<1","165","<1","<0.01","106","8","40000","0.748","0.3","<0.01","<50","<1","<10","<1","<2","<1","0.61","0.02","<0.5","0.026","7.6","<0.2","0.1","15","<1","<0.02","5.4","<1","1.6","3","0.05","160","62","6.4","<2","29.9","<10","25000"
"Deep Bay","Tin Shui Wai Nullah","TSR2","2024-09-20","1","1.3","<50","0.067","<0.05","<1","<1","4","<1","<50","<0.1","6","190","1.2","<1","342","<1","<0.01","104","8","34000","0.053","0.4","<0.01","90","<1","<10","<1","<2","<1","0.59","0.059","<0.5","0.092","8.3","1.4","0.2","19","<1","<0.02","3.7","<1","1.6","2","0.1","470","110","4.2","<2","29.4","20","17000"
"Deep Bay","Tin Shui Wai Nullah","TSR2","2024-10-10","1","1.3","<50","0.3","<0.05","<1","<1","3","<1","<50","<0.1","3","51","1.7","<1","252","<1","<0.01","117","9.2","41000","0.558","0.3","<0.01","50","<1","<10","<1","<2","<1","0.55","0.043","<0.5","0.042","8.9","1.8","0.1","18","<1","<0.02","3","<1","0.41","2","0.09","140","18","3.4","<2","27.9","<10","23000"
"Deep Bay","Tin Shui Wai Nullah","TSR2","2024-11-11","1","1.6","<50","0.25","<0.05","<1","<1","9","<1","<50","<0.1","2","52","1.6","<1","265","<1","<0.01","102","8.3","35000","0.014","0.5","<0.01","<50","<1","<10","<1","<2","<1","1.1","0.038","<0.5","0.073","8","1.3","0.1","16","<1","<0.02","6","<1","0.27","1","0.1","160","26","2.4","<2","25.9","<10","16000"
"Deep Bay","Tin Shui Wai Nullah","TSR2","2024-12-06","1","2","<50","1","<0.05","<1","<1","4","<1","<50","<0.1","3","24","1","<1","217","<1","<0.01","119","10.3","90000","0.013","0.4","<0.01","60","<1","10","<1","<2","<1","0.82","0.073","<0.5","0.11","8.1","0.6","0.1","18","<1","<0.02","3.2","<1","1.2","3","0.12","110","32","3.2","<2","22.4","<10","55000"
"Victoria Harbour","Sam Dip Tam Stream","TW1","2024-01-06","1","0.9","<50","0.006","<0.05","<1","<1","23","<1","<50","<0.1","2","<10","<0.2","<1","114","<1","<0.01","97","9.1","9000","null","<0.2","<0.01","<50","<1","<10","<1","<2","<1","0.59","0.004","<0.5","0.043","7.6","<0.2","0.1","19","<1","<0.02","7.1","<1","<0.05","2","0.06","120","94","1","<2","18.6","<10","1700"
"Victoria Harbour","Sam Dip Tam Stream","TW1","2024-02-17","1","8.3","<50","0.013","<0.05","<1","<1","23","<1","<50","<0.1","<2","25","0.9","<1","99","<1","<0.01","95","8.8","700","null","<0.2","<0.01","<50","<1","<10","<1","<2","<1","0.58","<0.002","<0.5","0.04","7.9","0.7","0.1","15","<1","<0.02","2.8","<1","0.17","1","0.05","120","73","1","<2","19.3","<10","160"
"Victoria Harbour","Sam Dip Tam Stream","TW1","2024-03-02","1","<0.1","<50","0.076","<0.05","<1","<1","21","<1","<50","<0.1","4","10","0.6","<1","91","1","<0.01","95","9.5","17000","null","<0.2","<0.01","<50","<1","<10","<1","<2","1","0.51","0.021","<0.5","0.026","7.8","0.6","0.1","19","<1","<0.02","3.2","<1","0.17","3","0.18","100","22","2.9","<2","15.2","<10","3000"
"Victoria Harbour","Sam Dip Tam Stream","TW1","2024-04-13","1","5.6","<50","0.016","<0.05","<1","<1","24","<1","<50","<0.1","8","20","0.8","<1","122","1","<0.01","95","8","84000","null","0.2","<0.01","<50","<1","<10","<1","<2","1","0.5","0.004","<0.5","0.055","7.5","0.5","0.1","17","<1","<0.02","2","<1","0.16","5","0.08","130","82","2.1","<2","24.1","<10","1000"
"Victoria Harbour","Sam Dip Tam Stream","TW1","2024-05-09","1","0.6","<50","<0.005","<0.05","<1","<1","28","<1","<50","<0.1","11","<10","0.9","<1","127","<1","<0.01","100","8.3","31000","null","<0.2","<0.01","<50","<1","<10","<1","<2","<1","0.78","0.003","<0.5","0.078","7.4","0.9","0.1","19","<1","<0.02","3.6","<1","0.06","2","0.09","180","77","0.9","<2","24.6","10","1000"
"Victoria Harbour","Sam Dip Tam Stream","TW1","2024-06-08","1","1.1","<50","0.032","<0.05","<1","<1","29","<1","<50","<0.1","5","<10","0.9","<1","123","1","<0.01","99","8.2","17000","null","<0.2","<0.01","<50","<1","<10","<1","<2","1","0.66","0.005","<0.5","0.066","7.6","0.5","0.1","19","<1","<0.02","1.7","<1","0.49","<1","0.11","150","90","1.5","<2","24.9","<10","2000"
"Victoria Harbour","Sam Dip Tam Stream","TW1","2024-07-18","1","0.3","<50","0.027","<0.05","<1","<1","30","<1","<50","<0.1","6","<10","0.7","<1","127","<1","<0.01","98","7.8","20000","null","<0.2","<0.01","<50","<1","<10","<1","<2","<1","0.8","0.005","<0.5","0.069","7.8","0.4","0.1","19","<1","<0.02","4.4","<1","0.07","2","0.11","140","70","1.8","<2","26.7","20","1000"
"Victoria Harbour","Sam Dip Tam Stream","TW1","2024-08-08","1","0.3","<50","0.017","<0.05","<1","<1","33","<1","<50","<0.1","5","13","0.6","<1","135","<1","<0.01","98","7.7","25000","null","<0.2","<0.01","50","<1","<10","<1","<2","<1","0.71","<0.002","<0.5","0.064","7.7","<0.2","0.1","19","<1","<0.02","0.6","<1","0.06","2","0.09","120","3.5","1","<2","27.4","<10","2500"
"Victoria Harbour","Sam Dip Tam Stream","TW1","2024-09-19","1","<0.1","<50","0.027","<0.05","<1","<1","31","<1","<50","<0.1","5","<10","1.1","<1","131","<1","<0.01","95","7.6","140000","null","0.2","<0.01","<50","<1","<10","<1","<2","<1","0.65","0.004","<0.5","0.081","7.6","<0.2","0.1","20","<1","<0.02","0.5","<1","0.2","1","0.09","130","66","3","<2","26.8","<10","220"
"Victoria Harbour","Sam Dip Tam Stream","TW1","2024-10-24","1","1.4","<50","0.016","0.08","<1","<1","32","<1","<50","<0.1","2","<10","0.8","<1","124","<1","<0.01","92","7.9","140000","null","0.2","<0.01","<50","<1","<10","<1","<2","<1","0.59","0.005","<0.5","0.062","7.7","<0.2","0.1","20","<1","<0.02","3","<1","0.06","1","0.08","140","52","1.5","<2","23","<10","2000"
"Victoria Harbour","Sam Dip Tam Stream","TW1","2024-11-21","1","1","<50","0.024","0.12","<1","<1","27","<1","<50","<0.1","2","<10","0.2","<1","113","<1","<0.01","98","8.8","22000","null","0.2","<0.01","<50","<1","<10","<1","<2","<1","0.89","0.003","<0.5","0.1","7.9","<0.2","0.1","20","<1","<0.02","1.2","<1","0.12","2","0.14","120","46","1.8","<2","21","<10","2500"
"Victoria Harbour","Sam Dip Tam Stream","TW1","2024-12-07","1","0.8","<50","0.013","<0.05","<1","<1","26","<1","<50","<0.1","2","<10","0.7","<1","103","<1","<0.01","96","8.7","2200","null","0.2","<0.01","<50","<1","<10","<1","<2","<1","0.57","0.005","<0.5","0.061","7.7","<0.2","0.1","20","<1","<0.02","1.6","<1","<0.05","2","0.07","98","32","1.3","<2","20.1","<10","450"
"Victoria Harbour","Sam Dip Tam Stream","TW2","2024-01-06","1","0.6","<50","0.056","<0.05","<1","<1","23","<1","<50","<0.1","4","10","<0.2","<1","120","1","<0.01","104","9.6","2200","0.068","0.2","<0.01","80","<1","<10","<1","<2","1","1.2","0.028","<0.5","0.091","8.1","<0.2","0.1","17","<1","<0.02","1.8","<1","0.09","2","0.12","170","120","0.8","<2","19","<10","1500"
"Victoria Harbour","Sam Dip Tam Stream","TW2","2024-02-17","1","5.5","<50","0.23","<0.05","<1","<1","21","<1","<50","<0.1","7","<10","2.2","<1","128","1","<0.01","102","9.4","4600","0.028","<0.2","<0.01","<50","<1","<10","<1","<2","3","1.6","0.12","<0.5","0.13","8.2","0.9","0.1","15","<1","<0.02","2.6","<1","0.42","2","0.16","130","96","1.2","<2","19.2","<10","1600"
"Victoria Harbour","Sam Dip Tam Stream","TW2","2024-03-02","1","0.6","<50","0.27","<0.05","<1","<1","19","<1","<50","<0.1","7","13","1.4","<1","105","1","<0.01","101","10.4","12000","0.059","<0.2","<0.01","80","<1","<10","<1","<2","1","1.4","0.077","<0.5","0.12","8.2","0.6","0.1","18","<1","<0.02","1.8","<1","0.28","3","0.22","86","38","1.5","<2","14.2","<10","6300"
"Victoria Harbour","Sam Dip Tam Stream","TW2","2024-04-13","1","4.1","<50","0.093","<0.05","<1","<1","21","<1","<50","<0.1","8","14","2.2","<1","153","2","<0.01","105","8.7","6800","0.191","0.2","<0.01","80","<1","10","<1","<2","1","1.2","0.054","<0.5","0.11","8","2","0.1","17","<1","<0.02","1.8","<1","0.23","5","0.16","140","88","1.4","<2","25.4","<10","610"
"Victoria Harbour","Sam Dip Tam Stream","TW2","2024-05-09","1","0.6","<50","0.059","<0.05","<1","<1","30","<1","<50","<0.1","4","<10","2.1","<1","150","1","<0.01","103","8.7","11000","0.04","<0.2","<0.01","<50","<1","<10","<1","<2","7","1.2","0.046","<0.5","0.13","7.9","1.5","0.1","19","<1","<0.02","0.6","<1","0.12","3","0.14","170","69","0.8","<2","24.2","<10","1300"
"Victoria Harbour","Sam Dip Tam Stream","TW2","2024-06-08","1","1.2","<50","0.066","<0.05","<1","<1","29","<1","<50","<0.1","7","<10","1.5","<1","147","2","<0.01","101","8.3","5200","0.12","<0.2","<0.01","<50","<1","<10","<1","<2","<1","0.93","0.033","<0.5","0.11","7.8","1.4","0.1","18","<1","<0.02","1.8","<1","0.67","1","0.13","160","74","1.3","<2","25","<10","2600"
"Victoria Harbour","Sam Dip Tam Stream","TW2","2024-07-18","1","0.2","<50","0.13","<0.05","<1","<1","28","<1","<50","<0.1","4","<10","1.4","<1","148","<1","<0.01","102","8","22000","0.033","<0.2","<0.01","<50","<1","<10","<1","<2","<1","0.38","0.009","<0.5","0.035","8.1","1.2","0.1","5.2","<1","<0.02","5.2","<1","0.16","2","0.09","150","77","1.7","<2","27.4","<10","1400"
"Victoria Harbour","Sam Dip Tam Stream","TW2","2024-08-08","1","0.5","<50","0.065","<0.05","<1","<1","27","<1","<50","<0.1","6","<10","0.7","<1","157","<1","<0.01","102","7.9","7000","0.122","<0.2","<0.01","<50","<1","20","<1","<2","<1","0.95","0.019","<0.5","0.1","8","0.7","0.1","18","<1","<0.02","2.4","<1","0.25","2","0.18","120","6.5","0.7","<2","28.5","<10","1200"
"Victoria Harbour","Sam Dip Tam Stream","TW2","2024-09-19","1","1.3","<50","0.064","<0.05","<1","<1","30","<1","<50","<0.1","4","11","1.2","<1","148","1","<0.01","101","8","6200","0.139","0.2","<0.01","90","<1","<10","<1","<2","<1","0.34","0.011","<0.5","0.039","8","1.2","0.1","4.7","<1","<0.02","1","<1","0.38","2","0.12","150","66","0.4","<2","27.6","<10","1500"
"Victoria Harbour","Sam Dip Tam Stream","TW2","2024-10-24","1","<0.1","<50","0.04","<0.05","<1","<1","26","<1","<50","<0.1","3","14","2.1","<1","139","<1","<0.01","102","8.8","9000","0.093","0.2","<0.01","<50","<1","<10","<1","<2","1","0.91","0.024","<0.5","0.11","8.5","0.9","0.1","12","<1","<0.02","2.2","<1","<0.05","1","0.12","160","72","1.2","<2","23","<10","3300"
"Victoria Harbour","Sam Dip Tam Stream","TW2","2024-11-21","1","1.2","<50","0.072","<0.05","<1","<1","25","<1","<50","<0.1","4","<10","0.5","<1","133","2","<0.01","103","9.2","11000","0.129","<0.2","<0.01","<50","<1","<10","<1","<2","<1","0.9","0.026","<0.5","0.18","8.2","0.2","0.1","17","<1","<0.02","3","<1","0.18","2","0.2","110","33","2","<2","21.1","20","3200"
"Victoria Harbour","Sam Dip Tam Stream","TW2","2024-12-07","1","0.6","<50","0.053","<0.05","<1","<1","24","<1","<50","<0.1","3","<10","2.3","<1","120","<1","<0.01","103","9.2","1100","0.04","0.2","<0.01","<50","<1","<10","<1","<2","3","0.97","0.026","<0.5","0.087","8.1","0.4","0.1","18","<1","<0.02","2","<1","0.13","2","0.12","120","50","0.9","<2","20.4","20","850"
"Victoria Harbour","Sam Dip Tam Stream","TW3","2024-01-06","1","2.1","<50","0.052","<0.05","<1","<1","26","<1","<50","<0.1","5","10","<0.2","<1","154","1","<0.01","101","9.3","30000","null","0.2","<0.01","60","<1","<10","<1","<2","<1","1.2","0.028","<0.5","0.09","7.7","<0.2","0.1","17","<1","0.03","<0.5","<1","0.16","2","0.12","140","100","1.2","<2","19.3","<10","3500"
"Victoria Harbour","Sam Dip Tam Stream","TW3","2024-02-17","1","4.4","<50","0.041","<0.05","<1","<1","25","<1","<50","<0.1","8","<10","3.4","<1","302","1","<0.01","100","9.2","5100","null","0.2","<0.01","<50","<1","<10","<1","<2","1","2","0.05","<0.5","0.13","8.1","2.6","0.2","14","<1","<0.02","14","<1","0.34","4","0.19","150","85","2","<2","19.6","<10","2300"
"Victoria Harbour","Sam Dip Tam Stream","TW3","2024-03-02","1","1.9","<50","0.011","0.12","<1","<1","23","<1","<50","<0.1","6","<10","1.3","<1","155","2","<0.01","99","10.1","13000","null","0.2","<0.01","80","<1","<10","<1","<2","2","1.6","0.04","<0.5","0.071","8.1","1.1","0.1","17","<1","<0.02","3.6","<1","0.21","3","0.28","110","93","2.1","<2","14.7","10","4100"
"Victoria Harbour","Sam Dip Tam Stream","TW3","2024-04-13","1","0.9","<50","0.076","<0.05","<1","<1","28","<1","<50","<0.1","10","13","1.4","<1","198","4","<0.01","103","8.4","18000","null","0.2","<0.01","50","<1","<10","<1","<2","1","1.8","0.027","<0.5","0.14","7.7","1.6","0.1","17","<1","<0.02","10","<1","0.39","6","0.18","160","100","1.5","<2","25.5","<10","3900"
"Victoria Harbour","Sam Dip Tam Stream","TW3","2024-05-09","1","0.4","<50","0.022","<0.05","<1","<1","31","<1","<50","<0.1","6","<10","1.9","<1","161","1","<0.01","102","8.5","14000","null","0.2","<0.01","<50","<1","<10","<1","<2","<1","1.3","0.012","<0.5","0.12","7.5","1.7","0.1","18","<1","<0.02","0.6","<1","<0.05","3","0.14","190","69","0.8","<2","24","<10","4300"
"Victoria Harbour","Sam Dip Tam Stream","TW3","2024-06-08","1","1.1","<50","0.048","<0.05","<1","<1","30","<1","<50","<0.1","4","<10","1","<1","152","1","<0.01","100","8.3","11000","null","<0.2","<0.01","<50","<1","<10","<1","<2","<1","1.3","0.017","<0.5","0.11","7.6","0.8","0.1","15","<1","<0.02","1","<1","0.47","1","0.13","160","78","1.9","<2","24.8","<10","8000"
"Victoria Harbour","Sam Dip Tam Stream","TW3","2024-07-18","1","<0.1","<50","0.043","<0.05","<1","<1","30","<1","<50","<0.1","5","<10","0.9","<1","148","<1","<0.01","99","7.9","19000","null","<0.2","<0.01","<50","<1","<10","<1","<2","<1","1.3","0.014","<0.5","0.1","7.7","0.4","0.1","16","<1","<0.02","3.6","<1","0.13","2","0.11","130","78","1.9","<2","27.1","10","9700"
"Victoria Harbour","Sam Dip Tam Stream","TW3","2024-08-08","1","0.6","<50","0.028","<0.05","<1","<1","35","<1","<50","<0.1","6","<10","0.6","<1","163","<1","<0.01","100","7.8","140000","null","0.2","<0.01","<50","<1","<10","<1","<2","<1","1.3","0.009","<0.5","0.14","7.5","0.5","0.1","18","<1","<0.02","1","<1","<0.05","2","0.16","170","3.5","1.1","<2","28.1","<10","130000"
"Victoria Harbour","Sam Dip Tam Stream","TW3","2024-09-19","1","1.1","<50","0.032","<0.05","<1","<1","32","<1","<50","<0.1","5","<10","0.8","<1","169","1","<0.01","99","7.9","20000","null","0.2","<0.01","70","<1","<10","<1","<2","<1","1.1","0.011","<0.5","0.12","7.6","0.9","0.1","19","<1","<0.02","0.8","<1","<0.05","1","0.14","170","96","0.8","<2","27.3","<10","6000"
"Victoria Harbour","Sam Dip Tam Stream","TW3","2024-10-24","1","<0.1","<50","0.03","<0.05","<1","<1","30","<1","<50","<0.1","4","<10","1.2","<1","285","<1","<0.01","99","8.4","40000","null","0.2","<0.01","<50","<1","<10","<1","<2","<1","1.2","0.012","<0.5","0.11","7.7","1.8","0.1","19","<1","<0.02","2.3","<1","0.07","1","0.14","200","91","1.2","<2","23.1","<10","5200"
"Victoria Harbour","Sam Dip Tam Stream","TW3","2024-11-21","1","0.1","<50","0.062","<0.05","<1","<1","28","<1","<50","<0.1","2","<10","0.6","<1","189","1","<0.01","100","8.9","17000","null","0.2","<0.01","<50","<1","<10","<1","<2","<1","1.3","0.02","<0.5","0.19","7.7","<0.2","0.1","18","<1","<0.02","3.2","<1","0.08","2","0.19","120","34","1.9","<2","21.1","<10","9000"
"Victoria Harbour","Sam Dip Tam Stream","TW3","2024-12-07","1","0.7","<50","0.039","<0.05","<1","<1","27","<1","<50","<0.1","4","<10","1","<1","126","1","<0.01","100","9.1","21000","null","0.2","<0.01","<50","<1","<10","<1","<2","<1","1.3","0.014","<0.5","0.12","7.6","0.9","0.1","20","<1","<0.02","0.8","<1","0.21","2","0.12","120","34","1","<2","20.3","<10","8000"
"Deep Bay","Yuen Long Creek","YL1","2024-01-17","1","30","<50","3.3","0.45","<1","<1","20","<1","<50","<0.1","19","51","4","<1","340","<1","<0.01","32","2.9","230000","0.204","0.4","<0.01","260","<1","200","<1","<2","2","0.008","0.003","1","0.16","7","2.6","0.2","13","<1","0.03","19","<1","4.1","18","0.43","320","78","5.6","<2","19.8","<10","57000"
"Deep Bay","Yuen Long Creek","YL1","2024-02-14","1","8.1","<50","4.9","0.25","<1","<1","14","<1","<50","<0.1","16","31","9","<1","254","1","<0.01","57","5.3","150000","0.114","0.4","<0.01","60","<1","130","<1","2","2","0.48","0.068","0.9","0.39","7","6.5","0.1","11","<1","<0.02","8.1","<1","5.8","7","0.55","230","94","3","<2","19","<10","64000"
"Deep Bay","Yuen Long Creek","YL1","2024-03-11","1","7.3","<50","6.2","0.46","<1","1","18","<1","60","<0.1","25","30","2.8","<1","321","2","<0.01","43","4","390000","0.027","0.4","<0.01","180","<1","190","<1","5","2","0.41","0.058","0.6","0.45","7","<0.2","0.2","10","<1","<0.02","3.8","<1","8.7","10","0.82","260","120","5.8","<2","18.3","20","53000"
"Deep Bay","Yuen Long Creek","YL1","2024-04-18","1","15","<50","7.4","0.44","<1","3","21","<1","<50","<0.1","26","120","6.4","<1","620","2","<0.01","46","3.7","190000","0.13","0.4","<0.01","260","<1","160","<1","2","3","0.49","0.1","0.6","0.6","7.4","2.9","0.3","12","<1","0.02","10","<1","8.5","12","0.84","370","70","5.8","<2","26.3","<10","80000"
"Deep Bay","Yuen Long Creek","YL1","2024-05-16","1","8.8","<50","5.4","0.16","<1","<1","18","<1","<50","<0.1","20","140","17","<1","607","2","<0.01","82","6.8","740000","0.25","0.4","<0.01","130","<1","160","<1","3","1","0.63","0.1","<0.5","0.71","7.3","11","0.3","11","<1","<0.02","14","<1","6.9","11","0.84","400","72","5.2","<2","24.8","<10","160000"
"Deep Bay","Yuen Long Creek","YL1","2024-06-07","1","16","<50","3.5","0.09","<1","1","13","<1","<50","<0.1","21","66","3.8","<1","450","2","<0.01","70","5.7","430000","0.554","0.3","<0.01","110","<1","140","<1","3","1","0.7","0.2","<0.5","0.5","7","1.7","0.2","16","<1","0.03","23","<1","5.5","9","0.84","330","100","12.7","<2","26.1","<10","80000"
"Deep Bay","Yuen Long Creek","YL1","2024-07-11","1","8.9","<50","2.5","<0.05","<1","2","9","<1","<50","<0.1","20","<10","4","<1","228","6","<0.01","76","5.7","740000","0.97","0.2","<0.01","220","3","<10","<1","6","1","0.93","0.16","0.5","0.36","7.5","3.2","0.1","10","<1","0.03","16","<1","3.2","8","0.52","180","86","24.9","<2","30.6","<10","170000"
"Deep Bay","Yuen Long Creek","YL1","2024-08-22","1","6.4","<50","2.4","0.11","<1","1","13","<1","<50","<0.1","12","23","5.7","<1","286","1","<0.01","77","6.1","1400000","0.598","0.3","<0.01","110","<1","20","<1","3","1","0.61","0.17","<0.5","0.28","7","3.3","0.1","17","<1","<0.02","4.2","<1","2.9","4","0.36","260","79","10.6","<2","27","20","80000"
"Deep Bay","Yuen Long Creek","YL1","2024-09-12","1","12","<50","2.6","<0.05","<1","<1","11","<1","<50","<0.1","9","33","0.2","<1","254","4","<0.01","74","5.9","410000","0.616","0.4","<0.01","100","<1","50","<1","<2","2","0.66","0.19","<0.5","0.43","7.1","0.2","0.1","14","<1","<0.02","6.6","<1","2.9","3","0.53","210","70","13.1","<2","27.1","10","150000"
"Deep Bay","Yuen Long Creek","YL1","2024-10-18","1","8.8","<50","3.6","0.2","<1","1","14","<1","<50","<0.1","17","53","0.5","<1","389","1","<0.01","71","5.8","200000","0.356","0.4","<0.01","90","<1","10","<1","3","1","0.46","0.13","0.5","0.59","7.3","0.5","0.2","17","<1","<0.02","4.6","<1","5.9","5","0.79","280","24","7.2","<2","26.1","<10","100000"
"Deep Bay","Yuen Long Creek","YL1","2024-11-22","1","5","<50","2.6","0.05","<1","1","15","<1","60","<0.1","9","41","0.8","<1","308","1","<0.01","69","6.2","170000","0.735","0.4","<0.01","100","<1","120","<1","3","1","1.2","0.16","<0.5","0.33","7","0.2","0.2","20","<1","<0.02","7.6","<1","2.8","5","0.42","260","64","5.7","<2","20.5","<10","55000"
"Deep Bay","Yuen Long Creek","YL1","2024-12-12","1","8.8","<50","6.7","0.29","<1","1","13","<1","<50","<0.1","24","31","1","<1","362","1","<0.01","40","3.6","140000","0.043","0.5","<0.01","250","<1","190","<1","4","2","0.11","0.036","0.6","0.81","7.1","<0.2","0.2","15","<1","<0.02","4.4","<1","7.8","7","1.1","290","110","6.6","<2","19.8","<10","90000"
"Deep Bay","Yuen Long Creek","YL2","2024-01-17","1","8.6","<50","3.9","0.55","<1","<1","27","<1","60","<0.1","18","95","3.5","<1","511","1","<0.01","60","5.2","150000","0.016","0.4","<0.01","220","<1","110","<1","3","2","0.41","0.081","<0.5","0.26","7.3","<0.2","0.3","13","<1","<0.02","4.8","<1","4.5","8","0.3","350","55","2.3","<2","22","<10","72000"
"Deep Bay","Yuen Long Creek","YL2","2024-02-14","1","9.3","<50","5","0.59","<1","<1","23","<1","60","<0.1","15","84","9.3","<1","512","1","<0.01","56","4.9","290000","0.004","0.4","<0.01","150","<1","90","<1","3","2","0.35","0.076","1","0.31","7.1","2.1","0.3","10","<1","0.09","2.7","<1","6.4","9","0.46","360","94","4.2","<2","21.6","<10","140000"
"Deep Bay","Yuen Long Creek","YL2","2024-03-11","1","13","<50","4.5","0.35","<1","1","24","<1","80","<0.1","26","93","3.3","<1","530","2","<0.01","43","4","1200000","0.011","0.3","<0.01","200","2","110","<1","4","2","0.89","0.078","0.6","0.27","7","0.4","0.3","8.3","<1","0.05","3.6","<1","6","12","0.5","380","120","8.1","<2","18.6","40","160000"
"Deep Bay","Yuen Long Creek","YL2","2024-04-18","1","7.4","<50","4.4","0.44","<1","1","23","<1","<50","<0.1","21","100","14","<1","477","2","<0.01","56","4.4","370000","0.017","0.5","<0.01","240","<1","90","<1","4","2","0.51","0.081","0.6","0.22","7.4","14","0.2","12","<1","0.03","2.4","<1","4.8","10","0.36","300","77","6.4","<2","27.9","10","90000"
"Deep Bay","Yuen Long Creek","YL2","2024-05-16","1","10","<50","3.9","0.24","<1","1","24","<1","<50","<0.1","16","200","4.7","<1","474","2","<0.01","105","8.4","910000","0.013","0.4","<0.01","150","<1","70","<1","4","1","0.7","0.14","<0.5","0.28","7.5","4.3","0.2","12","<1","<0.02","3","<1","4.8","9","0.34","420","66","3.5","<2","26.6","<10","160000"
"Deep Bay","Yuen Long Creek","YL2","2024-06-07","1","11","<50","3.9","<0.05","<1","1","28","<1","50","<0.1","13","140","<0.2","<1","748","1","<0.01","101","7.9","380000","0.025","0.4","<0.01","110","<1","90","<1","4","<1","0.82","0.16","<0.5","0.33","7.3","9.1","0.4","15","<1","<0.02","1.8","<1","5.1","7","0.41","470","130","3.5","<2","27.5","<10","160000"
"Deep Bay","Yuen Long Creek","YL2","2024-07-11","1","6.8","<50","3.1","<0.05","<1","2","20","<1","<50","<0.1","28","15","1.9","<1","299","4","<0.01","60","4.4","1000000","0.013","0.3","<0.01","240","<1","100","<1","3","2","0.74","0.1","0.7","0.42","7.4","0.9","0.1","9.7","<1","0.04","4.2","<1","3.8","9","0.51","190","120","7.9","<2","32","40","370000"
"Deep Bay","Yuen Long Creek","YL2","2024-08-22","1","7","<50","2.8","0.23","<1","1","21","<1","<50","<0.1","12","38","2.7","<1","470","<1","<0.01","109","8.3","430000","0.022","0.5","<0.01","140","<1","100","<1","5","2","0.72","0.18","<0.5","0.25","7.3","2.8","0.2","17","<1","<0.02","4.3","<1","3.3","4","0.36","320","70","2.4","<2","29.8","20","160000"
"Deep Bay","Yuen Long Creek","YL2","2024-09-12","1","39","<50","3.1","0.11","<1","1","23","<1","<50","<0.1","15","61","1.2","<1","502","3","<0.01","80","6.1","160000","0.024","0.5","<0.01","160","<1","90","<1","5","2","0.55","0.16","<0.5","0.28","7.2","0.3","0.2","17","<1","<0.02","3.4","<1","3.5","4","0.32","350","99","1.8","<2","29.9","<10","49000"
"Deep Bay","Yuen Long Creek","YL2","2024-10-18","1","3.3","<50","2.9","0.13","<1","<1","20","<1","<50","<0.1","7","63","0.9","<1","469","<1","<0.01","104","7.8","69000","0.035","0.5","<0.01","120","<1","30","<1","4","3","0.36","0.23","<0.5","0.3","7.5","0.3","0.2","15","<1","<0.02","6.4","<1","4.1","3","0.39","280","14","1.3","<2","30.3","<10","39000"
"Deep Bay","Yuen Long Creek","YL2","2024-11-22","1","6.8","<50","3.6","0.09","<1","1","27","<1","90","<0.1","10","120","0.5","<1","584","1","<0.01","81","7","400000","0.05","0.5","<0.01","150","<1","130","<1","5","1","1.3","0.15","<0.5","0.43","7.2","0.5","0.3","21","<1","<0.02","5.8","<1","3.8","4","0.45","450","99","3.2","<2","22.6","20","250000"
"Deep Bay","Yuen Long Creek","YL2","2024-12-12","1","11","<50","3.2","0.53","<1","1","21","<1","<50","<0.1","29","80","1","<1","456","1","<0.01","65","5.8","130000","0.02","0.6","<0.01","80","<1","80","<1","3","1","0.52","0.081","0.6","0.25","7.2","0.8","0.2","14","<1","0.02","1.8","<1","4.3","8","0.37","340","110","6","<2","21.4","<10","84000"
"Deep Bay","Yuen Long Creek","YL3","2024-01-17","1","140","<50","5.3","1.1","<1","1","22","<1","120","<0.1","110","400","14","<1","1609","1","<0.01","30","2.6","2300000","0.325","0.4","<0.01","250","<1","180","<1","2","3","<0.002","0.006","2.7","0.28","7.1","<0.2","0.9","13","<1","0.12","13","<1","7.8","37","0.7","1200","240","18.3","<2","20.9","<10","1300000"
"Deep Bay","Yuen Long Creek","YL3","2024-02-14","1","61","<50","6.5","1.2","<1","1","19","<1","120","<0.1","130","360","3","<1","1425","1","<0.01","44","4","3400000","0.54","0.4","<0.01","180","<1","200","<1","2","2","0.002","0.005","2.6","0.59","7","2.4","0.8","10","<1","0.14","40","<1","9.3","24","0.9","970","190","16.2","<2","20","<10","1700000"
"Deep Bay","Yuen Long Creek","YL3","2024-03-11","1","62","<50","3.9","0.73","1","1","25","<1","260","<0.1","60","850","4.6","<1","3131","2","<0.01","66","6.1","1700000","0.51","0.4","<0.01","90","<1","150","<1","5","2","0.59","0.77","3.7","0.26","7.3","2.6","1.9","8","<1","0.07","10","<1","6.6","24","1.1","2600","470","25.9","<2","18.5","20","900000"
"Deep Bay","Yuen Long Creek","YL3","2024-04-18","1","46","<50","7.5","1.2","<1","2","22","<1","90","<0.1","54","360","19","<1","1605","2","<0.01","37","2.9","4300000","0.117","0.5","<0.01","170","<1","180","<1","2","3","<0.002","<0.002","3.5","0.74","7.4","7.9","0.8","11","<1","0.08","38","<1","10","23","1.1","950","180","14.7","<2","26.9","<10","2400000"
"Deep Bay","Yuen Long Creek","YL3","2024-05-16","1","31","<50","6.8","1.1","<1","2","23","<1","110","<0.1","56","370","3","<1","1556","2","<0.01","45","3.6","3200000","0.58","0.4","<0.01","180","<1","360","<1","3","2","<0.002","<0.002","3.4","0.59","7.2","1.5","0.8","14","<1","0.09","30","<1","8.6","27","1","1000","160","15.5","<2","25.8","<10","1400000"
"Deep Bay","Yuen Long Creek","YL3","2024-06-07","1","42","<50","4.3","0.22","<1","1","19","<1","70","<0.1","44","320","5.4","<1","1107","1","<0.01","38","3","2100000","0.729","0.4","<0.01","140","<1","280","<1","3","2","0.01","0.002","2.1","0.43","7","5.3","0.5","15","<1","0.06","26","<1","7.9","15","0.72","730","190","17","<2","26.7","<10","800000"
"Deep Bay","Yuen Long Creek","YL3","2024-07-11","1","12","<50","2.4","0.17","<1","1","10","<1","<50","<0.1","26","62","2.7","<1","404","4","<0.01","55","4.1","2300000","0.645","<0.2","<0.01","110","<1","30","<1","2","1","0.56","0.088","<0.5","0.25","7.4","1.7","0.2","4.1","<1","0.04","7.4","<1","3.6","8","0.47","340","220","33","<2","30.4","20","1000000"
"Deep Bay","Yuen Long Creek","YL3","2024-08-22","1","39","<50","3","0.47","<1","1","18","<1","60","<0.1","29","210","2.4","1","1012","2","<0.01","48","3.7","3100000","0.311","0.4","<0.01","70","<1","160","<1","5","3","0.41","0.15","2.6","0.019","7.1","2.8","0.5","16","<1","0.04","30","<1","4.4","11","0.53","720","160","12.2","<2","28.2","30","1200000"
"Deep Bay","Yuen Long Creek","YL3","2024-09-12","1","36","<50","3.4","0.48","<1","1","16","<1","60","<0.1","17","200","1","<1","898","3","<0.01","48","3.8","2900000","0.588","0.4","<0.01","100","<1","140","<1","3","2","<0.002","0.006","0.5","0.42","7","0.8","0.4","17","<1","0.04","4","<1","4.3","6","0.54","750","280","9.9","<2","28.2","<10","2000000"
"Deep Bay","Yuen Long Creek","YL3","2024-10-18","1","59","<50","4.8","0.77","<1","2","19","<1","70","<0.1","42","270","0.3","<1","1169","1","<0.01","33","2.6","2900000","0.456","0.5","<0.01","180","<1","180","<1","4","2","<0.002","0.008","1.1","0.51","7.2","0.2","0.5","16","<1","0.07","30","<1","7","14","0.78","860","140","30.4","<2","28.5","<10","1800000"
"Deep Bay","Yuen Long Creek","YL3","2024-11-22","1","35","<50","4.1","0.39","<1","1","19","<1","100","<0.1","43","270","1","<1","1041","1","<0.01","60","5.3","1300000","1.927","0.5","<0.01","60","<1","160","<1","4","2","<0.002","<0.002","2.3","0.37","7.2","<0.2","0.6","20","<1","0.05","7.4","<1","4.8","10","0.72","830","180","10.3","<2","21.7","10","620000"
"Deep Bay","Yuen Long Creek","YL3","2024-12-12","1","120","<50","7.1","1.2","<1","2","21","<1","120","<0.1","97","460","1.2","<1","2017","1","<0.01","29","2.5","6600000","0.4","0.6","0.01","110","<1","230","<1","4","2","0.014","0.003","7.4","0.82","7.1","<0.2","1.1","12","<1","0.29","36","<1","9.6","27","1.1","1500","290","18.1","<2","21.8","<10","4500000"
"Deep Bay","Yuen Long Creek","YL4","2024-01-17","1","64","<50","5.4","1.2","<1","1","20","<1","130","<0.1","76","370","3.5","<1","1441","1","<0.01","41","3.7","3700000","0.186","0.5","<0.01","200","<1","100","<1","<2","2","0.004","<0.002","3.6","0.58","7.2","<0.2","0.8","11","<1","0.15","35","<1","7.6","26","0.73","1000","190","23.2","<2","20.6","<10","2200000"
"Deep Bay","Yuen Long Creek","YL4","2024-02-14","1","69","<50","6.4","1.5","<1","<1","22","<1","160","<0.1","140","450","2.7","<1","1858","1","<0.01","44","4","1900000","0.246","0.4","<0.01","90","<1","150","<1","<2","3","0.003","0.006","3.1","0.59","7.1","2.9","1.1","9.4","<1","0.22","30","<1","8.7","26","0.94","1300","250","18","<2","19.5","10","600000"
"Deep Bay","Yuen Long Creek","YL4","2024-03-11","1","140","<50","5","1","2","1","26","<1","220","<0.1","93","780","2.6","1","2880","4","<0.01","63","5.8","1400000","0.405","0.3","<0.01","140","<1","160","<1","3","2","0.028","0.013","3","0.42","7.1","<0.2","1.7","5.7","<1","0.14","13","<1","8.7","39","1.1","2000","400","40.2","<2","18.6","40","1100000"
"Deep Bay","Yuen Long Creek","YL4","2024-04-18","1","47","<50","6.6","1","<1","1","29","<1","170","<0.1","43","680","1.7","<1","2551","2","<0.01","48","3.9","2600000","0.081","0.5","<0.01","150","<1","140","<1","<2","3","0.027","0.022","0.9","0.54","7.3","<0.2","1.3","11","<1","0.06","24","<1","8.2","18","0.8","1700","440","13.8","<2","26.2","<10","1200000"
"Deep Bay","Yuen Long Creek","YL4","2024-05-16","1","33","<50","5.7","1.2","<1","1","21","<1","90","<0.1","43","250","2","<1","1058","2","<0.01","42","3.4","2600000","0.176","0.5","<0.01","110","<1","110","<1","<2","2","0.003","0.007","2.8","0.43","7.2","<0.2","0.5","12","<1","0.11","19","<1","7.1","21","0.66","690","110","11.3","<2","25.4","30","1900000"
"Deep Bay","Yuen Long Creek","YL4","2024-06-07","1","67","<50","5.7","<0.05","<1","1","21","<1","70","<0.1","62","230","1.8","<1","1049","2","<0.01","37","2.9","6100000","0.127","0.4","<0.01","120","<1","150","<1","<2","2","0.008","0.005","2.3","0.6","7","1.9","0.5","12","<1","0.11","8.9","<1","9.3","17","0.88","690","210","13.5","<2","26.6","10","2400000"
"Deep Bay","Yuen Long Creek","YL4","2024-07-11","1","11","<50","2.6","<0.05","<1","1","10","<1","<50","<0.1","34","62","3.4","<1","426","4","<0.01","56","4.2","2000000","0.645","<0.2","<0.01","100","<1","20","<1","3","2","0.61","0.12","0.6","0.4","7.4","3.9","0.2","7.5","<1","0.05","30","<1","3.9","13","0.67","300","120","42.1","<2","30.5","<10","800000"
"Deep Bay","Yuen Long Creek","YL4","2024-08-22","1","64","<50","5.1","1.1","<1","1","24","<1","100","<0.1","80","340","2.7","1","1504","1","<0.01","29","2.2","8000000","0.078","0.5","<0.01","110","<1","130","<1","2","2","0.006","0.009","4.1","0.39","7","2.1","0.7","15","<1","0.06","20","<1","6.8","21","0.72","1100","270","11.8","<2","29","20","3400000"
"Deep Bay","Yuen Long Creek","YL4","2024-09-12","1","120","<50","8.4","1.4","<1","1","21","<1","130","<0.1","80","430","0.5","<1","1954","4","<0.01","33","2.5","8000000","0.322","0.5","<0.01","150","<1","120","<1","<2","2","<0.002","0.01","4.3","0.58","7","<0.2","0.9","15","<1","0.28","15","<1","9.2","27","0.93","1400","410","19.8","<2","29","20","4100000"
"Deep Bay","Yuen Long Creek","YL4","2024-10-18","1","47","<50","7.4","0.97","<1","2","56","<1","630","<0.1","60","3300","0.3","1","9093","1","<0.01","43","3.2","4000000","0.234","0.6","<0.01","140","<1","200","<1","2","3","4.5","1.4","2.7","0.93","7","0.2","4.7","13","<1","0.1","47","<1","9.3","15","1.4","6800","1300","14.5","<2","28.7","20","2300000"
"Deep Bay","Yuen Long Creek","YL4","2024-11-22","1","74","<50","6.2","0.91","<1","1","25","<1","160","<0.1","89","450","3.7","<1","1882","2","<0.01","49","4.2","3900000","0.392","0.6","<0.01","100","<1","160","<1","3","1","<0.002","<0.002","4","0.63","7.3","<0.2","1","18","<1","0.14","10","<1","7.7","21","0.85","1400","290","15.9","<2","22.5","10","1900000"
"Deep Bay","Yuen Long Creek","YL4","2024-12-12","1","100","<50","6","1.1","<1","3","50","<1","120","<0.1","150","470","0.9","<1","2031","<1","<0.01","37","3.2","3300000","0.092","0.5","0.02","70","<1","500","<1","<2","2","0.017","0.003","12","0.69","7","<0.2","1.1","9.5","<1","0.65","19","<1","9.1","34","1","1500","320","30.8","<2","22.2","<10","1700000"
