 #The Line and  Sample are according to LEVEL1 and LEVEL2 image 

 L1Line L1Sample  L2Line   L2Sample  Lon       Lat      Zenith    Azimuth
      1       1  -80.31    1187.78  113.3894  23.0142   5.5748     102.0570
      1     123  -62.72    1311.38  113.4135  23.0106   5.3700     102.1821
      1     245  -45.17    1434.73  113.4375  23.0071   5.1656     102.3163
      1     367  -27.64    1557.86  113.4614  23.0036   4.9614     102.4605
      1     489  -10.15    1680.76  113.4853  23.0000   4.7575     102.6160
      1     611   7.31    1803.45  113.5092  22.9965   4.5540     102.7844
      1     733  24.74    1925.94  113.5330  22.9930   4.3507     102.9673
      1     855  42.14    2048.24  113.5568  22.9894   4.1476     103.1671
      1     977  59.52    2170.36  113.5805  22.9859   3.9449     103.3862
      1    1099  76.88    2292.30  113.6042  22.9824   3.7424     103.6277
      1    1221  94.21    2414.09  113.6279  22.9789   3.5402     103.8955
      1    1343  111.52    2535.72  113.6516  22.9754   3.3382     104.1943
      1    1465  128.81    2657.21  113.6752  22.9718   3.1365     104.5300
      1    1587  146.08    2778.57  113.6988  22.9683   2.9351     104.9103
      1    1709  163.33    2899.81  113.7223  22.9648   2.7339     105.3449
      1    1831  180.57    3020.94  113.7459  22.9613   2.5331     105.8465
      1    1953  197.79    3141.96  113.7694  22.9578   2.3326     106.4326
      1    2075  215.00    3262.90  113.7929  22.9542   2.1324     107.1266
      1    2197  232.20    3383.75  113.8164  22.9507   1.9328     107.9618
      1    2319  249.39    3504.53  113.8399  22.9472   1.7337     108.9866
      1    2441  266.57    3625.25  113.8633  22.9437   1.5354     110.2738
      1    2563  283.74    3745.92  113.8868  22.9402   1.3381     111.9383
      1    2685  300.91    3866.55  113.9102  22.9366   1.1424     114.1720
      1    2807  318.07    3987.14  113.9336  22.9331   0.9491     117.3177
      1    2929  335.23    4107.72  113.9570  22.9296   0.7601     122.0431
      1    3051  352.39    4228.28  113.9805  22.9260   0.5796     129.7886
      1    3173  369.55    4348.84  114.0039  22.9225   0.4188     143.9405
      1    3295  386.71    4469.40  114.0273  22.9190   0.3098     171.1603
      1    3417  403.87    4589.99  114.0507  22.9154   0.3126     -151.0481
      1    3539  421.04    4710.60  114.0741  22.9119   0.4251     -124.5206
      1    3661  438.21    4831.26  114.0976  22.9083   0.5874     -110.7627
      1    3783  455.39    4951.96  114.1210  22.9047   0.7686     -103.1972
      1    3905  472.57    5072.71  114.1444  22.9012   0.9581     -98.5618
      1    4027  489.77    5193.54  114.1679  22.8976   1.1519     -95.4661
      1    4149  506.98    5314.44  114.1914  22.8940   1.3481     -93.2626
      1    4271  524.20    5435.43  114.2148  22.8905   1.5459     -91.6176
      1    4393  541.43    5556.52  114.2383  22.8869   1.7448     -90.3438
      1    4515  558.68    5677.71  114.2619  22.8833   1.9446     -89.3285
      1    4637  575.95    5799.03  114.2854  22.8797   2.1449     -88.5003
      1    4759  593.23    5920.47  114.3090  22.8761   2.3458     -87.8115
      1    4881  610.53    6042.05  114.3326  22.8724   2.5472     -87.2296
      1    5003  627.86    6163.77  114.3562  22.8688   2.7489     -86.7311
      1    5125  645.21    6285.65  114.3798  22.8652   2.9510     -86.2992
      1    5247  662.58    6407.70  114.4035  22.8616   3.1535     -85.9211
      1    5369  679.98    6529.93  114.4272  22.8579   3.3563     -85.5871
      1    5491  697.40    6652.34  114.4509  22.8542   3.5594     -85.2898
      1    5613  714.85    6774.95  114.4747  22.8506   3.7629     -85.0232
      1    5735  732.33    6897.77  114.4985  22.8469   3.9667     -84.7828
      1    5857  749.85    7020.81  114.5224  22.8432   4.1708     -84.5646
      1    6000  770.41    7165.31  114.5504  22.8389   4.4105     -84.3332
    119       1  35.45    1164.20  113.3845  22.9933   5.5748     102.0552
    119     123  53.04    1287.80  113.4085  22.9898   5.3700     102.1803
    119     245  70.60    1411.16  113.4325  22.9863   5.1655     102.3144
    119     367  88.13    1534.28  113.4564  22.9827   4.9614     102.4586
    119     489  105.62    1657.18  113.4803  22.9792   4.7575     102.6141
    119     611  123.08    1779.87  113.5042  22.9757   4.5539     102.7824
    119     733  140.52    1902.36  113.5280  22.9721   4.3506     102.9653
    119     855  157.93    2024.66  113.5518  22.9686   4.1476     103.1650
    119     977  175.31    2146.77  113.5755  22.9651   3.9449     103.3841
    119    1099  192.66    2268.72  113.5992  22.9616   3.7424     103.6255
    119    1221  210.00    2390.50  113.6229  22.9581   3.5401     103.8933
    119    1343  227.31    2512.13  113.6466  22.9545   3.3382     104.1920
    119    1465  244.61    2633.62  113.6702  22.9510   3.1365     104.5277
    119    1587  261.88    2754.98  113.6938  22.9475   2.9350     104.9078
    119    1709  279.14    2876.22  113.7173  22.9440   2.7339     105.3423
    119    1831  296.38    2997.34  113.7409  22.9405   2.5330     105.8439
    119    1953  313.60    3118.37  113.7644  22.9369   2.3325     106.4298
    119    2075  330.82    3239.30  113.7879  22.9334   2.1324     107.1237
    119    2197  348.02    3360.15  113.8114  22.9299   1.9328     107.9587
    119    2319  365.21    3480.93  113.8348  22.9264   1.7337     108.9833
    119    2441  382.40    3601.65  113.8583  22.9229   1.5353     110.2702
    119    2563  399.57    3722.32  113.8817  22.9193   1.3381     111.9345
    119    2685  416.74    3842.94  113.9052  22.9158   1.1423     114.1678
    119    2807  433.91    3963.54  113.9286  22.9123   0.9490     117.3130
    119    2929  451.07    4084.11  113.9520  22.9088   0.7601     122.0378
    119    3051  468.23    4204.67  113.9754  22.9052   0.5796     129.7827
    119    3173  485.39    4325.23  113.9988  22.9017   0.4187     143.9346
    119    3295  502.56    4445.80  114.0222  22.8981   0.3097     171.1586
    119    3417  519.72    4566.38  114.0456  22.8946   0.3125     -151.0422
    119    3539  536.89    4686.99  114.0691  22.8910   0.4251     -124.5140
    119    3661  554.07    4807.64  114.0925  22.8875   0.5874     -110.7577
    119    3783  571.25    4928.34  114.1159  22.8839   0.7686     -103.1937
    119    3905  588.44    5049.10  114.1394  22.8804   0.9581     -98.5592
    119    4027  605.64    5169.92  114.1628  22.8768   1.1519     -95.4642
    119    4149  622.85    5290.82  114.1863  22.8732   1.3481     -93.2612
    119    4271  640.07    5411.81  114.2098  22.8696   1.5459     -91.6166
    119    4393  657.31    5532.90  114.2332  22.8661   1.7448     -90.3430
    119    4515  674.56    5654.09  114.2568  22.8625   1.9446     -89.3280
    119    4637  691.83    5775.40  114.2803  22.8589   2.1449     -88.5000
    119    4759  709.12    5896.84  114.3039  22.8553   2.3458     -87.8114
    119    4881  726.43    6018.42  114.3274  22.8516   2.5472     -87.2296
    119    5003  743.75    6140.14  114.3511  22.8480   2.7489     -86.7313
    119    5125  761.10    6262.02  114.3747  22.8444   2.9510     -86.2994
    119    5247  778.48    6384.07  114.3984  22.8407   3.1535     -85.9214
    119    5369  795.88    6506.30  114.4221  22.8371   3.3563     -85.5875
    119    5491  813.31    6628.71  114.4458  22.8334   3.5595     -85.2902
    119    5613  830.76    6751.32  114.4696  22.8298   3.7629     -85.0238
    119    5735  848.25    6874.14  114.4934  22.8261   3.9667     -84.7834
    119    5857  865.76    6997.17  114.5173  22.8224   4.1708     -84.5653
    119    6000  886.34    7141.67  114.5453  22.8181   4.4105     -84.3339
    237       1  151.21    1140.62  113.3795  22.9725   5.5747     102.0534
    237     123  168.80    1264.22  113.4035  22.9690   5.3700     102.1785
    237     245  186.36    1387.57  113.4275  22.9654   5.1655     102.3126
    237     367  203.89    1510.69  113.4515  22.9619   4.9613     102.4567
    237     489  221.39    1633.60  113.4754  22.9584   4.7575     102.6121
    237     611  238.86    1756.28  113.4992  22.9548   4.5539     102.7804
    237     733  256.30    1878.77  113.5230  22.9513   4.3506     102.9633
    237     855  273.71    2001.07  113.5468  22.9478   4.1476     103.1630
    237     977  291.09    2123.18  113.5705  22.9443   3.9448     103.3820
    237    1099  308.45    2245.13  113.5943  22.9408   3.7424     103.6234
    237    1221  325.79    2366.91  113.6179  22.9372   3.5401     103.8910
    237    1343  343.11    2488.54  113.6416  22.9337   3.3381     104.1897
    237    1465  360.40    2610.03  113.6652  22.9302   3.1364     104.5253
    237    1587  377.68    2731.38  113.6888  22.9267   2.9350     104.9054
    237    1709  394.94    2852.62  113.7123  22.9232   2.7339     105.3397
    237    1831  412.19    2973.75  113.7359  22.9196   2.5330     105.8412
    237    1953  429.42    3094.77  113.7594  22.9161   2.3325     106.4270
    237    2075  446.63    3215.70  113.7829  22.9126   2.1324     107.1207
    237    2197  463.84    3336.55  113.8063  22.9091   1.9327     107.9556
    237    2319  481.03    3457.33  113.8298  22.9056   1.7336     108.9800
    237    2441  498.22    3578.05  113.8533  22.9021   1.5353     110.2667
    237    2563  515.40    3698.71  113.8767  22.8985   1.3380     111.9306
    237    2685  532.57    3819.34  113.9001  22.8950   1.1423     114.1636
    237    2807  549.74    3939.93  113.9235  22.8915   0.9490     117.3083
    237    2929  566.91    4060.50  113.9469  22.8879   0.7600     122.0325
    237    3051  584.07    4181.06  113.9704  22.8844   0.5795     129.7768
    237    3173  601.24    4301.62  113.9938  22.8809   0.4187     143.9288
    237    3295  618.40    4422.18  114.0172  22.8773   0.3096     171.1568
    237    3417  635.57    4542.77  114.0406  22.8738   0.3125     -151.0364
    237    3539  652.74    4663.38  114.0640  22.8702   0.4251     -124.5074
    237    3661  669.92    4784.03  114.0874  22.8667   0.5874     -110.7528
    237    3783  687.11    4904.72  114.1108  22.8631   0.7686     -103.1901
    237    3905  704.30    5025.48  114.1343  22.8596   0.9581     -98.5566
    237    4027  721.50    5146.30  114.1577  22.8560   1.1519     -95.4622
    237    4149  738.72    5267.20  114.1812  22.8524   1.3481     -93.2597
    237    4271  755.94    5388.19  114.2047  22.8488   1.5459     -91.6155
    237    4393  773.18    5509.27  114.2282  22.8452   1.7448     -90.3423
    237    4515  790.44    5630.47  114.2517  22.8417   1.9446     -89.3275
    237    4637  807.71    5751.78  114.2752  22.8381   2.1449     -88.4997
    237    4759  825.00    5873.22  114.2988  22.8344   2.3458     -87.8113
    237    4881  842.32    5994.79  114.3223  22.8308   2.5472     -87.2296
    237    5003  859.65    6116.51  114.3459  22.8272   2.7489     -86.7314
    237    5125  877.00    6238.39  114.3696  22.8236   2.9510     -86.2997
    237    5247  894.38    6360.44  114.3933  22.8199   3.1535     -85.9217
    237    5369  911.78    6482.66  114.4170  22.8163   3.3563     -85.5879
    237    5491  929.21    6605.07  114.4407  22.8126   3.5595     -85.2907
    237    5613  946.67    6727.68  114.4645  22.8090   3.7629     -85.0243
    237    5735  964.16    6850.50  114.4883  22.8053   3.9667     -84.7840
    237    5857  981.68    6973.53  114.5121  22.8016   4.1709     -84.5660
    237    6000  1002.26    7118.03  114.5401  22.7973   4.4105     -84.3346
    355       1  266.96    1117.04  113.3745  22.9517   5.5747     102.0516
    355     123  284.56    1240.63  113.3986  22.9481   5.3699     102.1767
    355     245  302.13    1363.98  113.4225  22.9446   5.1655     102.3107
    355     367  319.66    1487.11  113.4465  22.9411   4.9613     102.4548
    355     489  337.16    1610.00  113.4704  22.9375   4.7575     102.6102
    355     611  354.63    1732.69  113.4942  22.9340   4.5539     102.7785
    355     733  372.07    1855.18  113.5180  22.9305   4.3506     102.9613
    355     855  389.49    1977.47  113.5418  22.9270   4.1476     103.1609
    355     977  406.88    2099.59  113.5656  22.9235   3.9448     103.3798
    355    1099  424.24    2221.53  113.5893  22.9199   3.7423     103.6212
    355    1221  441.58    2343.31  113.6129  22.9164   3.5401     103.8888
    355    1343  458.90    2464.94  113.6366  22.9129   3.3381     104.1874
    355    1465  476.20    2586.43  113.6602  22.9094   3.1364     104.5229
    355    1587  493.48    2707.78  113.6837  22.9059   2.9350     104.9029
    355    1709  510.74    2829.02  113.7073  22.9023   2.7338     105.3372
    355    1831  527.99    2950.14  113.7308  22.8988   2.5330     105.8386
    355    1953  545.23    3071.16  113.7543  22.8953   2.3325     106.4242
    355    2075  562.45    3192.09  113.7778  22.8918   2.1324     107.1178
    355    2197  579.65    3312.94  113.8013  22.8883   1.9327     107.9525
    355    2319  596.85    3433.72  113.8248  22.8848   1.7336     108.9767
    355    2441  614.04    3554.44  113.8482  22.8812   1.5353     110.2631
    355    2563  631.23    3675.10  113.8716  22.8777   1.3380     111.9268
    355    2685  648.40    3795.73  113.8951  22.8742   1.1422     114.1594
    355    2807  665.58    3916.32  113.9185  22.8707   0.9490     117.3037
    355    2929  682.75    4036.89  113.9419  22.8671   0.7600     122.0272
    355    3051  699.91    4157.44  113.9653  22.8636   0.5795     129.7709
    355    3173  717.08    4278.00  113.9887  22.8601   0.4186     143.9230
    355    3295  734.25    4398.56  114.0121  22.8565   0.3096     171.1550
    355    3417  751.42    4519.15  114.0355  22.8530   0.3124     -151.0305
    355    3539  768.60    4639.76  114.0589  22.8494   0.4250     -124.5007
    355    3661  785.78    4760.40  114.0823  22.8459   0.5874     -110.7478
    355    3783  802.97    4881.10  114.1058  22.8423   0.7686     -103.1865
    355    3905  820.16    5001.85  114.1292  22.8387   0.9581     -98.5540
    355    4027  837.37    5122.68  114.1526  22.8352   1.1519     -95.4603
    355    4149  854.59    5243.57  114.1761  22.8316   1.3481     -93.2583
    355    4271  871.82    5364.56  114.1996  22.8280   1.5459     -91.6145
    355    4393  889.06    5485.65  114.2231  22.8244   1.7448     -90.3416
    355    4515  906.32    5606.84  114.2466  22.8208   1.9446     -89.3270
    355    4637  923.60    5728.15  114.2701  22.8172   2.1449     -88.4994
    355    4759  940.89    5849.58  114.2937  22.8136   2.3458     -87.8111
    355    4881  958.20    5971.16  114.3172  22.8100   2.5472     -87.2296
    355    5003  975.54    6092.88  114.3408  22.8064   2.7489     -86.7315
    355    5125  992.90    6214.76  114.3645  22.8028   2.9511     -86.2999
    355    5247  1010.28    6336.80  114.3881  22.7991   3.1535     -85.9220
    355    5369  1027.68    6459.02  114.4118  22.7955   3.3563     -85.5883
    355    5491  1045.12    6581.43  114.4356  22.7918   3.5595     -85.2912
    355    5613  1062.58    6704.04  114.4593  22.7882   3.7630     -85.0249
    355    5735  1080.07    6826.85  114.4831  22.7845   3.9668     -84.7846
    355    5857  1097.59    6949.89  114.5070  22.7808   4.1709     -84.5666
    355    6000  1118.17    7094.38  114.5350  22.7765   4.4106     -84.3354
    473       1  382.72    1093.45  113.3696  22.9309   5.5747     102.0499
    473     123  400.32    1217.04  113.3936  22.9273   5.3699     102.1749
    473     245  417.89    1340.39  113.4176  22.9238   5.1655     102.3089
    473     367  435.43    1463.51  113.4415  22.9203   4.9613     102.4529
    473     489  452.93    1586.41  113.4654  22.9167   4.7574     102.6083
    473     611  470.40    1709.10  113.4893  22.9132   4.5539     102.7765
    473     733  487.85    1831.58  113.5131  22.9097   4.3506     102.9593
    473     855  505.27    1953.88  113.5368  22.9061   4.1476     103.1589
    473     977  522.66    2075.99  113.5606  22.9026   3.9448     103.3777
    473    1099  540.02    2197.93  113.5843  22.8991   3.7423     103.6190
    473    1221  557.37    2319.71  113.6079  22.8956   3.5401     103.8866
    473    1343  574.69    2441.34  113.6316  22.8921   3.3381     104.1851
    473    1465  592.00    2562.82  113.6552  22.8886   3.1364     104.5205
    473    1587  609.28    2684.18  113.6787  22.8850   2.9350     104.9004
    473    1709  626.55    2805.41  113.7023  22.8815   2.7338     105.3346
    473    1831  643.80    2926.53  113.7258  22.8780   2.5330     105.8359
    473    1953  661.03    3047.56  113.7493  22.8745   2.3324     106.4214
    473    2075  678.26    3168.49  113.7728  22.8710   2.1323     107.1149
    473    2197  695.47    3289.33  113.7963  22.8675   1.9327     107.9494
    473    2319  712.67    3410.11  113.8197  22.8639   1.7336     108.9734
    473    2441  729.87    3530.82  113.8432  22.8604   1.5352     110.2596
    473    2563  747.05    3651.49  113.8666  22.8569   1.3380     111.9229
    473    2685  764.23    3772.11  113.8900  22.8534   1.1422     114.1552
    473    2807  781.41    3892.70  113.9134  22.8498   0.9489     117.2990
    473    2929  798.58    4013.27  113.9368  22.8463   0.7599     122.0219
    473    3051  815.75    4133.83  113.9603  22.8428   0.5794     129.7650
    473    3173  832.92    4254.38  113.9837  22.8392   0.4185     143.9171
    473    3295  850.10    4374.94  114.0071  22.8357   0.3095     171.1533
    473    3417  867.27    4495.52  114.0305  22.8322   0.3124     -151.0246
    473    3539  884.45    4616.13  114.0539  22.8286   0.4250     -124.4941
    473    3661  901.63    4736.78  114.0773  22.8251   0.5874     -110.7428
    473    3783  918.82    4857.47  114.1007  22.8215   0.7686     -103.1829
    473    3905  936.02    4978.23  114.1241  22.8179   0.9581     -98.5514
    473    4027  953.23    5099.05  114.1476  22.8144   1.1519     -95.4584
    473    4149  970.45    5219.94  114.1710  22.8108   1.3481     -93.2569
    473    4271  987.69    5340.93  114.1945  22.8072   1.5459     -91.6135
    473    4393  1004.93    5462.01  114.2180  22.8036   1.7449     -90.3408
    473    4515  1022.20    5583.20  114.2415  22.8000   1.9446     -89.3265
    473    4637  1039.48    5704.51  114.2650  22.7964   2.1450     -88.4991
    473    4759  1056.77    5825.95  114.2886  22.7928   2.3459     -87.8110
    473    4881  1074.09    5947.52  114.3121  22.7892   2.5472     -87.2296
    473    5003  1091.43    6069.24  114.3357  22.7856   2.7489     -86.7316
    473    5125  1108.79    6191.12  114.3594  22.7820   2.9511     -86.3001
    473    5247  1126.18    6313.16  114.3830  22.7783   3.1535     -85.9224
    473    5369  1143.59    6435.38  114.4067  22.7747   3.3564     -85.5887
    473    5491  1161.02    6557.79  114.4304  22.7710   3.5595     -85.2917
    473    5613  1178.49    6680.40  114.4542  22.7674   3.7630     -85.0254
    473    5735  1195.98    6803.21  114.4780  22.7637   3.9668     -84.7852
    473    5857  1213.51    6926.24  114.5019  22.7600   4.1709     -84.5673
    473    6000  1234.09    7070.73  114.5299  22.7557   4.4106     -84.3361
    591       1  498.47    1069.85  113.3646  22.9100   5.5747     102.0481
    591     123  516.08    1193.44  113.3886  22.9065   5.3699     102.1731
    591     245  533.65    1316.80  113.4126  22.9030   5.1654     102.3071
    591     367  551.19    1439.91  113.4365  22.8994   4.9613     102.4511
    591     489  568.70    1562.81  113.4604  22.8959   4.7574     102.6064
    591     611  586.17    1685.50  113.4843  22.8924   4.5538     102.7745
    591     733  603.62    1807.98  113.5081  22.8888   4.3505     102.9573
    591     855  621.04    1930.27  113.5318  22.8853   4.1475     103.1568
    591     977  638.44    2052.38  113.5556  22.8818   3.9448     103.3756
    591    1099  655.81    2174.32  113.5793  22.8783   3.7423     103.6169
    591    1221  673.16    2296.10  113.6029  22.8748   3.5400     103.8843
    591    1343  690.48    2417.73  113.6266  22.8713   3.3381     104.1828
    591    1465  707.79    2539.21  113.6502  22.8677   3.1364     104.5181
    591    1587  725.08    2660.57  113.6737  22.8642   2.9349     104.8980
    591    1709  742.35    2781.80  113.6973  22.8607   2.7338     105.3321
    591    1831  759.60    2902.92  113.7208  22.8572   2.5329     105.8332
    591    1953  776.84    3023.94  113.7443  22.8537   2.3324     106.4187
    591    2075  794.07    3144.87  113.7678  22.8502   2.1323     107.1120
    591    2197  811.28    3265.72  113.7913  22.8466   1.9326     107.9463
    591    2319  828.49    3386.49  113.8147  22.8431   1.7335     108.9701
    591    2441  845.69    3507.21  113.8381  22.8396   1.5352     110.2561
    591    2563  862.88    3627.87  113.8616  22.8361   1.3379     111.9191
    591    2685  880.06    3748.49  113.8850  22.8326   1.1422     114.1510
    591    2807  897.24    3869.08  113.9084  22.8290   0.9489     117.2943
    591    2929  914.41    3989.65  113.9318  22.8255   0.7599     122.0166
    591    3051  931.59    4110.20  113.9552  22.8220   0.5794     129.7591
    591    3173  948.76    4230.75  113.9786  22.8184   0.4185     143.9113
    591    3295  965.94    4351.32  114.0020  22.8149   0.3094     171.1515
    591    3417  983.12    4471.90  114.0254  22.8113   0.3123     -151.0187
    591    3539  1000.30    4592.50  114.0488  22.8078   0.4250     -124.4874
    591    3661  1017.49    4713.15  114.0722  22.8042   0.5873     -110.7378
    591    3783  1034.68    4833.84  114.0956  22.8007   0.7686     -103.1794
    591    3905  1051.88    4954.59  114.1190  22.7971   0.9581     -98.5488
    591    4027  1069.10    5075.41  114.1425  22.7936   1.1519     -95.4565
    591    4149  1086.32    5196.31  114.1659  22.7900   1.3481     -93.2555
    591    4271  1103.56    5317.29  114.1894  22.7864   1.5459     -91.6124
    591    4393  1120.81    5438.38  114.2129  22.7828   1.7449     -90.3401
    591    4515  1138.07    5559.56  114.2364  22.7792   1.9446     -89.3260
    591    4637  1155.36    5680.87  114.2599  22.7756   2.1450     -88.4988
    591    4759  1172.66    5802.30  114.2835  22.7720   2.3459     -87.8109
    591    4881  1189.98    5923.88  114.3070  22.7684   2.5472     -87.2296
    591    5003  1207.32    6045.59  114.3306  22.7648   2.7490     -86.7318
    591    5125  1224.68    6167.47  114.3543  22.7612   2.9511     -86.3003
    591    5247  1242.07    6289.51  114.3779  22.7575   3.1536     -85.9227
    591    5369  1259.48    6411.73  114.4016  22.7539   3.3564     -85.5891
    591    5491  1276.92    6534.14  114.4253  22.7502   3.5595     -85.2922
    591    5613  1294.39    6656.74  114.4491  22.7466   3.7630     -85.0260
    591    5735  1311.89    6779.56  114.4729  22.7429   3.9668     -84.7858
    591    5857  1329.42    6902.58  114.4967  22.7392   4.1709     -84.5680
    591    6000  1350.01    7047.08  114.5247  22.7349   4.4106     -84.3368
    709       1  614.23    1046.25  113.3596  22.8892   5.5746     102.0463
    709     123  631.84    1169.84  113.3837  22.8857   5.3699     102.1713
    709     245  649.41    1293.19  113.4076  22.8821   5.1654     102.3052
    709     367  666.95    1416.31  113.4316  22.8786   4.9613     102.4492
    709     489  684.46    1539.21  113.4555  22.8751   4.7574     102.6045
    709     611  701.94    1661.89  113.4793  22.8715   4.5538     102.7726
    709     733  719.40    1784.38  113.5031  22.8680   4.3505     102.9553
    709     855  736.82    1906.67  113.5269  22.8645   4.1475     103.1547
    709     977  754.22    2028.78  113.5506  22.8610   3.9447     103.3735
    709    1099  771.59    2150.71  113.5743  22.8575   3.7423     103.6147
    709    1221  788.94    2272.49  113.5979  22.8539   3.5400     103.8821
    709    1343  806.27    2394.12  113.6216  22.8504   3.3380     104.1805
    709    1465  823.58    2515.60  113.6452  22.8469   3.1363     104.5158
    709    1587  840.87    2636.95  113.6687  22.8434   2.9349     104.8955
    709    1709  858.15    2758.19  113.6923  22.8399   2.7338     105.3295
    709    1831  875.41    2879.31  113.7158  22.8364   2.5329     105.8306
    709    1953  892.65    3000.32  113.7393  22.8329   2.3324     106.4159
    709    2075  909.88    3121.25  113.7628  22.8293   2.1323     107.1090
    709    2197  927.10    3242.10  113.7862  22.8258   1.9326     107.9432
    709    2319  944.31    3362.87  113.8097  22.8223   1.7335     108.9668
    709    2441  961.51    3483.58  113.8331  22.8188   1.5352     110.2525
    709    2563  978.70    3604.25  113.8565  22.8153   1.3379     111.9153
    709    2685  995.89    3724.86  113.8800  22.8117   1.1421     114.1467
    709    2807  1013.07    3845.45  113.9034  22.8082   0.9489     117.2896
    709    2929  1030.25    3966.02  113.9268  22.8047   0.7599     122.0114
    709    3051  1047.42    4086.57  113.9502  22.8011   0.5793     129.7531
    709    3173  1064.60    4207.12  113.9735  22.7976   0.4184     143.9054
    709    3295  1081.78    4327.69  113.9969  22.7941   0.3093     171.1497
    709    3417  1098.96    4448.26  114.0203  22.7905   0.3123     -151.0129
    709    3539  1116.15    4568.87  114.0437  22.7870   0.4249     -124.4807
    709    3661  1133.34    4689.51  114.0671  22.7834   0.5873     -110.7328
    709    3783  1150.54    4810.21  114.0906  22.7799   0.7686     -103.1758
    709    3905  1167.74    4930.96  114.1140  22.7763   0.9581     -98.5462
    709    4027  1184.96    5051.77  114.1374  22.7727   1.1519     -95.4546
    709    4149  1202.19    5172.67  114.1609  22.7692   1.3481     -93.2541
    709    4271  1219.43    5293.65  114.1843  22.7656   1.5459     -91.6114
    709    4393  1236.68    5414.73  114.2078  22.7620   1.7449     -90.3393
    709    4515  1253.95    5535.92  114.2313  22.7584   1.9446     -89.3255
    709    4637  1271.23    5657.23  114.2548  22.7548   2.1450     -88.4984
    709    4759  1288.54    5778.66  114.2784  22.7512   2.3459     -87.8107
    709    4881  1305.86    5900.23  114.3019  22.7476   2.5472     -87.2296
    709    5003  1323.21    6021.95  114.3255  22.7440   2.7490     -86.7319
    709    5125  1340.57    6143.82  114.3491  22.7404   2.9511     -86.3006
    709    5247  1357.97    6265.86  114.3728  22.7367   3.1536     -85.9230
    709    5369  1375.38    6388.08  114.3965  22.7331   3.3564     -85.5895
    709    5491  1392.83    6510.49  114.4202  22.7294   3.5595     -85.2926
    709    5613  1410.30    6633.09  114.4440  22.7258   3.7630     -85.0265
    709    5735  1427.80    6755.90  114.4678  22.7221   3.9668     -84.7864
    709    5857  1445.33    6878.93  114.4916  22.7184   4.1709     -84.5686
    709    6000  1465.92    7023.42  114.5196  22.7141   4.4106     -84.3375
    827       1  729.98    1022.65  113.3547  22.8684   5.5746     102.0446
    827     123  747.59    1146.24  113.3787  22.8648   5.3698     102.1695
    827     245  765.17    1269.59  113.4027  22.8613   5.1654     102.3034
    827     367  782.72    1392.71  113.4266  22.8578   4.9612     102.4473
    827     489  800.23    1515.60  113.4505  22.8542   4.7574     102.6025
    827     611  817.71    1638.28  113.4743  22.8507   4.5538     102.7706
    827     733  835.17    1760.77  113.4981  22.8472   4.3505     102.9533
    827     855  852.60    1883.06  113.5219  22.8437   4.1475     103.1527
    827     977  870.00    2005.16  113.5456  22.8402   3.9447     103.3714
    827    1099  887.38    2127.10  113.5693  22.8366   3.7422     103.6125
    827    1221  904.73    2248.88  113.5929  22.8331   3.5400     103.8799
    827    1343  922.06    2370.50  113.6166  22.8296   3.3380     104.1782
    827    1465  939.38    2491.99  113.6402  22.8261   3.1363     104.5134
    827    1587  956.67    2613.34  113.6637  22.8226   2.9349     104.8931
    827    1709  973.95    2734.57  113.6873  22.8191   2.7337     105.3270
    827    1831  991.21    2855.69  113.7108  22.8155   2.5329     105.8279
    827    1953  1008.45    2976.70  113.7343  22.8120   2.3324     106.4131
    827    2075  1025.69    3097.63  113.7578  22.8085   2.1322     107.1061
    827    2197  1042.91    3218.47  113.7812  22.8050   1.9326     107.9401
    827    2319  1060.12    3339.25  113.8047  22.8015   1.7335     108.9635
    827    2441  1077.32    3459.96  113.8281  22.7980   1.5352     110.2490
    827    2563  1094.52    3580.62  113.8515  22.7944   1.3379     111.9114
    827    2685  1111.71    3701.24  113.8749  22.7909   1.1421     114.1425
    827    2807  1128.90    3821.82  113.8983  22.7874   0.9488     117.2849
    827    2929  1146.08    3942.39  113.9217  22.7839   0.7598     122.0061
    827    3051  1163.26    4062.94  113.9451  22.7803   0.5793     129.7472
    827    3173  1180.44    4183.49  113.9685  22.7768   0.4184     143.8996
    827    3295  1197.62    4304.05  113.9919  22.7733   0.3093     171.1479
    827    3417  1214.81    4424.63  114.0153  22.7697   0.3122     -151.0070
    827    3539  1232.00    4545.23  114.0387  22.7662   0.4249     -124.4740
    827    3661  1249.19    4665.88  114.0621  22.7626   0.5873     -110.7278
    827    3783  1266.39    4786.57  114.0855  22.7591   0.7686     -103.1722
    827    3905  1283.60    4907.32  114.1089  22.7555   0.9581     -98.5436
    827    4027  1300.82    5028.13  114.1323  22.7519   1.1519     -95.4526
    827    4149  1318.05    5149.03  114.1558  22.7484   1.3481     -93.2526
    827    4271  1335.29    5270.01  114.1792  22.7448   1.5459     -91.6103
    827    4393  1352.55    5391.09  114.2027  22.7412   1.7449     -90.3386
    827    4515  1369.82    5512.27  114.2262  22.7376   1.9446     -89.3250
    827    4637  1387.11    5633.58  114.2497  22.7340   2.1450     -88.4981
    827    4759  1404.42    5755.01  114.2733  22.7304   2.3459     -87.8106
    827    4881  1421.75    5876.58  114.2968  22.7268   2.5472     -87.2296
    827    5003  1439.09    5998.29  114.3204  22.7232   2.7490     -86.7320
    827    5125  1456.46    6120.17  114.3440  22.7196   2.9511     -86.3008
    827    5247  1473.86    6242.21  114.3677  22.7159   3.1536     -85.9233
    827    5369  1491.28    6364.43  114.3914  22.7123   3.3564     -85.5899
    827    5491  1508.73    6486.83  114.4151  22.7086   3.5595     -85.2931
    827    5613  1526.20    6609.43  114.4388  22.7050   3.7630     -85.0271
    827    5735  1543.71    6732.24  114.4626  22.7013   3.9668     -84.7870
    827    5857  1561.24    6855.27  114.4865  22.6976   4.1709     -84.5693
    827    6000  1581.84    6999.76  114.5145  22.6933   4.4106     -84.3383
    945       1  845.73    999.04  113.3497  22.8476   5.5746     102.0428
    945     123  863.35    1122.63  113.3737  22.8440   5.3698     102.1677
    945     245  880.93    1245.98  113.3977  22.8405   5.1654     102.3015
    945     367  898.48    1369.10  113.4216  22.8369   4.9612     102.4454
    945     489  915.99    1491.99  113.4455  22.8334   4.7573     102.6006
    945     611  933.48    1614.67  113.4693  22.8299   4.5538     102.7686
    945     733  950.94    1737.15  113.4931  22.8264   4.3505     102.9513
    945     855  968.37    1859.44  113.5169  22.8229   4.1475     103.1506
    945     977  985.78    1981.55  113.5406  22.8193   3.9447     103.3693
    945    1099  1003.16    2103.48  113.5643  22.8158   3.7422     103.6103
    945    1221  1020.51    2225.26  113.5879  22.8123   3.5400     103.8776
    945    1343  1037.85    2346.88  113.6116  22.8088   3.3380     104.1759
    945    1465  1055.17    2468.36  113.6352  22.8053   3.1363     104.5110
    945    1587  1072.46    2589.71  113.6587  22.8018   2.9349     104.8906
    945    1709  1089.74    2710.94  113.6823  22.7982   2.7337     105.3244
    945    1831  1107.01    2832.06  113.7058  22.7947   2.5328     105.8252
    945    1953  1124.26    2953.08  113.7293  22.7912   2.3323     106.4103
    945    2075  1141.49    3074.00  113.7527  22.7877   2.1322     107.1032
    945    2197  1158.72    3194.85  113.7762  22.7842   1.9325     107.9370
    945    2319  1175.94    3315.62  113.7996  22.7807   1.7335     108.9602
    945    2441  1193.14    3436.33  113.8231  22.7771   1.5351     110.2454
    945    2563  1210.34    3556.99  113.8465  22.7736   1.3378     111.9076
    945    2685  1227.53    3677.60  113.8699  22.7701   1.1421     114.1383
    945    2807  1244.72    3798.19  113.8933  22.7666   0.9488     117.2802
    945    2929  1261.91    3918.75  113.9167  22.7630   0.7598     122.0008
    945    3051  1279.09    4039.30  113.9401  22.7595   0.5792     129.7413
    945    3173  1296.28    4159.85  113.9634  22.7560   0.4183     143.8937
    945    3295  1313.46    4280.41  113.9868  22.7524   0.3092     171.1462
    945    3417  1330.65    4400.99  114.0102  22.7489   0.3122     -151.0010
    945    3539  1347.84    4521.59  114.0336  22.7454   0.4249     -124.4673
    945    3661  1365.04    4642.23  114.0570  22.7418   0.5873     -110.7228
    945    3783  1382.24    4762.92  114.0804  22.7382   0.7686     -103.1686
    945    3905  1399.46    4883.67  114.1038  22.7347   0.9581     -98.5409
    945    4027  1416.68    5004.49  114.1273  22.7311   1.1519     -95.4507
    945    4149  1433.91    5125.38  114.1507  22.7276   1.3481     -93.2512
    945    4271  1451.16    5246.36  114.1741  22.7240   1.5460     -91.6093
    945    4393  1468.42    5367.44  114.1976  22.7204   1.7449     -90.3378
    945    4515  1485.69    5488.62  114.2211  22.7168   1.9446     -89.3245
    945    4637  1502.99    5609.93  114.2446  22.7132   2.1450     -88.4978
    945    4759  1520.30    5731.36  114.2682  22.7096   2.3459     -87.8104
    945    4881  1537.63    5852.92  114.2917  22.7060   2.5472     -87.2296
    945    5003  1554.98    5974.64  114.3153  22.7024   2.7490     -86.7321
    945    5125  1572.35    6096.51  114.3389  22.6987   2.9511     -86.3010
    945    5247  1589.75    6218.55  114.3626  22.6951   3.1536     -85.9236
    945    5369  1607.17    6340.77  114.3863  22.6915   3.3564     -85.5903
    945    5491  1624.62    6463.17  114.4100  22.6878   3.5596     -85.2936
    945    5613  1642.10    6585.77  114.4337  22.6842   3.7630     -85.0276
    945    5735  1659.61    6708.58  114.4575  22.6805   3.9668     -84.7876
    945    5857  1677.15    6831.60  114.4813  22.6768   4.1709     -84.5699
    945    6000  1697.75    6976.09  114.5093  22.6725   4.4106     -84.3390
   1063       1  961.48    975.43  113.3448  22.8267   5.5746     102.0410
   1063     123  979.10    1099.02  113.3688  22.8232   5.3698     102.1659
   1063     245  996.69    1222.37  113.3927  22.8197   5.1653     102.2997
   1063     367  1014.24    1345.48  113.4167  22.8161   4.9612     102.4435
   1063     489  1031.76    1468.37  113.4405  22.8126   4.7573     102.5987
   1063     611  1049.25    1591.05  113.4644  22.8091   4.5537     102.7667
   1063     733  1066.71    1713.53  113.4882  22.8055   4.3505     102.9493
   1063     855  1084.14    1835.82  113.5119  22.8020   4.1474     103.1486
   1063     977  1101.55    1957.93  113.5356  22.7985   3.9447     103.3672
   1063    1099  1118.94    2079.86  113.5593  22.7950   3.7422     103.6082
   1063    1221  1136.30    2201.64  113.5829  22.7915   3.5399     103.8754
   1063    1343  1153.64    2323.26  113.6066  22.7880   3.3380     104.1736
   1063    1465  1170.96    2444.74  113.6302  22.7844   3.1363     104.5086
   1063    1587  1188.26    2566.09  113.6537  22.7809   2.9348     104.8881
   1063    1709  1205.54    2687.32  113.6772  22.7774   2.7337     105.3218
   1063    1831  1222.81    2808.43  113.7008  22.7739   2.5328     105.8226
   1063    1953  1240.06    2929.45  113.7242  22.7704   2.3323     106.4075
   1063    2075  1257.30    3050.37  113.7477  22.7669   2.1322     107.1002
   1063    2197  1274.53    3171.21  113.7712  22.7634   1.9325     107.9339
   1063    2319  1291.75    3291.98  113.7946  22.7598   1.7334     108.9569
   1063    2441  1308.96    3412.69  113.8180  22.7563   1.5351     110.2419
   1063    2563  1326.16    3533.35  113.8414  22.7528   1.3378     111.9037
   1063    2685  1343.36    3653.97  113.8648  22.7493   1.1420     114.1341
   1063    2807  1360.55    3774.55  113.8882  22.7458   0.9487     117.2755
   1063    2929  1377.74    3895.11  113.9116  22.7422   0.7597     121.9954
   1063    3051  1394.93    4015.66  113.9350  22.7387   0.5792     129.7353
   1063    3173  1412.11    4136.21  113.9584  22.7352   0.4182     143.8878
   1063    3295  1429.30    4256.77  113.9818  22.7316   0.3091     171.1444
   1063    3417  1446.49    4377.34  114.0052  22.7281   0.3121     -150.9951
   1063    3539  1463.69    4497.95  114.0285  22.7245   0.4248     -124.4606
   1063    3661  1480.89    4618.59  114.0519  22.7210   0.5873     -110.7178
   1063    3783  1498.10    4739.28  114.0753  22.7174   0.7685     -103.1649
   1063    3905  1515.31    4860.02  114.0988  22.7139   0.9581     -98.5383
   1063    4027  1532.54    4980.84  114.1222  22.7103   1.1519     -95.4487
   1063    4149  1549.77    5101.73  114.1456  22.7067   1.3481     -93.2498
   1063    4271  1567.02    5222.71  114.1691  22.7032   1.5460     -91.6082
   1063    4393  1584.29    5343.78  114.1925  22.6996   1.7449     -90.3371
   1063    4515  1601.57    5464.97  114.2160  22.6960   1.9446     -89.3240
   1063    4637  1618.86    5586.27  114.2395  22.6924   2.1450     -88.4975
   1063    4759  1636.18    5707.70  114.2631  22.6888   2.3459     -87.8103
   1063    4881  1653.51    5829.26  114.2866  22.6852   2.5473     -87.2296
   1063    5003  1670.86    5950.98  114.3102  22.6816   2.7490     -86.7322
   1063    5125  1688.24    6072.85  114.3338  22.6779   2.9511     -86.3012
   1063    5247  1705.64    6194.89  114.3575  22.6743   3.1536     -85.9239
   1063    5369  1723.07    6317.10  114.3811  22.6707   3.3564     -85.5907
   1063    5491  1740.52    6439.50  114.4049  22.6670   3.5596     -85.2940
   1063    5613  1758.00    6562.10  114.4286  22.6633   3.7630     -85.0281
   1063    5735  1775.52    6684.91  114.4524  22.6597   3.9668     -84.7882
   1063    5857  1793.06    6807.93  114.4762  22.6560   4.1710     -84.5706
   1063    6000  1813.66    6952.42  114.5042  22.6517   4.4106     -84.3397
   1181       1  1077.23    951.82  113.3398  22.8059   5.5745     102.0392
   1181     123  1094.86    1075.41  113.3638  22.8024   5.3698     102.1641
   1181     245  1112.44    1198.75  113.3878  22.7988   5.1653     102.2978
   1181     367  1130.00    1321.86  113.4117  22.7953   4.9612     102.4417
   1181     489  1147.52    1444.75  113.4356  22.7918   4.7573     102.5968
   1181     611  1165.02    1567.43  113.4594  22.7882   4.5537     102.7647
   1181     733  1182.48    1689.91  113.4832  22.7847   4.3504     102.9472
   1181     855  1199.92    1812.20  113.5069  22.7812   4.1474     103.1465
   1181     977  1217.33    1934.30  113.5306  22.7777   3.9446     103.3651
   1181    1099  1234.72    2056.24  113.5543  22.7742   3.7422     103.6060
   1181    1221  1252.08    2178.01  113.5780  22.7707   3.5399     103.8732
   1181    1343  1269.42    2299.63  113.6016  22.7671   3.3379     104.1713
   1181    1465  1286.75    2421.11  113.6252  22.7636   3.1362     104.5063
   1181    1587  1304.05    2542.46  113.6487  22.7601   2.9348     104.8857
   1181    1709  1321.34    2663.69  113.6722  22.7566   2.7336     105.3193
   1181    1831  1338.61    2784.80  113.6957  22.7531   2.5328     105.8199
   1181    1953  1355.86    2905.82  113.7192  22.7496   2.3323     106.4047
   1181    2075  1373.11    3026.74  113.7427  22.7461   2.1322     107.0973
   1181    2197  1390.34    3147.58  113.7661  22.7425   1.9325     107.9308
   1181    2319  1407.56    3268.35  113.7896  22.7390   1.7334     108.9536
   1181    2441  1424.77    3389.06  113.8130  22.7355   1.5351     110.2383
   1181    2563  1441.98    3509.71  113.8364  22.7320   1.3378     111.8999
   1181    2685  1459.18    3630.33  113.8598  22.7285   1.1420     114.1298
   1181    2807  1476.38    3750.91  113.8832  22.7249   0.9487     117.2707
   1181    2929  1493.57    3871.47  113.9066  22.7214   0.7597     121.9901
   1181    3051  1510.76    3992.02  113.9300  22.7179   0.5792     129.7294
   1181    3173  1527.95    4112.57  113.9533  22.7143   0.4182     143.8819
   1181    3295  1545.14    4233.12  113.9767  22.7108   0.3091     171.1426
   1181    3417  1562.33    4353.70  114.0001  22.7073   0.3121     -150.9892
   1181    3539  1579.53    4474.30  114.0235  22.7037   0.4248     -124.4539
   1181    3661  1596.74    4594.94  114.0469  22.7002   0.5873     -110.7128
   1181    3783  1613.95    4715.63  114.0703  22.6966   0.7685     -103.1613
   1181    3905  1631.17    4836.37  114.0937  22.6931   0.9581     -98.5357
   1181    4027  1648.40    4957.18  114.1171  22.6895   1.1519     -95.4468
   1181    4149  1665.64    5078.07  114.1405  22.6859   1.3481     -93.2483
   1181    4271  1682.89    5199.05  114.1640  22.6824   1.5460     -91.6071
   1181    4393  1700.16    5320.13  114.1875  22.6788   1.7449     -90.3363
   1181    4515  1717.44    5441.31  114.2109  22.6752   1.9446     -89.3234
   1181    4637  1734.74    5562.61  114.2344  22.6716   2.1450     -88.4972
   1181    4759  1752.05    5684.04  114.2580  22.6680   2.3459     -87.8101
   1181    4881  1769.39    5805.60  114.2815  22.6644   2.5473     -87.2296
   1181    5003  1786.75    5927.32  114.3051  22.6608   2.7490     -86.7323
   1181    5125  1804.13    6049.19  114.3287  22.6571   2.9511     -86.3014
   1181    5247  1821.53    6171.22  114.3524  22.6535   3.1536     -85.9242
   1181    5369  1838.96    6293.44  114.3760  22.6499   3.3564     -85.5911
   1181    5491  1856.42    6415.84  114.3997  22.6462   3.5596     -85.2945
   1181    5613  1873.90    6538.43  114.4235  22.6425   3.7630     -85.0287
   1181    5735  1891.42    6661.24  114.4473  22.6389   3.9668     -84.7888
   1181    5857  1908.97    6784.26  114.4711  22.6352   4.1710     -84.5712
   1181    6000  1929.57    6928.75  114.4991  22.6309   4.4107     -84.3404
   1299       1  1192.98    928.20  113.3349  22.7851   5.5745     102.0375
   1299     123  1210.61    1051.78  113.3589  22.7815   5.3698     102.1623
   1299     245  1228.20    1175.13  113.3828  22.7780   5.1653     102.2960
   1299     367  1245.76    1298.24  113.4067  22.7745   4.9611     102.4398
   1299     489  1263.28    1421.13  113.4306  22.7709   4.7573     102.5949
   1299     611  1280.78    1543.81  113.4544  22.7674   4.5537     102.7628
   1299     733  1298.25    1666.29  113.4782  22.7639   4.3504     102.9452
   1299     855  1315.69    1788.57  113.5019  22.7604   4.1474     103.1445
   1299     977  1333.10    1910.68  113.5257  22.7569   3.9446     103.3629
   1299    1099  1350.50    2032.61  113.5493  22.7533   3.7421     103.6038
   1299    1221  1367.86    2154.38  113.5730  22.7498   3.5399     103.8709
   1299    1343  1385.21    2276.00  113.5966  22.7463   3.3379     104.1690
   1299    1465  1402.53    2397.48  113.6202  22.7428   3.1362     104.5039
   1299    1587  1419.84    2518.82  113.6437  22.7393   2.9348     104.8832
   1299    1709  1437.13    2640.05  113.6672  22.7358   2.7336     105.3167
   1299    1831  1454.41    2761.16  113.6907  22.7323   2.5328     105.8172
   1299    1953  1471.67    2882.18  113.7142  22.7288   2.3323     106.4019
   1299    2075  1488.91    3003.10  113.7377  22.7252   2.1321     107.0944
   1299    2197  1506.15    3123.94  113.7611  22.7217   1.9325     107.9277
   1299    2319  1523.37    3244.71  113.7846  22.7182   1.7334     108.9503
   1299    2441  1540.59    3365.41  113.8080  22.7147   1.5350     110.2348
   1299    2563  1557.80    3486.07  113.8314  22.7112   1.3377     111.8960
   1299    2685  1575.00    3606.68  113.8548  22.7076   1.1420     114.1256
   1299    2807  1592.20    3727.26  113.8782  22.7041   0.9487     117.2660
   1299    2929  1609.39    3847.82  113.9015  22.7006   0.7596     121.9848
   1299    3051  1626.59    3968.37  113.9249  22.6971   0.5791     129.7234
   1299    3173  1643.78    4088.92  113.9483  22.6935   0.4181     143.8761
   1299    3295  1660.98    4209.47  113.9717  22.6900   0.3090     171.1408
   1299    3417  1678.17    4330.04  113.9951  22.6865   0.3120     -150.9833
   1299    3539  1695.38    4450.64  114.0184  22.6829   0.4248     -124.4472
   1299    3661  1712.58    4571.28  114.0418  22.6794   0.5872     -110.7077
   1299    3783  1729.80    4691.97  114.0652  22.6758   0.7685     -103.1577
   1299    3905  1747.02    4812.71  114.0886  22.6723   0.9581     -98.5330
   1299    4027  1764.25    4933.52  114.1120  22.6687   1.1519     -95.4448
   1299    4149  1781.50    5054.41  114.1355  22.6651   1.3481     -93.2469
   1299    4271  1798.75    5175.39  114.1589  22.6615   1.5460     -91.6061
   1299    4393  1816.02    5296.46  114.1824  22.6580   1.7449     -90.3355
   1299    4515  1833.31    5417.65  114.2059  22.6544   1.9446     -89.3229
   1299    4637  1850.61    5538.95  114.2294  22.6508   2.1450     -88.4968
   1299    4759  1867.93    5660.37  114.2529  22.6472   2.3459     -87.8099
   1299    4881  1885.27    5781.94  114.2764  22.6436   2.5473     -87.2295
   1299    5003  1902.63    5903.65  114.3000  22.6399   2.7490     -86.7324
   1299    5125  1920.01    6025.51  114.3236  22.6363   2.9512     -86.3016
   1299    5247  1937.42    6147.55  114.3472  22.6327   3.1536     -85.9245
   1299    5369  1954.85    6269.76  114.3709  22.6290   3.3564     -85.5915
   1299    5491  1972.31    6392.16  114.3946  22.6254   3.5596     -85.2950
   1299    5613  1989.80    6514.76  114.4184  22.6217   3.7631     -85.0292
   1299    5735  2007.32    6637.56  114.4421  22.6181   3.9669     -84.7894
   1299    5857  2024.87    6760.58  114.4660  22.6144   4.1710     -84.5719
   1299    6000  2045.48    6905.07  114.4939  22.6101   4.4107     -84.3411
   1417       1  1308.73    904.57  113.3299  22.7642   5.5745     102.0357
   1417     123  1326.36    1028.16  113.3539  22.7607   5.3697     102.1605
   1417     245  1343.95    1151.50  113.3779  22.7572   5.1653     102.2942
   1417     367  1361.51    1274.61  113.4018  22.7536   4.9611     102.4379
   1417     489  1379.04    1397.50  113.4256  22.7501   4.7573     102.5929
   1417     611  1396.54    1520.18  113.4494  22.7466   4.5537     102.7608
   1417     733  1414.02    1642.66  113.4732  22.7431   4.3504     102.9432
   1417     855  1431.46    1764.94  113.4970  22.7396   4.1474     103.1424
   1417     977  1448.88    1887.04  113.5207  22.7360   3.9446     103.3608
   1417    1099  1466.27    2008.97  113.5443  22.7325   3.7421     103.6017
   1417    1221  1483.64    2130.74  113.5680  22.7290   3.5399     103.8687
   1417    1343  1500.99    2252.36  113.5916  22.7255   3.3379     104.1667
   1417    1465  1518.32    2373.84  113.6152  22.7220   3.1362     104.5015
   1417    1587  1535.63    2495.19  113.6387  22.7185   2.9347     104.8808
   1417    1709  1552.92    2616.41  113.6622  22.7150   2.7336     105.3142
   1417    1831  1570.20    2737.52  113.6857  22.7114   2.5327     105.8146
   1417    1953  1587.46    2858.53  113.7092  22.7079   2.3322     106.3991
   1417    2075  1604.71    2979.45  113.7327  22.7044   2.1321     107.0914
   1417    2197  1621.95    3100.29  113.7561  22.7009   1.9324     107.9246
   1417    2319  1639.18    3221.06  113.7795  22.6974   1.7333     108.9470
   1417    2441  1656.40    3341.77  113.8029  22.6939   1.5350     110.2312
   1417    2563  1673.61    3462.42  113.8263  22.6904   1.3377     111.8922
   1417    2685  1690.82    3583.03  113.8497  22.6868   1.1419     114.1214
   1417    2807  1708.02    3703.61  113.8731  22.6833   0.9486     117.2613
   1417    2929  1725.22    3824.17  113.8965  22.6798   0.7596     121.9795
   1417    3051  1742.42    3944.72  113.9199  22.6763   0.5791     129.7175
   1417    3173  1759.61    4065.26  113.9433  22.6727   0.4181     143.8702
   1417    3295  1776.81    4185.82  113.9666  22.6692   0.3089     171.1390
   1417    3417  1794.01    4306.39  113.9900  22.6656   0.3119     -150.9773
   1417    3539  1811.22    4426.99  114.0134  22.6621   0.4248     -124.4404
   1417    3661  1828.43    4547.62  114.0368  22.6586   0.5872     -110.7027
   1417    3783  1845.65    4668.31  114.0602  22.6550   0.7685     -103.1541
   1417    3905  1862.87    4789.05  114.0836  22.6514   0.9581     -98.5304
   1417    4027  1880.11    4909.86  114.1070  22.6479   1.1519     -95.4429
   1417    4149  1897.35    5030.75  114.1304  22.6443   1.3481     -93.2454
   1417    4271  1914.61    5151.73  114.1538  22.6407   1.5460     -91.6050
   1417    4393  1931.89    5272.80  114.1773  22.6372   1.7449     -90.3348
   1417    4515  1949.17    5393.98  114.2008  22.6336   1.9447     -89.3224
   1417    4637  1966.48    5515.28  114.2243  22.6300   2.1450     -88.4965
   1417    4759  1983.80    5636.70  114.2478  22.6264   2.3459     -87.8098
   1417    4881  2001.15    5758.26  114.2713  22.6228   2.5473     -87.2295
   1417    5003  2018.51    5879.97  114.2949  22.6191   2.7490     -86.7325
   1417    5125  2035.90    6001.84  114.3185  22.6155   2.9512     -86.3018
   1417    5247  2053.31    6123.87  114.3421  22.6119   3.1536     -85.9248
   1417    5369  2070.75    6246.09  114.3658  22.6082   3.3565     -85.5918
   1417    5491  2088.21    6368.48  114.3895  22.6046   3.5596     -85.2954
   1417    5613  2105.70    6491.08  114.4132  22.6009   3.7631     -85.0297
   1417    5735  2123.22    6613.88  114.4370  22.5973   3.9669     -84.7900
   1417    5857  2140.77    6736.90  114.4608  22.5936   4.1710     -84.5725
   1417    6000  2161.39    6881.39  114.4888  22.5893   4.4107     -84.3418
   1535       1  1424.47    880.95  113.3250  22.7434   5.5745     102.0339
   1535     123  1442.11    1004.53  113.3490  22.7399   5.3697     102.1587
   1535     245  1459.70    1127.87  113.3729  22.7363   5.1652     102.2923
   1535     367  1477.27    1250.98  113.3968  22.7328   4.9611     102.4360
   1535     489  1494.80    1373.87  113.4207  22.7293   4.7572     102.5910
   1535     611  1512.31    1496.54  113.4445  22.7258   4.5537     102.7588
   1535     733  1529.78    1619.02  113.4683  22.7222   4.3504     102.9412
   1535     855  1547.23    1741.30  113.4920  22.7187   4.1473     103.1403
   1535     977  1564.65    1863.40  113.5157  22.7152   3.9446     103.3587
   1535    1099  1582.05    1985.33  113.5394  22.7117   3.7421     103.5995
   1535    1221  1599.42    2107.10  113.5630  22.7082   3.5398     103.8665
   1535    1343  1616.77    2228.72  113.5866  22.7047   3.3379     104.1644
   1535    1465  1634.11    2350.20  113.6102  22.7012   3.1362     104.4991
   1535    1587  1651.42    2471.54  113.6337  22.6976   2.9347     104.8783
   1535    1709  1668.72    2592.76  113.6572  22.6941   2.7336     105.3116
   1535    1831  1686.00    2713.88  113.6807  22.6906   2.5327     105.8119
   1535    1953  1703.26    2834.89  113.7042  22.6871   2.3322     106.3963
   1535    2075  1720.52    2955.81  113.7277  22.6836   2.1321     107.0885
   1535    2197  1737.76    3076.64  113.7511  22.6801   1.9324     107.9215
   1535    2319  1754.99    3197.41  113.7745  22.6766   1.7333     108.9437
   1535    2441  1772.21    3318.11  113.7979  22.6731   1.5350     110.2277
   1535    2563  1789.43    3438.77  113.8213  22.6695   1.3377     111.8883
   1535    2685  1806.64    3559.38  113.8447  22.6660   1.1419     114.1171
   1535    2807  1823.84    3679.96  113.8681  22.6625   0.9486     117.2566
   1535    2929  1841.04    3800.51  113.8915  22.6590   0.7596     121.9742
   1535    3051  1858.24    3921.06  113.9148  22.6554   0.5790     129.7115
   1535    3173  1875.44    4041.60  113.9382  22.6519   0.4180     143.8643
   1535    3295  1892.65    4162.16  113.9616  22.6484   0.3089     171.1372
   1535    3417  1909.85    4282.73  113.9849  22.6448   0.3119     -150.9714
   1535    3539  1927.06    4403.32  114.0083  22.6413   0.4247     -124.4337
   1535    3661  1944.27    4523.96  114.0317  22.6377   0.5872     -110.6976
   1535    3783  1961.49    4644.64  114.0551  22.6342   0.7685     -103.1504
   1535    3905  1978.72    4765.39  114.0785  22.6306   0.9581     -98.5277
   1535    4027  1995.96    4886.19  114.1019  22.6271   1.1519     -95.4409
   1535    4149  2013.21    5007.08  114.1253  22.6235   1.3481     -93.2440
   1535    4271  2030.47    5128.06  114.1488  22.6199   1.5460     -91.6039
   1535    4393  2047.75    5249.13  114.1722  22.6163   1.7449     -90.3340
   1535    4515  2065.04    5370.31  114.1957  22.6128   1.9447     -89.3219
   1535    4637  2082.35    5491.60  114.2192  22.6092   2.1450     -88.4962
   1535    4759  2099.68    5613.03  114.2427  22.6056   2.3459     -87.8096
   1535    4881  2117.02    5734.59  114.2662  22.6020   2.5473     -87.2295
   1535    5003  2134.39    5856.30  114.2898  22.5983   2.7491     -86.7326
   1535    5125  2151.78    5978.16  114.3134  22.5947   2.9512     -86.3020
   1535    5247  2169.19    6100.19  114.3370  22.5911   3.1537     -85.9251
   1535    5369  2186.63    6222.40  114.3607  22.5874   3.3565     -85.5922
   1535    5491  2204.10    6344.80  114.3844  22.5838   3.5596     -85.2959
   1535    5613  2221.60    6467.40  114.4081  22.5801   3.7631     -85.0302
   1535    5735  2239.12    6590.20  114.4319  22.5765   3.9669     -84.7906
   1535    5857  2256.68    6713.21  114.4557  22.5728   4.1710     -84.5732
   1535    6000  2277.29    6857.70  114.4837  22.5685   4.4107     -84.3425
   1653       1  1540.22    857.31  113.3200  22.7226   5.5744     102.0322
   1653     123  1557.85    980.90  113.3440  22.7190   5.3697     102.1569
   1653     245  1575.46    1104.24  113.3679  22.7155   5.1652     102.2905
   1653     367  1593.02    1227.34  113.3918  22.7120   4.9611     102.4342
   1653     489  1610.56    1350.23  113.4157  22.7085   4.7572     102.5891
   1653     611  1628.07    1472.91  113.4395  22.7049   4.5536     102.7569
   1653     733  1645.55    1595.38  113.4633  22.7014   4.3503     102.9392
   1653     855  1663.00    1717.66  113.4870  22.6979   4.1473     103.1383
   1653     977  1680.42    1839.76  113.5107  22.6944   3.9446     103.3566
   1653    1099  1697.82    1961.69  113.5344  22.6909   3.7421     103.5973
   1653    1221  1715.20    2083.46  113.5580  22.6874   3.5398     103.8642
   1653    1343  1732.56    2205.08  113.5816  22.6838   3.3378     104.1621
   1653    1465  1749.89    2326.55  113.6052  22.6803   3.1361     104.4968
   1653    1587  1767.21    2447.89  113.6287  22.6768   2.9347     104.8758
   1653    1709  1784.51    2569.12  113.6522  22.6733   2.7335     105.3091
   1653    1831  1801.79    2690.23  113.6757  22.6698   2.5327     105.8092
   1653    1953  1819.06    2811.24  113.6992  22.6663   2.3322     106.3935
   1653    2075  1836.32    2932.15  113.7226  22.6628   2.1320     107.0856
   1653    2197  1853.56    3052.99  113.7461  22.6593   1.9324     107.9184
   1653    2319  1870.80    3173.75  113.7695  22.6557   1.7333     108.9404
   1653    2441  1888.02    3294.46  113.7929  22.6522   1.5349     110.2241
   1653    2563  1905.24    3415.11  113.8163  22.6487   1.3376     111.8845
   1653    2685  1922.45    3535.72  113.8397  22.6452   1.1419     114.1129
   1653    2807  1939.66    3656.30  113.8631  22.6417   0.9485     117.2519
   1653    2929  1956.87    3776.85  113.8864  22.6381   0.7595     121.9688
   1653    3051  1974.07    3897.40  113.9098  22.6346   0.5790     129.7056
   1653    3173  1991.27    4017.94  113.9332  22.6311   0.4180     143.8584
   1653    3295  2008.48    4138.49  113.9565  22.6276   0.3088     171.1354
   1653    3417  2025.69    4259.06  113.9799  22.6240   0.3118     -150.9654
   1653    3539  2042.90    4379.66  114.0033  22.6205   0.4247     -124.4269
   1653    3661  2060.11    4500.29  114.0266  22.6169   0.5872     -110.6926
   1653    3783  2077.34    4620.97  114.0500  22.6134   0.7685     -103.1468
   1653    3905  2094.57    4741.71  114.0734  22.6098   0.9581     -98.5251
   1653    4027  2111.81    4862.52  114.0968  22.6063   1.1519     -95.4389
   1653    4149  2129.06    4983.41  114.1202  22.6027   1.3481     -93.2425
   1653    4271  2146.33    5104.38  114.1437  22.5991   1.5460     -91.6029
   1653    4393  2163.61    5225.45  114.1671  22.5955   1.7449     -90.3332
   1653    4515  2180.91    5346.63  114.1906  22.5919   1.9447     -89.3213
   1653    4637  2198.22    5467.92  114.2141  22.5884   2.1451     -88.4958
   1653    4759  2215.55    5589.35  114.2376  22.5848   2.3460     -87.8094
   1653    4881  2232.90    5710.91  114.2611  22.5811   2.5473     -87.2294
   1653    5003  2250.27    5832.61  114.2847  22.5775   2.7491     -86.7327
   1653    5125  2267.66    5954.48  114.3083  22.5739   2.9512     -86.3022
   1653    5247  2285.08    6076.51  114.3319  22.5703   3.1537     -85.9254
   1653    5369  2302.52    6198.72  114.3556  22.5666   3.3565     -85.5926
   1653    5491  2319.99    6321.11  114.3793  22.5630   3.5596     -85.2963
   1653    5613  2337.49    6443.71  114.4030  22.5593   3.7631     -85.0307
   1653    5735  2355.02    6566.51  114.4268  22.5557   3.9669     -84.7912
   1653    5857  2372.58    6689.52  114.4506  22.5520   4.1710     -84.5738
   1653    6000  2393.20    6834.01  114.4785  22.5477   4.4107     -84.3432
   1771       1  1655.96    833.68  113.3150  22.7018   5.5744     102.0304
   1771     123  1673.60    957.26  113.3390  22.6982   5.3697     102.1551
   1771     245  1691.21    1080.60  113.3630  22.6947   5.1652     102.2887
   1771     367  1708.78    1203.70  113.3869  22.6912   4.9610     102.4323
   1771     489  1726.32    1326.59  113.4107  22.6876   4.7572     102.5872
   1771     611  1743.83    1449.26  113.4345  22.6841   4.5536     102.7549
   1771     733  1761.31    1571.74  113.4583  22.6806   4.3503     102.9372
   1771     855  1778.76    1694.02  113.4820  22.6771   4.1473     103.1362
   1771     977  1796.19    1816.12  113.5057  22.6736   3.9445     103.3545
   1771    1099  1813.60    1938.04  113.5294  22.6700   3.7420     103.5952
   1771    1221  1830.98    2059.81  113.5530  22.6665   3.5398     103.8620
   1771    1343  1848.33    2181.43  113.5766  22.6630   3.3378     104.1598
   1771    1465  1865.67    2302.90  113.6002  22.6595   3.1361     104.4944
   1771    1587  1882.99    2424.24  113.6237  22.6560   2.9347     104.8734
   1771    1709  1900.30    2545.46  113.6472  22.6525   2.7335     105.3065
   1771    1831  1917.58    2666.57  113.6707  22.6490   2.5327     105.8066
   1771    1953  1934.86    2787.58  113.6942  22.6455   2.3321     106.3908
   1771    2075  1952.12    2908.50  113.7176  22.6420   2.1320     107.0826
   1771    2197  1969.36    3029.33  113.7411  22.6384   1.9323     107.9153
   1771    2319  1986.60    3150.10  113.7645  22.6349   1.7332     108.9371
   1771    2441  2003.83    3270.80  113.7879  22.6314   1.5349     110.2206
   1771    2563  2021.05    3391.45  113.8113  22.6279   1.3376     111.8806
   1771    2685  2038.27    3512.06  113.8347  22.6244   1.1418     114.1087
   1771    2807  2055.48    3632.63  113.8580  22.6209   0.9485     117.2472
   1771    2929  2072.69    3753.19  113.8814  22.6173   0.7595     121.9635
   1771    3051  2089.90    3873.73  113.9048  22.6138   0.5789     129.6996
   1771    3173  2107.10    3994.27  113.9281  22.6103   0.4179     143.8524
   1771    3295  2124.31    4114.82  113.9515  22.6067   0.3087     171.1336
   1771    3417  2141.52    4235.39  113.9748  22.6032   0.3118     -150.9594
   1771    3539  2158.74    4355.99  113.9982  22.5997   0.4247     -124.4201
   1771    3661  2175.96    4476.62  114.0216  22.5961   0.5872     -110.6875
   1771    3783  2193.18    4597.30  114.0450  22.5926   0.7685     -103.1431
   1771    3905  2210.42    4718.04  114.0684  22.5890   0.9581     -98.5224
   1771    4027  2227.66    4838.85  114.0918  22.5854   1.1519     -95.4370
   1771    4149  2244.92    4959.73  114.1152  22.5819   1.3482     -93.2410
   1771    4271  2262.19    5080.70  114.1386  22.5783   1.5460     -91.6018
   1771    4393  2279.47    5201.77  114.1621  22.5747   1.7449     -90.3324
   1771    4515  2296.77    5322.95  114.1855  22.5711   1.9447     -89.3208
   1771    4637  2314.08    5444.24  114.2090  22.5675   2.1451     -88.4955
   1771    4759  2331.42    5565.66  114.2325  22.5639   2.3460     -87.8092
   1771    4881  2348.77    5687.22  114.2561  22.5603   2.5473     -87.2294
   1771    5003  2366.14    5808.93  114.2796  22.5567   2.7491     -86.7328
   1771    5125  2383.54    5930.79  114.3032  22.5531   2.9512     -86.3024
   1771    5247  2400.96    6052.82  114.3268  22.5495   3.1537     -85.9257
   1771    5369  2418.41    6175.03  114.3505  22.5458   3.3565     -85.5930
   1771    5491  2435.88    6297.42  114.3742  22.5422   3.5596     -85.2968
   1771    5613  2453.38    6420.02  114.3979  22.5385   3.7631     -85.0313
   1771    5735  2470.91    6542.81  114.4217  22.5349   3.9669     -84.7917
   1771    5857  2488.48    6665.83  114.4455  22.5312   4.1710     -84.5744
   1771    6000  2509.10    6810.31  114.4734  22.5268   4.4107     -84.3439
   1889       1  1771.70    810.03  113.3101  22.6809   5.5744     102.0286
   1889     123  1789.35    933.61  113.3341  22.6774   5.3696     102.1533
   1889     245  1806.96    1056.95  113.3580  22.6739   5.1652     102.2868
   1889     367  1824.53    1180.06  113.3819  22.6703   4.9610     102.4304
   1889     489  1842.07    1302.94  113.4058  22.6668   4.7572     102.5853
   1889     611  1859.59    1425.62  113.4296  22.6633   4.5536     102.7530
   1889     733  1877.07    1548.09  113.4533  22.6598   4.3503     102.9352
   1889     855  1894.53    1670.37  113.4771  22.6563   4.1473     103.1342
   1889     977  1911.96    1792.47  113.5007  22.6527   3.9445     103.3524
   1889    1099  1929.37    1914.39  113.5244  22.6492   3.7420     103.5930
   1889    1221  1946.75    2036.16  113.5480  22.6457   3.5398     103.8598
   1889    1343  1964.11    2157.77  113.5716  22.6422   3.3378     104.1575
   1889    1465  1981.46    2279.24  113.5952  22.6387   3.1361     104.4920
   1889    1587  1998.78    2400.59  113.6187  22.6352   2.9346     104.8709
   1889    1709  2016.09    2521.81  113.6422  22.6317   2.7335     105.3039
   1889    1831  2033.38    2642.91  113.6657  22.6282   2.5326     105.8039
   1889    1953  2050.65    2763.92  113.6892  22.6246   2.3321     106.3880
   1889    2075  2067.91    2884.84  113.7126  22.6211   2.1320     107.0797
   1889    2197  2085.17    3005.67  113.7360  22.6176   1.9323     107.9122
   1889    2319  2102.41    3126.43  113.7595  22.6141   1.7332     108.9338
   1889    2441  2119.64    3247.13  113.7829  22.6106   1.5349     110.2170
   1889    2563  2136.86    3367.78  113.8062  22.6071   1.3376     111.8767
   1889    2685  2154.08    3488.39  113.8296  22.6036   1.1418     114.1044
   1889    2807  2171.30    3608.97  113.8530  22.6000   0.9485     117.2424
   1889    2929  2188.51    3729.52  113.8764  22.5965   0.7594     121.9582
   1889    3051  2205.72    3850.06  113.8997  22.5930   0.5789     129.6936
   1889    3173  2222.93    3970.60  113.9231  22.5895   0.4178     143.8465
   1889    3295  2240.14    4091.15  113.9464  22.5859   0.3087     171.1318
   1889    3417  2257.35    4211.72  113.9698  22.5824   0.3117     -150.9534
   1889    3539  2274.57    4332.31  113.9932  22.5788   0.4246     -124.4134
   1889    3661  2291.80    4452.94  114.0165  22.5753   0.5872     -110.6824
   1889    3783  2309.03    4573.62  114.0399  22.5717   0.7685     -103.1395
   1889    3905  2326.26    4694.36  114.0633  22.5682   0.9581     -98.5197
   1889    4027  2343.51    4815.17  114.0867  22.5646   1.1519     -95.4350
   1889    4149  2360.77    4936.05  114.1101  22.5611   1.3482     -93.2395
   1889    4271  2378.04    5057.02  114.1335  22.5575   1.5460     -91.6007
   1889    4393  2395.33    5178.09  114.1570  22.5539   1.7449     -90.3316
   1889    4515  2412.63    5299.26  114.1804  22.5503   1.9447     -89.3202
   1889    4637  2429.95    5420.56  114.2039  22.5467   2.1451     -88.4951
   1889    4759  2447.29    5541.98  114.2274  22.5431   2.3460     -87.8091
   1889    4881  2464.64    5663.53  114.2510  22.5395   2.5473     -87.2294
   1889    5003  2482.02    5785.24  114.2745  22.5359   2.7491     -86.7329
   1889    5125  2499.42    5907.10  114.2981  22.5323   2.9512     -86.3026
   1889    5247  2516.84    6029.13  114.3217  22.5287   3.1537     -85.9260
   1889    5369  2534.29    6151.34  114.3454  22.5250   3.3565     -85.5933
   1889    5491  2551.77    6273.73  114.3691  22.5214   3.5597     -85.2972
   1889    5613  2569.27    6396.32  114.3928  22.5177   3.7631     -85.0318
   1889    5735  2586.81    6519.12  114.4165  22.5140   3.9669     -84.7923
   1889    5857  2604.37    6642.13  114.4404  22.5104   4.1711     -84.5751
   1889    6000  2625.00    6786.61  114.4683  22.5060   4.4107     -84.3446
   2007       1  1887.45    786.39  113.3051  22.6601   5.5744     102.0269
   2007     123  1905.09    909.97  113.3291  22.6566   5.3696     102.1515
   2007     245  1922.70    1033.30  113.3531  22.6530   5.1652     102.2850
   2007     367  1940.28    1156.41  113.3770  22.6495   4.9610     102.4285
   2007     489  1957.83    1279.29  113.4008  22.6460   4.7571     102.5834
   2007     611  1975.34    1401.96  113.4246  22.6425   4.5536     102.7510
   2007     733  1992.83    1524.44  113.4484  22.6389   4.3503     102.9332
   2007     855  2010.29    1646.71  113.4721  22.6354   4.1472     103.1321
   2007     977  2027.73    1768.81  113.4958  22.6319   3.9445     103.3503
   2007    1099  2045.14    1890.74  113.5194  22.6284   3.7420     103.5908
   2007    1221  2062.53    2012.50  113.5430  22.6249   3.5397     103.8576
   2007    1343  2079.89    2134.11  113.5666  22.6214   3.3378     104.1552
   2007    1465  2097.24    2255.58  113.5902  22.6179   3.1361     104.4896
   2007    1587  2114.56    2376.92  113.6137  22.6144   2.9346     104.8684
   2007    1709  2131.87    2498.14  113.6372  22.6108   2.7335     105.3014
   2007    1831  2149.17    2619.25  113.6607  22.6073   2.5326     105.8012
   2007    1953  2166.45    2740.26  113.6842  22.6038   2.3321     106.3852
   2007    2075  2183.71    2861.17  113.7076  22.6003   2.1320     107.0767
   2007    2197  2200.97    2982.00  113.7310  22.5968   1.9323     107.9091
   2007    2319  2218.21    3102.76  113.7544  22.5933   1.7332     108.9304
   2007    2441  2235.45    3223.46  113.7778  22.5898   1.5348     110.2135
   2007    2563  2252.67    3344.11  113.8012  22.5863   1.3375     111.8729
   2007    2685  2269.90    3464.72  113.8246  22.5827   1.1418     114.1002
   2007    2807  2287.11    3585.29  113.8480  22.5792   0.9484     117.2377
   2007    2929  2304.33    3705.85  113.8713  22.5757   0.7594     121.9528
   2007    3051  2321.54    3826.39  113.8947  22.5722   0.5788     129.6876
   2007    3173  2338.76    3946.93  113.9180  22.5686   0.4178     143.8406
   2007    3295  2355.97    4067.47  113.9414  22.5651   0.3086     171.1300
   2007    3417  2373.19    4188.04  113.9647  22.5616   0.3117     -150.9475
   2007    3539  2390.41    4308.63  113.9881  22.5580   0.4246     -124.4066
   2007    3661  2407.63    4429.26  114.0115  22.5545   0.5871     -110.6773
   2007    3783  2424.87    4549.94  114.0348  22.5509   0.7685     -103.1358
   2007    3905  2442.11    4670.68  114.0582  22.5474   0.9581     -98.5170
   2007    4027  2459.36    4791.48  114.0816  22.5438   1.1519     -95.4330
   2007    4149  2476.62    4912.36  114.1050  22.5402   1.3482     -93.2381
   2007    4271  2493.90    5033.33  114.1285  22.5367   1.5460     -91.5996
   2007    4393  2511.19    5154.40  114.1519  22.5331   1.7449     -90.3309
   2007    4515  2528.49    5275.57  114.1754  22.5295   1.9447     -89.3197
   2007    4637  2545.81    5396.87  114.1988  22.5259   2.1451     -88.4948
   2007    4759  2563.15    5518.28  114.2223  22.5223   2.3460     -87.8089
   2007    4881  2580.51    5639.84  114.2459  22.5187   2.5473     -87.2293
   2007    5003  2597.89    5761.54  114.2694  22.5151   2.7491     -86.7329
   2007    5125  2615.30    5883.40  114.2930  22.5115   2.9512     -86.3028
   2007    5247  2632.72    6005.43  114.3166  22.5079   3.1537     -85.9263
   2007    5369  2650.18    6127.64  114.3403  22.5042   3.3565     -85.5937
   2007    5491  2667.66    6250.03  114.3640  22.5006   3.5597     -85.2977
   2007    5613  2685.16    6372.62  114.3877  22.4969   3.7631     -85.0323
   2007    5735  2702.70    6495.41  114.4114  22.4932   3.9669     -84.7929
   2007    5857  2720.27    6618.43  114.4352  22.4896   4.1711     -84.5757
   2007    6000  2740.91    6762.90  114.4632  22.4852   4.4108     -84.3453
   2125       1  2003.19    762.74  113.3002  22.6393   5.5744     102.0251
   2125     123  2020.84    886.32  113.3242  22.6357   5.3696     102.1497
   2125     245  2038.45    1009.65  113.3481  22.6322   5.1651     102.2832
   2125     367  2056.03    1132.76  113.3720  22.6287   4.9610     102.4267
   2125     489  2073.58    1255.64  113.3958  22.6252   4.7571     102.5815
   2125     611  2091.10    1378.31  113.4196  22.6216   4.5535     102.7491
   2125     733  2108.59    1500.78  113.4434  22.6181   4.3502     102.9312
   2125     855  2126.06    1623.06  113.4671  22.6146   4.1472     103.1301
   2125     977  2143.49    1745.15  113.4908  22.6111   3.9445     103.3482
   2125    1099  2160.91    1867.08  113.5144  22.6076   3.7420     103.5887
   2125    1221  2178.30    1988.84  113.5381  22.6041   3.5397     103.8553
   2125    1343  2195.67    2110.45  113.5616  22.6006   3.3377     104.1529
   2125    1465  2213.02    2231.92  113.5852  22.5970   3.1360     104.4873
   2125    1587  2230.35    2353.26  113.6087  22.5935   2.9346     104.8660
   2125    1709  2247.66    2474.48  113.6322  22.5900   2.7334     105.2988
   2125    1831  2264.96    2595.58  113.6557  22.5865   2.5326     105.7986
   2125    1953  2282.24    2716.59  113.6792  22.5830   2.3321     106.3824
   2125    2075  2299.51    2837.50  113.7026  22.5795   2.1319     107.0738
   2125    2197  2316.76    2958.33  113.7260  22.5760   1.9323     107.9060
   2125    2319  2334.01    3079.09  113.7494  22.5725   1.7332     108.9271
   2125    2441  2351.25    3199.79  113.7728  22.5690   1.5348     110.2099
   2125    2563  2368.48    3320.44  113.7962  22.5654   1.3375     111.8690
   2125    2685  2385.71    3441.04  113.8196  22.5619   1.1417     114.0959
   2125    2807  2402.93    3561.62  113.8429  22.5584   0.9484     117.2330
   2125    2929  2420.15    3682.17  113.8663  22.5549   0.7593     121.9475
   2125    3051  2437.36    3802.71  113.8896  22.5514   0.5788     129.6816
   2125    3173  2454.58    3923.25  113.9130  22.5478   0.4177     143.8347
   2125    3295  2471.80    4043.79  113.9363  22.5443   0.3085     171.1282
   2125    3417  2489.02    4164.36  113.9597  22.5408   0.3116     -150.9415
   2125    3539  2506.24    4284.95  113.9831  22.5372   0.4246     -124.3998
   2125    3661  2523.47    4405.58  114.0064  22.5337   0.5871     -110.6722
   2125    3783  2540.71    4526.26  114.0298  22.5301   0.7685     -103.1321
   2125    3905  2557.95    4646.99  114.0532  22.5266   0.9581     -98.5143
   2125    4027  2575.21    4767.79  114.0766  22.5230   1.1519     -95.4310
   2125    4149  2592.47    4888.67  114.1000  22.5194   1.3482     -93.2366
   2125    4271  2609.75    5009.64  114.1234  22.5159   1.5460     -91.5985
   2125    4393  2627.04    5130.71  114.1468  22.5123   1.7450     -90.3301
   2125    4515  2644.35    5251.88  114.1703  22.5087   1.9447     -89.3191
   2125    4637  2661.68    5373.17  114.1938  22.5051   2.1451     -88.4944
   2125    4759  2679.02    5494.59  114.2173  22.5015   2.3460     -87.8087
   2125    4881  2696.38    5616.14  114.2408  22.4979   2.5474     -87.2293
   2125    5003  2713.77    5737.85  114.2643  22.4943   2.7491     -86.7330
   2125    5125  2731.17    5859.71  114.2879  22.4907   2.9512     -86.3030
   2125    5247  2748.60    5981.73  114.3115  22.4870   3.1537     -85.9265
   2125    5369  2766.06    6103.94  114.3352  22.4834   3.3565     -85.5941
   2125    5491  2783.54    6226.33  114.3589  22.4798   3.5597     -85.2981
   2125    5613  2801.05    6348.91  114.3826  22.4761   3.7632     -85.0328
   2125    5735  2818.59    6471.71  114.4063  22.4724   3.9670     -84.7935
   2125    5857  2836.17    6594.72  114.4301  22.4688   4.1711     -84.5763
   2125    6000  2856.80    6739.20  114.4581  22.4644   4.4108     -84.3460
   2243       1  2118.92    739.09  113.2953  22.6184   5.5743     102.0233
   2243     123  2136.58    862.66  113.3192  22.6149   5.3696     102.1479
   2243     245  2154.20    986.00  113.3432  22.6114   5.1651     102.2813
   2243     367  2171.78    1109.10  113.3670  22.6079   4.9609     102.4248
   2243     489  2189.33    1231.98  113.3909  22.6043   4.7571     102.5795
   2243     611  2206.86    1354.65  113.4147  22.6008   4.5535     102.7471
   2243     733  2224.35    1477.12  113.4384  22.5973   4.3502     102.9292
   2243     855  2241.82    1599.39  113.4621  22.5938   4.1472     103.1280
   2243     977  2259.26    1721.49  113.4858  22.5903   3.9444     103.3461
   2243    1099  2276.68    1843.41  113.5095  22.5868   3.7419     103.5865
   2243    1221  2294.07    1965.17  113.5331  22.5832   3.5397     103.8531
   2243    1343  2311.44    2086.78  113.5567  22.5797   3.3377     104.1506
   2243    1465  2328.79    2208.25  113.5802  22.5762   3.1360     104.4849
   2243    1587  2346.13    2329.59  113.6037  22.5727   2.9346     104.8635
   2243    1709  2363.44    2450.81  113.6272  22.5692   2.7334     105.2963
   2243    1831  2380.74    2571.91  113.6507  22.5657   2.5326     105.7959
   2243    1953  2398.03    2692.92  113.6742  22.5622   2.3320     106.3796
   2243    2075  2415.30    2813.83  113.6976  22.5587   2.1319     107.0709
   2243    2197  2432.56    2934.66  113.7210  22.5552   1.9322     107.9029
   2243    2319  2449.81    3055.42  113.7444  22.5516   1.7331     108.9238
   2243    2441  2467.06    3176.11  113.7678  22.5481   1.5348     110.2063
   2243    2563  2484.29    3296.76  113.7912  22.5446   1.3375     111.8652
   2243    2685  2501.52    3417.36  113.8145  22.5411   1.1417     114.0917
   2243    2807  2518.74    3537.94  113.8379  22.5376   0.9484     117.2282
   2243    2929  2535.96    3658.49  113.8613  22.5341   0.7593     121.9422
   2243    3051  2553.18    3779.03  113.8846  22.5305   0.5787     129.6757
   2243    3173  2570.40    3899.56  113.9080  22.5270   0.4177     143.8287
   2243    3295  2587.62    4020.11  113.9313  22.5235   0.3085     171.1264
   2243    3417  2604.85    4140.67  113.9547  22.5199   0.3116     -150.9354
   2243    3539  2622.08    4261.26  113.9780  22.5164   0.4245     -124.3929
   2243    3661  2639.31    4381.89  114.0014  22.5129   0.5871     -110.6671
   2243    3783  2656.55    4502.57  114.0247  22.5093   0.7685     -103.1284
   2243    3905  2673.80    4623.30  114.0481  22.5057   0.9581     -98.5116
   2243    4027  2691.05    4744.10  114.0715  22.5022   1.1519     -95.4290
   2243    4149  2708.32    4864.98  114.0949  22.4986   1.3482     -93.2351
   2243    4271  2725.60    4985.95  114.1183  22.4951   1.5460     -91.5974
   2243    4393  2742.90    5107.01  114.1418  22.4915   1.7450     -90.3293
   2243    4515  2760.21    5228.18  114.1652  22.4879   1.9447     -89.3186
   2243    4637  2777.54    5349.47  114.1887  22.4843   2.1451     -88.4941
   2243    4759  2794.89    5470.89  114.2122  22.4807   2.3460     -87.8085
   2243    4881  2812.25    5592.44  114.2357  22.4771   2.5474     -87.2292
   2243    5003  2829.64    5714.14  114.2592  22.4735   2.7491     -86.7331
   2243    5125  2847.05    5836.00  114.2828  22.4699   2.9512     -86.3032
   2243    5247  2864.48    5958.03  114.3064  22.4662   3.1537     -85.9268
   2243    5369  2881.94    6080.23  114.3301  22.4626   3.3565     -85.5944
   2243    5491  2899.43    6202.62  114.3537  22.4590   3.5597     -85.2985
   2243    5613  2916.94    6325.21  114.3775  22.4553   3.7632     -85.0333
   2243    5735  2934.49    6448.00  114.4012  22.4516   3.9670     -84.7940
   2243    5857  2952.06    6571.01  114.4250  22.4480   4.1711     -84.5770
   2243    6000  2972.70    6715.48  114.4529  22.4436   4.4108     -84.3467
   2361       1  2234.66    715.43  113.2903  22.5976   5.5743     102.0216
   2361     123  2252.32    839.00  113.3143  22.5941   5.3695     102.1461
   2361     245  2269.94    962.34  113.3382  22.5906   5.1651     102.2795
   2361     367  2287.53    1085.44  113.3621  22.5870   4.9609     102.4229
   2361     489  2305.09    1208.32  113.3859  22.5835   4.7571     102.5776
   2361     611  2322.61    1330.99  113.4097  22.5800   4.5535     102.7451
   2361     733  2340.11    1453.45  113.4335  22.5765   4.3502     102.9272
   2361     855  2357.58    1575.73  113.4572  22.5730   4.1472     103.1260
   2361     977  2375.02    1697.82  113.4808  22.5694   3.9444     103.3440
   2361    1099  2392.44    1819.74  113.5045  22.5659   3.7419     103.5844
   2361    1221  2409.84    1941.50  113.5281  22.5624   3.5397     103.8509
   2361    1343  2427.22    2063.11  113.5517  22.5589   3.3377     104.1483
   2361    1465  2444.57    2184.58  113.5752  22.5554   3.1360     104.4825
   2361    1587  2461.91    2305.92  113.5987  22.5519   2.9345     104.8611
   2361    1709  2479.23    2427.13  113.6222  22.5484   2.7334     105.2937
   2361    1831  2496.53    2548.24  113.6457  22.5449   2.5325     105.7932
   2361    1953  2513.82    2669.24  113.6692  22.5414   2.3320     106.3768
   2361    2075  2531.09    2790.15  113.6926  22.5379   2.1319     107.0679
   2361    2197  2548.36    2910.98  113.7160  22.5343   1.9322     107.8998
   2361    2319  2565.61    3031.74  113.7394  22.5308   1.7331     108.9205
   2361    2441  2582.86    3152.43  113.7628  22.5273   1.5347     110.2028
   2361    2563  2600.10    3273.08  113.7862  22.5238   1.3374     111.8613
   2361    2685  2617.33    3393.68  113.8095  22.5203   1.1417     114.0874
   2361    2807  2634.56    3514.25  113.8329  22.5168   0.9483     117.2235
   2361    2929  2651.78    3634.80  113.8562  22.5132   0.7593     121.9368
   2361    3051  2669.00    3755.34  113.8796  22.5097   0.5787     129.6697
   2361    3173  2686.23    3875.87  113.9029  22.5062   0.4176     143.8228
   2361    3295  2703.45    3996.42  113.9263  22.5027   0.3084     171.1246
   2361    3417  2720.68    4116.98  113.9496  22.4991   0.3115     -150.9294
   2361    3539  2737.91    4237.57  113.9730  22.4956   0.4245     -124.3861
   2361    3661  2755.14    4358.20  113.9963  22.4920   0.5871     -110.6620
   2361    3783  2772.39    4478.87  114.0197  22.4885   0.7685     -103.1247
   2361    3905  2789.64    4599.60  114.0431  22.4849   0.9581     -98.5089
   2361    4027  2806.90    4720.40  114.0664  22.4814   1.1519     -95.4270
   2361    4149  2824.17    4841.28  114.0898  22.4778   1.3482     -93.2336
   2361    4271  2841.46    4962.25  114.1132  22.4742   1.5460     -91.5963
   2361    4393  2858.75    5083.31  114.1367  22.4707   1.7450     -90.3285
   2361    4515  2876.07    5204.48  114.1601  22.4671   1.9447     -89.3180
   2361    4637  2893.40    5325.77  114.1836  22.4635   2.1451     -88.4937
   2361    4759  2910.75    5447.19  114.2071  22.4599   2.3460     -87.8083
   2361    4881  2928.12    5568.74  114.2306  22.4563   2.5474     -87.2292
   2361    5003  2945.51    5690.44  114.2542  22.4527   2.7491     -86.7332
   2361    5125  2962.92    5812.29  114.2777  22.4491   2.9513     -86.3033
   2361    5247  2980.36    5934.32  114.3013  22.4454   3.1537     -85.9271
   2361    5369  2997.82    6056.52  114.3250  22.4418   3.3566     -85.5948
   2361    5491  3015.31    6178.91  114.3486  22.4381   3.5597     -85.2990
   2361    5613  3032.83    6301.49  114.3724  22.4345   3.7632     -85.0338
   2361    5735  3050.38    6424.28  114.3961  22.4308   3.9670     -84.7946
   2361    5857  3067.95    6547.29  114.4199  22.4272   4.1711     -84.5776
   2361    6000  3088.60    6691.77  114.4478  22.4228   4.4108     -84.3474
   2479       1  2350.40    691.76  113.2854  22.5768   5.5743     102.0198
   2479     123  2368.06    815.34  113.3093  22.5733   5.3695     102.1443
   2479     245  2385.68    938.67  113.3333  22.5697   5.1651     102.2777
   2479     367  2403.28    1061.77  113.3571  22.5662   4.9609     102.4211
   2479     489  2420.84    1184.65  113.3810  22.5627   4.7570     102.5757
   2479     611  2438.37    1307.32  113.4047  22.5592   4.5535     102.7432
   2479     733  2455.87    1429.78  113.4285  22.5556   4.3502     102.9252
   2479     855  2473.34    1552.06  113.4522  22.5521   4.1471     103.1239
   2479     977  2490.79    1674.15  113.4759  22.5486   3.9444     103.3419
   2479    1099  2508.21    1796.07  113.4995  22.5451   3.7419     103.5822
   2479    1221  2525.61    1917.83  113.5231  22.5416   3.5396     103.8487
   2479    1343  2542.99    2039.44  113.5467  22.5381   3.3377     104.1460
   2479    1465  2560.35    2160.91  113.5702  22.5346   3.1360     104.4801
   2479    1587  2577.69    2282.24  113.5937  22.5311   2.9345     104.8586
   2479    1709  2595.01    2403.45  113.6172  22.5276   2.7334     105.2912
   2479    1831  2612.32    2524.56  113.6407  22.5240   2.5325     105.7906
   2479    1953  2629.61    2645.56  113.6641  22.5205   2.3320     106.3740
   2479    2075  2646.89    2766.47  113.6876  22.5170   2.1318     107.0650
   2479    2197  2664.15    2887.30  113.7110  22.5135   1.9322     107.8967
   2479    2319  2681.41    3008.05  113.7344  22.5100   1.7331     108.9172
   2479    2441  2698.66    3128.75  113.7578  22.5065   1.5347     110.1992
   2479    2563  2715.90    3249.39  113.7811  22.5030   1.3374     111.8574
   2479    2685  2733.14    3369.99  113.8045  22.4995   1.1416     114.0832
   2479    2807  2750.37    3490.56  113.8278  22.4959   0.9483     117.2188
   2479    2929  2767.59    3611.11  113.8512  22.4924   0.7592     121.9315
   2479    3051  2784.82    3731.65  113.8745  22.4889   0.5786     129.6637
   2479    3173  2802.05    3852.18  113.8979  22.4854   0.4175     143.8168
   2479    3295  2819.27    3972.72  113.9212  22.4818   0.3083     171.1228
   2479    3417  2836.50    4093.28  113.9446  22.4783   0.3114     -150.9234
   2479    3539  2853.74    4213.87  113.9679  22.4748   0.4245     -124.3793
   2479    3661  2870.98    4334.50  113.9913  22.4712   0.5871     -110.6569
   2479    3783  2888.22    4455.17  114.0146  22.4677   0.7685     -103.1210
   2479    3905  2905.48    4575.90  114.0380  22.4641   0.9581     -98.5062
   2479    4027  2922.74    4696.70  114.0614  22.4606   1.1519     -95.4250
   2479    4149  2940.02    4817.58  114.0848  22.4570   1.3482     -93.2321
   2479    4271  2957.31    4938.54  114.1082  22.4534   1.5460     -91.5952
   2479    4393  2974.61    5059.61  114.1316  22.4499   1.7450     -90.3276
   2479    4515  2991.93    5180.78  114.1551  22.4463   1.9447     -89.3174
   2479    4637  3009.26    5302.06  114.1785  22.4427   2.1451     -88.4934
   2479    4759  3026.61    5423.48  114.2020  22.4391   2.3460     -87.8081
   2479    4881  3043.98    5545.03  114.2255  22.4355   2.5474     -87.2291
   2479    5003  3061.38    5666.73  114.2491  22.4319   2.7491     -86.7332
   2479    5125  3078.79    5788.58  114.2726  22.4282   2.9513     -86.3035
   2479    5247  3096.23    5910.60  114.2962  22.4246   3.1538     -85.9274
   2479    5369  3113.70    6032.80  114.3199  22.4210   3.3566     -85.5951
   2479    5491  3131.19    6155.19  114.3435  22.4173   3.5597     -85.2994
   2479    5613  3148.71    6277.77  114.3672  22.4137   3.7632     -85.0343
   2479    5735  3166.26    6400.57  114.3910  22.4100   3.9670     -84.7952
   2479    5857  3183.85    6523.57  114.4148  22.4063   4.1711     -84.5782
   2479    6000  3204.50    6668.04  114.4427  22.4020   4.4108     -84.3480
   2597       1  2466.14    668.10  113.2804  22.5560   5.5743     102.0181
   2597     123  2483.80    791.67  113.3044  22.5524   5.3695     102.1425
   2597     245  2501.43    915.00  113.3283  22.5489   5.1650     102.2758
   2597     367  2519.02    1038.10  113.3522  22.5454   4.9609     102.4192
   2597     489  2536.58    1160.98  113.3760  22.5419   4.7570     102.5738
   2597     611  2554.12    1283.64  113.3998  22.5383   4.5534     102.7412
   2597     733  2571.62    1406.11  113.4235  22.5348   4.3501     102.9232
   2597     855  2589.10    1528.38  113.4472  22.5313   4.1471     103.1219
   2597     977  2606.55    1650.47  113.4709  22.5278   3.9444     103.3398
   2597    1099  2623.98    1772.39  113.4945  22.5243   3.7419     103.5800
   2597    1221  2641.38    1894.15  113.5181  22.5208   3.5396     103.8464
   2597    1343  2658.76    2015.76  113.5417  22.5173   3.3376     104.1437
   2597    1465  2676.12    2137.22  113.5652  22.5137   3.1359     104.4778
   2597    1587  2693.47    2258.56  113.5888  22.5102   2.9345     104.8562
   2597    1709  2710.79    2379.77  113.6122  22.5067   2.7333     105.2886
   2597    1831  2728.10    2500.87  113.6357  22.5032   2.5325     105.7879
   2597    1953  2745.40    2621.87  113.6591  22.4997   2.3320     106.3712
   2597    2075  2762.68    2742.78  113.6826  22.4962   2.1318     107.0621
   2597    2197  2779.95    2863.61  113.7060  22.4927   1.9321     107.8936
   2597    2319  2797.21    2984.36  113.7294  22.4892   1.7330     108.9139
   2597    2441  2814.46    3105.06  113.7528  22.4857   1.5347     110.1957
   2597    2563  2831.71    3225.70  113.7761  22.4822   1.3374     111.8536
   2597    2685  2848.94    3346.30  113.7995  22.4786   1.1416     114.0789
   2597    2807  2866.18    3466.87  113.8228  22.4751   0.9482     117.2140
   2597    2929  2883.41    3587.42  113.8462  22.4716   0.7592     121.9261
   2597    3051  2900.64    3707.95  113.8695  22.4681   0.5786     129.6577
   2597    3173  2917.87    3828.48  113.8928  22.4646   0.4175     143.8109
   2597    3295  2935.10    3949.03  113.9162  22.4610   0.3083     171.1210
   2597    3417  2952.33    4069.58  113.9395  22.4575   0.3114     -150.9174
   2597    3539  2969.57    4190.17  113.9629  22.4540   0.4244     -124.3724
   2597    3661  2986.81    4310.80  113.9862  22.4504   0.5871     -110.6518
   2597    3783  3004.06    4431.47  114.0096  22.4469   0.7684     -103.1173
   2597    3905  3021.32    4552.20  114.0329  22.4433   0.9581     -98.5035
   2597    4027  3038.58    4673.00  114.0563  22.4397   1.1519     -95.4230
   2597    4149  3055.86    4793.87  114.0797  22.4362   1.3482     -93.2306
   2597    4271  3073.15    4914.84  114.1031  22.4326   1.5460     -91.5941
   2597    4393  3090.46    5035.90  114.1265  22.4290   1.7450     -90.3268
   2597    4515  3107.78    5157.07  114.1500  22.4255   1.9447     -89.3169
   2597    4637  3125.12    5278.35  114.1734  22.4219   2.1451     -88.4930
   2597    4759  3142.47    5399.76  114.1969  22.4183   2.3460     -87.8079
   2597    4881  3159.85    5521.31  114.2204  22.4147   2.5474     -87.2291
   2597    5003  3177.25    5643.01  114.2440  22.4111   2.7492     -86.7333
   2597    5125  3194.67    5764.87  114.2675  22.4074   2.9513     -86.3037
   2597    5247  3212.11    5886.89  114.2911  22.4038   3.1538     -85.9276
   2597    5369  3229.58    6009.08  114.3148  22.4002   3.3566     -85.5955
   2597    5491  3247.07    6131.47  114.3384  22.3965   3.5597     -85.2998
   2597    5613  3264.60    6254.05  114.3621  22.3929   3.7632     -85.0348
   2597    5735  3282.15    6376.84  114.3859  22.3892   3.9670     -84.7957
   2597    5857  3299.74    6499.85  114.4097  22.3855   4.1711     -84.5788
   2597    6000  3320.39    6644.32  114.4376  22.3812   4.4108     -84.3487
   2715       1  2581.87    644.43  113.2755  22.5351   5.5742     102.0163
   2715     123  2599.54    768.00  113.2994  22.5316   5.3695     102.1407
   2715     245  2617.17    891.33  113.3233  22.5281   5.1650     102.2740
   2715     367  2634.77    1014.43  113.3472  22.5245   4.9609     102.4173
   2715     489  2652.33    1137.30  113.3710  22.5210   4.7570     102.5719
   2715     611  2669.87    1259.97  113.3948  22.5175   4.5534     102.7393
   2715     733  2687.38    1382.43  113.4186  22.5140   4.3501     102.9212
   2715     855  2704.86    1504.70  113.4423  22.5105   4.1471     103.1198
   2715     977  2722.31    1626.79  113.4659  22.5070   3.9443     103.3377
   2715    1099  2739.74    1748.71  113.4896  22.5035   3.7418     103.5779
   2715    1221  2757.15    1870.47  113.5131  22.4999   3.5396     103.8442
   2715    1343  2774.53    1992.08  113.5367  22.4964   3.3376     104.1414
   2715    1465  2791.90    2113.54  113.5603  22.4929   3.1359     104.4754
   2715    1587  2809.24    2234.87  113.5838  22.4894   2.9345     104.8537
   2715    1709  2826.57    2356.09  113.6072  22.4859   2.7333     105.2860
   2715    1831  2843.88    2477.19  113.6307  22.4824   2.5324     105.7852
   2715    1953  2861.18    2598.18  113.6541  22.4789   2.3319     106.3684
   2715    2075  2878.47    2719.09  113.6776  22.4754   2.1318     107.0591
   2715    2197  2895.74    2839.92  113.7010  22.4719   1.9321     107.8905
   2715    2319  2913.01    2960.67  113.7244  22.4684   1.7330     108.9106
   2715    2441  2930.26    3081.36  113.7477  22.4649   1.5347     110.1921
   2715    2563  2947.51    3202.00  113.7711  22.4613   1.3373     111.8497
   2715    2685  2964.75    3322.60  113.7945  22.4578   1.1415     114.0747
   2715    2807  2981.99    3443.17  113.8178  22.4543   0.9482     117.2093
   2715    2929  2999.22    3563.72  113.8411  22.4508   0.7591     121.9207
   2715    3051  3016.45    3684.25  113.8645  22.4473   0.5785     129.6516
   2715    3173  3033.69    3804.78  113.8878  22.4437   0.4174     143.8049
   2715    3295  3050.92    3925.32  113.9111  22.4402   0.3082     171.1192
   2715    3417  3068.16    4045.88  113.9345  22.4367   0.3113     -150.9113
   2715    3539  3085.40    4166.47  113.9578  22.4331   0.4244     -124.3656
   2715    3661  3102.64    4287.09  113.9812  22.4296   0.5870     -110.6466
   2715    3783  3119.89    4407.76  114.0045  22.4260   0.7684     -103.1136
   2715    3905  3137.15    4528.49  114.0279  22.4225   0.9581     -98.5008
   2715    4027  3154.43    4649.29  114.0513  22.4189   1.1519     -95.4210
   2715    4149  3171.71    4770.16  114.0746  22.4154   1.3482     -93.2291
   2715    4271  3189.00    4891.13  114.0980  22.4118   1.5460     -91.5929
   2715    4393  3206.31    5012.18  114.1215  22.4082   1.7450     -90.3260
   2715    4515  3223.63    5133.35  114.1449  22.4046   1.9447     -89.3163
   2715    4637  3240.97    5254.64  114.1684  22.4011   2.1451     -88.4926
   2715    4759  3258.33    5376.05  114.1919  22.3975   2.3460     -87.8077
   2715    4881  3275.71    5497.60  114.2154  22.3939   2.5474     -87.2290
   2715    5003  3293.11    5619.29  114.2389  22.3903   2.7492     -86.7334
   2715    5125  3310.54    5741.15  114.2625  22.3866   2.9513     -86.3039
   2715    5247  3327.98    5863.17  114.2861  22.3830   3.1538     -85.9279
   2715    5369  3345.45    5985.36  114.3097  22.3794   3.3566     -85.5958
   2715    5491  3362.95    6107.75  114.3333  22.3757   3.5597     -85.3003
   2715    5613  3380.48    6230.33  114.3570  22.3721   3.7632     -85.0353
   2715    5735  3398.04    6353.12  114.3808  22.3684   3.9670     -84.7963
   2715    5857  3415.63    6476.12  114.4046  22.3647   4.1711     -84.5794
   2715    6000  3436.28    6620.59  114.4325  22.3604   4.4108     -84.3494
   2833       1  2697.60    620.75  113.2705  22.5143   5.5742     102.0146
   2833     123  2715.27    744.32  113.2945  22.5108   5.3694     102.1389
   2833     245  2732.91    867.65  113.3184  22.5072   5.1650     102.2722
   2833     367  2750.51    990.75  113.3423  22.5037   4.9608     102.4155
   2833     489  2768.08    1113.62  113.3661  22.5002   4.7570     102.5700
   2833     611  2785.62    1236.29  113.3899  22.4967   4.5534     102.7373
   2833     733  2803.13    1358.75  113.4136  22.4932   4.3501     102.9192
   2833     855  2820.61    1481.02  113.4373  22.4896   4.1471     103.1178
   2833     977  2838.07    1603.11  113.4610  22.4861   3.9443     103.3356
   2833    1099  2855.50    1725.03  113.4846  22.4826   3.7418     103.5757
   2833    1221  2872.91    1846.78  113.5082  22.4791   3.5396     103.8420
   2833    1343  2890.30    1968.39  113.5317  22.4756   3.3376     104.1391
   2833    1465  2907.67    2089.85  113.5553  22.4721   3.1359     104.4730
   2833    1587  2925.02    2211.18  113.5788  22.4686   2.9344     104.8512
   2833    1709  2942.35    2332.39  113.6023  22.4651   2.7333     105.2835
   2833    1831  2959.67    2453.49  113.6257  22.4616   2.5324     105.7826
   2833    1953  2976.97    2574.49  113.6491  22.4581   2.3319     106.3656
   2833    2075  2994.26    2695.40  113.6726  22.4546   2.1318     107.0562
   2833    2197  3011.53    2816.22  113.6960  22.4511   1.9321     107.8873
   2833    2319  3028.80    2936.97  113.7194  22.4475   1.7330     108.9073
   2833    2441  3046.06    3057.67  113.7427  22.4440   1.5346     110.1885
   2833    2563  3063.31    3178.31  113.7661  22.4405   1.3373     111.8458
   2833    2685  3080.55    3298.90  113.7894  22.4370   1.1415     114.0704
   2833    2807  3097.79    3419.47  113.8128  22.4335   0.9482     117.2045
   2833    2929  3115.03    3540.01  113.8361  22.4300   0.7591     121.9154
   2833    3051  3132.27    3660.55  113.8594  22.4264   0.5785     129.6456
   2833    3173  3149.50    3781.08  113.8828  22.4229   0.4174     143.7989
   2833    3295  3166.74    3901.62  113.9061  22.4194   0.3081     171.1174
   2833    3417  3183.98    4022.17  113.9294  22.4159   0.3113     -150.9052
   2833    3539  3201.22    4142.76  113.9528  22.4123   0.4244     -124.3587
   2833    3661  3218.47    4263.38  113.9761  22.4088   0.5870     -110.6415
   2833    3783  3235.73    4384.05  113.9995  22.4052   0.7684     -103.1099
   2833    3905  3252.99    4504.78  114.0228  22.4017   0.9581     -98.4981
   2833    4027  3270.26    4625.57  114.0462  22.3981   1.1519     -95.4189
   2833    4149  3287.55    4746.45  114.0696  22.3946   1.3482     -93.2276
   2833    4271  3304.85    4867.41  114.0930  22.3910   1.5460     -91.5918
   2833    4393  3322.16    4988.47  114.1164  22.3874   1.7450     -90.3252
   2833    4515  3339.49    5109.63  114.1398  22.3838   1.9448     -89.3157
   2833    4637  3356.83    5230.92  114.1633  22.3802   2.1451     -88.4922
   2833    4759  3374.19    5352.33  114.1868  22.3767   2.3461     -87.8075
   2833    4881  3391.57    5473.87  114.2103  22.3731   2.5474     -87.2289
   2833    5003  3408.98    5595.57  114.2338  22.3694   2.7492     -86.7334
   2833    5125  3426.40    5717.42  114.2574  22.3658   2.9513     -86.3040
   2833    5247  3443.85    5839.44  114.2810  22.3622   3.1538     -85.9281
   2833    5369  3461.33    5961.63  114.3046  22.3586   3.3566     -85.5962
   2833    5491  3478.83    6084.02  114.3282  22.3549   3.5598     -85.3007
   2833    5613  3496.36    6206.60  114.3519  22.3513   3.7632     -85.0358
   2833    5735  3513.92    6329.39  114.3757  22.3476   3.9670     -84.7968
   2833    5857  3531.51    6452.39  114.3994  22.3439   4.1712     -84.5800
   2833    6000  3552.17    6596.86  114.4274  22.3396   4.4109     -84.3501
   2951       1  2813.34    597.07  113.2656  22.4935   5.5742     102.0128
   2951     123  2831.01    720.64  113.2895  22.4899   5.3694     102.1371
   2951     245  2848.65    843.97  113.3134  22.4864   5.1650     102.2704
   2951     367  2866.25    967.07  113.3373  22.4829   4.9608     102.4136
   2951     489  2883.82    1089.94  113.3611  22.4794   4.7569     102.5681
   2951     611  2901.37    1212.60  113.3849  22.4759   4.5534     102.7354
   2951     733  2918.88    1335.06  113.4086  22.4723   4.3501     102.9172
   2951     855  2936.37    1457.33  113.4323  22.4688   4.1470     103.1157
   2951     977  2953.83    1579.42  113.4560  22.4653   3.9443     103.3335
   2951    1099  2971.27    1701.34  113.4796  22.4618   3.7418     103.5736
   2951    1221  2988.68    1823.09  113.5032  22.4583   3.5395     103.8398
   2951    1343  3006.07    1944.70  113.5268  22.4548   3.3376     104.1368
   2951    1465  3023.44    2066.16  113.5503  22.4513   3.1359     104.4707
   2951    1587  3040.79    2187.49  113.5738  22.4478   2.9344     104.8488
   2951    1709  3058.13    2308.70  113.5973  22.4443   2.7332     105.2809
   2951    1831  3075.45    2429.80  113.6207  22.4408   2.5324     105.7799
   2951    1953  3092.75    2550.79  113.6442  22.4373   2.3319     106.3628
   2951    2075  3110.04    2671.70  113.6676  22.4337   2.1317     107.0533
   2951    2197  3127.32    2792.52  113.6910  22.4302   1.9321     107.8842
   2951    2319  3144.59    2913.27  113.7143  22.4267   1.7329     108.9039
   2951    2441  3161.86    3033.96  113.7377  22.4232   1.5346     110.1850
   2951    2563  3179.11    3154.60  113.7611  22.4197   1.3373     111.8419
   2951    2685  3196.36    3275.20  113.7844  22.4162   1.1415     114.0662
   2951    2807  3213.60    3395.76  113.8078  22.4127   0.9481     117.1998
   2951    2929  3230.84    3516.31  113.8311  22.4092   0.7590     121.9100
   2951    3051  3248.08    3636.84  113.8544  22.4056   0.5784     129.6396
   2951    3173  3265.32    3757.37  113.8777  22.4021   0.4173     143.7930
   2951    3295  3282.56    3877.91  113.9011  22.3986   0.3081     171.1155
   2951    3417  3299.80    3998.46  113.9244  22.3950   0.3112     -150.8992
   2951    3539  3317.05    4119.04  113.9477  22.3915   0.4243     -124.3518
   2951    3661  3334.30    4239.67  113.9711  22.3880   0.5870     -110.6363
   2951    3783  3351.56    4360.34  113.9944  22.3844   0.7684     -103.1062
   2951    3905  3368.83    4481.06  114.0178  22.3809   0.9581     -98.4954
   2951    4027  3386.10    4601.86  114.0411  22.3773   1.1519     -95.4169
   2951    4149  3403.39    4722.73  114.0645  22.3737   1.3482     -93.2261
   2951    4271  3420.69    4843.69  114.0879  22.3702   1.5461     -91.5907
   2951    4393  3438.01    4964.75  114.1113  22.3666   1.7450     -90.3244
   2951    4515  3455.34    5085.91  114.1348  22.3630   1.9448     -89.3151
   2951    4637  3472.69    5207.19  114.1582  22.3594   2.1452     -88.4919
   2951    4759  3490.05    5328.60  114.1817  22.3558   2.3461     -87.8073
   2951    4881  3507.44    5450.15  114.2052  22.3522   2.5474     -87.2289
   2951    5003  3524.84    5571.84  114.2287  22.3486   2.7492     -86.7335
   2951    5125  3542.27    5693.69  114.2523  22.3450   2.9513     -86.3042
   2951    5247  3559.72    5815.71  114.2759  22.3414   3.1538     -85.9284
   2951    5369  3577.20    5937.90  114.2995  22.3378   3.3566     -85.5965
   2951    5491  3594.71    6060.29  114.3231  22.3341   3.5598     -85.3011
   2951    5613  3612.24    6182.86  114.3468  22.3305   3.7632     -85.0363
   2951    5735  3629.80    6305.65  114.3706  22.3268   3.9670     -84.7974
   2951    5857  3647.40    6428.65  114.3943  22.3231   4.1712     -84.5807
   2951    6000  3668.06    6573.12  114.4222  22.3188   4.4109     -84.3507
   3069       1  2929.07    573.39  113.2606  22.4726   5.5742     102.0110
   3069     123  2946.74    696.96  113.2846  22.4691   5.3694     102.1353
   3069     245  2964.39    820.28  113.3085  22.4656   5.1649     102.2685
   3069     367  2981.99    943.38  113.3324  22.4621   4.9608     102.4117
   3069     489  2999.57    1066.25  113.3562  22.4585   4.7569     102.5662
   3069     611  3017.12    1188.91  113.3799  22.4550   4.5533     102.7334
   3069     733  3034.63    1311.37  113.4037  22.4515   4.3500     102.9152
   3069     855  3052.12    1433.64  113.4274  22.4480   4.1470     103.1137
   3069     977  3069.59    1555.73  113.4510  22.4445   3.9443     103.3314
   3069    1099  3087.03    1677.64  113.4746  22.4410   3.7418     103.5714
   3069    1221  3104.44    1799.40  113.4982  22.4375   3.5395     103.8375
   3069    1343  3121.84    1921.00  113.5218  22.4340   3.3375     104.1345
   3069    1465  3139.21    2042.46  113.5453  22.4305   3.1358     104.4683
   3069    1587  3156.57    2163.79  113.5688  22.4269   2.9344     104.8463
   3069    1709  3173.91    2285.00  113.5923  22.4234   2.7332     105.2784
   3069    1831  3191.23    2406.10  113.6157  22.4199   2.5324     105.7772
   3069    1953  3208.54    2527.09  113.6392  22.4164   2.3318     106.3601
   3069    2075  3225.83    2647.99  113.6626  22.4129   2.1317     107.0503
   3069    2197  3243.11    2768.82  113.6860  22.4094   1.9320     107.8811
   3069    2319  3260.39    2889.57  113.7093  22.4059   1.7329     108.9006
   3069    2441  3277.65    3010.26  113.7327  22.4024   1.5346     110.1814
   3069    2563  3294.91    3130.89  113.7561  22.3989   1.3372     111.8381
   3069    2685  3312.16    3251.49  113.7794  22.3954   1.1414     114.0619
   3069    2807  3329.41    3372.05  113.8027  22.3919   0.9481     117.1950
   3069    2929  3346.65    3492.60  113.8261  22.3883   0.7590     121.9046
   3069    3051  3363.89    3613.13  113.8494  22.3848   0.5784     129.6336
   3069    3173  3381.13    3733.66  113.8727  22.3813   0.4172     143.7870
   3069    3295  3398.38    3854.19  113.8960  22.3778   0.3080     171.1137
   3069    3417  3415.62    3974.75  113.9194  22.3742   0.3112     -150.8931
   3069    3539  3432.87    4095.33  113.9427  22.3707   0.4243     -124.3450
   3069    3661  3450.13    4215.95  113.9660  22.3671   0.5870     -110.6312
   3069    3783  3467.39    4336.62  113.9894  22.3636   0.7684     -103.1025
   3069    3905  3484.66    4457.34  114.0127  22.3601   0.9581     -98.4926
   3069    4027  3501.94    4578.14  114.0361  22.3565   1.1519     -95.4149
   3069    4149  3519.23    4699.01  114.0595  22.3529   1.3482     -93.2245
   3069    4271  3536.54    4819.96  114.0829  22.3494   1.5461     -91.5895
   3069    4393  3553.85    4941.02  114.1063  22.3458   1.7450     -90.3235
   3069    4515  3571.19    5062.18  114.1297  22.3422   1.9448     -89.3146
   3069    4637  3588.54    5183.46  114.1531  22.3386   2.1452     -88.4915
   3069    4759  3605.91    5304.87  114.1766  22.3350   2.3461     -87.8071
   3069    4881  3623.30    5426.42  114.2001  22.3314   2.5474     -87.2288
   3069    5003  3640.71    5548.11  114.2236  22.3278   2.7492     -86.7335
   3069    5125  3658.14    5669.96  114.2472  22.3242   2.9513     -86.3043
   3069    5247  3675.59    5791.97  114.2708  22.3206   3.1538     -85.9287
   3069    5369  3693.07    5914.17  114.2944  22.3169   3.3566     -85.5969
   3069    5491  3710.58    6036.55  114.3180  22.3133   3.5598     -85.3015
   3069    5613  3728.12    6159.13  114.3417  22.3097   3.7633     -85.0368
   3069    5735  3745.69    6281.91  114.3655  22.3060   3.9671     -84.7979
   3069    5857  3763.28    6404.91  114.3892  22.3023   4.1712     -84.5813
   3069    6000  3783.95    6549.38  114.4171  22.2980   4.4109     -84.3514
   3187       1  3044.80    549.70  113.2557  22.4518   5.5741     102.0093
   3187     123  3062.48    673.27  113.2797  22.4483   5.3694     102.1335
   3187     245  3080.12    796.59  113.3036  22.4448   5.1649     102.2667
   3187     367  3097.73    919.69  113.3274  22.4412   4.9608     102.4099
   3187     489  3115.31    1042.56  113.3512  22.4377   4.7569     102.5643
   3187     611  3132.86    1165.22  113.3750  22.4342   4.5533     102.7315
   3187     733  3150.38    1287.68  113.3987  22.4307   4.3500     102.9132
   3187     855  3167.88    1409.95  113.4224  22.4272   4.1470     103.1116
   3187     977  3185.34    1532.03  113.4460  22.4237   3.9442     103.3293
   3187    1099  3202.79    1653.95  113.4697  22.4201   3.7417     103.5692
   3187    1221  3220.21    1775.70  113.4932  22.4166   3.5395     103.8353
   3187    1343  3237.60    1897.30  113.5168  22.4131   3.3375     104.1322
   3187    1465  3254.98    2018.76  113.5403  22.4096   3.1358     104.4659
   3187    1587  3272.34    2140.09  113.5638  22.4061   2.9344     104.8439
   3187    1709  3289.68    2261.29  113.5873  22.4026   2.7332     105.2758
   3187    1831  3307.01    2382.39  113.6107  22.3991   2.5323     105.7746
   3187    1953  3324.32    2503.38  113.6342  22.3956   2.3318     106.3573
   3187    2075  3341.62    2624.29  113.6576  22.3921   2.1317     107.0474
   3187    2197  3358.90    2745.11  113.6810  22.3886   1.9320     107.8780
   3187    2319  3376.18    2865.86  113.7043  22.3851   1.7329     108.8973
   3187    2441  3393.45    2986.55  113.7277  22.3816   1.5345     110.1778
   3187    2563  3410.71    3107.18  113.7510  22.3781   1.3372     111.8342
   3187    2685  3427.96    3227.78  113.7744  22.3746   1.1414     114.0576
   3187    2807  3445.21    3348.34  113.7977  22.3710   0.9480     117.1903
   3187    2929  3462.46    3468.88  113.8210  22.3675   0.7590     121.8993
   3187    3051  3479.70    3589.41  113.8444  22.3640   0.5783     129.6275
   3187    3173  3496.95    3709.94  113.8677  22.3605   0.4172     143.7810
   3187    3295  3514.19    3830.47  113.8910  22.3569   0.3079     171.1119
   3187    3417  3531.44    3951.03  113.9143  22.3534   0.3111     -150.8870
   3187    3539  3548.70    4071.61  113.9376  22.3499   0.4243     -124.3381
   3187    3661  3565.95    4192.23  113.9610  22.3463   0.5870     -110.6260
   3187    3783  3583.22    4312.89  113.9843  22.3428   0.7684     -103.0987
   3187    3905  3600.49    4433.62  114.0077  22.3392   0.9580     -98.4899
   3187    4027  3617.78    4554.41  114.0310  22.3357   1.1519     -95.4128
   3187    4149  3635.07    4675.28  114.0544  22.3321   1.3482     -93.2230
   3187    4271  3652.38    4796.24  114.0778  22.3286   1.5461     -91.5884
   3187    4393  3669.70    4917.29  114.1012  22.3250   1.7450     -90.3227
   3187    4515  3687.04    5038.45  114.1246  22.3214   1.9448     -89.3140
   3187    4637  3704.39    5159.73  114.1481  22.3178   2.1452     -88.4911
   3187    4759  3721.76    5281.14  114.1715  22.3142   2.3461     -87.8069
   3187    4881  3739.15    5402.68  114.1950  22.3106   2.5474     -87.2287
   3187    5003  3756.57    5524.37  114.2186  22.3070   2.7492     -86.7336
   3187    5125  3774.00    5646.22  114.2421  22.3034   2.9513     -86.3045
   3187    5247  3791.46    5768.24  114.2657  22.2998   3.1538     -85.9289
   3187    5369  3808.95    5890.43  114.2893  22.2961   3.3566     -85.5972
   3187    5491  3826.46    6012.81  114.3129  22.2925   3.5598     -85.3019
   3187    5613  3844.00    6135.38  114.3366  22.2888   3.7633     -85.0372
   3187    5735  3861.57    6258.17  114.3604  22.2852   3.9671     -84.7985
   3187    5857  3879.17    6381.17  114.3841  22.2815   4.1712     -84.5819
   3187    6000  3899.84    6525.63  114.4120  22.2772   4.4109     -84.3521
   3305       1  3160.53    526.01  113.2508  22.4310   5.5741     102.0075
   3305     123  3178.21    649.57  113.2747  22.4275   5.3694     102.1317
   3305     245  3195.86    772.90  113.2986  22.4239   5.1649     102.2649
   3305     367  3213.47    895.99  113.3225  22.4204   4.9607     102.4080
   3305     489  3231.06    1018.86  113.3463  22.4169   4.7569     102.5624
   3305     611  3248.61    1141.52  113.3700  22.4134   4.5533     102.7295
   3305     733  3266.13    1263.98  113.3937  22.4099   4.3500     102.9112
   3305     855  3283.63    1386.24  113.4174  22.4063   4.1470     103.1096
   3305     977  3301.10    1508.33  113.4411  22.4028   3.9442     103.3272
   3305    1099  3318.54    1630.24  113.4647  22.3993   3.7417     103.5671
   3305    1221  3335.97    1751.99  113.4883  22.3958   3.5395     103.8331
   3305    1343  3353.37    1873.59  113.5118  22.3923   3.3375     104.1299
   3305    1465  3370.75    1995.05  113.5353  22.3888   3.1358     104.4635
   3305    1587  3388.11    2116.38  113.5588  22.3853   2.9343     104.8414
   3305    1709  3405.46    2237.59  113.5823  22.3818   2.7332     105.2733
   3305    1831  3422.78    2358.68  113.6057  22.3783   2.5323     105.7719
   3305    1953  3440.10    2479.67  113.6292  22.3748   2.3318     106.3545
   3305    2075  3457.40    2600.57  113.6526  22.3713   2.1317     107.0444
   3305    2197  3474.69    2721.40  113.6760  22.3678   1.9320     107.8749
   3305    2319  3491.97    2842.14  113.6993  22.3643   1.7329     108.8940
   3305    2441  3509.24    2962.83  113.7227  22.3608   1.5345     110.1743
   3305    2563  3526.50    3083.47  113.7460  22.3572   1.3372     111.8303
   3305    2685  3543.76    3204.06  113.7694  22.3537   1.1414     114.0534
   3305    2807  3561.01    3324.62  113.7927  22.3502   0.9480     117.1855
   3305    2929  3578.26    3445.16  113.8160  22.3467   0.7589     121.8939
   3305    3051  3595.51    3565.69  113.8393  22.3432   0.5783     129.6215
   3305    3173  3612.76    3686.21  113.8627  22.3397   0.4171     143.7750
   3305    3295  3630.01    3806.75  113.8860  22.3361   0.3078     171.1101
   3305    3417  3647.26    3927.30  113.9093  22.3326   0.3111     -150.8809
   3305    3539  3664.52    4047.88  113.9326  22.3291   0.4242     -124.3312
   3305    3661  3681.78    4168.50  113.9559  22.3255   0.5870     -110.6208
   3305    3783  3699.05    4289.16  113.9793  22.3220   0.7684     -103.0950
   3305    3905  3716.33    4409.89  114.0026  22.3184   0.9580     -98.4871
   3305    4027  3733.61    4530.68  114.0260  22.3149   1.1519     -95.4108
   3305    4149  3750.91    4651.55  114.0493  22.3113   1.3482     -93.2215
   3305    4271  3768.22    4772.50  114.0727  22.3077   1.5461     -91.5873
   3305    4393  3785.54    4893.56  114.0961  22.3042   1.7450     -90.3219
   3305    4515  3802.88    5014.72  114.1196  22.3006   1.9448     -89.3134
   3305    4637  3820.24    5135.99  114.1430  22.2970   2.1452     -88.4907
   3305    4759  3837.62    5257.40  114.1665  22.2934   2.3461     -87.8066
   3305    4881  3855.01    5378.94  114.1900  22.2898   2.5475     -87.2286
   3305    5003  3872.43    5500.63  114.2135  22.2862   2.7492     -86.7336
   3305    5125  3889.87    5622.48  114.2370  22.2826   2.9514     -86.3047
   3305    5247  3907.33    5744.49  114.2606  22.2790   3.1538     -85.9292
   3305    5369  3924.82    5866.68  114.2842  22.2753   3.3567     -85.5975
   3305    5491  3942.33    5989.06  114.3079  22.2717   3.5598     -85.3023
   3305    5613  3959.87    6111.64  114.3315  22.2680   3.7633     -85.0377
   3305    5735  3977.45    6234.42  114.3553  22.2644   3.9671     -84.7990
   3305    5857  3995.05    6357.42  114.3790  22.2607   4.1712     -84.5825
   3305    6000  4015.73    6501.88  114.4069  22.2564   4.4109     -84.3527
   3423       1  3276.25    502.31  113.2458  22.4102   5.5741     102.0058
   3423     123  3293.94    625.88  113.2698  22.4066   5.3693     102.1300
   3423     245  3311.59    749.20  113.2937  22.4031   5.1649     102.2630
   3423     367  3329.21    872.29  113.3175  22.3996   4.9607     102.4061
   3423     489  3346.80    995.16  113.3413  22.3961   4.7568     102.5605
   3423     611  3364.35    1117.82  113.3651  22.3925   4.5533     102.7276
   3423     733  3381.88    1240.28  113.3888  22.3890   4.3500     102.9092
   3423     855  3399.38    1362.54  113.4125  22.3855   4.1469     103.1076
   3423     977  3416.85    1484.62  113.4361  22.3820   3.9442     103.3251
   3423    1099  3434.30    1606.54  113.4597  22.3785   3.7417     103.5649
   3423    1221  3451.73    1728.29  113.4833  22.3750   3.5394     103.8309
   3423    1343  3469.13    1849.89  113.5068  22.3715   3.3375     104.1277
   3423    1465  3486.51    1971.34  113.5304  22.3680   3.1358     104.4612
   3423    1587  3503.88    2092.67  113.5538  22.3645   2.9343     104.8390
   3423    1709  3521.23    2213.87  113.5773  22.3610   2.7331     105.2707
   3423    1831  3538.56    2334.97  113.6007  22.3575   2.5323     105.7693
   3423    1953  3555.88    2455.96  113.6242  22.3540   2.3318     106.3517
   3423    2075  3573.18    2576.86  113.6476  22.3505   2.1316     107.0415
   3423    2197  3590.47    2697.68  113.6710  22.3470   1.9319     107.8718
   3423    2319  3607.76    2818.43  113.6943  22.3434   1.7328     108.8907
   3423    2441  3625.03    2939.11  113.7177  22.3399   1.5345     110.1707
   3423    2563  3642.30    3059.74  113.7410  22.3364   1.3371     111.8264
   3423    2685  3659.56    3180.34  113.7643  22.3329   1.1413     114.0491
   3423    2807  3676.81    3300.90  113.7877  22.3294   0.9480     117.1807
   3423    2929  3694.07    3421.44  113.8110  22.3259   0.7589     121.8885
   3423    3051  3711.32    3541.96  113.8343  22.3224   0.5782     129.6155
   3423    3173  3728.57    3662.49  113.8576  22.3188   0.4171     143.7690
   3423    3295  3745.82    3783.02  113.8809  22.3153   0.3078     171.1082
   3423    3417  3763.08    3903.57  113.9043  22.3118   0.3110     -150.8748
   3423    3539  3780.34    4024.15  113.9276  22.3082   0.4242     -124.3242
   3423    3661  3797.60    4144.77  113.9509  22.3047   0.5869     -110.6156
   3423    3783  3814.87    4265.43  113.9742  22.3012   0.7684     -103.0912
   3423    3905  3832.15    4386.15  113.9976  22.2976   0.9580     -98.4844
   3423    4027  3849.44    4506.94  114.0209  22.2941   1.1519     -95.4087
   3423    4149  3866.74    4627.81  114.0443  22.2905   1.3482     -93.2200
   3423    4271  3884.06    4748.77  114.0677  22.2869   1.5461     -91.5861
   3423    4393  3901.39    4869.82  114.0911  22.2834   1.7450     -90.3210
   3423    4515  3918.73    4990.98  114.1145  22.2798   1.9448     -89.3128
   3423    4637  3936.09    5112.25  114.1379  22.2762   2.1452     -88.4903
   3423    4759  3953.47    5233.66  114.1614  22.2726   2.3461     -87.8064
   3423    4881  3970.87    5355.20  114.1849  22.2690   2.5475     -87.2286
   3423    5003  3988.28    5476.89  114.2084  22.2654   2.7492     -86.7337
   3423    5125  4005.73    5598.73  114.2319  22.2618   2.9514     -86.3048
   3423    5247  4023.19    5720.75  114.2555  22.2582   3.1539     -85.9294
   3423    5369  4040.68    5842.94  114.2791  22.2545   3.3567     -85.5979
   3423    5491  4058.20    5965.31  114.3028  22.2509   3.5598     -85.3027
   3423    5613  4075.75    6087.89  114.3264  22.2472   3.7633     -85.0382
   3423    5735  4093.32    6210.67  114.3502  22.2436   3.9671     -84.7995
   3423    5857  4110.93    6333.66  114.3739  22.2399   4.1712     -84.5831
   3423    6000  4131.61    6478.12  114.4018  22.2356   4.4109     -84.3534
   3541       1  3391.98    478.61  113.2409  22.3893   5.5741     102.0040
   3541     123  3409.67    602.17  113.2648  22.3858   5.3693     102.1282
   3541     245  3427.33    725.50  113.2887  22.3823   5.1648     102.2612
   3541     367  3444.95    848.59  113.3126  22.3787   4.9607     102.4043
   3541     489  3462.54    971.46  113.3364  22.3752   4.7568     102.5586
   3541     611  3480.09    1094.11  113.3601  22.3717   4.5532     102.7256
   3541     733  3497.62    1216.57  113.3838  22.3682   4.3499     102.9072
   3541     855  3515.13    1338.83  113.4075  22.3647   4.1469     103.1055
   3541     977  3532.60    1460.91  113.4311  22.3612   3.9442     103.3230
   3541    1099  3550.06    1582.82  113.4548  22.3577   3.7417     103.5628
   3541    1221  3567.49    1704.57  113.4783  22.3542   3.5394     103.8287
   3541    1343  3584.89    1826.17  113.5019  22.3507   3.3374     104.1254
   3541    1465  3602.28    1947.63  113.5254  22.3472   3.1357     104.4588
   3541    1587  3619.65    2068.95  113.5489  22.3437   2.9343     104.8365
   3541    1709  3637.00    2190.16  113.5723  22.3401   2.7331     105.2682
   3541    1831  3654.34    2311.25  113.5958  22.3366   2.5323     105.7666
   3541    1953  3671.66    2432.24  113.6192  22.3331   2.3317     106.3489
   3541    2075  3688.96    2553.14  113.6426  22.3296   2.1316     107.0386
   3541    2197  3706.26    2673.96  113.6660  22.3261   1.9319     107.8687
   3541    2319  3723.55    2794.70  113.6893  22.3226   1.7328     108.8874
   3541    2441  3740.82    2915.39  113.7127  22.3191   1.5344     110.1671
   3541    2563  3758.09    3036.02  113.7360  22.3156   1.3371     111.8226
   3541    2685  3775.36    3156.61  113.7593  22.3121   1.1413     114.0448
   3541    2807  3792.62    3277.17  113.7827  22.3086   0.9479     117.1760
   3541    2929  3809.87    3397.71  113.8060  22.3051   0.7588     121.8831
   3541    3051  3827.13    3518.23  113.8293  22.3015   0.5782     129.6094
   3541    3173  3844.38    3638.76  113.8526  22.2980   0.4170     143.7630
   3541    3295  3861.64    3759.29  113.8759  22.2945   0.3077     171.1064
   3541    3417  3878.90    3879.84  113.8992  22.2910   0.3109     -150.8687
   3541    3539  3896.16    4000.42  113.9225  22.2874   0.4242     -124.3173
   3541    3661  3913.43    4121.03  113.9459  22.2839   0.5869     -110.6104
   3541    3783  3930.70    4241.70  113.9692  22.2803   0.7684     -103.0875
   3541    3905  3947.98    4362.42  113.9925  22.2768   0.9580     -98.4816
   3541    4027  3965.28    4483.20  114.0159  22.2732   1.1519     -95.4067
   3541    4149  3982.58    4604.07  114.0392  22.2697   1.3482     -93.2184
   3541    4271  3999.90    4725.02  114.0626  22.2661   1.5461     -91.5850
   3541    4393  4017.23    4846.08  114.0860  22.2625   1.7450     -90.3202
   3541    4515  4034.57    4967.23  114.1094  22.2590   1.9448     -89.3122
   3541    4637  4051.94    5088.51  114.1329  22.2554   2.1452     -88.4899
   3541    4759  4069.32    5209.91  114.1563  22.2518   2.3461     -87.8062
   3541    4881  4086.72    5331.45  114.1798  22.2482   2.5475     -87.2285
   3541    5003  4104.14    5453.14  114.2033  22.2446   2.7492     -86.7337
   3541    5125  4121.59    5574.98  114.2269  22.2410   2.9514     -86.3050
   3541    5247  4139.06    5697.00  114.2504  22.2373   3.1539     -85.9297
   3541    5369  4156.55    5819.18  114.2740  22.2337   3.3567     -85.5982
   3541    5491  4174.07    5941.56  114.2977  22.2301   3.5598     -85.3031
   3541    5613  4191.62    6064.13  114.3213  22.2264   3.7633     -85.0387
   3541    5735  4209.20    6186.91  114.3451  22.2228   3.9671     -84.8001
   3541    5857  4226.81    6309.91  114.3688  22.2191   4.1712     -84.5837
   3541    6000  4247.50    6454.36  114.3967  22.2148   4.4109     -84.3541
   3659       1  3507.71    454.91  113.2360  22.3685   5.5741     102.0023
   3659     123  3525.40    578.47  113.2599  22.3650   5.3693     102.1264
   3659     245  3543.06    701.79  113.2838  22.3614   5.1648     102.2594
   3659     367  3560.68    824.88  113.3076  22.3579   4.9607     102.4024
   3659     489  3578.27    947.75  113.3314  22.3544   4.7568     102.5567
   3659     611  3595.84    1070.40  113.3552  22.3509   4.5532     102.7237
   3659     733  3613.37    1192.86  113.3789  22.3474   4.3499     102.9053
   3659     855  3630.88    1315.12  113.4025  22.3439   4.1469     103.1035
   3659     977  3648.36    1437.20  113.4262  22.3404   3.9441     103.3209
   3659    1099  3665.81    1559.11  113.4498  22.3368   3.7416     103.5606
   3659    1221  3683.24    1680.86  113.4734  22.3333   3.5394     103.8264
   3659    1343  3700.65    1802.46  113.4969  22.3298   3.3374     104.1231
   3659    1465  3718.05    1923.91  113.5204  22.3263   3.1357     104.4564
   3659    1587  3735.42    2045.23  113.5439  22.3228   2.9343     104.8340
   3659    1709  3752.77    2166.44  113.5673  22.3193   2.7331     105.2656
   3659    1831  3770.11    2287.53  113.5908  22.3158   2.5322     105.7639
   3659    1953  3787.43    2408.52  113.6142  22.3123   2.3317     106.3461
   3659    2075  3804.74    2529.42  113.6376  22.3088   2.1316     107.0356
   3659    2197  3822.04    2650.23  113.6610  22.3053   1.9319     107.8656
   3659    2319  3839.33    2770.98  113.6843  22.3018   1.7328     108.8840
   3659    2441  3856.61    2891.66  113.7077  22.2983   1.5344     110.1636
   3659    2563  3873.89    3012.29  113.7310  22.2948   1.3371     111.8187
   3659    2685  3891.15    3132.88  113.7543  22.2913   1.1413     114.0406
   3659    2807  3908.42    3253.44  113.7776  22.2878   0.9479     117.1712
   3659    2929  3925.68    3373.98  113.8010  22.2842   0.7588     121.8777
   3659    3051  3942.93    3494.50  113.8243  22.2807   0.5781     129.6034
   3659    3173  3960.19    3615.02  113.8476  22.2772   0.4169     143.7570
   3659    3295  3977.45    3735.55  113.8709  22.2737   0.3076     171.1046
   3659    3417  3994.71    3856.10  113.8942  22.2701   0.3109     -150.8626
   3659    3539  4011.98    3976.68  113.9175  22.2666   0.4241     -124.3104
   3659    3661  4029.25    4097.29  113.9408  22.2631   0.5869     -110.6052
   3659    3783  4046.53    4217.96  113.9641  22.2595   0.7684     -103.0837
   3659    3905  4063.81    4338.67  113.9875  22.2560   0.9580     -98.4789
   3659    4027  4081.11    4459.46  114.0108  22.2524   1.1519     -95.4046
   3659    4149  4098.42    4580.33  114.0342  22.2489   1.3482     -93.2169
   3659    4271  4115.73    4701.28  114.0576  22.2453   1.5461     -91.5838
   3659    4393  4133.07    4822.33  114.0810  22.2417   1.7451     -90.3193
   3659    4515  4150.42    4943.49  114.1044  22.2382   1.9448     -89.3116
   3659    4637  4167.78    5064.76  114.1278  22.2346   2.1452     -88.4895
   3659    4759  4185.17    5186.16  114.1513  22.2310   2.3461     -87.8059
   3659    4881  4202.57    5307.70  114.1747  22.2274   2.5475     -87.2284
   3659    5003  4220.00    5429.39  114.1982  22.2238   2.7493     -86.7337
   3659    5125  4237.45    5551.23  114.2218  22.2202   2.9514     -86.3051
   3659    5247  4254.92    5673.24  114.2453  22.2165   3.1539     -85.9299
   3659    5369  4272.42    5795.43  114.2689  22.2129   3.3567     -85.5985
   3659    5491  4289.94    5917.80  114.2926  22.2093   3.5598     -85.3035
   3659    5613  4307.49    6040.37  114.3162  22.2056   3.7633     -85.0391
   3659    5735  4325.08    6163.15  114.3400  22.2020   3.9671     -84.8006
   3659    5857  4342.69    6286.15  114.3637  22.1983   4.1713     -84.5842
   3659    6000  4363.38    6430.60  114.3916  22.1940   4.4109     -84.3547
   3777       1  3623.43    431.20  113.2310  22.3477   5.5740     102.0005
   3777     123  3641.13    554.76  113.2550  22.3441   5.3693     102.1246
   3777     245  3658.79    678.08  113.2788  22.3406   5.1648     102.2576
   3777     367  3676.42    801.17  113.3027  22.3371   4.9606     102.4005
   3777     489  3694.01    924.03  113.3265  22.3336   4.7568     102.5548
   3777     611  3711.58    1046.69  113.3502  22.3301   4.5532     102.7218
   3777     733  3729.11    1169.14  113.3739  22.3265   4.3499     102.9033
   3777     855  3746.62    1291.40  113.3976  22.3230   4.1469     103.1014
   3777     977  3764.11    1413.48  113.4212  22.3195   3.9441     103.3188
   3777    1099  3781.57    1535.39  113.4448  22.3160   3.7416     103.5585
   3777    1221  3799.00    1657.14  113.4684  22.3125   3.5394     103.8242
   3777    1343  3816.42    1778.73  113.4919  22.3090   3.3374     104.1208
   3777    1465  3833.81    1900.19  113.5154  22.3055   3.1357     104.4541
   3777    1587  3851.18    2021.51  113.5389  22.3020   2.9342     104.8316
   3777    1709  3868.54    2142.71  113.5624  22.2985   2.7331     105.2631
   3777    1831  3885.88    2263.80  113.5858  22.2950   2.5322     105.7613
   3777    1953  3903.21    2384.79  113.6092  22.2915   2.3317     106.3433
   3777    2075  3920.52    2505.69  113.6326  22.2880   2.1315     107.0327
   3777    2197  3937.83    2626.50  113.6560  22.2845   1.9319     107.8625
   3777    2319  3955.12    2747.25  113.6793  22.2810   1.7327     108.8807
   3777    2441  3972.40    2867.93  113.7027  22.2775   1.5344     110.1600
   3777    2563  3989.68    2988.56  113.7260  22.2740   1.3370     111.8148
   3777    2685  4006.95    3109.15  113.7493  22.2705   1.1412     114.0363
   3777    2807  4024.21    3229.70  113.7726  22.2669   0.9479     117.1664
   3777    2929  4041.48    3350.24  113.7959  22.2634   0.7587     121.8723
   3777    3051  4058.74    3470.76  113.8192  22.2599   0.5781     129.5973
   3777    3173  4076.00    3591.28  113.8425  22.2564   0.4169     143.7510
   3777    3295  4093.26    3711.81  113.8658  22.2529   0.3076     171.1027
   3777    3417  4110.53    3832.36  113.8892  22.2493   0.3108     -150.8564
   3777    3539  4127.79    3952.94  113.9125  22.2458   0.4241     -124.3034
   3777    3661  4145.07    4073.55  113.9358  22.2423   0.5869     -110.6000
   3777    3783  4162.35    4194.21  113.9591  22.2387   0.7684     -103.0799
   3777    3905  4179.64    4314.93  113.9824  22.2352   0.9580     -98.4761
   3777    4027  4196.94    4435.72  114.0058  22.2316   1.1519     -95.4026
   3777    4149  4214.25    4556.58  114.0291  22.2281   1.3482     -93.2153
   3777    4271  4231.57    4677.53  114.0525  22.2245   1.5461     -91.5827
   3777    4393  4248.91    4798.58  114.0759  22.2209   1.7451     -90.3185
   3777    4515  4266.26    4919.73  114.0993  22.2173   1.9448     -89.3110
   3777    4637  4283.63    5041.01  114.1227  22.2138   2.1452     -88.4891
   3777    4759  4301.02    5162.41  114.1462  22.2102   2.3461     -87.8057
   3777    4881  4318.43    5283.95  114.1697  22.2066   2.5475     -87.2283
   3777    5003  4335.85    5405.63  114.1932  22.2030   2.7493     -86.7338
   3777    5125  4353.31    5527.47  114.2167  22.1993   2.9514     -86.3052
   3777    5247  4370.78    5649.48  114.2403  22.1957   3.1539     -85.9301
   3777    5369  4388.28    5771.67  114.2639  22.1921   3.3567     -85.5988
   3777    5491  4405.81    5894.04  114.2875  22.1885   3.5599     -85.3039
   3777    5613  4423.37    6016.61  114.3112  22.1848   3.7633     -85.0396
   3777    5735  4440.95    6139.39  114.3349  22.1812   3.9671     -84.8012
   3777    5857  4458.57    6262.38  114.3586  22.1775   4.1713     -84.5848
   3777    6000  4479.26    6406.84  114.3865  22.1732   4.4110     -84.3554
   3895       1  3739.16    407.48  113.2261  22.3268   5.5740     101.9988
   3895     123  3756.86    531.04  113.2500  22.3233   5.3692     102.1228
   3895     245  3774.52    654.36  113.2739  22.3198   5.1648     102.2558
   3895     367  3792.15    777.45  113.2977  22.3163   4.9606     102.3987
   3895     489  3809.75    900.32  113.3215  22.3127   4.7568     102.5529
   3895     611  3827.32    1022.97  113.3453  22.3092   4.5532     102.7198
   3895     733  3844.86    1145.42  113.3690  22.3057   4.3499     102.9013
   3895     855  3862.37    1267.68  113.3926  22.3022   4.1468     103.0994
   3895     977  3879.86    1389.76  113.4163  22.2987   3.9441     103.3167
   3895    1099  3897.32    1511.67  113.4399  22.2952   3.7416     103.5563
   3895    1221  3914.76    1633.41  113.4634  22.2917   3.5393     103.8220
   3895    1343  3932.17    1755.01  113.4869  22.2882   3.3374     104.1185
   3895    1465  3949.57    1876.46  113.5104  22.2847   3.1356     104.4517
   3895    1587  3966.95    1997.78  113.5339  22.2812   2.9342     104.8291
   3895    1709  3984.31    2118.98  113.5574  22.2777   2.7330     105.2605
   3895    1831  4001.66    2240.07  113.5808  22.2742   2.5322     105.7586
   3895    1953  4018.99    2361.06  113.6042  22.2707   2.3317     106.3405
   3895    2075  4036.30    2481.95  113.6276  22.2672   2.1315     107.0297
   3895    2197  4053.61    2602.77  113.6510  22.2637   1.9318     107.8593
   3895    2319  4070.90    2723.51  113.6743  22.2602   1.7327     108.8774
   3895    2441  4088.19    2844.19  113.6977  22.2567   1.5343     110.1564
   3895    2563  4105.47    2964.82  113.7210  22.2531   1.3370     111.8109
   3895    2685  4122.74    3085.41  113.7443  22.2496   1.1412     114.0320
   3895    2807  4140.01    3205.97  113.7676  22.2461   0.9478     117.1617
   3895    2929  4157.28    3326.50  113.7909  22.2426   0.7587     121.8669
   3895    3051  4174.54    3447.02  113.8142  22.2391   0.5780     129.5912
   3895    3173  4191.81    3567.54  113.8375  22.2356   0.4168     143.7449
   3895    3295  4209.07    3688.07  113.8608  22.2320   0.3075     171.1009
   3895    3417  4226.34    3808.62  113.8841  22.2285   0.3108     -150.8503
   3895    3539  4243.61    3929.19  113.9074  22.2250   0.4241     -124.2965
   3895    3661  4260.89    4049.80  113.9307  22.2214   0.5869     -110.5948
   3895    3783  4278.17    4170.46  113.9541  22.2179   0.7684     -103.0761
   3895    3905  4295.46    4291.18  113.9774  22.2143   0.9580     -98.4733
   3895    4027  4312.77    4411.96  114.0007  22.2108   1.1519     -95.4005
   3895    4149  4330.08    4532.83  114.0241  22.2072   1.3482     -93.2138
   3895    4271  4347.41    4653.78  114.0474  22.2037   1.5461     -91.5815
   3895    4393  4364.75    4774.82  114.0708  22.2001   1.7451     -90.3176
   3895    4515  4382.10    4895.98  114.0942  22.1965   1.9448     -89.3104
   3895    4637  4399.48    5017.25  114.1177  22.1929   2.1452     -88.4887
   3895    4759  4416.87    5138.65  114.1411  22.1894   2.3461     -87.8055
   3895    4881  4434.28    5260.19  114.1646  22.1858   2.5475     -87.2282
   3895    5003  4451.71    5381.87  114.1881  22.1822   2.7493     -86.7338
   3895    5125  4469.16    5503.71  114.2116  22.1785   2.9514     -86.3054
   3895    5247  4486.64    5625.72  114.2352  22.1749   3.1539     -85.9304
   3895    5369  4504.15    5747.90  114.2588  22.1713   3.3567     -85.5992
   3895    5491  4521.68    5870.27  114.2824  22.1677   3.5599     -85.3043
   3895    5613  4539.24    5992.84  114.3061  22.1640   3.7633     -85.0401
   3895    5735  4556.82    6115.62  114.3298  22.1603   3.9672     -84.8017
   3895    5857  4574.44    6238.61  114.3535  22.1567   4.1713     -84.5854
   3895    6000  4595.14    6383.06  114.3814  22.1524   4.4110     -84.3560
   4013       1  3854.88    383.77  113.2212  22.3060   5.5740     101.9970
   4013     123  3872.58    507.33  113.2451  22.3025   5.3692     102.1210
   4013     245  3890.25    630.64  113.2690  22.2990   5.1648     102.2539
   4013     367  3907.88    753.73  113.2928  22.2954   4.9606     102.3968
   4013     489  3925.49    876.59  113.3166  22.2919   4.7567     102.5510
   4013     611  3943.06    999.25  113.3403  22.2884   4.5532     102.7179
   4013     733  3960.60    1121.70  113.3640  22.2849   4.3499     102.8993
   4013     855  3978.12    1243.96  113.3877  22.2814   4.1468     103.0973
   4013     977  3995.61    1366.03  113.4113  22.2779   3.9441     103.3146
   4013    1099  4013.07    1487.94  113.4349  22.2744   3.7416     103.5541
   4013    1221  4030.51    1609.69  113.4584  22.2709   3.5393     103.8198
   4013    1343  4047.93    1731.28  113.4820  22.2674   3.3373     104.1162
   4013    1465  4065.33    1852.73  113.5055  22.2639   3.1356     104.4493
   4013    1587  4082.71    1974.05  113.5289  22.2604   2.9342     104.8267
   4013    1709  4100.08    2095.25  113.5524  22.2569   2.7330     105.2579
   4013    1831  4117.43    2216.34  113.5758  22.2533   2.5322     105.7559
   4013    1953  4134.76    2337.32  113.5992  22.2498   2.3316     106.3377
   4013    2075  4152.08    2458.22  113.6226  22.2463   2.1315     107.0268
   4013    2197  4169.39    2579.03  113.6460  22.2428   1.9318     107.8562
   4013    2319  4186.69    2699.77  113.6693  22.2393   1.7327     108.8741
   4013    2441  4203.98    2820.45  113.6926  22.2358   1.5343     110.1528
   4013    2563  4221.26    2941.08  113.7160  22.2323   1.3370     111.8070
   4013    2685  4238.54    3061.67  113.7393  22.2288   1.1412     114.0277
   4013    2807  4255.81    3182.22  113.7626  22.2253   0.9478     117.1569
   4013    2929  4273.08    3302.76  113.7859  22.2218   0.7587     121.8615
   4013    3051  4290.34    3423.28  113.8092  22.2183   0.5780     129.5852
   4013    3173  4307.61    3543.80  113.8325  22.2147   0.4168     143.7389
   4013    3295  4324.88    3664.32  113.8558  22.2112   0.3074     171.0991
   4013    3417  4342.15    3784.87  113.8791  22.2077   0.3107     -150.8442
   4013    3539  4359.43    3905.44  113.9024  22.2042   0.4241     -124.2895
   4013    3661  4376.71    4026.05  113.9257  22.2006   0.5869     -110.5896
   4013    3783  4393.99    4146.71  113.9490  22.1971   0.7684     -103.0724
   4013    3905  4411.29    4267.43  113.9723  22.1935   0.9580     -98.4705
   4013    4027  4428.59    4388.21  113.9957  22.1900   1.1519     -95.3984
   4013    4149  4445.91    4509.07  114.0190  22.1864   1.3482     -93.2122
   4013    4271  4463.24    4630.02  114.0424  22.1829   1.5461     -91.5803
   4013    4393  4480.58    4751.07  114.0658  22.1793   1.7451     -90.3168
   4013    4515  4497.94    4872.22  114.0892  22.1757   1.9448     -89.3097
   4013    4637  4515.32    4993.49  114.1126  22.1721   2.1452     -88.4883
   4013    4759  4532.71    5114.89  114.1360  22.1685   2.3462     -87.8052
   4013    4881  4550.13    5236.42  114.1595  22.1649   2.5475     -87.2281
   4013    5003  4567.56    5358.10  114.1830  22.1613   2.7493     -86.7338
   4013    5125  4585.02    5479.94  114.2065  22.1577   2.9514     -86.3055
   4013    5247  4602.50    5601.95  114.2301  22.1541   3.1539     -85.9306
   4013    5369  4620.01    5724.13  114.2537  22.1505   3.3567     -85.5995
   4013    5491  4637.54    5846.50  114.2773  22.1468   3.5599     -85.3047
   4013    5613  4655.10    5969.07  114.3010  22.1432   3.7634     -85.0405
   4013    5735  4672.70    6091.85  114.3247  22.1395   3.9672     -84.8022
   4013    5857  4690.32    6214.84  114.3484  22.1359   4.1713     -84.5860
   4013    6000  4711.02    6359.29  114.3763  22.1316   4.4110     -84.3567
   4131       1  3970.60    360.05  113.2162  22.2852   5.5740     101.9953
   4131     123  3988.31    483.60  113.2401  22.2816   5.3692     102.1193
   4131     245  4005.98    606.92  113.2640  22.2781   5.1647     102.2521
   4131     367  4023.61    730.01  113.2878  22.2746   4.9606     102.3950
   4131     489  4041.22    852.87  113.3116  22.2711   4.7567     102.5491
   4131     611  4058.80    975.52  113.3354  22.2676   4.5531     102.7159
   4131     733  4076.34    1097.97  113.3591  22.2641   4.3498     102.8973
   4131     855  4093.86    1220.23  113.3827  22.2606   4.1468     103.0953
   4131     977  4111.35    1342.30  113.4063  22.2570   3.9440     103.3125
   4131    1099  4128.82    1464.21  113.4299  22.2535   3.7415     103.5520
   4131    1221  4146.27    1585.95  113.4535  22.2500   3.5393     103.8176
   4131    1343  4163.69    1707.54  113.4770  22.2465   3.3373     104.1139
   4131    1465  4181.09    1829.00  113.5005  22.2430   3.1356     104.4470
   4131    1587  4198.48    1950.32  113.5240  22.2395   2.9342     104.8242
   4131    1709  4215.84    2071.51  113.5474  22.2360   2.7330     105.2554
   4131    1831  4233.20    2192.60  113.5708  22.2325   2.5321     105.7533
   4131    1953  4250.53    2313.58  113.5942  22.2290   2.3316     106.3349
   4131    2075  4267.86    2434.48  113.6176  22.2255   2.1315     107.0239
   4131    2197  4285.17    2555.29  113.6410  22.2220   1.9318     107.8531
   4131    2319  4302.47    2676.03  113.6643  22.2185   1.7326     108.8708
   4131    2441  4319.76    2796.71  113.6876  22.2150   1.5343     110.1493
   4131    2563  4337.05    2917.34  113.7110  22.2115   1.3369     111.8032
   4131    2685  4354.33    3037.92  113.7343  22.2080   1.1411     114.0235
   4131    2807  4371.60    3158.47  113.7576  22.2045   0.9477     117.1521
   4131    2929  4388.88    3279.01  113.7809  22.2010   0.7586     121.8561
   4131    3051  4406.15    3399.53  113.8042  22.1974   0.5779     129.5791
   4131    3173  4423.42    3520.04  113.8275  22.1939   0.4167     143.7329
   4131    3295  4440.69    3640.57  113.8508  22.1904   0.3074     171.0972
   4131    3417  4457.96    3761.11  113.8741  22.1869   0.3107     -150.8380
   4131    3539  4475.24    3881.69  113.8974  22.1833   0.4240     -124.2825
   4131    3661  4492.52    4002.30  113.9207  22.1798   0.5868     -110.5843
   4131    3783  4509.81    4122.95  113.9440  22.1763   0.7683     -103.0686
   4131    3905  4527.11    4243.67  113.9673  22.1727   0.9580     -98.4677
   4131    4027  4544.42    4364.45  113.9906  22.1692   1.1519     -95.3963
   4131    4149  4561.74    4485.31  114.0140  22.1656   1.3482     -93.2106
   4131    4271  4579.07    4606.26  114.0373  22.1620   1.5461     -91.5792
   4131    4393  4596.42    4727.30  114.0607  22.1585   1.7451     -90.3159
   4131    4515  4613.78    4848.45  114.0841  22.1549   1.9448     -89.3091
   4131    4637  4631.16    4969.72  114.1075  22.1513   2.1452     -88.4879
   4131    4759  4648.56    5091.12  114.1310  22.1477   2.3462     -87.8050
   4131    4881  4665.98    5212.65  114.1544  22.1441   2.5475     -87.2280
   4131    5003  4683.41    5334.34  114.1779  22.1405   2.7493     -86.7338
   4131    5125  4700.87    5456.17  114.2015  22.1369   2.9514     -86.3056
   4131    5247  4718.36    5578.18  114.2250  22.1333   3.1539     -85.9308
   4131    5369  4735.87    5700.36  114.2486  22.1297   3.3567     -85.5998
   4131    5491  4753.41    5822.73  114.2722  22.1260   3.5599     -85.3051
   4131    5613  4770.97    5945.30  114.2959  22.1224   3.7634     -85.0410
   4131    5735  4788.57    6068.07  114.3196  22.1187   3.9672     -84.8027
   4131    5857  4806.19    6191.06  114.3433  22.1151   4.1713     -84.5866
   4131    6000  4826.90    6335.51  114.3712  22.1108   4.4110     -84.3573
   4249       1  4086.32    336.32  113.2113  22.2643   5.5739     101.9935
   4249     123  4104.03    459.88  113.2352  22.2608   5.3692     102.1175
   4249     245  4121.71    583.19  113.2591  22.2573   5.1647     102.2503
   4249     367  4139.35    706.28  113.2829  22.2538   4.9605     102.3931
   4249     489  4156.95    829.14  113.3067  22.2503   4.7567     102.5472
   4249     611  4174.53    951.79  113.3304  22.2467   4.5531     102.7140
   4249     733  4192.08    1074.24  113.3541  22.2432   4.3498     102.8953
   4249     855  4209.60    1196.49  113.3778  22.2397   4.1468     103.0933
   4249     977  4227.10    1318.57  113.4014  22.2362   3.9440     103.3104
   4249    1099  4244.57    1440.47  113.4250  22.2327   3.7415     103.5498
   4249    1221  4262.02    1562.22  113.4485  22.2292   3.5393     103.8153
   4249    1343  4279.45    1683.81  113.4720  22.2257   3.3373     104.1116
   4249    1465  4296.85    1805.26  113.4955  22.2222   3.1356     104.4446
   4249    1587  4314.24    1926.57  113.5190  22.2187   2.9341     104.8218
   4249    1709  4331.61    2047.77  113.5424  22.2152   2.7330     105.2528
   4249    1831  4348.96    2168.86  113.5658  22.2117   2.5321     105.7506
   4249    1953  4366.30    2289.84  113.5892  22.2082   2.3316     106.3321
   4249    2075  4383.63    2410.73  113.6126  22.2047   2.1314     107.0209
   4249    2197  4400.95    2531.54  113.6360  22.2012   1.9317     107.8500
   4249    2319  4418.25    2652.28  113.6593  22.1977   1.7326     108.8674
   4249    2441  4435.55    2772.96  113.6826  22.1942   1.5342     110.1457
   4249    2563  4452.84    2893.59  113.7060  22.1907   1.3369     111.7993
   4249    2685  4470.12    3014.17  113.7293  22.1872   1.1411     114.0192
   4249    2807  4487.40    3134.72  113.7526  22.1837   0.9477     117.1473
   4249    2929  4504.67    3255.25  113.7759  22.1801   0.7586     121.8507
   4249    3051  4521.95    3375.77  113.7992  22.1766   0.5779     129.5730
   4249    3173  4539.22    3496.29  113.8225  22.1731   0.4166     143.7268
   4249    3295  4556.49    3616.81  113.8457  22.1696   0.3073     171.0954
   4249    3417  4573.77    3737.36  113.8690  22.1661   0.3106     -150.8318
   4249    3539  4591.05    3857.93  113.8923  22.1625   0.4240     -124.2755
   4249    3661  4608.34    3978.53  113.9156  22.1590   0.5868     -110.5791
   4249    3783  4625.63    4099.19  113.9389  22.1554   0.7683     -103.0648
   4249    3905  4642.93    4219.90  113.9623  22.1519   0.9580     -98.4649
   4249    4027  4660.25    4340.69  113.9856  22.1483   1.1519     -95.3943
   4249    4149  4677.57    4461.54  114.0089  22.1448   1.3482     -93.2091
   4249    4271  4694.90    4582.49  114.0323  22.1412   1.5461     -91.5780
   4249    4393  4712.25    4703.54  114.0557  22.1377   1.7451     -90.3150
   4249    4515  4729.62    4824.69  114.0791  22.1341   1.9449     -89.3085
   4249    4637  4747.00    4945.95  114.1025  22.1305   2.1453     -88.4874
   4249    4759  4764.40    5067.35  114.1259  22.1269   2.3462     -87.8047
   4249    4881  4781.82    5188.88  114.1494  22.1233   2.5475     -87.2279
   4249    5003  4799.26    5310.56  114.1729  22.1197   2.7493     -86.7339
   4249    5125  4816.73    5432.40  114.1964  22.1161   2.9515     -86.3058
   4249    5247  4834.22    5554.40  114.2199  22.1125   3.1539     -85.9310
   4249    5369  4851.73    5676.58  114.2435  22.1089   3.3568     -85.6001
   4249    5491  4869.27    5798.95  114.2671  22.1052   3.5599     -85.3055
   4249    5613  4886.84    5921.52  114.2908  22.1016   3.7634     -85.0414
   4249    5735  4904.44    6044.29  114.3145  22.0979   3.9672     -84.8032
   4249    5857  4922.07    6167.28  114.3382  22.0943   4.1713     -84.5872
   4249    6000  4942.77    6311.73  114.3661  22.0899   4.4110     -84.3579
   4367       1  4202.04    312.59  113.2064  22.2435   5.5739     101.9918
   4367     123  4219.75    436.15  113.2303  22.2400   5.3691     102.1157
   4367     245  4237.43    559.46  113.2541  22.2365   5.1647     102.2485
   4367     367  4255.08    682.54  113.2780  22.2329   4.9605     102.3913
   4367     489  4272.69    805.40  113.3017  22.2294   4.7567     102.5453
   4367     611  4290.27    928.05  113.3255  22.2259   4.5531     102.7120
   4367     733  4307.82    1050.50  113.3491  22.2224   4.3498     102.8933
   4367     855  4325.35    1172.76  113.3728  22.2189   4.1467     103.0912
   4367     977  4342.85    1294.83  113.3964  22.2154   3.9440     103.3083
   4367    1099  4360.32    1416.73  113.4200  22.2119   3.7415     103.5477
   4367    1221  4377.77    1538.48  113.4435  22.2084   3.5392     103.8131
   4367    1343  4395.20    1660.07  113.4671  22.2049   3.3373     104.1093
   4367    1465  4412.61    1781.51  113.4905  22.2014   3.1355     104.4422
   4367    1587  4430.00    1902.83  113.5140  22.1979   2.9341     104.8193
   4367    1709  4447.38    2024.03  113.5374  22.1944   2.7329     105.2503
   4367    1831  4464.73    2145.11  113.5609  22.1909   2.5321     105.7479
   4367    1953  4482.08    2266.09  113.5843  22.1874   2.3315     106.3293
   4367    2075  4499.41    2386.98  113.6076  22.1839   2.1314     107.0180
   4367    2197  4516.72    2507.79  113.6310  22.1804   1.9317     107.8469
   4367    2319  4534.03    2628.53  113.6543  22.1769   1.7326     108.8641
   4367    2441  4551.33    2749.21  113.6776  22.1734   1.5342     110.1421
   4367    2563  4568.62    2869.83  113.7010  22.1699   1.3369     111.7954
   4367    2685  4585.91    2990.42  113.7243  22.1663   1.1410     114.0149
   4367    2807  4603.19    3110.97  113.7476  22.1628   0.9477     117.1425
   4367    2929  4620.47    3231.50  113.7709  22.1593   0.7585     121.8453
   4367    3051  4637.74    3352.01  113.7941  22.1558   0.5778     129.5669
   4367    3173  4655.02    3472.53  113.8174  22.1523   0.4166     143.7208
   4367    3295  4672.30    3593.05  113.8407  22.1488   0.3072     171.0935
   4367    3417  4689.58    3713.60  113.8640  22.1452   0.3105     -150.8256
   4367    3539  4706.86    3834.16  113.8873  22.1417   0.4240     -124.2685
   4367    3661  4724.15    3954.77  113.9106  22.1382   0.5868     -110.5738
   4367    3783  4741.45    4075.43  113.9339  22.1346   0.7683     -103.0610
   4367    3905  4758.76    4196.14  113.9572  22.1311   0.9580     -98.4621
   4367    4027  4776.07    4316.92  113.9805  22.1275   1.1519     -95.3922
   4367    4149  4793.40    4437.78  114.0039  22.1240   1.3482     -93.2075
   4367    4271  4810.74    4558.72  114.0272  22.1204   1.5461     -91.5768
   4367    4393  4828.09    4679.76  114.0506  22.1168   1.7451     -90.3142
   4367    4515  4845.46    4800.91  114.0740  22.1133   1.9449     -89.3079
   4367    4637  4862.84    4922.18  114.0974  22.1097   2.1453     -88.4870
   4367    4759  4880.25    5043.58  114.1209  22.1061   2.3462     -87.8045
   4367    4881  4897.67    5165.11  114.1443  22.1025   2.5476     -87.2278
   4367    5003  4915.11    5286.79  114.1678  22.0989   2.7493     -86.7339
   4367    5125  4932.58    5408.62  114.1913  22.0953   2.9515     -86.3059
   4367    5247  4950.07    5530.62  114.2149  22.0917   3.1539     -85.9313
   4367    5369  4967.59    5652.80  114.2384  22.0881   3.3568     -85.6004
   4367    5491  4985.13    5775.17  114.2621  22.0844   3.5599     -85.3059
   4367    5613  5002.70    5897.73  114.2857  22.0808   3.7634     -85.0419
   4367    5735  5020.31    6020.51  114.3094  22.0771   3.9672     -84.8038
   4367    5857  5037.94    6143.49  114.3331  22.0735   4.1713     -84.5877
   4367    6000  5058.65    6287.94  114.3610  22.0691   4.4110     -84.3586
   4485       1  4317.76    288.86  113.2014  22.2227   5.5739     101.9900
   4485     123  4335.48    412.41  113.2253  22.2192   5.3691     102.1139
   4485     245  4353.16    535.72  113.2492  22.2156   5.1647     102.2467
   4485     367  4370.80    658.81  113.2730  22.2121   4.9605     102.3894
   4485     489  4388.42    781.67  113.2968  22.2086   4.7566     102.5434
   4485     611  4406.00    904.31  113.3205  22.2051   4.5531     102.7101
   4485     733  4423.56    1026.76  113.3442  22.2016   4.3498     102.8913
   4485     855  4441.09    1149.01  113.3678  22.1981   4.1467     103.0892
   4485     977  4458.59    1271.09  113.3915  22.1946   3.9440     103.3062
   4485    1099  4476.07    1392.99  113.4150  22.1911   3.7415     103.5455
   4485    1221  4493.52    1514.73  113.4386  22.1876   3.5392     103.8109
   4485    1343  4510.96    1636.32  113.4621  22.1841   3.3372     104.1070
   4485    1465  4528.37    1757.77  113.4856  22.1806   3.1355     104.4399
   4485    1587  4545.76    1879.08  113.5090  22.1771   2.9341     104.8168
   4485    1709  4563.14    2000.28  113.5325  22.1736   2.7329     105.2477
   4485    1831  4580.50    2121.36  113.5559  22.1701   2.5320     105.7453
   4485    1953  4597.85    2242.34  113.5793  22.1666   2.3315     106.3265
   4485    2075  4615.18    2363.23  113.6026  22.1631   2.1314     107.0150
   4485    2197  4632.50    2484.04  113.6260  22.1595   1.9317     107.8438
   4485    2319  4649.81    2604.78  113.6493  22.1560   1.7326     108.8608
   4485    2441  4667.11    2725.45  113.6726  22.1525   1.5342     110.1385
   4485    2563  4684.41    2846.08  113.6960  22.1490   1.3368     111.7915
   4485    2685  4701.70    2966.66  113.7193  22.1455   1.1410     114.0106
   4485    2807  4718.98    3087.21  113.7426  22.1420   0.9476     117.1378
   4485    2929  4736.26    3207.74  113.7658  22.1385   0.7585     121.8399
   4485    3051  4753.54    3328.25  113.7891  22.1350   0.5778     129.5608
   4485    3173  4770.82    3448.77  113.8124  22.1315   0.4165     143.7147
   4485    3295  4788.10    3569.29  113.8357  22.1279   0.3072     171.0917
   4485    3417  4805.39    3689.83  113.8590  22.1244   0.3105     -150.8194
   4485    3539  4822.67    3810.40  113.8823  22.1209   0.4239     -124.2615
   4485    3661  4839.97    3931.00  113.9056  22.1174   0.5868     -110.5686
   4485    3783  4857.27    4051.66  113.9289  22.1138   0.7683     -103.0571
   4485    3905  4874.58    4172.37  113.9522  22.1103   0.9580     -98.4593
   4485    4027  4891.89    4293.15  113.9755  22.1067   1.1519     -95.3901
   4485    4149  4909.22    4414.00  113.9988  22.1032   1.3482     -93.2059
   4485    4271  4926.56    4534.95  114.0222  22.0996   1.5461     -91.5756
   4485    4393  4943.92    4655.99  114.0456  22.0960   1.7451     -90.3133
   4485    4515  4961.29    4777.14  114.0689  22.0925   1.9449     -89.3073
   4485    4637  4978.68    4898.40  114.0924  22.0889   2.1453     -88.4866
   4485    4759  4996.09    5019.80  114.1158  22.0853   2.3462     -87.8042
   4485    4881  5013.51    5141.33  114.1392  22.0817   2.5476     -87.2277
   4485    5003  5030.96    5263.00  114.1627  22.0781   2.7493     -86.7339
   4485    5125  5048.43    5384.84  114.1862  22.0745   2.9515     -86.3060
   4485    5247  5065.93    5506.84  114.2098  22.0709   3.1540     -85.9315
   4485    5369  5083.45    5629.02  114.2334  22.0672   3.3568     -85.6007
   4485    5491  5100.99    5751.39  114.2570  22.0636   3.5599     -85.3063
   4485    5613  5118.57    5873.95  114.2806  22.0600   3.7634     -85.0424
   4485    5735  5136.17    5996.72  114.3043  22.0563   3.9672     -84.8043
   4485    5857  5153.81    6119.70  114.3280  22.0526   4.1714     -84.5883
   4485    6000  5174.52    6264.15  114.3559  22.0483   4.4110     -84.3592
   4603       1  4433.48    265.12  113.1965  22.2018   5.5739     101.9883
   4603     123  4451.20    388.67  113.2204  22.1983   5.3691     102.1121
   4603     245  4468.88    511.98  113.2443  22.1948   5.1646     102.2449
   4603     367  4486.53    635.06  113.2681  22.1913   4.9605     102.3875
   4603     489  4504.15    757.92  113.2918  22.1878   4.7566     102.5415
   4603     611  4521.74    880.57  113.3156  22.1843   4.5530     102.7082
   4603     733  4539.30    1003.02  113.3392  22.1807   4.3497     102.8893
   4603     855  4556.83    1125.27  113.3629  22.1772   4.1467     103.0871
   4603     977  4574.33    1247.34  113.3865  22.1737   3.9439     103.3041
   4603    1099  4591.81    1369.24  113.4101  22.1702   3.7414     103.5434
   4603    1221  4609.27    1490.98  113.4336  22.1667   3.5392     103.8087
   4603    1343  4626.71    1612.57  113.4571  22.1632   3.3372     104.1047
   4603    1465  4644.12    1734.02  113.4806  22.1597   3.1355     104.4375
   4603    1587  4661.52    1855.33  113.5041  22.1562   2.9340     104.8144
   4603    1709  4678.90    1976.52  113.5275  22.1527   2.7329     105.2452
   4603    1831  4696.26    2097.61  113.5509  22.1492   2.5320     105.7426
   4603    1953  4713.61    2218.59  113.5743  22.1457   2.3315     106.3238
   4603    2075  4730.95    2339.47  113.5976  22.1422   2.1313     107.0121
   4603    2197  4748.27    2460.28  113.6210  22.1387   1.9316     107.8406
   4603    2319  4765.59    2581.02  113.6443  22.1352   1.7325     108.8575
   4603    2441  4782.89    2701.69  113.6677  22.1317   1.5341     110.1350
   4603    2563  4800.19    2822.31  113.6910  22.1282   1.3368     111.7876
   4603    2685  4817.48    2942.90  113.7143  22.1247   1.1410     114.0063
   4603    2807  4834.77    3063.44  113.7375  22.1212   0.9476     117.1330
   4603    2929  4852.06    3183.97  113.7608  22.1177   0.7584     121.8345
   4603    3051  4869.34    3304.49  113.7841  22.1142   0.5777     129.5548
   4603    3173  4886.62    3425.00  113.8074  22.1106   0.4164     143.7086
   4603    3295  4903.91    3545.52  113.8307  22.1071   0.3071     171.0898
   4603    3417  4921.19    3666.06  113.8540  22.1036   0.3104     -150.8132
   4603    3539  4938.48    3786.63  113.8772  22.1001   0.4239     -124.2545
   4603    3661  4955.78    3907.23  113.9005  22.0965   0.5868     -110.5633
   4603    3783  4973.08    4027.88  113.9238  22.0930   0.7683     -103.0533
   4603    3905  4990.39    4148.59  113.9471  22.0895   0.9580     -98.4565
   4603    4027  5007.72    4269.37  113.9705  22.0859   1.1519     -95.3880
   4603    4149  5025.05    4390.23  113.9938  22.0823   1.3482     -93.2043
   4603    4271  5042.39    4511.17  114.0171  22.0788   1.5461     -91.5744
   4603    4393  5059.75    4632.21  114.0405  22.0752   1.7451     -90.3124
   4603    4515  5077.13    4753.36  114.0639  22.0716   1.9449     -89.3066
   4603    4637  5094.52    4874.62  114.0873  22.0681   2.1453     -88.4862
   4603    4759  5111.93    4996.01  114.1107  22.0645   2.3462     -87.8040
   4603    4881  5129.36    5117.54  114.1342  22.0609   2.5476     -87.2276
   4603    5003  5146.81    5239.22  114.1577  22.0573   2.7493     -86.7339
   4603    5125  5164.28    5361.05  114.1812  22.0537   2.9515     -86.3061
   4603    5247  5181.78    5483.05  114.2047  22.0501   3.1540     -85.9317
   4603    5369  5199.30    5605.23  114.2283  22.0464   3.3568     -85.6010
   4603    5491  5216.85    5727.60  114.2519  22.0428   3.5599     -85.3067
   4603    5613  5234.43    5850.16  114.2755  22.0392   3.7634     -85.0428
   4603    5735  5252.04    5972.92  114.2992  22.0355   3.9672     -84.8048
   4603    5857  5269.68    6095.91  114.3229  22.0318   4.1714     -84.5889
   4603    6000  5290.39    6240.35  114.3508  22.0275   4.4111     -84.3598
   4721       1  4549.20    241.38  113.1916  22.1810   5.5738     101.9865
   4721     123  4566.92    364.93  113.2155  22.1775   5.3691     102.1104
   4721     245  4584.60    488.24  113.2393  22.1740   5.1646     102.2430
   4721     367  4602.26    611.32  113.2631  22.1705   4.9605     102.3857
   4721     489  4619.88    734.18  113.2869  22.1669   4.7566     102.5396
   4721     611  4637.47    856.82  113.3106  22.1634   4.5530     102.7062
   4721     733  4655.03    979.27  113.3343  22.1599   4.3497     102.8873
   4721     855  4672.57    1101.52  113.3579  22.1564   4.1467     103.0851
   4721     977  4690.08    1223.59  113.3815  22.1529   3.9439     103.3020
   4721    1099  4707.56    1345.49  113.4051  22.1494   3.7414     103.5412
   4721    1221  4725.02    1467.23  113.4287  22.1459   3.5392     103.8065
   4721    1343  4742.46    1588.81  113.4522  22.1424   3.3372     104.1025
   4721    1465  4759.88    1710.26  113.4756  22.1389   3.1355     104.4351
   4721    1587  4777.28    1831.57  113.4991  22.1354   2.9340     104.8119
   4721    1709  4794.66    1952.77  113.5225  22.1319   2.7329     105.2426
   4721    1831  4812.03    2073.85  113.5459  22.1284   2.5320     105.7399
   4721    1953  4829.38    2194.83  113.5693  22.1249   2.3315     106.3210
   4721    2075  4846.72    2315.71  113.5927  22.1214   2.1313     107.0091
   4721    2197  4864.05    2436.52  113.6160  22.1179   1.9316     107.8375
   4721    2319  4881.37    2557.25  113.6393  22.1144   1.7325     108.8541
   4721    2441  4898.67    2677.93  113.6627  22.1109   1.5341     110.1314
   4721    2563  4915.98    2798.55  113.6860  22.1074   1.3368     111.7837
   4721    2685  4933.27    2919.13  113.7093  22.1039   1.1409     114.0020
   4721    2807  4950.56    3039.68  113.7325  22.1004   0.9475     117.1282
   4721    2929  4967.85    3160.20  113.7558  22.0969   0.7584     121.8291
   4721    3051  4985.14    3280.72  113.7791  22.0933   0.5777     129.5487
   4721    3173  5002.42    3401.23  113.8024  22.0898   0.4164     143.7025
   4721    3295  5019.71    3521.75  113.8257  22.0863   0.3070     171.0880
   4721    3417  5037.00    3642.29  113.8489  22.0828   0.3104     -150.8070
   4721    3539  5054.29    3762.85  113.8722  22.0793   0.4239     -124.2475
   4721    3661  5071.59    3883.46  113.8955  22.0757   0.5868     -110.5580
   4721    3783  5088.90    4004.11  113.9188  22.0722   0.7683     -103.0495
   4721    3905  5106.21    4124.82  113.9421  22.0686   0.9580     -98.4537
   4721    4027  5123.54    4245.59  113.9654  22.0651   1.1519     -95.3859
   4721    4149  5140.87    4366.45  113.9887  22.0615   1.3482     -93.2028
   4721    4271  5158.22    4487.39  114.0121  22.0580   1.5461     -91.5732
   4721    4393  5175.58    4608.43  114.0355  22.0544   1.7451     -90.3115
   4721    4515  5192.96    4729.57  114.0588  22.0508   1.9449     -89.3060
   4721    4637  5210.35    4850.84  114.0822  22.0473   2.1453     -88.4857
   4721    4759  5227.77    4972.23  114.1057  22.0437   2.3462     -87.8037
   4721    4881  5245.20    5093.76  114.1291  22.0401   2.5476     -87.2274
   4721    5003  5262.65    5215.43  114.1526  22.0365   2.7494     -86.7339
   4721    5125  5280.13    5337.26  114.1761  22.0329   2.9515     -86.3063
   4721    5247  5297.63    5459.26  114.1996  22.0292   3.1540     -85.9319
   4721    5369  5315.16    5581.44  114.2232  22.0256   3.3568     -85.6013
   4721    5491  5332.71    5703.80  114.2468  22.0220   3.5600     -85.3070
   4721    5613  5350.29    5826.36  114.2704  22.0183   3.7634     -85.0432
   4721    5735  5367.90    5949.13  114.2941  22.0147   3.9672     -84.8053
   4721    5857  5385.54    6072.11  114.3178  22.0110   4.1714     -84.5895
   4721    6000  5406.27    6216.55  114.3457  22.0067   4.4111     -84.3605
   4839       1  4664.91    217.63  113.1866  22.1602   5.5738     101.9848
   4839     123  4682.64    341.18  113.2105  22.1567   5.3690     102.1086
   4839     245  4700.33    464.49  113.2344  22.1531   5.1646     102.2412
   4839     367  4717.98    587.57  113.2582  22.1496   4.9604     102.3838
   4839     489  4735.61    710.42  113.2820  22.1461   4.7566     102.5377
   4839     611  4753.20    833.07  113.3057  22.1426   4.5530     102.7043
   4839     733  4770.77    955.51  113.3294  22.1391   4.3497     102.8854
   4839     855  4788.30    1077.76  113.3530  22.1356   4.1467     103.0831
   4839     977  4805.82    1199.83  113.3766  22.1321   3.9439     103.2999
   4839    1099  4823.30    1321.73  113.4002  22.1286   3.7414     103.5391
   4839    1221  4840.77    1443.47  113.4237  22.1251   3.5391     103.8042
   4839    1343  4858.21    1565.06  113.4472  22.1216   3.3372     104.1002
   4839    1465  4875.63    1686.50  113.4707  22.1181   3.1354     104.4327
   4839    1587  4893.04    1807.81  113.4941  22.1146   2.9340     104.8095
   4839    1709  4910.42    1929.00  113.5175  22.1111   2.7328     105.2401
   4839    1831  4927.79    2050.08  113.5409  22.1076   2.5320     105.7373
   4839    1953  4945.15    2171.06  113.5643  22.1041   2.3314     106.3182
   4839    2075  4962.49    2291.95  113.5877  22.1006   2.1313     107.0062
   4839    2197  4979.82    2412.75  113.6110  22.0971   1.9316     107.8344
   4839    2319  4997.14    2533.49  113.6343  22.0936   1.7325     108.8508
   4839    2441  5014.45    2654.16  113.6577  22.0901   1.5341     110.1278
   4839    2563  5031.76    2774.78  113.6810  22.0866   1.3367     111.7798
   4839    2685  5049.06    2895.36  113.7043  22.0831   1.1409     113.9978
   4839    2807  5066.35    3015.90  113.7275  22.0796   0.9475     117.1234
   4839    2929  5083.64    3136.43  113.7508  22.0760   0.7584     121.8236
   4839    3051  5100.93    3256.94  113.7741  22.0725   0.5776     129.5425
   4839    3173  5118.22    3377.45  113.7974  22.0690   0.4163     143.6965
   4839    3295  5135.51    3497.97  113.8206  22.0655   0.3069     171.0861
   4839    3417  5152.80    3618.51  113.8439  22.0620   0.3103     -150.8008
   4839    3539  5170.10    3739.07  113.8672  22.0584   0.4238     -124.2405
   4839    3661  5187.40    3859.67  113.8905  22.0549   0.5867     -110.5527
   4839    3783  5204.71    3980.32  113.9138  22.0514   0.7683     -103.0457
   4839    3905  5222.03    4101.03  113.9371  22.0478   0.9580     -98.4509
   4839    4027  5239.36    4221.81  113.9604  22.0443   1.1519     -95.3838
   4839    4149  5256.69    4342.66  113.9837  22.0407   1.3483     -93.2012
   4839    4271  5274.05    4463.60  114.0070  22.0372   1.5461     -91.5720
   4839    4393  5291.41    4584.64  114.0304  22.0336   1.7451     -90.3106
   4839    4515  5308.79    4705.78  114.0538  22.0300   1.9449     -89.3053
   4839    4637  5326.19    4827.05  114.0772  22.0264   2.1453     -88.4853
   4839    4759  5343.61    4948.44  114.1006  22.0229   2.3462     -87.8034
   4839    4881  5361.04    5069.96  114.1241  22.0193   2.5476     -87.2273
   4839    5003  5378.50    5191.64  114.1475  22.0157   2.7494     -86.7339
   4839    5125  5395.98    5313.47  114.1710  22.0121   2.9515     -86.3064
   4839    5247  5413.48    5435.47  114.1946  22.0084   3.1540     -85.9321
   4839    5369  5431.01    5557.64  114.2181  22.0048   3.3568     -85.6016
   4839    5491  5448.57    5680.00  114.2417  22.0012   3.5600     -85.3074
   4839    5613  5466.15    5802.56  114.2654  21.9975   3.7635     -85.0437
   4839    5735  5483.77    5925.33  114.2890  21.9939   3.9673     -84.8058
   4839    5857  5501.41    6048.31  114.3127  21.9902   4.1714     -84.5900
   4839    6000  5522.14    6192.75  114.3406  21.9859   4.4111     -84.3611
   4957       1  4780.63    193.88  113.1817  22.1394   5.5738     101.9831
   4957     123  4798.35    317.43  113.2056  22.1358   5.3690     102.1068
   4957     245  4816.05    440.74  113.2295  22.1323   5.1646     102.2394
   4957     367  4833.71    563.82  113.2533  22.1288   4.9604     102.3820
   4957     489  4851.33    686.67  113.2770  22.1253   4.7565     102.5358
   4957     611  4868.93    809.31  113.3007  22.1218   4.5530     102.7023
   4957     733  4886.50    931.76  113.3244  22.1183   4.3497     102.8834
   4957     855  4904.04    1054.01  113.3480  22.1148   4.1466     103.0810
   4957     977  4921.56    1176.08  113.3716  22.1113   3.9439     103.2979
   4957    1099  4939.05    1297.97  113.3952  22.1078   3.7414     103.5369
   4957    1221  4956.51    1419.71  113.4187  22.1042   3.5391     103.8020
   4957    1343  4973.96    1541.29  113.4422  22.1007   3.3371     104.0979
   4957    1465  4991.39    1662.74  113.4657  22.0973   3.1354     104.4304
   4957    1587  5008.79    1784.05  113.4891  22.0938   2.9340     104.8070
   4957    1709  5026.18    1905.24  113.5126  22.0903   2.7328     105.2375
   4957    1831  5043.55    2026.32  113.5360  22.0868   2.5319     105.7346
   4957    1953  5060.91    2147.29  113.5593  22.0833   2.3314     106.3154
   4957    2075  5078.26    2268.18  113.5827  22.0798   2.1313     107.0033
   4957    2197  5095.59    2388.98  113.6060  22.0763   1.9316     107.8313
   4957    2319  5112.92    2509.71  113.6294  22.0728   1.7324     108.8475
   4957    2441  5130.23    2630.39  113.6527  22.0693   1.5340     110.1242
   4957    2563  5147.54    2751.00  113.6760  22.0657   1.3367     111.7759
   4957    2685  5164.84    2871.58  113.6993  22.0622   1.1409     113.9935
   4957    2807  5182.14    2992.13  113.7225  22.0587   0.9475     117.1186
   4957    2929  5199.43    3112.65  113.7458  22.0552   0.7583     121.8182
   4957    3051  5216.72    3233.16  113.7691  22.0517   0.5776     129.5364
   4957    3173  5234.02    3353.67  113.7923  22.0482   0.4163     143.6904
   4957    3295  5251.31    3474.19  113.8156  22.0447   0.3069     171.0843
   4957    3417  5268.60    3594.73  113.8389  22.0411   0.3103     -150.7946
   4957    3539  5285.90    3715.29  113.8622  22.0376   0.4238     -124.2334
   4957    3661  5303.21    3835.89  113.8854  22.0341   0.5867     -110.5475
   4957    3783  5320.52    3956.54  113.9087  22.0305   0.7683     -103.0418
   4957    3905  5337.84    4077.25  113.9320  22.0270   0.9580     -98.4481
   4957    4027  5355.17    4198.02  113.9553  22.0235   1.1519     -95.3816
   4957    4149  5372.52    4318.87  113.9787  22.0199   1.3483     -93.1996
   4957    4271  5389.87    4439.81  114.0020  22.0163   1.5462     -91.5708
   4957    4393  5407.24    4560.85  114.0254  22.0128   1.7451     -90.3097
   4957    4515  5424.62    4681.99  114.0487  22.0092   1.9449     -89.3047
   4957    4637  5442.02    4803.25  114.0721  22.0056   2.1453     -88.4849
   4957    4759  5459.44    4924.64  114.0955  22.0020   2.3462     -87.8032
   4957    4881  5476.88    5046.17  114.1190  21.9985   2.5476     -87.2272
   4957    5003  5494.34    5167.84  114.1425  21.9949   2.7494     -86.7339
   4957    5125  5511.82    5289.67  114.1660  21.9912   2.9515     -86.3065
   4957    5247  5529.33    5411.67  114.1895  21.9876   3.1540     -85.9323
   4957    5369  5546.86    5533.84  114.2130  21.9840   3.3568     -85.6019
   4957    5491  5564.42    5656.20  114.2366  21.9804   3.5600     -85.3078
   4957    5613  5582.01    5778.76  114.2603  21.9767   3.7635     -85.0441
   4957    5735  5599.63    5901.52  114.2839  21.9731   3.9673     -84.8063
   4957    5857  5617.28    6024.50  114.3077  21.9694   4.1714     -84.5906
   4957    6000  5638.01    6168.94  114.3355  21.9651   4.4111     -84.3617
   5075       1  4896.34    170.12  113.1768  22.1185   5.5738     101.9813
   5075     123  4914.07    293.67  113.2007  22.1150   5.3690     102.1050
   5075     245  4931.77    416.98  113.2245  22.1115   5.1645     102.2376
   5075     367  4949.43    540.06  113.2483  22.1080   4.9604     102.3801
   5075     489  4967.06    662.91  113.2721  22.1045   4.7565     102.5339
   5075     611  4984.66    785.55  113.2958  22.1009   4.5529     102.7004
   5075     733  5002.23    907.99  113.3195  22.0974   4.3496     102.8814
   5075     855  5019.78    1030.24  113.3431  22.0939   4.1466     103.0790
   5075     977  5037.30    1152.31  113.3667  22.0904   3.9438     103.2958
   5075    1099  5054.79    1274.21  113.3902  22.0869   3.7413     103.5348
   5075    1221  5072.26    1395.94  113.4138  22.0834   3.5391     103.7998
   5075    1343  5089.71    1517.53  113.4373  22.0799   3.3371     104.0956
   5075    1465  5107.14    1638.97  113.4607  22.0764   3.1354     104.4280
   5075    1587  5124.55    1760.28  113.4842  22.0729   2.9339     104.8046
   5075    1709  5141.94    1881.47  113.5076  22.0694   2.7328     105.2350
   5075    1831  5159.32    2002.54  113.5310  22.0659   2.5319     105.7319
   5075    1953  5176.68    2123.52  113.5544  22.0624   2.3314     106.3126
   5075    2075  5194.03    2244.40  113.5777  22.0589   2.1312     107.0003
   5075    2197  5211.36    2365.21  113.6010  22.0554   1.9315     107.8282
   5075    2319  5228.69    2485.94  113.6244  22.0519   1.7324     108.8441
   5075    2441  5246.01    2606.61  113.6477  22.0484   1.5340     110.1206
   5075    2563  5263.32    2727.23  113.6710  22.0449   1.3367     111.7720
   5075    2685  5280.62    2847.80  113.6942  22.0414   1.1408     113.9892
   5075    2807  5297.92    2968.35  113.7175  22.0379   0.9474     117.1138
   5075    2929  5315.22    3088.87  113.7408  22.0344   0.7583     121.8128
   5075    3051  5332.52    3209.38  113.7641  22.0309   0.5775     129.5303
   5075    3173  5349.81    3329.89  113.7873  22.0274   0.4162     143.6843
   5075    3295  5367.11    3450.41  113.8106  22.0238   0.3068     171.0824
   5075    3417  5384.41    3570.94  113.8339  22.0203   0.3102     -150.7884
   5075    3539  5401.71    3691.50  113.8571  22.0168   0.4238     -124.2263
   5075    3661  5419.02    3812.10  113.8804  22.0133   0.5867     -110.5421
   5075    3783  5436.33    3932.75  113.9037  22.0097   0.7683     -103.0380
   5075    3905  5453.66    4053.46  113.9270  22.0062   0.9580     -98.4452
   5075    4027  5470.99    4174.23  113.9503  22.0026   1.1519     -95.3795
   5075    4149  5488.34    4295.08  113.9736  21.9991   1.3483     -93.1980
   5075    4271  5505.69    4416.02  113.9970  21.9955   1.5462     -91.5696
   5075    4393  5523.06    4537.05  114.0203  21.9920   1.7451     -90.3088
   5075    4515  5540.45    4658.20  114.0437  21.9884   1.9449     -89.3041
   5075    4637  5557.86    4779.46  114.0671  21.9848   2.1453     -88.4844
   5075    4759  5575.28    4900.84  114.0905  21.9812   2.3462     -87.8029
   5075    4881  5592.72    5022.37  114.1139  21.9776   2.5476     -87.2271
   5075    5003  5610.18    5144.04  114.1374  21.9740   2.7494     -86.7339
   5075    5125  5627.67    5265.87  114.1609  21.9704   2.9515     -86.3066
   5075    5247  5645.18    5387.86  114.1844  21.9668   3.1540     -85.9325
   5075    5369  5662.71    5510.03  114.2080  21.9632   3.3568     -85.6022
   5075    5491  5680.28    5632.39  114.2316  21.9596   3.5600     -85.3081
   5075    5613  5697.87    5754.95  114.2552  21.9559   3.7635     -85.0446
   5075    5735  5715.49    5877.71  114.2789  21.9523   3.9673     -84.8068
   5075    5857  5733.14    6000.69  114.3026  21.9486   4.1714     -84.5911
   5075    6000  5753.87    6145.13  114.3304  21.9443   4.4111     -84.3624
   5193       1  5012.05    146.36  113.1719  22.0977   5.5737     101.9796
   5193     123  5029.79    269.91  113.1958  22.0942   5.3690     102.1032
   5193     245  5047.49    393.22  113.2196  22.0906   5.1645     102.2358
   5193     367  5065.15    516.29  113.2434  22.0871   4.9604     102.3783
   5193     489  5082.79    639.15  113.2671  22.0836   4.7565     102.5320
   5193     611  5100.39    761.79  113.2908  22.0801   4.5529     102.6985
   5193     733  5117.97    884.23  113.3145  22.0766   4.3496     102.8794
   5193     855  5135.51    1006.48  113.3381  22.0731   4.1466     103.0770
   5193     977  5153.03    1128.54  113.3617  22.0696   3.9438     103.2937
   5193    1099  5170.53    1250.44  113.3853  22.0661   3.7413     103.5326
   5193    1221  5188.00    1372.17  113.4088  22.0626   3.5391     103.7976
   5193    1343  5205.46    1493.75  113.4323  22.0591   3.3371     104.0933
   5193    1465  5222.89    1615.20  113.4558  22.0556   3.1354     104.4257
   5193    1587  5240.30    1736.50  113.4792  22.0521   2.9339     104.8021
   5193    1709  5257.70    1857.69  113.5026  22.0486   2.7327     105.2324
   5193    1831  5275.08    1978.77  113.5260  22.0451   2.5319     105.7293
   5193    1953  5292.44    2099.74  113.5494  22.0416   2.3313     106.3098
   5193    2075  5309.79    2220.63  113.5727  22.0381   2.1312     106.9974
   5193    2197  5327.13    2341.43  113.5961  22.0346   1.9315     107.8251
   5193    2319  5344.46    2462.16  113.6194  22.0311   1.7324     108.8408
   5193    2441  5361.78    2582.83  113.6427  22.0276   1.5340     110.1171
   5193    2563  5379.10    2703.44  113.6660  22.0241   1.3366     111.7681
   5193    2685  5396.40    2824.02  113.6893  22.0206   1.1408     113.9849
   5193    2807  5413.71    2944.56  113.7125  22.0171   0.9474     117.1090
   5193    2929  5431.01    3065.08  113.7358  22.0136   0.7582     121.8073
   5193    3051  5448.31    3185.59  113.7591  22.0101   0.5775     129.5242
   5193    3173  5465.60    3306.10  113.7823  22.0065   0.4161     143.6782
   5193    3295  5482.90    3426.62  113.8056  22.0030   0.3067     171.0806
   5193    3417  5500.21    3547.15  113.8288  21.9995   0.3102     -150.7821
   5193    3539  5517.51    3667.71  113.8521  21.9960   0.4237     -124.2193
   5193    3661  5534.82    3788.31  113.8754  21.9924   0.5867     -110.5368
   5193    3783  5552.14    3908.96  113.8987  21.9889   0.7683     -103.0341
   5193    3905  5569.47    4029.66  113.9220  21.9854   0.9580     -98.4424
   5193    4027  5586.81    4150.43  113.9453  21.9818   1.1519     -95.3774
   5193    4149  5604.15    4271.28  113.9686  21.9783   1.3483     -93.1964
   5193    4271  5621.52    4392.22  113.9919  21.9747   1.5462     -91.5684
   5193    4393  5638.89    4513.25  114.0153  21.9711   1.7451     -90.3079
   5193    4515  5656.28    4634.39  114.0386  21.9676   1.9449     -89.3034
   5193    4637  5673.69    4755.65  114.0620  21.9640   2.1453     -88.4840
   5193    4759  5691.11    4877.04  114.0854  21.9604   2.3463     -87.8026
   5193    4881  5708.56    4998.56  114.1089  21.9568   2.5476     -87.2269
   5193    5003  5726.02    5120.23  114.1323  21.9532   2.7494     -86.7339
   5193    5125  5743.51    5242.06  114.1558  21.9496   2.9515     -86.3067
   5193    5247  5761.03    5364.05  114.1793  21.9460   3.1540     -85.9327
   5193    5369  5778.57    5486.23  114.2029  21.9424   3.3569     -85.6025
   5193    5491  5796.13    5608.58  114.2265  21.9388   3.5600     -85.3085
   5193    5613  5813.73    5731.14  114.2501  21.9351   3.7635     -85.0450
   5193    5735  5831.35    5853.90  114.2738  21.9315   3.9673     -84.8073
   5193    5857  5849.00    5976.88  114.2975  21.9278   4.1714     -84.5917
   5193    6000  5869.74    6121.32  114.3253  21.9235   4.4111     -84.3630
   5311       1  5127.76    122.60  113.1669  22.0769   5.5737     101.9778
   5311     123  5145.50    246.15  113.1908  22.0733   5.3690     102.1015
   5311     245  5163.20    369.46  113.2147  22.0698   5.1645     102.2340
   5311     367  5180.87    492.53  113.2385  22.0663   4.9603     102.3764
   5311     489  5198.51    615.38  113.2622  22.0628   4.7565     102.5301
   5311     611  5216.12    738.02  113.2859  22.0593   4.5529     102.6965
   5311     733  5233.70    860.46  113.3096  22.0558   4.3496     102.8774
   5311     855  5251.25    982.71  113.3332  22.0523   4.1466     103.0749
   5311     977  5268.77    1104.77  113.3568  22.0488   3.9438     103.2916
   5311    1099  5286.27    1226.67  113.3803  22.0453   3.7413     103.5305
   5311    1221  5303.75    1348.40  113.4039  22.0418   3.5390     103.7954
   5311    1343  5321.20    1469.98  113.4273  22.0383   3.3371     104.0910
   5311    1465  5338.64    1591.42  113.4508  22.0348   3.1353     104.4233
   5311    1587  5356.05    1712.73  113.4742  22.0313   2.9339     104.7997
   5311    1709  5373.45    1833.91  113.4976  22.0278   2.7327     105.2299
   5311    1831  5390.83    1954.99  113.5210  22.0243   2.5319     105.7266
   5311    1953  5408.20    2075.96  113.5444  22.0208   2.3313     106.3070
   5311    2075  5425.56    2196.85  113.5677  22.0173   2.1312     106.9944
   5311    2197  5442.90    2317.65  113.5911  22.0138   1.9315     107.8219
   5311    2319  5460.23    2438.38  113.6144  22.0103   1.7323     108.8375
   5311    2441  5477.56    2559.04  113.6377  22.0068   1.5340     110.1135
   5311    2563  5494.87    2679.66  113.6610  22.0033   1.3366     111.7642
   5311    2685  5512.19    2800.23  113.6843  21.9998   1.1408     113.9806
   5311    2807  5529.49    2920.77  113.7075  21.9963   0.9473     117.1042
   5311    2929  5546.80    3041.29  113.7308  21.9928   0.7582     121.8019
   5311    3051  5564.10    3161.80  113.7540  21.9892   0.5774     129.5181
   5311    3173  5581.40    3282.31  113.7773  21.9857   0.4161     143.6721
   5311    3295  5598.70    3402.82  113.8006  21.9822   0.3067     171.0787
   5311    3417  5616.01    3523.36  113.8238  21.9787   0.3101     -150.7759
   5311    3539  5633.32    3643.92  113.8471  21.9752   0.4237     -124.2122
   5311    3661  5650.63    3764.51  113.8704  21.9716   0.5867     -110.5315
   5311    3783  5667.95    3885.16  113.8936  21.9681   0.7683     -103.0303
   5311    3905  5685.28    4005.86  113.9169  21.9646   0.9580     -98.4395
   5311    4027  5702.62    4126.63  113.9402  21.9610   1.1519     -95.3753
   5311    4149  5719.97    4247.48  113.9635  21.9575   1.3483     -93.1948
   5311    4271  5737.34    4368.42  113.9869  21.9539   1.5462     -91.5672
   5311    4393  5754.71    4489.45  114.0102  21.9503   1.7452     -90.3070
   5311    4515  5772.11    4610.59  114.0336  21.9468   1.9449     -89.3027
   5311    4637  5789.52    4731.85  114.0570  21.9432   2.1453     -88.4835
   5311    4759  5806.95    4853.23  114.0804  21.9396   2.3463     -87.8023
   5311    4881  5824.39    4974.75  114.1038  21.9360   2.5476     -87.2268
   5311    5003  5841.86    5096.42  114.1273  21.9324   2.7494     -86.7339
   5311    5125  5859.36    5218.25  114.1508  21.9288   2.9516     -86.3068
   5311    5247  5876.87    5340.24  114.1743  21.9252   3.1540     -85.9329
   5311    5369  5894.41    5462.41  114.1978  21.9216   3.3569     -85.6028
   5311    5491  5911.98    5584.77  114.2214  21.9179   3.5600     -85.3089
   5311    5613  5929.58    5707.32  114.2450  21.9143   3.7635     -85.0454
   5311    5735  5947.21    5830.08  114.2687  21.9106   3.9673     -84.8078
   5311    5857  5964.87    5953.06  114.2924  21.9070   4.1714     -84.5922
   5311    6000  5985.60    6097.50  114.3202  21.9027   4.4111     -84.3636
   5429       1  5243.48    98.83  113.1620  22.0560   5.5737     101.9761
   5429     123  5261.22    222.38  113.1859  22.0525   5.3689     102.0997
   5429     245  5278.92    345.69  113.2097  22.0490   5.1645     102.2322
   5429     367  5296.59    468.76  113.2335  22.0455   4.9603     102.3746
   5429     489  5314.23    591.61  113.2573  22.0420   4.7564     102.5282
   5429     611  5331.84    714.25  113.2810  22.0385   4.5529     102.6946
   5429     733  5349.43    836.69  113.3046  22.0349   4.3496     102.8754
   5429     855  5366.98    958.93  113.3282  22.0314   4.1465     103.0729
   5429     977  5384.51    1081.00  113.3518  22.0279   3.9438     103.2895
   5429    1099  5402.01    1202.89  113.3754  22.0244   3.7413     103.5283
   5429    1221  5419.49    1324.62  113.3989  22.0209   3.5390     103.7932
   5429    1343  5436.95    1446.20  113.4224  22.0174   3.3370     104.0887
   5429    1465  5454.39    1567.64  113.4458  22.0139   3.1353     104.4209
   5429    1587  5471.81    1688.95  113.4693  22.0104   2.9339     104.7972
   5429    1709  5489.21    1810.13  113.4927  22.0070   2.7327     105.2273
   5429    1831  5506.59    1931.21  113.5161  22.0035   2.5318     105.7239
   5429    1953  5523.96    2052.18  113.5394  22.0000   2.3313     106.3042
   5429    2075  5541.32    2173.06  113.5628  21.9965   2.1311     106.9915
   5429    2197  5558.67    2293.86  113.5861  21.9930   1.9314     107.8188
   5429    2319  5576.00    2414.59  113.6094  21.9895   1.7323     108.8342
   5429    2441  5593.33    2535.25  113.6327  21.9860   1.5339     110.1099
   5429    2563  5610.65    2655.87  113.6560  21.9825   1.3366     111.7603
   5429    2685  5627.97    2776.44  113.6793  21.9790   1.1407     113.9763
   5429    2807  5645.27    2896.98  113.7025  21.9754   0.9473     117.0994
   5429    2929  5662.58    3017.50  113.7258  21.9719   0.7581     121.7965
   5429    3051  5679.89    3138.01  113.7490  21.9684   0.5773     129.5119
   5429    3173  5697.19    3258.51  113.7723  21.9649   0.4160     143.6660
   5429    3295  5714.50    3379.03  113.7956  21.9614   0.3066     171.0768
   5429    3417  5731.80    3499.56  113.8188  21.9579   0.3100     -150.7696
   5429    3539  5749.12    3620.12  113.8421  21.9543   0.4237     -124.2051
   5429    3661  5766.43    3740.71  113.8653  21.9508   0.5867     -110.5262
   5429    3783  5783.76    3861.36  113.8886  21.9473   0.7683     -103.0264
   5429    3905  5801.09    3982.06  113.9119  21.9437   0.9580     -98.4367
   5429    4027  5818.44    4102.83  113.9352  21.9402   1.1519     -95.3731
   5429    4149  5835.79    4223.68  113.9585  21.9366   1.3483     -93.1931
   5429    4271  5853.16    4344.61  113.9818  21.9331   1.5462     -91.5660
   5429    4393  5870.54    4465.64  114.0052  21.9295   1.7452     -90.3061
   5429    4515  5887.93    4586.78  114.0285  21.9259   1.9449     -89.3021
   5429    4637  5905.35    4708.04  114.0519  21.9224   2.1454     -88.4831
   5429    4759  5922.78    4829.42  114.0753  21.9188   2.3463     -87.8021
   5429    4881  5940.23    4950.94  114.0988  21.9152   2.5477     -87.2267
   5429    5003  5957.70    5072.61  114.1222  21.9116   2.7494     -86.7339
   5429    5125  5975.20    5194.43  114.1457  21.9080   2.9516     -86.3069
   5429    5247  5992.72    5316.43  114.1692  21.9044   3.1541     -85.9331
   5429    5369  6010.26    5438.60  114.1928  21.9008   3.3569     -85.6030
   5429    5491  6027.83    5560.95  114.2163  21.8971   3.5600     -85.3092
   5429    5613  6045.43    5683.50  114.2400  21.8935   3.7635     -85.0459
   5429    5735  6063.06    5806.26  114.2636  21.8898   3.9673     -84.8083
   5429    5857  6080.73    5929.24  114.2873  21.8862   4.1715     -84.5928
   5429    6000  6101.47    6073.67  114.3151  21.8819   4.4112     -84.3642
   5547       1  5359.18    75.06  113.1571  22.0352   5.5737     101.9744
   5547     123  5376.93    198.61  113.1810  22.0317   5.3689     102.0979
   5547     245  5394.64    321.91  113.2048  22.0282   5.1644     102.2304
   5547     367  5412.31    444.98  113.2286  22.0246   4.9603     102.3727
   5547     489  5429.96    567.83  113.2523  22.0211   4.7564     102.5263
   5547     611  5447.57    690.47  113.2760  22.0176   4.5528     102.6927
   5547     733  5465.15    812.91  113.2997  22.0141   4.3495     102.8735
   5547     855  5482.71    935.15  113.3233  22.0106   4.1465     103.0709
   5547     977  5500.24    1057.22  113.3469  22.0071   3.9437     103.2874
   5547    1099  5517.75    1179.11  113.3704  22.0036   3.7412     103.5262
   5547    1221  5535.23    1300.84  113.3939  22.0001   3.5390     103.7910
   5547    1343  5552.69    1422.42  113.4174  21.9966   3.3370     104.0865
   5547    1465  5570.13    1543.86  113.4409  21.9931   3.1353     104.4186
   5547    1587  5587.56    1665.16  113.4643  21.9896   2.9338     104.7948
   5547    1709  5604.96    1786.35  113.4877  21.9861   2.7327     105.2248
   5547    1831  5622.35    1907.42  113.5111  21.9826   2.5318     105.7213
   5547    1953  5639.72    2028.39  113.5344  21.9791   2.3313     106.3014
   5547    2075  5657.08    2149.27  113.5578  21.9756   2.1311     106.9885
   5547    2197  5674.43    2270.07  113.5811  21.9721   1.9314     107.8157
   5547    2319  5691.77    2390.80  113.6044  21.9686   1.7323     108.8308
   5547    2441  5709.10    2511.46  113.6277  21.9651   1.5339     110.1063
   5547    2563  5726.43    2632.07  113.6510  21.9616   1.3365     111.7564
   5547    2685  5743.74    2752.65  113.6743  21.9581   1.1407     113.9720
   5547    2807  5761.06    2873.19  113.6975  21.9546   0.9473     117.0946
   5547    2929  5778.37    2993.70  113.7208  21.9511   0.7581     121.7910
   5547    3051  5795.67    3114.21  113.7440  21.9476   0.5773     129.5058
   5547    3173  5812.98    3234.71  113.7673  21.9441   0.4160     143.6599
   5547    3295  5830.29    3355.23  113.7905  21.9406   0.3065     171.0750
   5547    3417  5847.60    3475.76  113.8138  21.9370   0.3100     -150.7633
   5547    3539  5864.92    3596.31  113.8371  21.9335   0.4236     -124.1980
   5547    3661  5882.24    3716.91  113.8603  21.9300   0.5866     -110.5208
   5547    3783  5899.57    3837.55  113.8836  21.9265   0.7682     -103.0225
   5547    3905  5916.90    3958.25  113.9069  21.9229   0.9580     -98.4338
   5547    4027  5934.25    4079.02  113.9302  21.9194   1.1519     -95.3710
   5547    4149  5951.61    4199.87  113.9535  21.9158   1.3483     -93.1915
   5547    4271  5968.98    4320.80  113.9768  21.9123   1.5462     -91.5648
   5547    4393  5986.36    4441.83  114.0001  21.9087   1.7452     -90.3052
   5547    4515  6003.76    4562.97  114.0235  21.9051   1.9449     -89.3014
   5547    4637  6021.18    4684.22  114.0469  21.9016   2.1454     -88.4826
   5547    4759  6038.61    4805.61  114.0703  21.8980   2.3463     -87.8018
   5547    4881  6056.06    4927.13  114.0937  21.8944   2.5477     -87.2265
   5547    5003  6073.54    5048.79  114.1171  21.8908   2.7494     -86.7339
   5547    5125  6091.04    5170.62  114.1406  21.8872   2.9516     -86.3070
   5547    5247  6108.56    5292.61  114.1641  21.8836   3.1541     -85.9333
   5547    5369  6126.11    5414.78  114.1877  21.8800   3.3569     -85.6033
   5547    5491  6143.68    5537.13  114.2113  21.8763   3.5601     -85.3096
   5547    5613  6161.29    5659.68  114.2349  21.8727   3.7635     -85.0463
   5547    5735  6178.92    5782.44  114.2585  21.8690   3.9673     -84.8088
   5547    5857  6196.59    5905.41  114.2822  21.8654   4.1715     -84.5933
   5547    6000  6217.33    6049.85  114.3101  21.8611   4.4112     -84.3648
   5665       1  5474.89    51.29  113.1522  22.0144   5.5737     101.9726
   5665     123  5492.64    174.83  113.1761  22.0108   5.3689     102.0962
   5665     245  5510.35    298.14  113.1999  22.0073   5.1644     102.2285
   5665     367  5528.03    421.21  113.2237  22.0038   4.9603     102.3709
   5665     489  5545.68    544.05  113.2474  22.0003   4.7564     102.5245
   5665     611  5563.29    666.69  113.2711  21.9968   4.5528     102.6907
   5665     733  5580.88    789.13  113.2947  21.9933   4.3495     102.8715
   5665     855  5598.44    911.37  113.3184  21.9898   4.1465     103.0688
   5665     977  5615.98    1033.43  113.3419  21.9863   3.9437     103.2853
   5665    1099  5633.48    1155.32  113.3655  21.9828   3.7412     103.5240
   5665    1221  5650.97    1277.05  113.3890  21.9793   3.5390     103.7888
   5665    1343  5668.44    1398.63  113.4125  21.9758   3.3370     104.0842
   5665    1465  5685.88    1520.07  113.4359  21.9723   3.1353     104.4162
   5665    1587  5703.30    1641.37  113.4593  21.9688   2.9338     104.7923
   5665    1709  5720.71    1762.55  113.4827  21.9653   2.7326     105.2222
   5665    1831  5738.10    1883.63  113.5061  21.9618   2.5318     105.7186
   5665    1953  5755.48    2004.60  113.5295  21.9583   2.3312     106.2986
   5665    2075  5772.85    2125.48  113.5528  21.9548   2.1311     106.9856
   5665    2197  5790.20    2246.27  113.5761  21.9513   1.9314     107.8126
   5665    2319  5807.54    2367.00  113.5994  21.9478   1.7323     108.8275
   5665    2441  5824.87    2487.66  113.6227  21.9443   1.5339     110.1027
   5665    2563  5842.20    2608.28  113.6460  21.9408   1.3365     111.7525
   5665    2685  5859.52    2728.85  113.6693  21.9373   1.1407     113.9677
   5665    2807  5876.84    2849.38  113.6925  21.9338   0.9472     117.0898
   5665    2929  5894.15    2969.90  113.7158  21.9303   0.7580     121.7856
   5665    3051  5911.46    3090.41  113.7390  21.9268   0.5772     129.4997
   5665    3173  5928.77    3210.91  113.7623  21.9233   0.4159     143.6537
   5665    3295  5946.08    3331.42  113.7855  21.9198   0.3065     171.0731
   5665    3417  5963.40    3451.95  113.8088  21.9162   0.3099     -150.7570
   5665    3539  5980.72    3572.51  113.8320  21.9127   0.4236     -124.1909
   5665    3661  5998.04    3693.10  113.8553  21.9092   0.5866     -110.5155
   5665    3783  6015.37    3813.74  113.8786  21.9056   0.7682     -103.0186
   5665    3905  6032.71    3934.44  113.9018  21.9021   0.9580     -98.4310
   5665    4027  6050.06    4055.21  113.9251  21.8986   1.1519     -95.3688
   5665    4149  6067.42    4176.05  113.9484  21.8950   1.3483     -93.1899
   5665    4271  6084.79    4296.99  113.9718  21.8915   1.5462     -91.5635
   5665    4393  6102.18    4418.02  113.9951  21.8879   1.7452     -90.3043
   5665    4515  6119.58    4539.15  114.0184  21.8843   1.9450     -89.3007
   5665    4637  6137.00    4660.41  114.0418  21.8807   2.1454     -88.4821
   5665    4759  6154.44    4781.79  114.0652  21.8772   2.3463     -87.8015
   5665    4881  6171.90    4903.31  114.0886  21.8736   2.5477     -87.2264
   5665    5003  6189.38    5024.97  114.1121  21.8700   2.7494     -86.7338
   5665    5125  6206.88    5146.79  114.1356  21.8664   2.9516     -86.3071
   5665    5247  6224.40    5268.78  114.1591  21.8628   3.1541     -85.9335
   5665    5369  6241.95    5390.95  114.1826  21.8591   3.3569     -85.6036
   5665    5491  6259.53    5513.30  114.2062  21.8555   3.5601     -85.3099
   5665    5613  6277.14    5635.85  114.2298  21.8519   3.7635     -85.0467
   5665    5735  6294.78    5758.61  114.2535  21.8482   3.9674     -84.8093
   5665    5857  6312.44    5881.58  114.2771  21.8446   4.1715     -84.5939
   5665    6000  6333.19    6026.02  114.3050  21.8403   4.4112     -84.3654
   5820       1  5626.88    20.05  113.1457  21.9870   5.5736     101.9704
   5820     123  5644.63    143.59  113.1696  21.9835   5.3689     102.0938
   5820     245  5662.35    266.90  113.1934  21.9800   5.1644     102.2262
   5820     367  5680.03    389.96  113.2172  21.9764   4.9602     102.3685
   5820     489  5697.68    512.81  113.2409  21.9729   4.7564     102.5220
   5820     611  5715.30    635.45  113.2646  21.9694   4.5528     102.6882
   5820     733  5732.89    757.88  113.2883  21.9659   4.3495     102.8689
   5820     855  5750.46    880.12  113.3119  21.9624   4.1464     103.0662
   5820     977  5768.00    1002.18  113.3354  21.9589   3.9437     103.2826
   5820    1099  5785.51    1124.07  113.3590  21.9554   3.7412     103.5212
   5820    1221  5803.00    1245.80  113.3825  21.9519   3.5389     103.7858
   5820    1343  5820.47    1367.38  113.4060  21.9484   3.3370     104.0812
   5820    1465  5837.92    1488.81  113.4294  21.9449   3.1352     104.4131
   5820    1587  5855.35    1610.12  113.4528  21.9414   2.9338     104.7891
   5820    1709  5872.76    1731.30  113.4762  21.9379   2.7326     105.2189
   5820    1831  5890.15    1852.37  113.4996  21.9344   2.5317     105.7151
   5820    1953  5907.54    1973.34  113.5229  21.9310   2.3312     106.2949
   5820    2075  5924.90    2094.21  113.5463  21.9275   2.1310     106.9817
   5820    2197  5942.26    2215.01  113.5696  21.9240   1.9313     107.8085
   5820    2319  5959.61    2335.73  113.5929  21.9205   1.7322     108.8231
   5820    2441  5976.95    2456.40  113.6162  21.9170   1.5338     110.0980
   5820    2563  5994.28    2577.01  113.6394  21.9135   1.3365     111.7474
   5820    2685  6011.60    2697.58  113.6627  21.9100   1.1406     113.9620
   5820    2807  6028.92    2818.11  113.6860  21.9065   0.9472     117.0834
   5820    2929  6046.24    2938.63  113.7092  21.9029   0.7580     121.7784
   5820    3051  6063.55    3059.13  113.7325  21.8994   0.5772     129.4916
   5820    3173  6080.87    3179.63  113.7557  21.8959   0.4158     143.6457
   5820    3295  6098.18    3300.14  113.7789  21.8924   0.3064     171.0707
   5820    3417  6115.50    3420.67  113.8022  21.8889   0.3098     -150.7488
   5820    3539  6132.82    3541.23  113.8254  21.8854   0.4236     -124.1815
   5820    3661  6150.15    3661.82  113.8487  21.8818   0.5866     -110.5085
   5820    3783  6167.49    3782.46  113.8720  21.8783   0.7682     -103.0135
   5820    3905  6184.83    3903.16  113.8952  21.8748   0.9580     -98.4272
   5820    4027  6202.18    4023.92  113.9185  21.8712   1.1519     -95.3660
   5820    4149  6219.55    4144.77  113.9418  21.8677   1.3483     -93.1877
   5820    4271  6236.92    4265.70  113.9651  21.8641   1.5462     -91.5619
   5820    4393  6254.32    4386.73  113.9885  21.8605   1.7452     -90.3031
   5820    4515  6271.72    4507.86  114.0118  21.8570   1.9450     -89.2999
   5820    4637  6289.15    4629.11  114.0352  21.8534   2.1454     -88.4815
   5820    4759  6306.59    4750.49  114.0586  21.8498   2.3463     -87.8011
   5820    4881  6324.05    4872.01  114.0820  21.8462   2.5477     -87.2262
   5820    5003  6341.53    4993.67  114.1054  21.8426   2.7495     -86.7338
   5820    5125  6359.04    5115.49  114.1289  21.8390   2.9516     -86.3072
   5820    5247  6376.57    5237.48  114.1524  21.8354   3.1541     -85.9337
   5820    5369  6394.12    5359.65  114.1760  21.8318   3.3569     -85.6039
   5820    5491  6411.71    5482.00  114.1995  21.8282   3.5601     -85.3104
   5820    5613  6429.32    5604.55  114.2231  21.8245   3.7636     -85.0473
   5820    5735  6446.96    5727.30  114.2468  21.8209   3.9674     -84.8099
   5820    5857  6464.63    5850.28  114.2705  21.8172   4.1715     -84.5946
   5820    6000  6485.38    5994.70  114.2983  21.8129   4.4112     -84.3662
