 #The Line and  Sample are according to LEVEL1 and LEVEL2 image 

 L1Line L1Sample  L2Line   L2Sample  Lon       Lat      Zenith    Azimuth
      1       1  -80.22    1194.72  113.3549  23.0148   5.5767     102.2808
      1     123  -62.50    1318.24  113.3790  23.0112   5.3720     102.4125
      1     245  -44.81    1441.51  113.4030  23.0076   5.1676     102.5536
      1     367  -27.15    1564.55  113.4269  23.0041   4.9635     102.7053
      1     489  -9.53    1687.38  113.4508  23.0005   4.7597     102.8690
      1     611   8.07    1809.99  113.4746  22.9970   4.5561     103.0462
      1     733  25.63    1932.39  113.4984  22.9934   4.3529     103.2388
      1     855  43.17    2054.61  113.5222  22.9899   4.1500     103.4492
      1     977  60.69    2176.65  113.5459  22.9864   3.9473     103.6799
      1    1099  78.17    2298.51  113.5696  22.9828   3.7449     103.9343
      1    1221  95.64    2420.21  113.5933  22.9793   3.5427     104.2163
      1    1343  113.08    2541.77  113.6169  22.9757   3.3408     104.5311
      1    1465  130.50    2663.18  113.6405  22.9722   3.1393     104.8848
      1    1587  147.91    2784.46  113.6641  22.9687   2.9379     105.2854
      1    1709  165.29    2905.61  113.6877  22.9651   2.7369     105.7431
      1    1831  182.66    3026.66  113.7112  22.9616   2.5362     106.2715
      1    1953  200.02    3147.61  113.7347  22.9581   2.3359     106.8886
      1    2075  217.36    3268.46  113.7582  22.9545   2.1360     107.6192
      1    2197  234.69    3389.23  113.7817  22.9510   1.9366     108.4982
      1    2319  252.01    3509.93  113.8051  22.9474   1.7378     109.5759
      1    2441  269.33    3630.57  113.8286  22.9439   1.5399     110.9284
      1    2563  286.63    3751.16  113.8520  22.9404   1.3431     112.6753
      1    2685  303.93    3871.71  113.8754  22.9368   1.1480     115.0150
      1    2807  321.23    3992.22  113.8988  22.9333   0.9556     118.3000
      1    2929  338.52    4112.71  113.9222  22.9297   0.7679     123.2091
      1    3051  355.81    4233.19  113.9456  22.9262   0.5894     131.1779
      1    3173  373.10    4353.67  113.9690  22.9226   0.4316     145.4508
      1    3295  390.39    4474.16  113.9924  22.9190   0.3261     171.9088
      1    3417  407.68    4594.66  114.0158  22.9155   0.3280     -152.1940
      1    3539  424.98    4715.20  114.0392  22.9119   0.4359     -126.1734
      1    3661  442.28    4835.77  114.0626  22.9083   0.5948     -112.1674
      1    3783  459.59    4956.39  114.0861  22.9048   0.7739     -104.3254
      1    3905  476.91    5077.06  114.1095  22.9012   0.9621     -99.4808
      1    4027  494.24    5197.81  114.1329  22.8976   1.1549     -96.2319
      1    4149  511.58    5318.63  114.1564  22.8940   1.3505     -93.9141
      1    4271  528.93    5439.54  114.1799  22.8904   1.5478     -92.1816
      1    4393  546.30    5560.54  114.2033  22.8868   1.7463     -90.8388
      1    4515  563.68    5681.66  114.2268  22.8832   1.9458     -89.7681
      1    4637  581.08    5802.89  114.2504  22.8795   2.1459     -88.8943
      1    4759  598.49    5924.25  114.2739  22.8759   2.3465     -88.1676
      1    4881  615.93    6045.74  114.2975  22.8723   2.5477     -87.5535
      1    5003  633.39    6167.38  114.3211  22.8686   2.7493     -87.0274
      1    5125  650.87    6289.18  114.3447  22.8650   2.9513     -86.5716
      1    5247  668.37    6411.15  114.3684  22.8613   3.1536     -86.1726
      1    5369  685.90    6533.29  114.3921  22.8577   3.3563     -85.8202
      1    5491  703.46    6655.63  114.4158  22.8540   3.5594     -85.5066
      1    5613  721.04    6778.15  114.4396  22.8503   3.7628     -85.2255
      1    5735  738.66    6900.89  114.4634  22.8466   3.9665     -84.9719
      1    5857  756.31    7023.84  114.4872  22.8429   4.1705     -84.7419
      1    6000  777.03    7168.24  114.5152  22.8386   4.4101     -84.4979
    119       1  35.54    1171.01  113.3500  22.9939   5.5767     102.2787
    119     123  53.27    1294.52  113.3740  22.9904   5.3720     102.4104
    119     245  70.96    1417.79  113.3980  22.9868   5.1675     102.5514
    119     367  88.62    1540.84  113.4219  22.9833   4.9634     102.7031
    119     489  106.25    1663.66  113.4458  22.9797   4.7596     102.8667
    119     611  123.85    1786.27  113.4696  22.9762   4.5561     103.0439
    119     733  141.42    1908.67  113.4934  22.9726   4.3529     103.2364
    119     855  158.96    2030.89  113.5172  22.9691   4.1499     103.4467
    119     977  176.48    2152.92  113.5409  22.9655   3.9473     103.6774
    119    1099  193.97    2274.79  113.5646  22.9620   3.7448     103.9317
    119    1221  211.44    2396.49  113.5883  22.9585   3.5427     104.2136
    119    1343  228.88    2518.04  113.6119  22.9549   3.3408     104.5283
    119    1465  246.31    2639.45  113.6355  22.9514   3.1392     104.8819
    119    1587  263.72    2760.73  113.6591  22.9478   2.9379     105.2823
    119    1709  281.11    2881.88  113.6826  22.9443   2.7369     105.7399
    119    1831  298.48    3002.93  113.7062  22.9408   2.5362     106.2682
    119    1953  315.84    3123.87  113.7297  22.9372   2.3359     106.8851
    119    2075  333.19    3244.73  113.7531  22.9337   2.1360     107.6155
    119    2197  350.52    3365.50  113.7766  22.9302   1.9366     108.4942
    119    2319  367.84    3486.20  113.8001  22.9266   1.7378     109.5716
    119    2441  385.16    3606.83  113.8235  22.9231   1.5398     110.9238
    119    2563  402.47    3727.42  113.8469  22.9195   1.3430     112.6702
    119    2685  419.77    3847.97  113.8703  22.9160   1.1479     115.0094
    119    2807  437.07    3968.48  113.8937  22.9124   0.9555     118.2936
    119    2929  454.36    4088.97  113.9172  22.9089   0.7679     123.2018
    119    3051  471.66    4209.45  113.9405  22.9053   0.5893     131.1697
    119    3173  488.95    4329.93  113.9639  22.9018   0.4315     145.4425
    119    3295  506.24    4450.41  113.9873  22.8982   0.3260     171.9056
    119    3417  523.54    4570.92  114.0107  22.8947   0.3279     -152.1869
    119    3539  540.84    4691.45  114.0341  22.8911   0.4359     -126.1642
    119    3661  558.15    4812.02  114.0576  22.8875   0.5948     -112.1600
    119    3783  575.46    4932.63  114.0810  22.8839   0.7739     -104.3197
    119    3905  592.78    5053.31  114.1044  22.8804   0.9621     -99.4764
    119    4027  610.11    5174.05  114.1278  22.8768   1.1549     -96.2285
    119    4149  627.46    5294.87  114.1513  22.8732   1.3505     -93.9114
    119    4271  644.81    5415.78  114.1747  22.8696   1.5478     -92.1794
    119    4393  662.18    5536.79  114.1982  22.8660   1.7463     -90.8371
    119    4515  679.57    5657.90  114.2217  22.8624   1.9458     -89.7666
    119    4637  696.97    5779.13  114.2452  22.8587   2.1459     -88.8931
    119    4759  714.39    5900.48  114.2688  22.8551   2.3466     -88.1667
    119    4881  731.83    6021.98  114.2924  22.8515   2.5477     -87.5527
    119    5003  749.29    6143.62  114.3160  22.8478   2.7493     -87.0269
    119    5125  766.77    6265.42  114.3396  22.8442   2.9513     -86.5712
    119    5247  784.28    6387.38  114.3632  22.8405   3.1536     -86.1724
    119    5369  801.81    6509.53  114.3869  22.8369   3.3563     -85.8201
    119    5491  819.37    6631.86  114.4107  22.8332   3.5594     -85.5066
    119    5613  836.96    6754.38  114.4344  22.8295   3.7628     -85.2255
    119    5735  854.58    6877.12  114.4582  22.8258   3.9665     -84.9720
    119    5857  872.23    7000.07  114.4821  22.8221   4.1705     -84.7421
    119    6000  892.96    7144.47  114.5100  22.8177   4.4101     -84.4982
    237       1  151.31    1147.29  113.3450  22.9731   5.5767     102.2767
    237     123  169.04    1270.80  113.3690  22.9695   5.3719     102.4082
    237     245  186.74    1394.07  113.3930  22.9660   5.1675     102.5492
    237     367  204.40    1517.11  113.4169  22.9624   4.9634     102.7009
    237     489  222.03    1639.93  113.4408  22.9589   4.7596     102.8644
    237     611  239.63    1762.54  113.4646  22.9553   4.5561     103.0415
    237     733  257.21    1884.95  113.4884  22.9518   4.3529     103.2341
    237     855  274.75    2007.16  113.5122  22.9482   4.1499     103.4442
    237     977  292.27    2129.20  113.5359  22.9447   3.9472     103.6748
    237    1099  309.76    2251.06  113.5596  22.9412   3.7448     103.9290
    237    1221  327.23    2372.76  113.5833  22.9376   3.5427     104.2109
    237    1343  344.68    2494.31  113.6069  22.9341   3.3408     104.5255
    237    1465  362.11    2615.72  113.6305  22.9306   3.1392     104.8789
    237    1587  379.52    2736.99  113.6541  22.9270   2.9379     105.2793
    237    1709  396.92    2858.15  113.6776  22.9235   2.7369     105.7368
    237    1831  414.29    2979.19  113.7011  22.9199   2.5362     106.2648
    237    1953  431.66    3100.14  113.7246  22.9164   2.3358     106.8816
    237    2075  449.01    3220.99  113.7481  22.9129   2.1359     107.6118
    237    2197  466.34    3341.76  113.7716  22.9093   1.9365     108.4902
    237    2319  483.67    3462.46  113.7950  22.9058   1.7377     109.5673
    237    2441  500.99    3583.09  113.8184  22.9023   1.5398     110.9191
    237    2563  518.30    3703.68  113.8419  22.8987   1.3430     112.6651
    237    2685  535.61    3824.22  113.8653  22.8952   1.1479     115.0037
    237    2807  552.91    3944.73  113.8887  22.8916   0.9555     118.2873
    237    2929  570.21    4065.22  113.9121  22.8881   0.7678     123.1945
    237    3051  587.50    4185.70  113.9355  22.8845   0.5893     131.1614
    237    3173  604.80    4306.18  113.9589  22.8810   0.4314     145.4341
    237    3295  622.10    4426.66  113.9823  22.8774   0.3259     171.9024
    237    3417  639.40    4547.16  114.0057  22.8738   0.3278     -152.1798
    237    3539  656.70    4667.69  114.0291  22.8703   0.4358     -126.1550
    237    3661  674.01    4788.26  114.0525  22.8667   0.5948     -112.1526
    237    3783  691.33    4908.88  114.0759  22.8631   0.7739     -104.3140
    237    3905  708.65    5029.55  114.0993  22.8595   0.9621     -99.4720
    237    4027  725.99    5150.29  114.1227  22.8560   1.1549     -96.2251
    237    4149  743.33    5271.11  114.1462  22.8524   1.3505     -93.9087
    237    4271  760.69    5392.02  114.1696  22.8488   1.5478     -92.1772
    237    4393  778.07    5513.02  114.1931  22.8452   1.7463     -90.8353
    237    4515  795.45    5634.13  114.2166  22.8415   1.9458     -89.7652
    237    4637  812.86    5755.36  114.2401  22.8379   2.1459     -88.8920
    237    4759  830.28    5876.72  114.2637  22.8343   2.3466     -88.1657
    237    4881  847.73    5998.21  114.2872  22.8307   2.5477     -87.5520
    237    5003  865.19    6119.85  114.3108  22.8270   2.7493     -87.0264
    237    5125  882.68    6241.65  114.3345  22.8234   2.9513     -86.5708
    237    5247  900.19    6363.61  114.3581  22.8197   3.1537     -86.1721
    237    5369  917.73    6485.75  114.3818  22.8161   3.3564     -85.8200
    237    5491  935.29    6608.08  114.4055  22.8124   3.5594     -85.5065
    237    5613  952.88    6730.61  114.4293  22.8087   3.7628     -85.2256
    237    5735  970.50    6853.34  114.4531  22.8050   3.9665     -84.9722
    237    5857  988.16    6976.29  114.4769  22.8013   4.1705     -84.7423
    237    6000  1008.89    7120.69  114.5049  22.7969   4.4102     -84.4985
    355       1  267.07    1123.56  113.3400  22.9523   5.5766     102.2746
    355     123  284.81    1247.08  113.3640  22.9487   5.3719     102.4061
    355     245  302.51    1370.35  113.3880  22.9452   5.1675     102.5471
    355     367  320.17    1493.39  113.4119  22.9416   4.9634     102.6986
    355     489  337.81    1616.21  113.4358  22.9381   4.7596     102.8621
    355     611  355.41    1738.81  113.4596  22.9345   4.5561     103.0392
    355     733  372.99    1861.22  113.4834  22.9310   4.3528     103.2317
    355     855  390.54    1983.43  113.5072  22.9274   4.1499     103.4418
    355     977  408.06    2105.46  113.5309  22.9239   3.9472     103.6723
    355    1099  425.56    2227.32  113.5546  22.9203   3.7448     103.9264
    355    1221  443.03    2349.02  113.5782  22.9168   3.5426     104.2082
    355    1343  460.49    2470.57  113.6019  22.9133   3.3408     104.5227
    355    1465  477.92    2591.98  113.6255  22.9097   3.1392     104.8760
    355    1587  495.33    2713.26  113.6490  22.9062   2.9378     105.2762
    355    1709  512.73    2834.41  113.6726  22.9027   2.7368     105.7336
    355    1831  530.11    2955.45  113.6961  22.8991   2.5361     106.2615
    355    1953  547.47    3076.39  113.7196  22.8956   2.3358     106.8781
    355    2075  564.83    3197.24  113.7431  22.8921   2.1359     107.6081
    355    2197  582.17    3318.01  113.7665  22.8885   1.9365     108.4862
    355    2319  599.50    3438.71  113.7900  22.8850   1.7377     109.5631
    355    2441  616.82    3559.34  113.8134  22.8814   1.5398     110.9145
    355    2563  634.14    3679.93  113.8368  22.8779   1.3430     112.6600
    355    2685  651.45    3800.47  113.8602  22.8744   1.1479     114.9981
    355    2807  668.75    3920.98  113.8836  22.8708   0.9554     118.2809
    355    2929  686.05    4041.47  113.9070  22.8673   0.7677     123.1872
    355    3051  703.35    4161.95  113.9304  22.8637   0.5892     131.1531
    355    3173  720.65    4282.42  113.9538  22.8601   0.4313     145.4258
    355    3295  737.95    4402.91  113.9772  22.8566   0.3258     171.8992
    355    3417  755.26    4523.41  114.0006  22.8530   0.3277     -152.1727
    355    3539  772.56    4643.94  114.0240  22.8495   0.4358     -126.1457
    355    3661  789.88    4764.50  114.0474  22.8459   0.5947     -112.1451
    355    3783  807.20    4885.12  114.0708  22.8423   0.7739     -104.3084
    355    3905  824.52    5005.79  114.0942  22.8387   0.9620     -99.4677
    355    4027  841.86    5126.53  114.1176  22.8351   1.1549     -96.2216
    355    4149  859.21    5247.35  114.1411  22.8316   1.3505     -93.9060
    355    4271  876.57    5368.25  114.1645  22.8280   1.5478     -92.1750
    355    4393  893.95    5489.26  114.1880  22.8243   1.7463     -90.8335
    355    4515  911.34    5610.37  114.2115  22.8207   1.9458     -89.7638
    355    4637  928.75    5731.59  114.2350  22.8171   2.1459     -88.8909
    355    4759  946.18    5852.95  114.2585  22.8135   2.3466     -88.1648
    355    4881  963.62    5974.44  114.2821  22.8099   2.5477     -87.5513
    355    5003  981.09    6096.08  114.3057  22.8062   2.7493     -87.0258
    355    5125  998.58    6217.87  114.3293  22.8026   2.9513     -86.5704
    355    5247  1016.10    6339.84  114.3530  22.7989   3.1537     -86.1718
    355    5369  1033.64    6461.98  114.3766  22.7953   3.3564     -85.8198
    355    5491  1051.20    6584.30  114.4004  22.7916   3.5594     -85.5065
    355    5613  1068.80    6706.83  114.4241  22.7879   3.7628     -85.2256
    355    5735  1086.42    6829.56  114.4479  22.7842   3.9665     -84.9723
    355    5857  1104.08    6952.51  114.4717  22.7805   4.1706     -84.7425
    355    6000  1124.82    7096.91  114.4997  22.7761   4.4102     -84.4988
    473       1  382.83    1099.84  113.3350  22.9314   5.5766     102.2725
    473     123  400.57    1223.35  113.3590  22.9279   5.3719     102.4040
    473     245  418.27    1346.62  113.3830  22.9243   5.1675     102.5449
    473     367  435.95    1469.66  113.4069  22.9208   4.9634     102.6964
    473     489  453.58    1592.48  113.4308  22.9172   4.7596     102.8599
    473     611  471.19    1715.08  113.4546  22.9137   4.5560     103.0369
    473     733  488.77    1837.48  113.4784  22.9101   4.3528     103.2293
    473     855  506.32    1959.70  113.5022  22.9066   4.1499     103.4393
    473     977  523.85    2081.73  113.5259  22.9031   3.9472     103.6697
    473    1099  541.35    2203.59  113.5496  22.8995   3.7448     103.9238
    473    1221  558.83    2325.29  113.5732  22.8960   3.5426     104.2055
    473    1343  576.28    2446.83  113.5968  22.8924   3.3407     104.5199
    473    1465  593.72    2568.24  113.6204  22.8889   3.1391     104.8731
    473    1587  611.14    2689.51  113.6440  22.8854   2.9378     105.2732
    473    1709  628.54    2810.67  113.6675  22.8818   2.7368     105.7304
    473    1831  645.92    2931.71  113.6910  22.8783   2.5361     106.2582
    473    1953  663.29    3052.65  113.7145  22.8748   2.3358     106.8746
    473    2075  680.65    3173.50  113.7380  22.8712   2.1359     107.6043
    473    2197  697.99    3294.26  113.7615  22.8677   1.9365     108.4823
    473    2319  715.33    3414.96  113.7849  22.8642   1.7377     109.5588
    473    2441  732.65    3535.59  113.8083  22.8606   1.5397     110.9098
    473    2563  749.97    3656.18  113.8317  22.8571   1.3429     112.6549
    473    2685  767.28    3776.72  113.8551  22.8535   1.1478     114.9924
    473    2807  784.59    3897.23  113.8785  22.8500   0.9554     118.2745
    473    2929  801.89    4017.72  113.9019  22.8464   0.7677     123.1800
    473    3051  819.20    4138.19  113.9253  22.8429   0.5891     131.1449
    473    3173  836.50    4258.67  113.9487  22.8393   0.4313     145.4174
    473    3295  853.80    4379.15  113.9721  22.8358   0.3257     171.8960
    473    3417  871.11    4499.65  113.9955  22.8322   0.3276     -152.1656
    473    3539  888.42    4620.17  114.0189  22.8286   0.4357     -126.1365
    473    3661  905.74    4740.74  114.0423  22.8251   0.5947     -112.1377
    473    3783  923.06    4861.35  114.0657  22.8215   0.7739     -104.3027
    473    3905  940.39    4982.03  114.0891  22.8179   0.9620     -99.4633
    473    4027  957.73    5102.76  114.1125  22.8143   1.1549     -96.2182
    473    4149  975.09    5223.58  114.1360  22.8107   1.3505     -93.9033
    473    4271  992.45    5344.48  114.1594  22.8071   1.5478     -92.1728
    473    4393  1009.83    5465.49  114.1829  22.8035   1.7463     -90.8318
    473    4515  1027.23    5586.59  114.2064  22.7999   1.9458     -89.7624
    473    4637  1044.64    5707.82  114.2299  22.7963   2.1459     -88.8897
    473    4759  1062.07    5829.17  114.2534  22.7927   2.3466     -88.1639
    473    4881  1079.52    5950.66  114.2770  22.7891   2.5477     -87.5506
    473    5003  1096.99    6072.30  114.3006  22.7854   2.7493     -87.0253
    473    5125  1114.48    6194.10  114.3242  22.7818   2.9513     -86.5700
    473    5247  1132.00    6316.06  114.3478  22.7781   3.1537     -86.1716
    473    5369  1149.54    6438.20  114.3715  22.7744   3.3564     -85.8197
    473    5491  1167.11    6560.52  114.3952  22.7708   3.5594     -85.5064
    473    5613  1184.71    6683.04  114.4190  22.7671   3.7628     -85.2257
    473    5735  1202.34    6805.77  114.4428  22.7634   3.9665     -84.9724
    473    5857  1220.00    6928.72  114.4666  22.7597   4.1706     -84.7427
    473    6000  1240.74    7073.12  114.4946  22.7553   4.4102     -84.4991
    591       1  498.59    1076.11  113.3300  22.9106   5.5766     102.2705
    591     123  516.34    1199.62  113.3540  22.9070   5.3719     102.4019
    591     245  534.04    1322.89  113.3780  22.9035   5.1674     102.5428
    591     367  551.72    1445.92  113.4019  22.8999   4.9633     102.6942
    591     489  569.36    1568.74  113.4258  22.8964   4.7595     102.8576
    591     611  586.97    1691.34  113.4496  22.8929   4.5560     103.0345
    591     733  604.55    1813.75  113.4734  22.8893   4.3528     103.2269
    591     855  622.11    1935.96  113.4972  22.8858   4.1498     103.4369
    591     977  639.64    2057.99  113.5209  22.8822   3.9471     103.6672
    591    1099  657.14    2179.85  113.5446  22.8787   3.7447     103.9212
    591    1221  674.62    2301.54  113.5682  22.8752   3.5426     104.2028
    591    1343  692.08    2423.09  113.5918  22.8716   3.3407     104.5171
    591    1465  709.52    2544.49  113.6154  22.8681   3.1391     104.8702
    591    1587  726.94    2665.77  113.6390  22.8645   2.9378     105.2702
    591    1709  744.35    2786.92  113.6625  22.8610   2.7368     105.7272
    591    1831  761.73    2907.96  113.6860  22.8575   2.5361     106.2548
    591    1953  779.11    3028.90  113.7095  22.8539   2.3357     106.8711
    591    2075  796.47    3149.75  113.7330  22.8504   2.1358     107.6006
    591    2197  813.81    3270.51  113.7564  22.8469   1.9364     108.4783
    591    2319  831.15    3391.21  113.7799  22.8433   1.7376     109.5545
    591    2441  848.48    3511.84  113.8033  22.8398   1.5397     110.9052
    591    2563  865.80    3632.42  113.8267  22.8363   1.3429     112.6498
    591    2685  883.12    3752.96  113.8501  22.8327   1.1478     114.9867
    591    2807  900.43    3873.47  113.8735  22.8292   0.9553     118.2681
    591    2929  917.74    3993.96  113.8969  22.8256   0.7676     123.1727
    591    3051  935.04    4114.43  113.9203  22.8221   0.5891     131.1366
    591    3173  952.35    4234.90  113.9436  22.8185   0.4312     145.4091
    591    3295  969.66    4355.38  113.9670  22.8150   0.3256     171.8928
    591    3417  986.97    4475.88  113.9904  22.8114   0.3275     -152.1585
    591    3539  1004.28    4596.41  114.0138  22.8078   0.4357     -126.1272
    591    3661  1021.60    4716.97  114.0372  22.8043   0.5947     -112.1302
    591    3783  1038.93    4837.58  114.0606  22.8007   0.7738     -104.2970
    591    3905  1056.26    4958.25  114.0840  22.7971   0.9620     -99.4589
    591    4027  1073.61    5078.99  114.1074  22.7935   1.1549     -96.2148
    591    4149  1090.96    5199.81  114.1309  22.7899   1.3505     -93.9005
    591    4271  1108.33    5320.71  114.1543  22.7863   1.5478     -92.1706
    591    4393  1125.71    5441.71  114.1778  22.7827   1.7463     -90.8300
    591    4515  1143.11    5562.82  114.2013  22.7791   1.9458     -89.7609
    591    4637  1160.53    5684.04  114.2248  22.7755   2.1459     -88.8885
    591    4759  1177.96    5805.39  114.2483  22.7719   2.3466     -88.1630
    591    4881  1195.41    5926.88  114.2719  22.7682   2.5477     -87.5499
    591    5003  1212.89    6048.52  114.2954  22.7646   2.7493     -87.0247
    591    5125  1230.38    6170.31  114.3191  22.7610   2.9513     -86.5696
    591    5247  1247.91    6292.27  114.3427  22.7573   3.1537     -86.1713
    591    5369  1265.45    6414.41  114.3664  22.7536   3.3564     -85.8195
    591    5491  1283.03    6536.73  114.3901  22.7500   3.5594     -85.5064
    591    5613  1300.63    6659.26  114.4138  22.7463   3.7628     -85.2257
    591    5735  1318.26    6781.98  114.4376  22.7426   3.9665     -84.9726
    591    5857  1335.92    6904.93  114.4614  22.7389   4.1706     -84.7429
    591    6000  1356.67    7049.33  114.4894  22.7345   4.4102     -84.4994
    709       1  614.35    1052.37  113.3250  22.8898   5.5766     102.2684
    709     123  632.10    1175.88  113.3491  22.8862   5.3718     102.3998
    709     245  649.81    1299.15  113.3730  22.8827   5.1674     102.5406
    709     367  667.49    1422.19  113.3969  22.8791   4.9633     102.6920
    709     489  685.13    1545.00  113.4208  22.8756   4.7595     102.8553
    709     611  702.75    1667.60  113.4446  22.8720   4.5560     103.0322
    709     733  720.33    1790.00  113.4684  22.8685   4.3528     103.2245
    709     855  737.89    1912.21  113.4922  22.8649   4.1498     103.4344
    709     977  755.42    2034.24  113.5159  22.8614   3.9471     103.6647
    709    1099  772.93    2156.10  113.5395  22.8579   3.7447     103.9186
    709    1221  790.42    2277.80  113.5632  22.8543   3.5426     104.2001
    709    1343  807.88    2399.34  113.5868  22.8508   3.3407     104.5142
    709    1465  825.32    2520.74  113.6104  22.8473   3.1391     104.8673
    709    1587  842.75    2642.02  113.6339  22.8437   2.9378     105.2671
    709    1709  860.15    2763.17  113.6575  22.8402   2.7367     105.7240
    709    1831  877.54    2884.21  113.6810  22.8367   2.5360     106.2515
    709    1953  894.92    3005.14  113.7045  22.8331   2.3357     106.8675
    709    2075  912.28    3125.99  113.7279  22.8296   2.1358     107.5969
    709    2197  929.63    3246.76  113.7514  22.8261   1.9364     108.4743
    709    2319  946.97    3367.45  113.7748  22.8225   1.7376     109.5502
    709    2441  964.31    3488.08  113.7982  22.8190   1.5396     110.9006
    709    2563  981.63    3608.66  113.8216  22.8154   1.3428     112.6447
    709    2685  998.95    3729.20  113.8450  22.8119   1.1477     114.9811
    709    2807  1016.26    3849.71  113.8684  22.8083   0.9553     118.2618
    709    2929  1033.58    3970.19  113.8918  22.8048   0.7676     123.1654
    709    3051  1050.89    4090.66  113.9152  22.8012   0.5890     131.1283
    709    3173  1068.19    4211.14  113.9386  22.7977   0.4311     145.4007
    709    3295  1085.51    4331.62  113.9619  22.7941   0.3255     171.8896
    709    3417  1102.82    4452.11  113.9853  22.7906   0.3275     -152.1514
    709    3539  1120.14    4572.64  114.0087  22.7870   0.4356     -126.1179
    709    3661  1137.46    4693.20  114.0321  22.7834   0.5946     -112.1227
    709    3783  1154.79    4813.81  114.0555  22.7799   0.7738     -104.2913
    709    3905  1172.13    4934.48  114.0789  22.7763   0.9620     -99.4545
    709    4027  1189.48    5055.22  114.1023  22.7727   1.1549     -96.2113
    709    4149  1206.83    5176.03  114.1258  22.7691   1.3505     -93.8978
    709    4271  1224.21    5296.93  114.1492  22.7655   1.5478     -92.1684
    709    4393  1241.59    5417.93  114.1727  22.7619   1.7463     -90.8282
    709    4515  1258.99    5539.04  114.1961  22.7583   1.9458     -89.7595
    709    4637  1276.41    5660.26  114.2197  22.7547   2.1459     -88.8874
    709    4759  1293.85    5781.61  114.2432  22.7511   2.3466     -88.1621
    709    4881  1311.31    5903.10  114.2667  22.7474   2.5477     -87.5491
    709    5003  1328.78    6024.73  114.2903  22.7438   2.7493     -87.0242
    709    5125  1346.28    6146.53  114.3139  22.7401   2.9513     -86.5692
    709    5247  1363.81    6268.48  114.3376  22.7365   3.1537     -86.1710
    709    5369  1381.36    6390.62  114.3612  22.7328   3.3564     -85.8194
    709    5491  1398.94    6512.94  114.3849  22.7292   3.5594     -85.5063
    709    5613  1416.54    6635.46  114.4087  22.7255   3.7628     -85.2258
    709    5735  1434.18    6758.19  114.4325  22.7218   3.9665     -84.9727
    709    5857  1451.84    6881.13  114.4563  22.7181   4.1706     -84.7431
    709    6000  1472.59    7025.53  114.4843  22.7137   4.4102     -84.4997
    827       1  730.11    1028.63  113.3201  22.8689   5.5765     102.2663
    827     123  747.86    1152.14  113.3441  22.8654   5.3718     102.3977
    827     245  765.58    1275.41  113.3680  22.8618   5.1674     102.5384
    827     367  783.26    1398.44  113.3919  22.8583   4.9633     102.6898
    827     489  800.91    1521.26  113.4158  22.8547   4.7595     102.8531
    827     611  818.52    1643.86  113.4396  22.8512   4.5560     103.0299
    827     733  836.11    1766.26  113.4634  22.8477   4.3527     103.2221
    827     855  853.67    1888.47  113.4871  22.8441   4.1498     103.4319
    827     977  871.21    2010.49  113.5109  22.8406   3.9471     103.6621
    827    1099  888.72    2132.35  113.5345  22.8370   3.7447     103.9159
    827    1221  906.21    2254.04  113.5582  22.8335   3.5425     104.1974
    827    1343  923.68    2375.59  113.5818  22.8300   3.3406     104.5114
    827    1465  941.12    2496.99  113.6054  22.8264   3.1390     104.8644
    827    1587  958.55    2618.26  113.6289  22.8229   2.9377     105.2641
    827    1709  975.96    2739.41  113.6524  22.8194   2.7367     105.7209
    827    1831  993.35    2860.45  113.6759  22.8158   2.5360     106.2482
    827    1953  1010.73    2981.38  113.6994  22.8123   2.3357     106.8640
    827    2075  1028.10    3102.23  113.7229  22.8088   2.1358     107.5932
    827    2197  1045.45    3222.99  113.7463  22.8052   1.9364     108.4703
    827    2319  1062.80    3343.69  113.7698  22.8017   1.7376     109.5460
    827    2441  1080.13    3464.32  113.7932  22.7982   1.5396     110.8959
    827    2563  1097.46    3584.90  113.8166  22.7946   1.3428     112.6397
    827    2685  1114.78    3705.43  113.8400  22.7911   1.1477     114.9754
    827    2807  1132.10    3825.94  113.8634  22.7875   0.9552     118.2554
    827    2929  1149.42    3946.42  113.8867  22.7840   0.7675     123.1581
    827    3051  1166.73    4066.89  113.9101  22.7804   0.5889     131.1200
    827    3173  1184.04    4187.36  113.9335  22.7769   0.4310     145.3923
    827    3295  1201.35    4307.84  113.9569  22.7733   0.3254     171.8863
    827    3417  1218.67    4428.34  113.9802  22.7698   0.3274     -152.1442
    827    3539  1235.99    4548.86  114.0036  22.7662   0.4356     -126.1087
    827    3661  1253.32    4669.43  114.0270  22.7626   0.5946     -112.1152
    827    3783  1270.65    4790.04  114.0504  22.7591   0.7738     -104.2856
    827    3905  1287.99    4910.70  114.0738  22.7555   0.9620     -99.4502
    827    4027  1305.34    5031.44  114.0972  22.7519   1.1549     -96.2079
    827    4149  1322.71    5152.25  114.1206  22.7483   1.3505     -93.8950
    827    4271  1340.08    5273.15  114.1441  22.7447   1.5478     -92.1662
    827    4393  1357.47    5394.15  114.1676  22.7411   1.7464     -90.8264
    827    4515  1374.88    5515.25  114.1910  22.7375   1.9458     -89.7580
    827    4637  1392.30    5636.47  114.2145  22.7339   2.1459     -88.8862
    827    4759  1409.74    5757.82  114.2381  22.7303   2.3466     -88.1611
    827    4881  1427.20    5879.31  114.2616  22.7266   2.5478     -87.5484
    827    5003  1444.68    6000.94  114.2852  22.7230   2.7494     -87.0236
    827    5125  1462.18    6122.73  114.3088  22.7193   2.9513     -86.5688
    827    5247  1479.71    6244.69  114.3324  22.7157   3.1537     -86.1708
    827    5369  1497.26    6366.83  114.3561  22.7120   3.3564     -85.8192
    827    5491  1514.84    6489.15  114.3798  22.7083   3.5594     -85.5063
    827    5613  1532.45    6611.67  114.4035  22.7047   3.7628     -85.2258
    827    5735  1550.09    6734.39  114.4273  22.7010   3.9665     -84.9728
    827    5857  1567.76    6857.33  114.4511  22.6973   4.1706     -84.7433
    827    6000  1588.51    7001.73  114.4791  22.6929   4.4102     -84.5000
    945       1  845.87    1004.89  113.3151  22.8481   5.5765     102.2643
    945     123  863.62    1128.40  113.3391  22.8446   5.3718     102.3955
    945     245  881.34    1251.66  113.3630  22.8410   5.1674     102.5363
    945     367  899.02    1374.69  113.3869  22.8375   4.9633     102.6876
    945     489  916.68    1497.51  113.4108  22.8339   4.7595     102.8508
    945     611  934.30    1620.11  113.4346  22.8304   4.5559     103.0275
    945     733  951.89    1742.51  113.4584  22.8268   4.3527     103.2197
    945     855  969.46    1864.71  113.4821  22.8233   4.1497     103.4295
    945     977  987.00    1986.74  113.5058  22.8197   3.9471     103.6596
    945    1099  1004.51    2108.59  113.5295  22.8162   3.7446     103.9133
    945    1221  1022.00    2230.29  113.5531  22.8127   3.5425     104.1947
    945    1343  1039.47    2351.83  113.5768  22.8091   3.3406     104.5086
    945    1465  1056.92    2473.23  113.6003  22.8056   3.1390     104.8614
    945    1587  1074.35    2594.50  113.6239  22.8021   2.9377     105.2610
    945    1709  1091.76    2715.65  113.6474  22.7985   2.7367     105.7177
    945    1831  1109.16    2836.69  113.6709  22.7950   2.5360     106.2448
    945    1953  1126.54    2957.62  113.6944  22.7915   2.3356     106.8605
    945    2075  1143.91    3078.47  113.7178  22.7879   2.1357     107.5894
    945    2197  1161.27    3199.23  113.7413  22.7844   1.9363     108.4663
    945    2319  1178.62    3319.92  113.7647  22.7809   1.7375     109.5417
    945    2441  1195.96    3440.55  113.7881  22.7773   1.5396     110.8913
    945    2563  1213.29    3561.13  113.8115  22.7738   1.3427     112.6346
    945    2685  1230.61    3681.66  113.8349  22.7703   1.1476     114.9698
    945    2807  1247.94    3802.17  113.8583  22.7667   0.9552     118.2490
    945    2929  1265.25    3922.65  113.8817  22.7632   0.7675     123.1508
    945    3051  1282.57    4043.12  113.9050  22.7596   0.5889     131.1117
    945    3173  1299.89    4163.59  113.9284  22.7561   0.4309     145.3840
    945    3295  1317.20    4284.07  113.9518  22.7525   0.3253     171.8831
    945    3417  1334.52    4404.56  113.9752  22.7489   0.3273     -152.1371
    945    3539  1351.85    4525.08  113.9985  22.7454   0.4355     -126.0994
    945    3661  1369.18    4645.65  114.0219  22.7418   0.5946     -112.1078
    945    3783  1386.51    4766.25  114.0453  22.7382   0.7738     -104.2799
    945    3905  1403.86    4886.92  114.0687  22.7347   0.9620     -99.4458
    945    4027  1421.21    5007.65  114.0921  22.7311   1.1549     -96.2044
    945    4149  1438.58    5128.46  114.1155  22.7275   1.3505     -93.8923
    945    4271  1455.96    5249.36  114.1390  22.7239   1.5478     -92.1640
    945    4393  1473.35    5370.36  114.1624  22.7203   1.7464     -90.8246
    945    4515  1490.76    5491.46  114.1859  22.7167   1.9458     -89.7566
    945    4637  1508.18    5612.68  114.2094  22.7131   2.1459     -88.8850
    945    4759  1525.62    5734.03  114.2329  22.7094   2.3466     -88.1602
    945    4881  1543.09    5855.52  114.2565  22.7058   2.5478     -87.5477
    945    5003  1560.57    5977.15  114.2801  22.7022   2.7494     -87.0230
    945    5125  1578.08    6098.94  114.3037  22.6985   2.9513     -86.5684
    945    5247  1595.61    6220.90  114.3273  22.6949   3.1537     -86.1705
    945    5369  1613.17    6343.03  114.3510  22.6912   3.3564     -85.8190
    945    5491  1630.75    6465.35  114.3747  22.6875   3.5595     -85.5062
    945    5613  1648.36    6587.87  114.3984  22.6839   3.7628     -85.2258
    945    5735  1666.01    6710.59  114.4222  22.6802   3.9666     -84.9729
    945    5857  1683.68    6833.53  114.4460  22.6765   4.1706     -84.7436
    945    6000  1704.44    6977.92  114.4739  22.6721   4.4102     -84.5002
   1063       1  961.63    981.14  113.3101  22.8273   5.5765     102.2622
   1063     123  979.38    1104.65  113.3341  22.8237   5.3718     102.3934
   1063     245  997.10    1227.91  113.3581  22.8202   5.1673     102.5341
   1063     367  1014.79    1350.94  113.3820  22.8166   4.9632     102.6853
   1063     489  1032.45    1473.75  113.4058  22.8131   4.7594     102.8485
   1063     611  1050.07    1596.35  113.4296  22.8095   4.5559     103.0252
   1063     733  1067.67    1718.75  113.4534  22.8060   4.3527     103.2173
   1063     855  1085.24    1840.96  113.4771  22.8025   4.1497     103.4270
   1063     977  1102.78    1962.98  113.5008  22.7989   3.9470     103.6571
   1063    1099  1120.30    2084.84  113.5245  22.7954   3.7446     103.9107
   1063    1221  1137.79    2206.53  113.5481  22.7919   3.5425     104.1920
   1063    1343  1155.27    2328.07  113.5717  22.7883   3.3406     104.5058
   1063    1465  1172.72    2449.47  113.5953  22.7848   3.1390     104.8585
   1063    1587  1190.15    2570.74  113.6189  22.7813   2.9377     105.2580
   1063    1709  1207.57    2691.89  113.6424  22.7777   2.7366     105.7145
   1063    1831  1224.97    2812.92  113.6659  22.7742   2.5360     106.2415
   1063    1953  1242.35    2933.85  113.6893  22.7707   2.3356     106.8570
   1063    2075  1259.73    3054.70  113.7128  22.7671   2.1357     107.5857
   1063    2197  1277.09    3175.46  113.7362  22.7636   1.9363     108.4624
   1063    2319  1294.44    3296.15  113.7597  22.7601   1.7375     109.5374
   1063    2441  1311.78    3416.78  113.7831  22.7565   1.5395     110.8866
   1063    2563  1329.12    3537.35  113.8065  22.7530   1.3427     112.6295
   1063    2685  1346.44    3657.89  113.8299  22.7494   1.1476     114.9641
   1063    2807  1363.77    3778.39  113.8532  22.7459   0.9552     118.2426
   1063    2929  1381.09    3898.87  113.8766  22.7423   0.7674     123.1434
   1063    3051  1398.41    4019.34  113.9000  22.7388   0.5888     131.1034
   1063    3173  1415.73    4139.81  113.9233  22.7352   0.4308     145.3756
   1063    3295  1433.05    4260.29  113.9467  22.7317   0.3252     171.8799
   1063    3417  1450.37    4380.78  113.9701  22.7281   0.3272     -152.1299
   1063    3539  1467.70    4501.30  113.9935  22.7246   0.4354     -126.0901
   1063    3661  1485.03    4621.86  114.0168  22.7210   0.5945     -112.1003
   1063    3783  1502.37    4742.47  114.0402  22.7174   0.7737     -104.2742
   1063    3905  1519.72    4863.13  114.0636  22.7138   0.9620     -99.4414
   1063    4027  1537.08    4983.87  114.0870  22.7103   1.1549     -96.2010
   1063    4149  1554.45    5104.68  114.1104  22.7067   1.3505     -93.8895
   1063    4271  1571.83    5225.57  114.1339  22.7031   1.5478     -92.1618
   1063    4393  1589.22    5346.57  114.1573  22.6995   1.7464     -90.8228
   1063    4515  1606.64    5467.67  114.1808  22.6959   1.9458     -89.7551
   1063    4637  1624.06    5588.89  114.2043  22.6923   2.1459     -88.8839
   1063    4759  1641.51    5710.24  114.2278  22.6886   2.3466     -88.1593
   1063    4881  1658.98    5831.72  114.2514  22.6850   2.5478     -87.5469
   1063    5003  1676.46    5953.35  114.2749  22.6814   2.7494     -87.0225
   1063    5125  1693.98    6075.14  114.2985  22.6777   2.9514     -86.5680
   1063    5247  1711.51    6197.09  114.3222  22.6741   3.1537     -86.1702
   1063    5369  1729.07    6319.23  114.3458  22.6704   3.3564     -85.8189
   1063    5491  1746.66    6441.55  114.3695  22.6667   3.5595     -85.5062
   1063    5613  1764.27    6564.06  114.3932  22.6631   3.7629     -85.2259
   1063    5735  1781.92    6686.78  114.4170  22.6594   3.9666     -84.9731
   1063    5857  1799.59    6809.72  114.4408  22.6557   4.1706     -84.7438
   1063    6000  1820.36    6954.11  114.4688  22.6513   4.4102     -84.5005
   1181       1  1077.38    957.39  113.3051  22.8065   5.5765     102.2601
   1181     123  1095.14    1080.89  113.3291  22.8029   5.3717     102.3913
   1181     245  1112.87    1204.16  113.3531  22.7994   5.1673     102.5319
   1181     367  1130.56    1327.19  113.3770  22.7958   4.9632     102.6831
   1181     489  1148.22    1450.00  113.4008  22.7923   4.7594     102.8463
   1181     611  1165.85    1572.59  113.4246  22.7887   4.5559     103.0229
   1181     733  1183.44    1694.99  113.4484  22.7852   4.3526     103.2149
   1181     855  1201.02    1817.20  113.4721  22.7816   4.1497     103.4245
   1181     977  1218.56    1939.22  113.4958  22.7781   3.9470     103.6545
   1181    1099  1236.08    2061.07  113.5195  22.7746   3.7446     103.9081
   1181    1221  1253.58    2182.76  113.5431  22.7710   3.5424     104.1893
   1181    1343  1271.06    2304.30  113.5667  22.7675   3.3406     104.5030
   1181    1465  1288.51    2425.70  113.5903  22.7640   3.1390     104.8556
   1181    1587  1305.95    2546.97  113.6138  22.7604   2.9376     105.2550
   1181    1709  1323.37    2668.12  113.6373  22.7569   2.7366     105.7113
   1181    1831  1340.77    2789.15  113.6608  22.7534   2.5359     106.2381
   1181    1953  1358.16    2910.08  113.6843  22.7498   2.3356     106.8535
   1181    2075  1375.54    3030.92  113.7078  22.7463   2.1357     107.5820
   1181    2197  1392.90    3151.68  113.7312  22.7428   1.9362     108.4584
   1181    2319  1410.26    3272.37  113.7546  22.7392   1.7375     109.5331
   1181    2441  1427.60    3393.00  113.7780  22.7357   1.5395     110.8820
   1181    2563  1444.94    3513.58  113.8014  22.7322   1.3427     112.6244
   1181    2685  1462.27    3634.11  113.8248  22.7286   1.1475     114.9584
   1181    2807  1479.60    3754.61  113.8482  22.7251   0.9551     118.2362
   1181    2929  1496.93    3875.09  113.8715  22.7215   0.7673     123.1361
   1181    3051  1514.25    3995.56  113.8949  22.7180   0.5887     131.0951
   1181    3173  1531.57    4116.03  113.9183  22.7144   0.4308     145.3672
   1181    3295  1548.89    4236.50  113.9416  22.7109   0.3251     171.8767
   1181    3417  1566.22    4356.99  113.9650  22.7073   0.3271     -152.1227
   1181    3539  1583.55    4477.51  113.9884  22.7037   0.4354     -126.0807
   1181    3661  1600.89    4598.07  114.0118  22.7002   0.5945     -112.0927
   1181    3783  1618.23    4718.68  114.0351  22.6966   0.7737     -104.2685
   1181    3905  1635.58    4839.34  114.0585  22.6930   0.9620     -99.4369
   1181    4027  1652.94    4960.07  114.0819  22.6894   1.1548     -96.1975
   1181    4149  1670.32    5080.88  114.1054  22.6859   1.3505     -93.8868
   1181    4271  1687.70    5201.78  114.1288  22.6823   1.5478     -92.1596
   1181    4393  1705.10    5322.77  114.1522  22.6787   1.7464     -90.8210
   1181    4515  1722.51    5443.87  114.1757  22.6751   1.9458     -89.7537
   1181    4637  1739.95    5565.09  114.1992  22.6714   2.1459     -88.8827
   1181    4759  1757.40    5686.44  114.2227  22.6678   2.3466     -88.1583
   1181    4881  1774.87    5807.92  114.2462  22.6642   2.5478     -87.5462
   1181    5003  1792.36    5929.55  114.2698  22.6606   2.7494     -87.0219
   1181    5125  1809.87    6051.33  114.2934  22.6569   2.9514     -86.5676
   1181    5247  1827.41    6173.29  114.3170  22.6533   3.1537     -86.1699
   1181    5369  1844.97    6295.42  114.3407  22.6496   3.3564     -85.8187
   1181    5491  1862.56    6417.74  114.3644  22.6459   3.5595     -85.5061
   1181    5613  1880.18    6540.25  114.3881  22.6422   3.7629     -85.2259
   1181    5735  1897.83    6662.97  114.4119  22.6386   3.9666     -84.9732
   1181    5857  1915.51    6785.91  114.4357  22.6349   4.1706     -84.7440
   1181    6000  1936.27    6930.30  114.4636  22.6305   4.4102     -84.5008
   1299       1  1193.14    933.63  113.3002  22.7856   5.5764     102.2581
   1299     123  1210.90    1057.13  113.3241  22.7821   5.3717     102.3892
   1299     245  1228.63    1180.40  113.3481  22.7785   5.1673     102.5298
   1299     367  1246.32    1303.43  113.3720  22.7750   4.9632     102.6809
   1299     489  1263.99    1426.24  113.3958  22.7714   4.7594     102.8440
   1299     611  1281.62    1548.83  113.4196  22.7679   4.5559     103.0206
   1299     733  1299.22    1671.23  113.4434  22.7643   4.3526     103.2125
   1299     855  1316.80    1793.43  113.4671  22.7608   4.1497     103.4221
   1299     977  1334.34    1915.45  113.4908  22.7573   3.9470     103.6520
   1299    1099  1351.87    2037.31  113.5145  22.7537   3.7446     103.9055
   1299    1221  1369.37    2159.00  113.5381  22.7502   3.5424     104.1865
   1299    1343  1386.85    2280.53  113.5617  22.7467   3.3405     104.5002
   1299    1465  1404.31    2401.93  113.5853  22.7431   3.1389     104.8527
   1299    1587  1421.75    2523.20  113.6088  22.7396   2.9376     105.2519
   1299    1709  1439.17    2644.34  113.6323  22.7361   2.7366     105.7081
   1299    1831  1456.58    2765.38  113.6558  22.7325   2.5359     106.2348
   1299    1953  1473.97    2886.31  113.6793  22.7290   2.3356     106.8499
   1299    2075  1491.35    3007.15  113.7027  22.7255   2.1356     107.5782
   1299    2197  1508.72    3127.91  113.7262  22.7219   1.9362     108.4544
   1299    2319  1526.08    3248.59  113.7496  22.7184   1.7374     109.5288
   1299    2441  1543.42    3369.22  113.7730  22.7149   1.5394     110.8774
   1299    2563  1560.77    3489.79  113.7964  22.7113   1.3426     112.6193
   1299    2685  1578.10    3610.33  113.8197  22.7078   1.1475     114.9528
   1299    2807  1595.43    3730.83  113.8431  22.7043   0.9551     118.2298
   1299    2929  1612.76    3851.31  113.8665  22.7007   0.7673     123.1288
   1299    3051  1630.09    3971.77  113.8898  22.6972   0.5887     131.0868
   1299    3173  1647.41    4092.24  113.9132  22.6936   0.4307     145.3588
   1299    3295  1664.74    4212.71  113.9366  22.6901   0.3250     171.8734
   1299    3417  1682.07    4333.20  113.9599  22.6865   0.3270     -152.1155
   1299    3539  1699.40    4453.72  113.9833  22.6829   0.4353     -126.0714
   1299    3661  1716.74    4574.28  114.0067  22.6794   0.5945     -112.0852
   1299    3783  1734.09    4694.88  114.0300  22.6758   0.7737     -104.2627
   1299    3905  1751.44    4815.55  114.0534  22.6722   0.9619     -99.4325
   1299    4027  1768.81    4936.28  114.0768  22.6686   1.1548     -96.1941
   1299    4149  1786.18    5057.08  114.1003  22.6650   1.3505     -93.8840
   1299    4271  1803.57    5177.98  114.1237  22.6614   1.5478     -92.1573
   1299    4393  1820.97    5298.97  114.1471  22.6578   1.7464     -90.8192
   1299    4515  1838.39    5420.07  114.1706  22.6542   1.9458     -89.7522
   1299    4637  1855.83    5541.29  114.1941  22.6506   2.1459     -88.8815
   1299    4759  1873.28    5662.63  114.2176  22.6470   2.3466     -88.1574
   1299    4881  1890.75    5784.11  114.2411  22.6434   2.5478     -87.5455
   1299    5003  1908.25    5905.74  114.2647  22.6397   2.7494     -87.0213
   1299    5125  1925.76    6027.53  114.2883  22.6361   2.9514     -86.5672
   1299    5247  1943.30    6149.48  114.3119  22.6324   3.1537     -86.1696
   1299    5369  1960.87    6271.61  114.3356  22.6288   3.3564     -85.8185
   1299    5491  1978.46    6393.92  114.3592  22.6251   3.5595     -85.5060
   1299    5613  1996.09    6516.44  114.3830  22.6214   3.7629     -85.2259
   1299    5735  2013.74    6639.16  114.4067  22.6178   3.9666     -84.9733
   1299    5857  2031.42    6762.10  114.4305  22.6141   4.1706     -84.7441
   1299    6000  2052.19    6906.48  114.4585  22.6097   4.4103     -84.5011
   1417       1  1308.89    909.87  113.2952  22.7648   5.5764     102.2560
   1417     123  1326.66    1033.37  113.3192  22.7612   5.3717     102.3871
   1417     245  1344.39    1156.63  113.3431  22.7577   5.1673     102.5276
   1417     367  1362.09    1279.66  113.3670  22.7541   4.9632     102.6787
   1417     489  1379.75    1402.47  113.3908  22.7506   4.7593     102.8417
   1417     611  1397.39    1525.07  113.4146  22.7471   4.5558     103.0182
   1417     733  1414.99    1647.46  113.4384  22.7435   4.3526     103.2101
   1417     855  1432.57    1769.66  113.4621  22.7400   4.1496     103.4196
   1417     977  1450.12    1891.68  113.4858  22.7364   3.9470     103.6494
   1417    1099  1467.65    2013.53  113.5095  22.7329   3.7445     103.9028
   1417    1221  1485.16    2135.22  113.5331  22.7294   3.5424     104.1838
   1417    1343  1502.64    2256.76  113.5567  22.7258   3.3405     104.4974
   1417    1465  1520.10    2378.16  113.5802  22.7223   3.1389     104.8498
   1417    1587  1537.55    2499.42  113.6038  22.7188   2.9376     105.2489
   1417    1709  1554.97    2620.57  113.6273  22.7152   2.7366     105.7050
   1417    1831  1572.38    2741.60  113.6508  22.7117   2.5359     106.2315
   1417    1953  1589.78    2862.53  113.6742  22.7082   2.3355     106.8464
   1417    2075  1607.16    2983.37  113.6977  22.7047   2.1356     107.5745
   1417    2197  1624.53    3104.12  113.7211  22.7011   1.9362     108.4504
   1417    2319  1641.89    3224.81  113.7445  22.6976   1.7374     109.5246
   1417    2441  1659.25    3345.44  113.7679  22.6941   1.5394     110.8727
   1417    2563  1676.59    3466.01  113.7913  22.6905   1.3426     112.6142
   1417    2685  1693.93    3586.54  113.8147  22.6870   1.1474     114.9471
   1417    2807  1711.26    3707.04  113.8381  22.6834   0.9550     118.2234
   1417    2929  1728.59    3827.52  113.8614  22.6799   0.7672     123.1215
   1417    3051  1745.92    3947.98  113.8848  22.6763   0.5886     131.0784
   1417    3173  1763.25    4068.45  113.9081  22.6728   0.4306     145.3504
   1417    3295  1780.58    4188.92  113.9315  22.6692   0.3249     171.8702
   1417    3417  1797.91    4309.41  113.9549  22.6657   0.3269     -152.1083
   1417    3539  1815.25    4429.93  113.9782  22.6621   0.4353     -126.0621
   1417    3661  1832.59    4550.48  114.0016  22.6585   0.5944     -112.0777
   1417    3783  1849.94    4671.09  114.0250  22.6550   0.7737     -104.2570
   1417    3905  1867.30    4791.75  114.0483  22.6514   0.9619     -99.4281
   1417    4027  1884.67    4912.48  114.0717  22.6478   1.1548     -96.1906
   1417    4149  1902.05    5033.28  114.0952  22.6442   1.3504     -93.8813
   1417    4271  1919.44    5154.18  114.1186  22.6406   1.5478     -92.1551
   1417    4393  1936.85    5275.17  114.1420  22.6370   1.7464     -90.8174
   1417    4515  1954.27    5396.27  114.1655  22.6334   1.9458     -89.7508
   1417    4637  1971.70    5517.48  114.1890  22.6298   2.1459     -88.8803
   1417    4759  1989.16    5638.82  114.2125  22.6262   2.3466     -88.1564
   1417    4881  2006.64    5760.30  114.2360  22.6226   2.5478     -87.5447
   1417    5003  2024.14    5881.93  114.2596  22.6189   2.7494     -87.0208
   1417    5125  2041.66    6003.71  114.2832  22.6153   2.9514     -86.5667
   1417    5247  2059.20    6125.67  114.3068  22.6116   3.1537     -86.1693
   1417    5369  2076.77    6247.79  114.3304  22.6080   3.3564     -85.8184
   1417    5491  2094.37    6370.11  114.3541  22.6043   3.5595     -85.5060
   1417    5613  2111.99    6492.62  114.3778  22.6006   3.7629     -85.2260
   1417    5735  2129.65    6615.34  114.4016  22.5969   3.9666     -84.9734
   1417    5857  2147.33    6738.28  114.4254  22.5932   4.1707     -84.7443
   1417    6000  2168.11    6882.66  114.4533  22.5889   4.4103     -84.5014
   1535       1  1424.65    886.11  113.2902  22.7440   5.5764     102.2539
   1535     123  1442.42    1009.61  113.3142  22.7404   5.3716     102.3850
   1535     245  1460.15    1132.87  113.3381  22.7369   5.1672     102.5255
   1535     367  1477.85    1255.89  113.3620  22.7333   4.9631     102.6765
   1535     489  1495.52    1378.70  113.3859  22.7298   4.7593     102.8395
   1535     611  1513.16    1501.29  113.4097  22.7262   4.5558     103.0159
   1535     733  1530.77    1623.69  113.4334  22.7227   4.3526     103.2077
   1535     855  1548.35    1745.89  113.4571  22.7192   4.1496     103.4172
   1535     977  1565.90    1867.91  113.4808  22.7156   3.9469     103.6469
   1535    1099  1583.44    1989.76  113.5045  22.7121   3.7445     103.9002
   1535    1221  1600.94    2111.45  113.5281  22.7085   3.5424     104.1811
   1535    1343  1618.43    2232.98  113.5517  22.7050   3.3405     104.4946
   1535    1465  1635.90    2354.38  113.5752  22.7015   3.1389     104.8469
   1535    1587  1653.34    2475.64  113.5988  22.6980   2.9375     105.2458
   1535    1709  1670.77    2596.78  113.6223  22.6944   2.7365     105.7018
   1535    1831  1688.19    2717.81  113.6457  22.6909   2.5358     106.2281
   1535    1953  1705.59    2838.74  113.6692  22.6874   2.3355     106.8429
   1535    2075  1722.97    2959.58  113.6926  22.6838   2.1356     107.5708
   1535    2197  1740.35    3080.34  113.7161  22.6803   1.9361     108.4464
   1535    2319  1757.71    3201.02  113.7395  22.6768   1.7373     109.5203
   1535    2441  1775.06    3321.65  113.7629  22.6732   1.5394     110.8681
   1535    2563  1792.41    3442.22  113.7863  22.6697   1.3425     112.6091
   1535    2685  1809.75    3562.75  113.8096  22.6662   1.1474     114.9414
   1535    2807  1827.09    3683.25  113.8330  22.6626   0.9550     118.2170
   1535    2929  1844.43    3803.72  113.8564  22.6591   0.7672     123.1142
   1535    3051  1861.76    3924.19  113.8797  22.6555   0.5885     131.0701
   1535    3173  1879.09    4044.65  113.9031  22.6520   0.4305     145.3420
   1535    3295  1896.42    4165.12  113.9264  22.6484   0.3248     171.8670
   1535    3417  1913.76    4285.61  113.9498  22.6449   0.3269     -152.1011
   1535    3539  1931.10    4406.13  113.9731  22.6413   0.4352     -126.0527
   1535    3661  1948.45    4526.68  113.9965  22.6377   0.5944     -112.0702
   1535    3783  1965.80    4647.28  114.0199  22.6342   0.7737     -104.2513
   1535    3905  1983.16    4767.94  114.0433  22.6306   0.9619     -99.4237
   1535    4027  2000.53    4888.67  114.0667  22.6270   1.1548     -96.1871
   1535    4149  2017.91    5009.48  114.0901  22.6234   1.3504     -93.8785
   1535    4271  2035.31    5130.37  114.1135  22.6198   1.5478     -92.1529
   1535    4393  2052.72    5251.36  114.1369  22.6162   1.7464     -90.8156
   1535    4515  2070.14    5372.46  114.1604  22.6126   1.9458     -89.7493
   1535    4637  2087.58    5493.67  114.1839  22.6090   2.1459     -88.8792
   1535    4759  2105.04    5615.01  114.2074  22.6054   2.3466     -88.1555
   1535    4881  2122.52    5736.49  114.2309  22.6018   2.5478     -87.5440
   1535    5003  2140.02    5858.12  114.2545  22.5981   2.7494     -87.0202
   1535    5125  2157.55    5979.90  114.2780  22.5945   2.9514     -86.5663
   1535    5247  2175.09    6101.85  114.3016  22.5908   3.1537     -86.1690
   1535    5369  2192.67    6223.98  114.3253  22.5872   3.3565     -85.8182
   1535    5491  2210.27    6346.29  114.3490  22.5835   3.5595     -85.5059
   1535    5613  2227.90    6468.80  114.3727  22.5798   3.7629     -85.2260
   1535    5735  2245.56    6591.52  114.3965  22.5761   3.9666     -84.9735
   1535    5857  2263.25    6714.45  114.4202  22.5724   4.1707     -84.7445
   1535    6000  2284.02    6858.84  114.4482  22.5681   4.4103     -84.5016
   1653       1  1540.40    862.34  113.2852  22.7231   5.5763     102.2519
   1653     123  1558.17    985.84  113.3092  22.7196   5.3716     102.3829
   1653     245  1575.91    1109.09  113.3331  22.7160   5.1672     102.5233
   1653     367  1593.61    1232.12  113.3570  22.7125   4.9631     102.6743
   1653     489  1611.28    1354.93  113.3809  22.7089   4.7593     102.8372
   1653     611  1628.93    1477.52  113.4047  22.7054   4.5558     103.0136
   1653     733  1646.54    1599.91  113.4284  22.7019   4.3525     103.2053
   1653     855  1664.12    1722.11  113.4521  22.6983   4.1496     103.4147
   1653     977  1681.68    1844.13  113.4758  22.6948   3.9469     103.6444
   1653    1099  1699.22    1965.98  113.4995  22.6913   3.7445     103.8976
   1653    1221  1716.73    2087.67  113.5231  22.6877   3.5423     104.1784
   1653    1343  1734.22    2209.20  113.5467  22.6842   3.3404     104.4918
   1653    1465  1751.69    2330.59  113.5702  22.6807   3.1388     104.8439
   1653    1587  1769.14    2451.86  113.5937  22.6771   2.9375     105.2428
   1653    1709  1786.57    2573.00  113.6172  22.6736   2.7365     105.6986
   1653    1831  1803.99    2694.03  113.6407  22.6701   2.5358     106.2248
   1653    1953  1821.39    2814.96  113.6642  22.6665   2.3355     106.8394
   1653    2075  1838.78    2935.79  113.6876  22.6630   2.1355     107.5670
   1653    2197  1856.16    3056.55  113.7110  22.6595   1.9361     108.4425
   1653    2319  1873.52    3177.23  113.7344  22.6559   1.7373     109.5160
   1653    2441  1890.88    3297.85  113.7578  22.6524   1.5393     110.8634
   1653    2563  1908.23    3418.42  113.7812  22.6489   1.3425     112.6040
   1653    2685  1925.58    3538.95  113.8046  22.6453   1.1474     114.9357
   1653    2807  1942.92    3659.45  113.8279  22.6418   0.9549     118.2106
   1653    2929  1960.26    3779.93  113.8513  22.6382   0.7671     123.1068
   1653    3051  1977.59    3900.39  113.8747  22.6347   0.5885     131.0618
   1653    3173  1994.93    4020.85  113.8980  22.6312   0.4304     145.3335
   1653    3295  2012.26    4141.32  113.9214  22.6276   0.3247     171.8637
   1653    3417  2029.60    4261.81  113.9447  22.6240   0.3268     -152.0939
   1653    3539  2046.95    4382.32  113.9681  22.6205   0.4352     -126.0433
   1653    3661  2064.30    4502.88  113.9914  22.6169   0.5944     -112.0626
   1653    3783  2081.65    4623.48  114.0148  22.6133   0.7736     -104.2455
   1653    3905  2099.02    4744.14  114.0382  22.6098   0.9619     -99.4193
   1653    4027  2116.39    4864.86  114.0616  22.6062   1.1548     -96.1836
   1653    4149  2133.78    4985.67  114.0850  22.6026   1.3504     -93.8757
   1653    4271  2151.18    5106.56  114.1084  22.5990   1.5478     -92.1506
   1653    4393  2168.59    5227.55  114.1318  22.5954   1.7464     -90.8138
   1653    4515  2186.01    5348.64  114.1553  22.5918   1.9458     -89.7478
   1653    4637  2203.46    5469.85  114.1788  22.5882   2.1459     -88.8780
   1653    4759  2220.92    5591.19  114.2023  22.5846   2.3466     -88.1545
   1653    4881  2238.41    5712.67  114.2258  22.5809   2.5478     -87.5432
   1653    5003  2255.91    5834.30  114.2493  22.5773   2.7494     -87.0196
   1653    5125  2273.44    5956.08  114.2729  22.5737   2.9514     -86.5659
   1653    5247  2290.99    6078.03  114.2965  22.5700   3.1538     -86.1687
   1653    5369  2308.56    6200.15  114.3202  22.5664   3.3565     -85.8180
   1653    5491  2326.17    6322.46  114.3438  22.5627   3.5595     -85.5058
   1653    5613  2343.80    6444.97  114.3676  22.5590   3.7629     -85.2260
   1653    5735  2361.46    6567.69  114.3913  22.5553   3.9666     -84.9736
   1653    5857  2379.16    6690.62  114.4151  22.5516   4.1707     -84.7447
   1653    6000  2399.94    6835.01  114.4430  22.5473   4.4103     -84.5019
   1771       1  1656.15    838.56  113.2803  22.7023   5.5763     102.2498
   1771     123  1673.92    962.06  113.3042  22.6988   5.3716     102.3808
   1771     245  1691.67    1085.32  113.3282  22.6952   5.1672     102.5211
   1771     367  1709.37    1208.34  113.3520  22.6917   4.9631     102.6721
   1771     489  1727.05    1331.15  113.3759  22.6881   4.7593     102.8349
   1771     611  1744.69    1453.74  113.3997  22.6846   4.5558     103.0113
   1771     733  1762.31    1576.13  113.4234  22.6810   4.3525     103.2029
   1771     855  1779.90    1698.33  113.4471  22.6775   4.1496     103.4122
   1771     977  1797.46    1820.35  113.4708  22.6740   3.9469     103.6418
   1771    1099  1815.00    1942.19  113.4945  22.6704   3.7445     103.8950
   1771    1221  1832.51    2063.88  113.5181  22.6669   3.5423     104.1757
   1771    1343  1850.01    2185.41  113.5416  22.6634   3.3404     104.4890
   1771    1465  1867.48    2306.81  113.5652  22.6598   3.1388     104.8410
   1771    1587  1884.93    2428.07  113.5887  22.6563   2.9375     105.2398
   1771    1709  1902.37    2549.21  113.6122  22.6528   2.7365     105.6954
   1771    1831  1919.79    2670.24  113.6357  22.6492   2.5358     106.2215
   1771    1953  1937.19    2791.16  113.6591  22.6457   2.3354     106.8359
   1771    2075  1954.59    2912.00  113.6826  22.6422   2.1355     107.5633
   1771    2197  1971.97    3032.75  113.7060  22.6387   1.9361     108.4385
   1771    2319  1989.34    3153.43  113.7294  22.6351   1.7373     109.5117
   1771    2441  2006.70    3274.06  113.7528  22.6316   1.5393     110.8588
   1771    2563  2024.05    3394.62  113.7762  22.6281   1.3425     112.5989
   1771    2685  2041.40    3515.15  113.7995  22.6245   1.1473     114.9301
   1771    2807  2058.75    3635.65  113.8229  22.6210   0.9549     118.2042
   1771    2929  2076.09    3756.12  113.8462  22.6174   0.7671     123.0995
   1771    3051  2093.43    3876.58  113.8696  22.6139   0.5884     131.0534
   1771    3173  2110.76    3997.05  113.8929  22.6103   0.4304     145.3251
   1771    3295  2128.10    4117.51  113.9163  22.6068   0.3246     171.8605
   1771    3417  2145.45    4238.00  113.9396  22.6032   0.3267     -152.0867
   1771    3539  2162.79    4358.51  113.9630  22.5997   0.4351     -126.0340
   1771    3661  2180.15    4479.07  113.9863  22.5961   0.5943     -112.0551
   1771    3783  2197.51    4599.67  114.0097  22.5925   0.7736     -104.2398
   1771    3905  2214.87    4720.32  114.0331  22.5890   0.9619     -99.4148
   1771    4027  2232.25    4841.05  114.0565  22.5854   1.1548     -96.1802
   1771    4149  2249.64    4961.85  114.0799  22.5818   1.3504     -93.8729
   1771    4271  2267.04    5082.74  114.1033  22.5782   1.5478     -92.1484
   1771    4393  2284.46    5203.73  114.1267  22.5746   1.7464     -90.8120
   1771    4515  2301.89    5324.82  114.1502  22.5710   1.9458     -89.7464
   1771    4637  2319.34    5446.03  114.1737  22.5674   2.1459     -88.8768
   1771    4759  2336.80    5567.37  114.1971  22.5638   2.3466     -88.1536
   1771    4881  2354.29    5688.85  114.2207  22.5601   2.5478     -87.5425
   1771    5003  2371.80    5810.47  114.2442  22.5565   2.7494     -87.0190
   1771    5125  2389.33    5932.25  114.2678  22.5529   2.9514     -86.5655
   1771    5247  2406.88    6054.20  114.2914  22.5492   3.1538     -86.1684
   1771    5369  2424.46    6176.32  114.3150  22.5456   3.3565     -85.8178
   1771    5491  2442.07    6298.64  114.3387  22.5419   3.5595     -85.5057
   1771    5613  2459.70    6421.14  114.3624  22.5382   3.7629     -85.2260
   1771    5735  2477.37    6543.86  114.3862  22.5345   3.9666     -84.9737
   1771    5857  2495.06    6666.79  114.4100  22.5308   4.1707     -84.7449
   1771    6000  2515.85    6811.17  114.4379  22.5265   4.4103     -84.5022
   1889       1  1771.90    814.78  113.2753  22.6815   5.5763     102.2478
   1889     123  1789.68    938.28  113.2993  22.6779   5.3716     102.3787
   1889     245  1807.42    1061.54  113.3232  22.6744   5.1672     102.5190
   1889     367  1825.13    1184.56  113.3471  22.6708   4.9631     102.6699
   1889     489  1842.81    1307.36  113.3709  22.6673   4.7592     102.8327
   1889     611  1860.46    1429.96  113.3947  22.6637   4.5557     103.0089
   1889     733  1878.08    1552.35  113.4184  22.6602   4.3525     103.2006
   1889     855  1895.67    1674.54  113.4421  22.6567   4.1495     103.4098
   1889     977  1913.24    1796.56  113.4658  22.6531   3.9468     103.6393
   1889    1099  1930.78    1918.41  113.4895  22.6496   3.7444     103.8924
   1889    1221  1948.30    2040.09  113.5131  22.6461   3.5423     104.1730
   1889    1343  1965.79    2161.62  113.5366  22.6425   3.3404     104.4862
   1889    1465  1983.27    2283.01  113.5602  22.6390   3.1388     104.8381
   1889    1587  2000.72    2404.27  113.5837  22.6355   2.9375     105.2367
   1889    1709  2018.16    2525.41  113.6072  22.6320   2.7364     105.6922
   1889    1831  2035.59    2646.44  113.6307  22.6284   2.5357     106.2181
   1889    1953  2053.00    2767.37  113.6541  22.6249   2.3354     106.8323
   1889    2075  2070.39    2888.20  113.6775  22.6214   2.1355     107.5596
   1889    2197  2087.78    3008.95  113.7010  22.6178   1.9360     108.4345
   1889    2319  2105.15    3129.63  113.7244  22.6143   1.7372     109.5074
   1889    2441  2122.51    3250.25  113.7477  22.6108   1.5393     110.8541
   1889    2563  2139.87    3370.82  113.7711  22.6072   1.3424     112.5938
   1889    2685  2157.22    3491.35  113.7945  22.6037   1.1473     114.9244
   1889    2807  2174.57    3611.84  113.8178  22.6002   0.9548     118.1977
   1889    2929  2191.92    3732.32  113.8412  22.5966   0.7670     123.0922
   1889    3051  2209.26    3852.78  113.8645  22.5931   0.5883     131.0451
   1889    3173  2226.60    3973.24  113.8879  22.5895   0.4303     145.3167
   1889    3295  2243.94    4093.70  113.9112  22.5860   0.3245     171.8573
   1889    3417  2261.29    4214.19  113.9346  22.5824   0.3266     -152.0794
   1889    3539  2278.64    4334.70  113.9579  22.5788   0.4351     -126.0246
   1889    3661  2295.99    4455.25  113.9813  22.5753   0.5943     -112.0475
   1889    3783  2313.36    4575.85  114.0046  22.5717   0.7736     -104.2340
   1889    3905  2330.73    4696.51  114.0280  22.5681   0.9619     -99.4104
   1889    4027  2348.11    4817.23  114.0514  22.5646   1.1548     -96.1767
   1889    4149  2365.50    4938.03  114.0748  22.5610   1.3504     -93.8702
   1889    4271  2382.91    5058.92  114.0982  22.5574   1.5478     -92.1462
   1889    4393  2400.32    5179.91  114.1216  22.5538   1.7464     -90.8102
   1889    4515  2417.76    5301.00  114.1451  22.5502   1.9458     -89.7449
   1889    4637  2435.21    5422.21  114.1685  22.5466   2.1459     -88.8756
   1889    4759  2452.68    5543.55  114.1920  22.5430   2.3466     -88.1526
   1889    4881  2470.17    5665.02  114.2156  22.5393   2.5478     -87.5417
   1889    5003  2487.68    5786.65  114.2391  22.5357   2.7494     -87.0184
   1889    5125  2505.21    5908.42  114.2627  22.5321   2.9514     -86.5650
   1889    5247  2522.77    6030.37  114.2863  22.5284   3.1538     -86.1681
   1889    5369  2540.35    6152.49  114.3099  22.5247   3.3565     -85.8176
   1889    5491  2557.96    6274.80  114.3336  22.5211   3.5595     -85.5057
   1889    5613  2575.60    6397.31  114.3573  22.5174   3.7629     -85.2260
   1889    5735  2593.27    6520.02  114.3810  22.5137   3.9666     -84.9738
   1889    5857  2610.97    6642.95  114.4048  22.5100   4.1707     -84.7451
   1889    6000  2631.76    6787.33  114.4328  22.5057   4.4103     -84.5024
   2007       1  1887.65    791.00  113.2703  22.6606   5.5763     102.2457
   2007     123  1905.43    914.50  113.2943  22.6571   5.3715     102.3766
   2007     245  1923.18    1037.75  113.3182  22.6535   5.1671     102.5168
   2007     367  1940.89    1160.78  113.3421  22.6500   4.9630     102.6677
   2007     489  1958.57    1283.58  113.3659  22.6465   4.7592     102.8304
   2007     611  1976.23    1406.17  113.3897  22.6429   4.5557     103.0066
   2007     733  1993.85    1528.56  113.4134  22.6394   4.3525     103.1982
   2007     855  2011.44    1650.75  113.4371  22.6358   4.1495     103.4073
   2007     977  2029.01    1772.77  113.4608  22.6323   3.9468     103.6368
   2007    1099  2046.56    1894.61  113.4845  22.6288   3.7444     103.8898
   2007    1221  2064.08    2016.30  113.5081  22.6252   3.5422     104.1703
   2007    1343  2081.58    2137.83  113.5316  22.6217   3.3404     104.4834
   2007    1465  2099.06    2259.22  113.5552  22.6182   3.1388     104.8352
   2007    1587  2116.52    2380.48  113.5787  22.6147   2.9374     105.2337
   2007    1709  2133.96    2501.61  113.6022  22.6111   2.7364     105.6891
   2007    1831  2151.39    2622.64  113.6256  22.6076   2.5357     106.2148
   2007    1953  2168.80    2743.56  113.6491  22.6041   2.3354     106.8288
   2007    2075  2186.20    2864.40  113.6725  22.6005   2.1354     107.5558
   2007    2197  2203.58    2985.15  113.6959  22.5970   1.9360     108.4305
   2007    2319  2220.96    3105.83  113.7193  22.5935   1.7372     109.5031
   2007    2441  2238.33    3226.45  113.7427  22.5899   1.5392     110.8495
   2007    2563  2255.69    3347.02  113.7661  22.5864   1.3424     112.5886
   2007    2685  2273.05    3467.54  113.7894  22.5829   1.1472     114.9187
   2007    2807  2290.40    3588.03  113.8128  22.5793   0.9548     118.1913
   2007    2929  2307.74    3708.51  113.8361  22.5758   0.7669     123.0848
   2007    3051  2325.09    3828.97  113.8595  22.5722   0.5883     131.0367
   2007    3173  2342.43    3949.42  113.8828  22.5687   0.4302     145.3082
   2007    3295  2359.78    4069.89  113.9062  22.5651   0.3244     171.8540
   2007    3417  2377.13    4190.37  113.9295  22.5616   0.3265     -152.0722
   2007    3539  2394.48    4310.88  113.9528  22.5580   0.4350     -126.0152
   2007    3661  2411.84    4431.43  113.9762  22.5545   0.5942     -112.0400
   2007    3783  2429.21    4552.03  113.9996  22.5509   0.7736     -104.2282
   2007    3905  2446.58    4672.69  114.0229  22.5473   0.9619     -99.4059
   2007    4027  2463.97    4793.41  114.0463  22.5437   1.1548     -96.1732
   2007    4149  2481.36    4914.21  114.0697  22.5402   1.3504     -93.8674
   2007    4271  2498.77    5035.10  114.0931  22.5366   1.5478     -92.1439
   2007    4393  2516.19    5156.08  114.1165  22.5330   1.7464     -90.8084
   2007    4515  2533.63    5277.17  114.1400  22.5294   1.9458     -89.7434
   2007    4637  2551.08    5398.38  114.1634  22.5258   2.1459     -88.8744
   2007    4759  2568.56    5519.72  114.1869  22.5221   2.3466     -88.1517
   2007    4881  2586.05    5641.19  114.2104  22.5185   2.5478     -87.5409
   2007    5003  2603.56    5762.81  114.2340  22.5149   2.7494     -87.0179
   2007    5125  2621.10    5884.59  114.2576  22.5112   2.9514     -86.5646
   2007    5247  2638.66    6006.54  114.2812  22.5076   3.1538     -86.1678
   2007    5369  2656.25    6128.66  114.3048  22.5039   3.3565     -85.8174
   2007    5491  2673.86    6250.97  114.3285  22.5003   3.5595     -85.5056
   2007    5613  2691.50    6373.47  114.3522  22.4966   3.7629     -85.2261
   2007    5735  2709.17    6496.18  114.3759  22.4929   3.9667     -84.9739
   2007    5857  2726.88    6619.11  114.3997  22.4892   4.1707     -84.7453
   2007    6000  2747.67    6763.49  114.4276  22.4849   4.4103     -84.5027
   2125       1  2003.40    767.21  113.2653  22.6398   5.5762     102.2436
   2125     123  2021.18    890.71  113.2893  22.6363   5.3715     102.3744
   2125     245  2038.94    1013.96  113.3132  22.6327   5.1671     102.5147
   2125     367  2056.65    1136.99  113.3371  22.6292   4.9630     102.6654
   2125     489  2074.34    1259.79  113.3609  22.6256   4.7592     102.8281
   2125     611  2091.99    1382.37  113.3847  22.6221   4.5557     103.0043
   2125     733  2109.62    1504.76  113.4084  22.6185   4.3524     103.1958
   2125     855  2127.22    1626.96  113.4321  22.6150   4.1495     103.4049
   2125     977  2144.79    1748.97  113.4558  22.6115   3.9468     103.6342
   2125    1099  2162.34    1870.82  113.4794  22.6079   3.7444     103.8871
   2125    1221  2179.86    1992.50  113.5030  22.6044   3.5422     104.1676
   2125    1343  2197.36    2114.03  113.5266  22.6009   3.3403     104.4806
   2125    1465  2214.85    2235.42  113.5502  22.5974   3.1387     104.8323
   2125    1587  2232.31    2356.67  113.5737  22.5938   2.9374     105.2306
   2125    1709  2249.76    2477.81  113.5972  22.5903   2.7364     105.6859
   2125    1831  2267.19    2598.84  113.6206  22.5868   2.5357     106.2114
   2125    1953  2284.60    2719.76  113.6441  22.5832   2.3353     106.8253
   2125    2075  2302.00    2840.59  113.6675  22.5797   2.1354     107.5521
   2125    2197  2319.39    2961.34  113.6909  22.5762   1.9360     108.4265
   2125    2319  2336.77    3082.02  113.7143  22.5727   1.7372     109.4988
   2125    2441  2354.15    3202.64  113.7377  22.5691   1.5392     110.8448
   2125    2563  2371.51    3323.20  113.7610  22.5656   1.3423     112.5835
   2125    2685  2388.87    3443.73  113.7844  22.5620   1.1472     114.9130
   2125    2807  2406.22    3564.22  113.8077  22.5585   0.9547     118.1849
   2125    2929  2423.57    3684.69  113.8311  22.5550   0.7669     123.0775
   2125    3051  2440.92    3805.15  113.8544  22.5514   0.5882     131.0284
   2125    3173  2458.27    3925.61  113.8778  22.5479   0.4301     145.2998
   2125    3295  2475.62    4046.07  113.9011  22.5443   0.3243     171.8508
   2125    3417  2492.97    4166.55  113.9244  22.5408   0.3264     -152.0649
   2125    3539  2510.33    4287.06  113.9478  22.5372   0.4349     -126.0058
   2125    3661  2527.69    4407.61  113.9711  22.5336   0.5942     -112.0324
   2125    3783  2545.06    4528.21  113.9945  22.5301   0.7736     -104.2225
   2125    3905  2562.44    4648.86  114.0178  22.5265   0.9619     -99.4015
   2125    4027  2579.82    4769.58  114.0412  22.5229   1.1548     -96.1697
   2125    4149  2597.22    4890.38  114.0646  22.5193   1.3504     -93.8646
   2125    4271  2614.63    5011.27  114.0880  22.5158   1.5478     -92.1417
   2125    4393  2632.06    5132.25  114.1114  22.5122   1.7464     -90.8065
   2125    4515  2649.50    5253.34  114.1349  22.5086   1.9458     -89.7419
   2125    4637  2666.96    5374.55  114.1583  22.5049   2.1460     -88.8732
   2125    4759  2684.43    5495.89  114.1818  22.5013   2.3466     -88.1507
   2125    4881  2701.93    5617.36  114.2053  22.4977   2.5478     -87.5402
   2125    5003  2719.45    5738.98  114.2289  22.4941   2.7494     -87.0173
   2125    5125  2736.99    5860.75  114.2524  22.4904   2.9514     -86.5641
   2125    5247  2754.55    5982.70  114.2760  22.4868   3.1538     -86.1675
   2125    5369  2772.14    6104.82  114.2997  22.4831   3.3565     -85.8173
   2125    5491  2789.76    6227.12  114.3233  22.4795   3.5596     -85.5055
   2125    5613  2807.40    6349.63  114.3470  22.4758   3.7629     -85.2261
   2125    5735  2825.08    6472.34  114.3708  22.4721   3.9667     -84.9741
   2125    5857  2842.78    6595.27  114.3945  22.4684   4.1707     -84.7455
   2125    6000  2863.58    6739.64  114.4225  22.4641   4.4103     -84.5030
   2243       1  2119.15    743.42  113.2604  22.6190   5.5762     102.2416
   2243     123  2136.93    866.92  113.2843  22.6154   5.3715     102.3723
   2243     245  2154.69    990.17  113.3082  22.6119   5.1671     102.5125
   2243     367  2172.41    1113.19  113.3321  22.6083   4.9630     102.6632
   2243     489  2190.10    1235.99  113.3559  22.6048   4.7592     102.8259
   2243     611  2207.76    1358.58  113.3797  22.6013   4.5556     103.0019
   2243     733  2225.39    1480.96  113.4035  22.5977   4.3524     103.1934
   2243     855  2242.99    1603.16  113.4272  22.5942   4.1494     103.4024
   2243     977  2260.56    1725.17  113.4508  22.5907   3.9468     103.6317
   2243    1099  2278.11    1847.01  113.4744  22.5871   3.7443     103.8845
   2243    1221  2295.64    1968.69  113.4980  22.5836   3.5422     104.1649
   2243    1343  2313.15    2090.22  113.5216  22.5801   3.3403     104.4778
   2243    1465  2330.63    2211.61  113.5451  22.5765   3.1387     104.8294
   2243    1587  2348.10    2332.87  113.5687  22.5730   2.9374     105.2276
   2243    1709  2365.55    2454.00  113.5921  22.5695   2.7363     105.6827
   2243    1831  2382.98    2575.03  113.6156  22.5659   2.5356     106.2081
   2243    1953  2400.40    2695.95  113.6390  22.5624   2.3353     106.8218
   2243    2075  2417.81    2816.78  113.6625  22.5589   2.1354     107.5484
   2243    2197  2435.20    2937.53  113.6859  22.5554   1.9359     108.4225
   2243    2319  2452.58    3058.21  113.7092  22.5518   1.7371     109.4945
   2243    2441  2469.96    3178.82  113.7326  22.5483   1.5391     110.8401
   2243    2563  2487.33    3299.39  113.7560  22.5448   1.3423     112.5784
   2243    2685  2504.69    3419.91  113.7793  22.5412   1.1471     114.9073
   2243    2807  2522.04    3540.40  113.8027  22.5377   0.9547     118.1785
   2243    2929  2539.40    3660.87  113.8260  22.5341   0.7668     123.0701
   2243    3051  2556.75    3781.33  113.8494  22.5306   0.5881     131.0200
   2243    3173  2574.10    3901.78  113.8727  22.5271   0.4300     145.2913
   2243    3295  2591.45    4022.25  113.8960  22.5235   0.3242     171.8475
   2243    3417  2608.81    4142.73  113.9194  22.5200   0.3263     -152.0576
   2243    3539  2626.17    4263.24  113.9427  22.5164   0.4349     -125.9963
   2243    3661  2643.54    4383.79  113.9660  22.5128   0.5942     -112.0248
   2243    3783  2660.91    4504.38  113.9894  22.5093   0.7735     -104.2167
   2243    3905  2678.29    4625.03  114.0128  22.5057   0.9618     -99.3970
   2243    4027  2695.68    4745.75  114.0361  22.5021   1.1548     -96.1662
   2243    4149  2713.08    4866.55  114.0595  22.4985   1.3504     -93.8618
   2243    4271  2730.49    4987.44  114.0829  22.4949   1.5478     -92.1394
   2243    4393  2747.92    5108.42  114.1063  22.4913   1.7464     -90.8047
   2243    4515  2765.37    5229.51  114.1298  22.4877   1.9458     -89.7404
   2243    4637  2782.83    5350.71  114.1532  22.4841   2.1460     -88.8720
   2243    4759  2800.31    5472.05  114.1767  22.4805   2.3467     -88.1497
   2243    4881  2817.81    5593.52  114.2002  22.4769   2.5478     -87.5394
   2243    5003  2835.33    5715.14  114.2238  22.4733   2.7494     -87.0167
   2243    5125  2852.87    5836.91  114.2473  22.4696   2.9514     -86.5637
   2243    5247  2870.44    5958.85  114.2709  22.4660   3.1538     -86.1672
   2243    5369  2888.03    6080.97  114.2945  22.4623   3.3565     -85.8171
   2243    5491  2905.65    6203.28  114.3182  22.4586   3.5596     -85.5054
   2243    5613  2923.30    6325.78  114.3419  22.4550   3.7630     -85.2261
   2243    5735  2940.98    6448.49  114.3656  22.4513   3.9667     -84.9741
   2243    5857  2958.69    6571.42  114.3894  22.4476   4.1707     -84.7456
   2243    6000  2979.49    6715.79  114.4173  22.4433   4.4103     -84.5032
   2361       1  2234.89    719.63  113.2554  22.5982   5.5762     102.2395
   2361     123  2252.68    843.12  113.2794  22.5946   5.3715     102.3702
   2361     245  2270.44    966.37  113.3033  22.5911   5.1671     102.5104
   2361     367  2288.16    1089.39  113.3271  22.5875   4.9629     102.6610
   2361     489  2305.86    1212.19  113.3510  22.5840   4.7591     102.8236
   2361     611  2323.52    1334.78  113.3747  22.5804   4.5556     102.9996
   2361     733  2341.15    1457.16  113.3985  22.5769   4.3524     103.1910
   2361     855  2358.76    1579.36  113.4222  22.5734   4.1494     103.4000
   2361     977  2376.34    1701.37  113.4458  22.5698   3.9467     103.6292
   2361    1099  2393.89    1823.21  113.4694  22.5663   3.7443     103.8819
   2361    1221  2411.42    1944.89  113.4930  22.5628   3.5422     104.1622
   2361    1343  2428.93    2066.42  113.5166  22.5592   3.3403     104.4750
   2361    1465  2446.42    2187.80  113.5401  22.5557   3.1387     104.8264
   2361    1587  2463.89    2309.06  113.5636  22.5522   2.9373     105.2246
   2361    1709  2481.34    2430.19  113.5871  22.5487   2.7363     105.6795
   2361    1831  2498.78    2551.21  113.6106  22.5451   2.5356     106.2048
   2361    1953  2516.20    2672.14  113.6340  22.5416   2.3353     106.8183
   2361    2075  2533.61    2792.97  113.6574  22.5381   2.1353     107.5446
   2361    2197  2551.00    2913.71  113.6808  22.5345   1.9359     108.4185
   2361    2319  2568.39    3034.39  113.7042  22.5310   1.7371     109.4903
   2361    2441  2585.77    3155.01  113.7276  22.5275   1.5391     110.8355
   2361    2563  2603.14    3275.57  113.7509  22.5239   1.3423     112.5733
   2361    2685  2620.50    3396.09  113.7743  22.5204   1.1471     114.9016
   2361    2807  2637.86    3516.58  113.7976  22.5169   0.9546     118.1720
   2361    2929  2655.22    3637.05  113.8210  22.5133   0.7668     123.0627
   2361    3051  2672.58    3757.50  113.8443  22.5098   0.5881     131.0116
   2361    3173  2689.93    3877.96  113.8676  22.5062   0.4299     145.2828
   2361    3295  2707.29    3998.42  113.8910  22.5027   0.3241     171.8443
   2361    3417  2724.65    4118.90  113.9143  22.4991   0.3263     -152.0504
   2361    3539  2742.01    4239.41  113.9376  22.4956   0.4348     -125.9869
   2361    3661  2759.38    4359.96  113.9610  22.4920   0.5941     -112.0172
   2361    3783  2776.75    4480.55  113.9843  22.4884   0.7735     -104.2109
   2361    3905  2794.14    4601.20  114.0077  22.4849   0.9618     -99.3925
   2361    4027  2811.53    4721.92  114.0310  22.4813   1.1548     -96.1627
   2361    4149  2828.94    4842.72  114.0544  22.4777   1.3504     -93.8590
   2361    4271  2846.35    4963.60  114.0778  22.4741   1.5478     -92.1372
   2361    4393  2863.79    5084.58  114.1012  22.4705   1.7464     -90.8029
   2361    4515  2881.23    5205.67  114.1247  22.4669   1.9458     -89.7389
   2361    4637  2898.70    5326.87  114.1481  22.4633   2.1460     -88.8708
   2361    4759  2916.18    5448.21  114.1716  22.4597   2.3467     -88.1488
   2361    4881  2933.68    5569.68  114.1951  22.4561   2.5478     -87.5386
   2361    5003  2951.21    5691.29  114.2186  22.4524   2.7495     -87.0161
   2361    5125  2968.75    5813.07  114.2422  22.4488   2.9514     -86.5633
   2361    5247  2986.32    5935.01  114.2658  22.4452   3.1538     -86.1669
   2361    5369  3003.92    6057.13  114.2894  22.4415   3.3565     -85.8169
   2361    5491  3021.54    6179.43  114.3131  22.4378   3.5596     -85.5053
   2361    5613  3039.19    6301.93  114.3368  22.4342   3.7630     -85.2261
   2361    5735  3056.88    6424.64  114.3605  22.4305   3.9667     -84.9742
   2361    5857  3074.59    6547.57  114.3843  22.4268   4.1707     -84.7458
   2361    6000  3095.39    6691.94  114.4122  22.4224   4.4104     -84.5035
   2479       1  2350.64    695.83  113.2504  22.5773   5.5762     102.2374
   2479     123  2368.43    819.32  113.2744  22.5738   5.3714     102.3681
   2479     245  2386.19    942.57  113.2983  22.5702   5.1670     102.5082
   2479     367  2403.92    1065.59  113.3222  22.5667   4.9629     102.6588
   2479     489  2421.61    1188.39  113.3460  22.5631   4.7591     102.8213
   2479     611  2439.28    1310.97  113.3697  22.5596   4.5556     102.9973
   2479     733  2456.92    1433.36  113.3935  22.5561   4.3524     103.1886
   2479     855  2474.52    1555.55  113.4172  22.5525   4.1494     103.3975
   2479     977  2492.11    1677.56  113.4408  22.5490   3.9467     103.6266
   2479    1099  2509.66    1799.40  113.4644  22.5455   3.7443     103.8793
   2479    1221  2527.20    1921.08  113.4880  22.5419   3.5421     104.1595
   2479    1343  2544.71    2042.60  113.5116  22.5384   3.3402     104.4722
   2479    1465  2562.20    2163.99  113.5351  22.5349   3.1386     104.8235
   2479    1587  2579.68    2285.24  113.5586  22.5314   2.9373     105.2215
   2479    1709  2597.13    2406.38  113.5821  22.5278   2.7363     105.6763
   2479    1831  2614.57    2527.40  113.6056  22.5243   2.5356     106.2014
   2479    1953  2632.00    2648.32  113.6290  22.5208   2.3352     106.8147
   2479    2075  2649.41    2769.15  113.6524  22.5172   2.1353     107.5409
   2479    2197  2666.81    2889.89  113.6758  22.5137   1.9359     108.4145
   2479    2319  2684.20    3010.57  113.6992  22.5102   1.7371     109.4860
   2479    2441  2701.58    3131.18  113.7225  22.5067   1.5391     110.8308
   2479    2563  2718.95    3251.74  113.7459  22.5031   1.3422     112.5682
   2479    2685  2736.32    3372.26  113.7692  22.4996   1.1470     114.8959
   2479    2807  2753.68    3492.75  113.7926  22.4960   0.9546     118.1656
   2479    2929  2771.04    3613.22  113.8159  22.4925   0.7667     123.0554
   2479    3051  2788.40    3733.68  113.8392  22.4890   0.5880     131.0033
   2479    3173  2805.76    3854.13  113.8626  22.4854   0.4299     145.2743
   2479    3295  2823.12    3974.59  113.8859  22.4819   0.3240     171.8410
   2479    3417  2840.48    4095.07  113.9092  22.4783   0.3262     -152.0431
   2479    3539  2857.85    4215.58  113.9326  22.4748   0.4348     -125.9775
   2479    3661  2875.22    4336.12  113.9559  22.4712   0.5941     -112.0096
   2479    3783  2892.60    4456.71  113.9792  22.4676   0.7735     -104.2051
   2479    3905  2909.99    4577.36  114.0026  22.4641   0.9618     -99.3881
   2479    4027  2927.38    4698.08  114.0260  22.4605   1.1548     -96.1591
   2479    4149  2944.79    4818.88  114.0493  22.4569   1.3504     -93.8562
   2479    4271  2962.21    4939.76  114.0727  22.4533   1.5478     -92.1349
   2479    4393  2979.65    5060.74  114.0962  22.4497   1.7464     -90.8010
   2479    4515  2997.10    5181.82  114.1196  22.4461   1.9458     -89.7374
   2479    4637  3014.57    5303.03  114.1430  22.4425   2.1460     -88.8696
   2479    4759  3032.05    5424.36  114.1665  22.4389   2.3467     -88.1478
   2479    4881  3049.56    5545.83  114.1900  22.4353   2.5478     -87.5379
   2479    5003  3067.08    5667.44  114.2135  22.4316   2.7495     -87.0155
   2479    5125  3084.63    5789.22  114.2371  22.4280   2.9515     -86.5628
   2479    5247  3102.21    5911.16  114.2607  22.4244   3.1538     -86.1666
   2479    5369  3119.81    6033.27  114.2843  22.4207   3.3565     -85.8167
   2479    5491  3137.43    6155.58  114.3080  22.4170   3.5596     -85.5052
   2479    5613  3155.09    6278.08  114.3316  22.4134   3.7630     -85.2261
   2479    5735  3172.77    6400.78  114.3554  22.4097   3.9667     -84.9743
   2479    5857  3190.49    6523.71  114.3791  22.4060   4.1708     -84.7460
   2479    6000  3211.30    6668.08  114.4070  22.4016   4.4104     -84.5038
   2597       1  2466.38    672.03  113.2455  22.5565   5.5761     102.2354
   2597     123  2484.18    795.52  113.2694  22.5529   5.3714     102.3660
   2597     245  2501.94    918.77  113.2933  22.5494   5.1670     102.5061
   2597     367  2519.67    1041.78  113.3172  22.5458   4.9629     102.6566
   2597     489  2537.37    1164.58  113.3410  22.5423   4.7591     102.8191
   2597     611  2555.04    1287.16  113.3648  22.5388   4.5556     102.9950
   2597     733  2572.68    1409.55  113.3885  22.5352   4.3523     103.1862
   2597     855  2590.29    1531.74  113.4122  22.5317   4.1494     103.3950
   2597     977  2607.88    1653.75  113.4358  22.5282   3.9467     103.6241
   2597    1099  2625.44    1775.59  113.4594  22.5246   3.7443     103.8767
   2597    1221  2642.97    1897.26  113.4830  22.5211   3.5421     104.1568
   2597    1343  2660.49    2018.79  113.5066  22.5176   3.3402     104.4693
   2597    1465  2677.99    2140.17  113.5301  22.5141   3.1386     104.8206
   2597    1587  2695.46    2261.43  113.5536  22.5105   2.9373     105.2185
   2597    1709  2712.92    2382.56  113.5771  22.5070   2.7363     105.6732
   2597    1831  2730.36    2503.58  113.6005  22.5035   2.5355     106.1981
   2597    1953  2747.79    2624.50  113.6240  22.4999   2.3352     106.8112
   2597    2075  2765.21    2745.32  113.6474  22.4964   2.1353     107.5372
   2597    2197  2782.61    2866.07  113.6708  22.4929   1.9358     108.4106
   2597    2319  2800.00    2986.74  113.6941  22.4894   1.7370     109.4817
   2597    2441  2817.39    3107.36  113.7175  22.4858   1.5390     110.8262
   2597    2563  2834.77    3227.92  113.7409  22.4823   1.3422     112.5631
   2597    2685  2852.14    3348.44  113.7642  22.4788   1.1470     114.8902
   2597    2807  2869.50    3468.92  113.7875  22.4752   0.9545     118.1592
   2597    2929  2886.87    3589.39  113.8109  22.4717   0.7667     123.0480
   2597    3051  2904.23    3709.84  113.8342  22.4681   0.5879     130.9949
   2597    3173  2921.59    3830.29  113.8575  22.4646   0.4298     145.2659
   2597    3295  2938.95    3950.75  113.8808  22.4610   0.3239     171.8378
   2597    3417  2956.32    4071.23  113.9042  22.4575   0.3261     -152.0358
   2597    3539  2973.69    4191.74  113.9275  22.4539   0.4347     -125.9680
   2597    3661  2991.06    4312.28  113.9508  22.4504   0.5941     -112.0020
   2597    3783  3008.44    4432.87  113.9742  22.4468   0.7735     -104.1993
   2597    3905  3025.83    4553.52  113.9975  22.4432   0.9618     -99.3836
   2597    4027  3043.23    4674.24  114.0209  22.4397   1.1548     -96.1556
   2597    4149  3060.65    4795.03  114.0443  22.4361   1.3504     -93.8534
   2597    4271  3078.07    4915.91  114.0676  22.4325   1.5478     -92.1326
   2597    4393  3095.51    5036.89  114.0911  22.4289   1.7464     -90.7992
   2597    4515  3112.96    5157.98  114.1145  22.4253   1.9458     -89.7359
   2597    4637  3130.43    5279.18  114.1379  22.4217   2.1460     -88.8683
   2597    4759  3147.92    5400.51  114.1614  22.4181   2.3467     -88.1468
   2597    4881  3165.43    5521.98  114.1849  22.4145   2.5479     -87.5371
   2597    5003  3182.96    5643.59  114.2084  22.4108   2.7495     -87.0149
   2597    5125  3200.51    5765.36  114.2320  22.4072   2.9515     -86.5624
   2597    5247  3218.09    5887.30  114.2556  22.4035   3.1538     -86.1663
   2597    5369  3235.69    6009.42  114.2792  22.3999   3.3565     -85.8165
   2597    5491  3253.32    6131.72  114.3028  22.3962   3.5596     -85.5051
   2597    5613  3270.98    6254.22  114.3265  22.3925   3.7630     -85.2261
   2597    5735  3288.67    6376.92  114.3502  22.3889   3.9667     -84.9744
   2597    5857  3306.39    6499.85  114.3740  22.3852   4.1708     -84.7461
   2597    6000  3327.20    6644.22  114.4019  22.3808   4.4104     -84.5040
   2715       1  2582.12    648.22  113.2405  22.5357   5.5761     102.2333
   2715     123  2599.92    771.71  113.2645  22.5321   5.3714     102.3639
   2715     245  2617.69    894.96  113.2884  22.5286   5.1670     102.5039
   2715     367  2635.42    1017.97  113.3122  22.5250   4.9629     102.6544
   2715     489  2653.13    1140.77  113.3360  22.5215   4.7591     102.8168
   2715     611  2670.80    1263.35  113.3598  22.5179   4.5555     102.9927
   2715     733  2688.44    1385.73  113.3835  22.5144   4.3523     103.1838
   2715     855  2706.06    1507.92  113.4072  22.5109   4.1493     103.3926
   2715     977  2723.64    1629.93  113.4308  22.5073   3.9467     103.6216
   2715    1099  2741.21    1751.77  113.4545  22.5038   3.7442     103.8741
   2715    1221  2758.75    1873.44  113.4780  22.5003   3.5421     104.1541
   2715    1343  2776.27    1994.97  113.5016  22.4968   3.3402     104.4665
   2715    1465  2793.77    2116.35  113.5251  22.4932   3.1386     104.8177
   2715    1587  2811.25    2237.60  113.5486  22.4897   2.9373     105.2154
   2715    1709  2828.71    2358.73  113.5721  22.4862   2.7362     105.6700
   2715    1831  2846.16    2479.75  113.5955  22.4826   2.5355     106.1947
   2715    1953  2863.59    2600.67  113.6189  22.4791   2.3352     106.8077
   2715    2075  2881.01    2721.50  113.6424  22.4756   2.1352     107.5334
   2715    2197  2898.41    2842.24  113.6657  22.4721   1.9358     108.4066
   2715    2319  2915.81    2962.91  113.6891  22.4685   1.7370     109.4774
   2715    2441  2933.20    3083.52  113.7125  22.4650   1.5390     110.8215
   2715    2563  2950.58    3204.08  113.7358  22.4615   1.3421     112.5580
   2715    2685  2967.95    3324.60  113.7592  22.4579   1.1470     114.8846
   2715    2807  2985.32    3445.09  113.7825  22.4544   0.9545     118.1527
   2715    2929  3002.69    3565.55  113.8058  22.4509   0.7666     123.0406
   2715    3051  3020.05    3686.01  113.8291  22.4473   0.5879     130.9865
   2715    3173  3037.42    3806.46  113.8525  22.4438   0.4297     145.2574
   2715    3295  3054.78    3926.92  113.8758  22.4402   0.3238     171.8345
   2715    3417  3072.15    4047.39  113.8991  22.4367   0.3260     -152.0284
   2715    3539  3089.52    4167.90  113.9224  22.4331   0.4347     -125.9585
   2715    3661  3106.90    4288.44  113.9458  22.4296   0.5940     -111.9944
   2715    3783  3124.29    4409.03  113.9691  22.4260   0.7734     -104.1935
   2715    3905  3141.68    4529.68  113.9924  22.4224   0.9618     -99.3791
   2715    4027  3159.08    4650.39  114.0158  22.4188   1.1547     -96.1521
   2715    4149  3176.50    4771.18  114.0392  22.4153   1.3504     -93.8505
   2715    4271  3193.93    4892.06  114.0626  22.4117   1.5478     -92.1303
   2715    4393  3211.37    5013.04  114.0860  22.4081   1.7464     -90.7973
   2715    4515  3228.82    5134.13  114.1094  22.4045   1.9458     -89.7344
   2715    4637  3246.30    5255.33  114.1328  22.4009   2.1460     -88.8671
   2715    4759  3263.79    5376.66  114.1563  22.3973   2.3467     -88.1458
   2715    4881  3281.30    5498.12  114.1798  22.3936   2.5479     -87.5363
   2715    5003  3298.84    5619.74  114.2033  22.3900   2.7495     -87.0143
   2715    5125  3316.39    5741.51  114.2269  22.3864   2.9515     -86.5619
   2715    5247  3333.97    5863.44  114.2504  22.3827   3.1538     -86.1659
   2715    5369  3351.58    5985.56  114.2741  22.3791   3.3566     -85.8163
   2715    5491  3369.21    6107.86  114.2977  22.3754   3.5596     -85.5050
   2715    5613  3386.87    6230.36  114.3214  22.3717   3.7630     -85.2261
   2715    5735  3404.56    6353.06  114.3451  22.3681   3.9667     -84.9745
   2715    5857  3422.29    6475.98  114.3689  22.3644   4.1708     -84.7463
   2715    6000  3443.10    6620.35  114.3968  22.3600   4.4104     -84.5043
   2833       1  2697.86    624.41  113.2355  22.5148   5.5761     102.2313
   2833     123  2715.67    747.90  113.2595  22.5113   5.3714     102.3618
   2833     245  2733.44    871.14  113.2834  22.5077   5.1670     102.5018
   2833     367  2751.18    994.16  113.3072  22.5042   4.9628     102.6522
   2833     489  2768.88    1116.95  113.3310  22.5006   4.7590     102.8146
   2833     611  2786.56    1239.53  113.3548  22.4971   4.5555     102.9903
   2833     733  2804.20    1361.91  113.3785  22.4936   4.3523     103.1815
   2833     855  2821.82    1484.10  113.4022  22.4900   4.1493     103.3901
   2833     977  2839.41    1606.11  113.4258  22.4865   3.9466     103.6190
   2833    1099  2856.98    1727.95  113.4495  22.4830   3.7442     103.8715
   2833    1221  2874.52    1849.62  113.4730  22.4795   3.5420     104.1514
   2833    1343  2892.05    1971.14  113.4966  22.4759   3.3402     104.4637
   2833    1465  2909.55    2092.53  113.5201  22.4724   3.1386     104.8148
   2833    1587  2927.03    2213.78  113.5436  22.4689   2.9372     105.2124
   2833    1709  2944.50    2334.91  113.5671  22.4653   2.7362     105.6668
   2833    1831  2961.95    2455.92  113.5905  22.4618   2.5355     106.1914
   2833    1953  2979.38    2576.84  113.6139  22.4583   2.3351     106.8042
   2833    2075  2996.80    2697.66  113.6373  22.4548   2.1352     107.5297
   2833    2197  3014.21    2818.41  113.6607  22.4512   1.9358     108.4026
   2833    2319  3031.61    2939.08  113.6841  22.4477   1.7369     109.4731
   2833    2441  3049.00    3059.69  113.7074  22.4442   1.5389     110.8168
   2833    2563  3066.39    3180.25  113.7308  22.4407   1.3421     112.5528
   2833    2685  3083.76    3300.77  113.7541  22.4371   1.1469     114.8789
   2833    2807  3101.14    3421.25  113.7774  22.4336   0.9544     118.1463
   2833    2929  3118.51    3541.71  113.8008  22.4300   0.7666     123.0333
   2833    3051  3135.87    3662.17  113.8241  22.4265   0.5878     130.9781
   2833    3173  3153.24    3782.61  113.8474  22.4230   0.4296     145.2489
   2833    3295  3170.61    3903.07  113.8707  22.4194   0.3237     171.8312
   2833    3417  3187.98    4023.55  113.8940  22.4159   0.3259     -152.0211
   2833    3539  3205.36    4144.05  113.9174  22.4123   0.4346     -125.9491
   2833    3661  3222.74    4264.59  113.9407  22.4087   0.5940     -111.9867
   2833    3783  3240.13    4385.18  113.9640  22.4052   0.7734     -104.1876
   2833    3905  3257.53    4505.83  113.9874  22.4016   0.9618     -99.3746
   2833    4027  3274.93    4626.54  114.0107  22.3980   1.1547     -96.1486
   2833    4149  3292.35    4747.33  114.0341  22.3944   1.3504     -93.8477
   2833    4271  3309.78    4868.21  114.0575  22.3909   1.5478     -92.1281
   2833    4393  3327.23    4989.19  114.0809  22.3873   1.7464     -90.7955
   2833    4515  3344.69    5110.27  114.1043  22.3837   1.9458     -89.7329
   2833    4637  3362.16    5231.47  114.1277  22.3801   2.1460     -88.8659
   2833    4759  3379.66    5352.80  114.1512  22.3764   2.3467     -88.1448
   2833    4881  3397.17    5474.26  114.1747  22.3728   2.5479     -87.5355
   2833    5003  3414.71    5595.87  114.1982  22.3692   2.7495     -87.0136
   2833    5125  3432.27    5717.64  114.2218  22.3656   2.9515     -86.5614
   2833    5247  3449.85    5839.58  114.2453  22.3619   3.1538     -86.1656
   2833    5369  3467.46    5961.69  114.2689  22.3583   3.3566     -85.8161
   2833    5491  3485.10    6083.99  114.2926  22.3546   3.5596     -85.5049
   2833    5613  3502.76    6206.49  114.3163  22.3509   3.7630     -85.2261
   2833    5735  3520.46    6329.19  114.3400  22.3472   3.9667     -84.9746
   2833    5857  3538.18    6452.11  114.3637  22.3436   4.1708     -84.7465
   2833    6000  3559.00    6596.48  114.3916  22.3392   4.4104     -84.5045
   2951       1  2813.60    600.59  113.2306  22.4940   5.5761     102.2292
   2951     123  2831.41    724.08  113.2545  22.4904   5.3713     102.3597
   2951     245  2849.19    847.33  113.2784  22.4869   5.1669     102.4996
   2951     367  2866.93    970.34  113.3023  22.4834   4.9628     102.6500
   2951     489  2884.63    1093.13  113.3261  22.4798   4.7590     102.8123
   2951     611  2902.31    1215.71  113.3498  22.4763   4.5555     102.9880
   2951     733  2919.96    1338.09  113.3735  22.4727   4.3522     103.1791
   2951     855  2937.58    1460.28  113.3972  22.4692   4.1493     103.3877
   2951     977  2955.18    1582.29  113.4209  22.4657   3.9466     103.6165
   2951    1099  2972.75    1704.12  113.4445  22.4622   3.7442     103.8688
   2951    1221  2990.30    1825.79  113.4680  22.4586   3.5420     104.1487
   2951    1343  3007.82    1947.32  113.4916  22.4551   3.3401     104.4609
   2951    1465  3025.33    2068.70  113.5151  22.4516   3.1385     104.8119
   2951    1587  3042.81    2189.95  113.5386  22.4480   2.9372     105.2094
   2951    1709  3060.28    2311.07  113.5620  22.4445   2.7362     105.6636
   2951    1831  3077.73    2432.09  113.5855  22.4410   2.5355     106.1881
   2951    1953  3095.17    2553.01  113.6089  22.4375   2.3351     106.8006
   2951    2075  3112.60    2673.83  113.6323  22.4339   2.1352     107.5259
   2951    2197  3130.01    2794.57  113.6557  22.4304   1.9357     108.3986
   2951    2319  3147.41    2915.24  113.6791  22.4269   1.7369     109.4688
   2951    2441  3164.81    3035.85  113.7024  22.4234   1.5389     110.8122
   2951    2563  3182.19    3156.41  113.7257  22.4198   1.3420     112.5477
   2951    2685  3199.58    3276.92  113.7491  22.4163   1.1469     114.8732
   2951    2807  3216.95    3397.41  113.7724  22.4128   0.9544     118.1399
   2951    2929  3234.32    3517.87  113.7957  22.4092   0.7665     123.0259
   2951    3051  3251.70    3638.32  113.8190  22.4057   0.5877     130.9697
   2951    3173  3269.07    3758.77  113.8423  22.4021   0.4295     145.2404
   2951    3295  3286.44    3879.22  113.8657  22.3986   0.3236     171.8280
   2951    3417  3303.81    3999.70  113.8890  22.3950   0.3258     -152.0138
   2951    3539  3321.19    4120.20  113.9123  22.3915   0.4346     -125.9396
   2951    3661  3338.58    4240.74  113.9356  22.3879   0.5940     -111.9791
   2951    3783  3355.97    4361.33  113.9589  22.3844   0.7734     -104.1818
   2951    3905  3373.37    4481.97  113.9823  22.3808   0.9618     -99.3701
   2951    4027  3390.78    4602.69  114.0056  22.3772   1.1547     -96.1450
   2951    4149  3408.20    4723.48  114.0290  22.3736   1.3504     -93.8449
   2951    4271  3425.63    4844.35  114.0524  22.3700   1.5478     -92.1258
   2951    4393  3443.08    4965.33  114.0758  22.3665   1.7464     -90.7936
   2951    4515  3460.55    5086.41  114.0992  22.3629   1.9458     -89.7314
   2951    4637  3478.03    5207.61  114.1226  22.3592   2.1460     -88.8647
   2951    4759  3495.52    5328.94  114.1461  22.3556   2.3467     -88.1438
   2951    4881  3513.04    5450.40  114.1696  22.3520   2.5479     -87.5347
   2951    5003  3530.58    5572.01  114.1931  22.3484   2.7495     -87.0130
   2951    5125  3548.15    5693.78  114.2166  22.3448   2.9515     -86.5610
   2951    5247  3565.73    5815.71  114.2402  22.3411   3.1539     -86.1653
   2951    5369  3583.34    5937.82  114.2638  22.3375   3.3566     -85.8159
   2951    5491  3600.98    6060.12  114.2875  22.3338   3.5596     -85.5048
   2951    5613  3618.65    6182.62  114.3111  22.3301   3.7630     -85.2261
   2951    5735  3636.35    6305.32  114.3349  22.3264   3.9667     -84.9747
   2951    5857  3654.08    6428.24  114.3586  22.3228   4.1708     -84.7466
   2951    6000  3674.90    6572.60  114.3865  22.3184   4.4104     -84.5047
   3069       1  2929.34    576.77  113.2256  22.4732   5.5760     102.2272
   3069     123  2947.15    700.26  113.2496  22.4696   5.3713     102.3576
   3069     245  2964.93    823.50  113.2734  22.4661   5.1669     102.4975
   3069     367  2982.67    946.52  113.2973  22.4625   4.9628     102.6478
   3069     489  3000.39    1069.31  113.3211  22.4590   4.7590     102.8100
   3069     611  3018.07    1191.89  113.3448  22.4555   4.5555     102.9857
   3069     733  3035.72    1314.26  113.3685  22.4519   4.3522     103.1767
   3069     855  3053.35    1436.45  113.3922  22.4484   4.1493     103.3852
   3069     977  3070.94    1558.46  113.4159  22.4449   3.9466     103.6140
   3069    1099  3088.52    1680.29  113.4395  22.4413   3.7441     103.8662
   3069    1221  3106.07    1801.96  113.4630  22.4378   3.5420     104.1460
   3069    1343  3123.60    1923.48  113.4866  22.4343   3.3401     104.4581
   3069    1465  3141.11    2044.86  113.5101  22.4307   3.1385     104.8090
   3069    1587  3158.59    2166.11  113.5336  22.4272   2.9372     105.2063
   3069    1709  3176.07    2287.24  113.5570  22.4237   2.7361     105.6605
   3069    1831  3193.52    2408.25  113.5805  22.4202   2.5354     106.1847
   3069    1953  3210.96    2529.17  113.6039  22.4166   2.3351     106.7971
   3069    2075  3228.39    2649.99  113.6273  22.4131   2.1351     107.5222
   3069    2197  3245.81    2770.73  113.6507  22.4096   1.9357     108.3946
   3069    2319  3263.21    2891.40  113.6740  22.4061   1.7369     109.4645
   3069    2441  3280.61    3012.01  113.6974  22.4025   1.5389     110.8075
   3069    2563  3298.00    3132.56  113.7207  22.3990   1.3420     112.5426
   3069    2685  3315.39    3253.08  113.7440  22.3955   1.1468     114.8675
   3069    2807  3332.77    3373.56  113.7674  22.3919   0.9543     118.1334
   3069    2929  3350.14    3494.02  113.7907  22.3884   0.7664     123.0185
   3069    3051  3367.52    3614.47  113.8140  22.3849   0.5877     130.9613
   3069    3173  3384.89    3734.92  113.8373  22.3813   0.4294     145.2318
   3069    3295  3402.27    3855.37  113.8606  22.3778   0.3235     171.8247
   3069    3417  3419.64    3975.85  113.8839  22.3742   0.3257     -152.0064
   3069    3539  3437.03    4096.35  113.9072  22.3707   0.4345     -125.9301
   3069    3661  3454.41    4216.89  113.9306  22.3671   0.5939     -111.9714
   3069    3783  3471.81    4337.47  113.9539  22.3635   0.7734     -104.1760
   3069    3905  3489.21    4458.12  113.9772  22.3600   0.9617     -99.3656
   3069    4027  3506.63    4578.83  114.0006  22.3564   1.1547     -96.1415
   3069    4149  3524.05    4699.62  114.0239  22.3528   1.3504     -93.8421
   3069    4271  3541.49    4820.49  114.0473  22.3492   1.5478     -92.1235
   3069    4393  3558.94    4941.47  114.0707  22.3456   1.7464     -90.7918
   3069    4515  3576.40    5062.55  114.0941  22.3420   1.9458     -89.7299
   3069    4637  3593.89    5183.74  114.1176  22.3384   2.1460     -88.8634
   3069    4759  3611.39    5305.07  114.1410  22.3348   2.3467     -88.1428
   3069    4881  3628.91    5426.53  114.1645  22.3312   2.5479     -87.5339
   3069    5003  3646.45    5548.14  114.1880  22.3276   2.7495     -87.0124
   3069    5125  3664.02    5669.91  114.2115  22.3239   2.9515     -86.5605
   3069    5247  3681.61    5791.84  114.2351  22.3203   3.1539     -86.1650
   3069    5369  3699.23    5913.95  114.2587  22.3166   3.3566     -85.8156
   3069    5491  3716.87    6036.25  114.2823  22.3130   3.5596     -85.5047
   3069    5613  3734.54    6158.74  114.3060  22.3093   3.7630     -85.2261
   3069    5735  3752.24    6281.44  114.3297  22.3056   3.9668     -84.9747
   3069    5857  3769.97    6404.36  114.3535  22.3019   4.1708     -84.7468
   3069    6000  3790.80    6548.72  114.3814  22.2976   4.4104     -84.5050
   3187       1  3045.08    552.95  113.2207  22.4523   5.5760     102.2251
   3187     123  3062.89    676.43  113.2446  22.4488   5.3713     102.3555
   3187     245  3080.68    799.68  113.2685  22.4452   5.1669     102.4953
   3187     367  3098.42    922.69  113.2923  22.4417   4.9628     102.6456
   3187     489  3116.14    1045.48  113.3161  22.4382   4.7590     102.8078
   3187     611  3133.82    1168.06  113.3399  22.4346   4.5554     102.9834
   3187     733  3151.48    1290.43  113.3636  22.4311   4.3522     103.1743
   3187     855  3169.11    1412.62  113.3872  22.4276   4.1492     103.3828
   3187     977  3186.71    1534.62  113.4109  22.4240   3.9465     103.6115
   3187    1099  3204.28    1656.45  113.4345  22.4205   3.7441     103.8636
   3187    1221  3221.84    1778.13  113.4580  22.4170   3.5420     104.1433
   3187    1343  3239.37    1899.65  113.4816  22.4134   3.3401     104.4553
   3187    1465  3256.88    2021.02  113.5051  22.4099   3.1385     104.8060
   3187    1587  3274.38    2142.27  113.5286  22.4064   2.9371     105.2033
   3187    1709  3291.85    2263.40  113.5520  22.4029   2.7361     105.6573
   3187    1831  3309.31    2384.41  113.5755  22.3993   2.5354     106.1814
   3187    1953  3326.75    2505.32  113.5989  22.3958   2.3350     106.7936
   3187    2075  3344.19    2626.14  113.6223  22.3923   2.1351     107.5185
   3187    2197  3361.61    2746.88  113.6456  22.3888   1.9357     108.3906
   3187    2319  3379.01    2867.55  113.6690  22.3852   1.7368     109.4602
   3187    2441  3396.42    2988.16  113.6923  22.3817   1.5388     110.8029
   3187    2563  3413.81    3108.71  113.7157  22.3782   1.3420     112.5375
   3187    2685  3431.20    3229.23  113.7390  22.3747   1.1468     114.8617
   3187    2807  3448.58    3349.71  113.7623  22.3711   0.9543     118.1270
   3187    2929  3465.96    3470.17  113.7856  22.3676   0.7664     123.0111
   3187    3051  3483.34    3590.62  113.8089  22.3640   0.5876     130.9529
   3187    3173  3500.71    3711.06  113.8322  22.3605   0.4294     145.2233
   3187    3295  3518.09    3831.52  113.8555  22.3570   0.3234     171.8214
   3187    3417  3535.47    3951.99  113.8789  22.3534   0.3257     -151.9991
   3187    3539  3552.86    4072.49  113.9022  22.3498   0.4344     -125.9205
   3187    3661  3570.25    4193.03  113.9255  22.3463   0.5939     -111.9638
   3187    3783  3587.65    4313.61  113.9488  22.3427   0.7734     -104.1701
   3187    3905  3605.05    4434.25  113.9721  22.3392   0.9617     -99.3611
   3187    4027  3622.47    4554.96  113.9955  22.3356   1.1547     -96.1379
   3187    4149  3639.90    4675.75  114.0188  22.3320   1.3504     -93.8392
   3187    4271  3657.34    4796.63  114.0422  22.3284   1.5478     -92.1212
   3187    4393  3674.79    4917.60  114.0656  22.3248   1.7464     -90.7899
   3187    4515  3692.26    5038.68  114.0890  22.3212   1.9458     -89.7284
   3187    4637  3709.75    5159.87  114.1125  22.3176   2.1460     -88.8622
   3187    4759  3727.25    5281.20  114.1359  22.3140   2.3467     -88.1418
   3187    4881  3744.78    5402.66  114.1594  22.3104   2.5479     -87.5331
   3187    5003  3762.32    5524.27  114.1829  22.3068   2.7495     -87.0118
   3187    5125  3779.89    5646.03  114.2064  22.3031   2.9515     -86.5600
   3187    5247  3797.49    5767.96  114.2300  22.2995   3.1539     -86.1646
   3187    5369  3815.11    5890.07  114.2536  22.2958   3.3566     -85.8154
   3187    5491  3832.75    6012.37  114.2772  22.2922   3.5596     -85.5046
   3187    5613  3850.43    6134.86  114.3009  22.2885   3.7630     -85.2261
   3187    5735  3868.13    6257.56  114.3246  22.2848   3.9668     -84.9748
   3187    5857  3885.87    6380.48  114.3484  22.2811   4.1708     -84.7469
   3187    6000  3906.70    6524.84  114.3762  22.2768   4.4104     -84.5052
   3305       1  3160.82    529.12  113.2157  22.4315   5.5760     102.2231
   3305     123  3178.64    652.60  113.2396  22.4279   5.3713     102.3534
   3305     245  3196.42    775.85  113.2635  22.4244   5.1668     102.4932
   3305     367  3214.17    898.86  113.2873  22.4209   4.9627     102.6434
   3305     489  3231.89    1021.64  113.3111  22.4173   4.7589     102.8055
   3305     611  3249.58    1144.22  113.3349  22.4138   4.5554     102.9811
   3305     733  3267.23    1266.60  113.3586  22.4103   4.3522     103.1719
   3305     855  3284.87    1388.78  113.3823  22.4067   4.1492     103.3803
   3305     977  3302.47    1510.78  113.4059  22.4032   3.9465     103.6089
   3305    1099  3320.05    1632.62  113.4295  22.3997   3.7441     103.8610
   3305    1221  3337.61    1754.29  113.4530  22.3961   3.5419     104.1406
   3305    1343  3355.14    1875.80  113.4766  22.3926   3.3400     104.4525
   3305    1465  3372.66    1997.18  113.5001  22.3891   3.1384     104.8031
   3305    1587  3390.15    2118.43  113.5236  22.3856   2.9371     105.2003
   3305    1709  3407.63    2239.55  113.5470  22.3820   2.7361     105.6541
   3305    1831  3425.10    2360.57  113.5704  22.3785   2.5354     106.1781
   3305    1953  3442.54    2481.48  113.5939  22.3750   2.3350     106.7901
   3305    2075  3459.98    2602.30  113.6172  22.3715   2.1351     107.5147
   3305    2197  3477.40    2723.04  113.6406  22.3679   1.9356     108.3866
   3305    2319  3494.81    2843.70  113.6640  22.3644   1.7368     109.4559
   3305    2441  3512.22    2964.31  113.6873  22.3609   1.5388     110.7982
   3305    2563  3529.61    3084.86  113.7106  22.3574   1.3419     112.5323
   3305    2685  3547.00    3205.37  113.7340  22.3538   1.1467     114.8560
   3305    2807  3564.39    3325.85  113.7573  22.3503   0.9542     118.1205
   3305    2929  3581.77    3446.31  113.7806  22.3468   0.7663     123.0037
   3305    3051  3599.15    3566.76  113.8039  22.3432   0.5875     130.9445
   3305    3173  3616.53    3687.20  113.8272  22.3397   0.4293     145.2148
   3305    3295  3633.92    3807.66  113.8505  22.3361   0.3233     171.8181
   3305    3417  3651.30    3928.13  113.8738  22.3326   0.3256     -151.9917
   3305    3539  3668.69    4048.63  113.8971  22.3290   0.4344     -125.9110
   3305    3661  3686.08    4169.16  113.9204  22.3255   0.5939     -111.9561
   3305    3783  3703.48    4289.75  113.9437  22.3219   0.7733     -104.1643
   3305    3905  3720.89    4410.39  113.9671  22.3183   0.9617     -99.3566
   3305    4027  3738.31    4531.10  113.9904  22.3148   1.1547     -96.1344
   3305    4149  3755.74    4651.88  114.0138  22.3112   1.3504     -93.8364
   3305    4271  3773.19    4772.76  114.0371  22.3076   1.5478     -92.1189
   3305    4393  3790.64    4893.73  114.0605  22.3040   1.7464     -90.7880
   3305    4515  3808.12    5014.81  114.0839  22.3004   1.9458     -89.7269
   3305    4637  3825.61    5136.00  114.1074  22.2968   2.1460     -88.8610
   3305    4759  3843.12    5257.32  114.1308  22.2932   2.3467     -88.1408
   3305    4881  3860.64    5378.78  114.1543  22.2896   2.5479     -87.5323
   3305    5003  3878.19    5500.39  114.1778  22.2860   2.7495     -87.0112
   3305    5125  3895.77    5622.15  114.2013  22.2823   2.9515     -86.5596
   3305    5247  3913.36    5744.09  114.2249  22.2787   3.1539     -86.1643
   3305    5369  3930.99    5866.19  114.2485  22.2750   3.3566     -85.8152
   3305    5491  3948.63    5988.49  114.2721  22.2714   3.5597     -85.5045
   3305    5613  3966.31    6110.98  114.2958  22.2677   3.7630     -85.2260
   3305    5735  3984.02    6233.68  114.3195  22.2640   3.9668     -84.9749
   3305    5857  4001.76    6356.59  114.3432  22.2603   4.1708     -84.7471
   3305    6000  4022.59    6500.95  114.3711  22.2560   4.4104     -84.5055
   3423       1  3276.55    505.29  113.2107  22.4107   5.5760     102.2210
   3423     123  3294.37    628.77  113.2347  22.4071   5.3712     102.3513
   3423     245  3312.16    752.01  113.2585  22.4036   5.1668     102.4910
   3423     367  3329.92    875.02  113.2824  22.4000   4.9627     102.6412
   3423     489  3347.64    997.81  113.3062  22.3965   4.7589     102.8033
   3423     611  3365.33    1120.38  113.3299  22.3930   4.5554     102.9788
   3423     733  3382.99    1242.76  113.3536  22.3894   4.3521     103.1695
   3423     855  3400.62    1364.94  113.3773  22.3859   4.1492     103.3779
   3423     977  3418.23    1486.94  113.4009  22.3824   3.9465     103.6064
   3423    1099  3435.82    1608.77  113.4245  22.3788   3.7441     103.8584
   3423    1221  3453.38    1730.44  113.4481  22.3753   3.5419     104.1379
   3423    1343  3470.92    1851.96  113.4716  22.3718   3.3400     104.4497
   3423    1465  3488.43    1973.34  113.4951  22.3683   3.1384     104.8002
   3423    1587  3505.93    2094.58  113.5186  22.3647   2.9371     105.1972
   3423    1709  3523.41    2215.70  113.5420  22.3612   2.7360     105.6509
   3423    1831  3540.88    2336.72  113.5654  22.3577   2.5353     106.1747
   3423    1953  3558.33    2457.63  113.5888  22.3542   2.3350     106.7866
   3423    2075  3575.77    2578.44  113.6122  22.3506   2.1350     107.5110
   3423    2197  3593.19    2699.18  113.6356  22.3471   1.9356     108.3826
   3423    2319  3610.61    2819.85  113.6589  22.3436   1.7368     109.4516
   3423    2441  3628.02    2940.45  113.6823  22.3401   1.5388     110.7935
   3423    2563  3645.42    3061.00  113.7056  22.3365   1.3419     112.5272
   3423    2685  3662.81    3181.52  113.7289  22.3330   1.1467     114.8503
   3423    2807  3680.20    3302.00  113.7522  22.3295   0.9542     118.1141
   3423    2929  3697.59    3422.45  113.7755  22.3259   0.7663     122.9963
   3423    3051  3714.97    3542.90  113.7988  22.3224   0.5875     130.9360
   3423    3173  3732.35    3663.34  113.8221  22.3189   0.4292     145.2062
   3423    3295  3749.74    3783.79  113.8454  22.3153   0.3232     171.8149
   3423    3417  3767.13    3904.26  113.8687  22.3118   0.3255     -151.9843
   3423    3539  3784.52    4024.76  113.8920  22.3082   0.4343     -125.9015
   3423    3661  3801.92    4145.29  113.9154  22.3046   0.5938     -111.9484
   3423    3783  3819.32    4265.88  113.9387  22.3011   0.7733     -104.1584
   3423    3905  3836.73    4386.52  113.9620  22.2975   0.9617     -99.3521
   3423    4027  3854.16    4507.22  113.9853  22.2939   1.1547     -96.1308
   3423    4149  3871.59    4628.01  114.0087  22.2904   1.3504     -93.8335
   3423    4271  3889.04    4748.88  114.0321  22.2868   1.5478     -92.1166
   3423    4393  3906.50    4869.85  114.0554  22.2832   1.7464     -90.7862
   3423    4515  3923.97    4990.93  114.0788  22.2796   1.9458     -89.7253
   3423    4637  3941.47    5112.12  114.1023  22.2760   2.1460     -88.8597
   3423    4759  3958.98    5233.45  114.1257  22.2724   2.3467     -88.1398
   3423    4881  3976.51    5354.90  114.1492  22.2688   2.5479     -87.5315
   3423    5003  3994.06    5476.51  114.1727  22.2651   2.7495     -87.0105
   3423    5125  4011.64    5598.27  114.1962  22.2615   2.9515     -86.5591
   3423    5247  4029.24    5720.20  114.2198  22.2579   3.1539     -86.1639
   3423    5369  4046.86    5842.31  114.2434  22.2542   3.3566     -85.8150
   3423    5491  4064.52    5964.60  114.2670  22.2506   3.5597     -85.5044
   3423    5613  4082.20    6087.09  114.2907  22.2469   3.7631     -85.2260
   3423    5735  4099.91    6209.79  114.3144  22.2432   3.9668     -84.9750
   3423    5857  4117.65    6332.70  114.3381  22.2395   4.1708     -84.7472
   3423    6000  4138.49    6477.06  114.3660  22.2352   4.4105     -84.5057
   3541       1  3392.29    481.45  113.2058  22.3898   5.5759     102.2190
   3541     123  3410.11    604.93  113.2297  22.3863   5.3712     102.3492
   3541     245  3427.90    728.17  113.2536  22.3827   5.1668     102.4889
   3541     367  3445.66    851.18  113.2774  22.3792   4.9627     102.6390
   3541     489  3463.38    973.97  113.3012  22.3757   4.7589     102.8010
   3541     611  3481.08    1096.54  113.3249  22.3721   4.5554     102.9764
   3541     733  3498.74    1218.91  113.3486  22.3686   4.3521     103.1672
   3541     855  3516.38    1341.10  113.3723  22.3651   4.1492     103.3754
   3541     977  3533.99    1463.10  113.3959  22.3615   3.9465     103.6039
   3541    1099  3551.58    1584.93  113.4195  22.3580   3.7440     103.8558
   3541    1221  3569.14    1706.59  113.4431  22.3545   3.5419     104.1352
   3541    1343  3586.69    1828.11  113.4666  22.3510   3.3400     104.4469
   3541    1465  3604.21    1949.48  113.4901  22.3474   3.1384     104.7973
   3541    1587  3621.71    2070.73  113.5136  22.3439   2.9370     105.1942
   3541    1709  3639.19    2191.85  113.5370  22.3404   2.7360     105.6477
   3541    1831  3656.66    2312.86  113.5604  22.3369   2.5353     106.1714
   3541    1953  3674.12    2433.77  113.5838  22.3333   2.3349     106.7830
   3541    2075  3691.56    2554.59  113.6072  22.3298   2.1350     107.5073
   3541    2197  3708.99    2675.32  113.6306  22.3263   1.9356     108.3786
   3541    2319  3726.41    2795.99  113.6539  22.3228   1.7367     109.4473
   3541    2441  3743.82    2916.59  113.6773  22.3192   1.5387     110.7889
   3541    2563  3761.22    3037.14  113.7006  22.3157   1.3418     112.5221
   3541    2685  3778.62    3157.65  113.7239  22.3122   1.1466     114.8446
   3541    2807  3796.01    3278.13  113.7472  22.3087   0.9541     118.1076
   3541    2929  3813.40    3398.59  113.7705  22.3051   0.7662     122.9889
   3541    3051  3830.79    3519.03  113.7938  22.3016   0.5874     130.9276
   3541    3173  3848.17    3639.47  113.8171  22.2980   0.4291     145.1977
   3541    3295  3865.56    3759.92  113.8404  22.2945   0.3231     171.8116
   3541    3417  3882.95    3880.39  113.8637  22.2909   0.3254     -151.9769
   3541    3539  3900.35    4000.89  113.8870  22.2874   0.4343     -125.8919
   3541    3661  3917.75    4121.42  113.9103  22.2838   0.5938     -111.9408
   3541    3783  3935.16    4242.00  113.9336  22.2803   0.7733     -104.1526
   3541    3905  3952.57    4362.64  113.9569  22.2767   0.9617     -99.3475
   3541    4027  3970.00    4483.35  113.9803  22.2731   1.1547     -96.1273
   3541    4149  3987.43    4604.13  114.0036  22.2696   1.3504     -93.8307
   3541    4271  4004.88    4725.00  114.0270  22.2660   1.5478     -92.1143
   3541    4393  4022.35    4845.97  114.0504  22.2624   1.7464     -90.7843
   3541    4515  4039.83    4967.05  114.0738  22.2588   1.9459     -89.7238
   3541    4637  4057.32    5088.24  114.0972  22.2552   2.1460     -88.8585
   3541    4759  4074.84    5209.56  114.1206  22.2516   2.3467     -88.1388
   3541    4881  4092.37    5331.02  114.1441  22.2479   2.5479     -87.5307
   3541    5003  4109.93    5452.62  114.1676  22.2443   2.7495     -87.0099
   3541    5125  4127.51    5574.38  114.1911  22.2407   2.9515     -86.5586
   3541    5247  4145.11    5696.31  114.2147  22.2370   3.1539     -86.1636
   3541    5369  4162.74    5818.42  114.2383  22.2334   3.3566     -85.8148
   3541    5491  4180.39    5940.71  114.2619  22.2297   3.5597     -85.5043
   3541    5613  4198.08    6063.20  114.2855  22.2261   3.7631     -85.2260
   3541    5735  4215.79    6185.89  114.3092  22.2224   3.9668     -84.9750
   3541    5857  4233.54    6308.81  114.3330  22.2187   4.1709     -84.7474
   3541    6000  4254.38    6453.16  114.3609  22.2144   4.4105     -84.5059
   3659       1  3508.02    457.61  113.2008  22.3690   5.5759     102.2169
   3659     123  3525.85    581.09  113.2247  22.3655   5.3712     102.3471
   3659     245  3543.64    704.33  113.2486  22.3619   5.1668     102.4867
   3659     367  3561.40    827.34  113.2724  22.3584   4.9627     102.6368
   3659     489  3579.13    950.12  113.2962  22.3548   4.7589     102.7988
   3659     611  3596.83    1072.69  113.3199  22.3513   4.5553     102.9741
   3659     733  3614.50    1195.07  113.3436  22.3478   4.3521     103.1648
   3659     855  3632.14    1317.25  113.3673  22.3442   4.1491     103.3730
   3659     977  3649.75    1439.25  113.3909  22.3407   3.9464     103.6014
   3659    1099  3667.34    1561.07  113.4145  22.3372   3.7440     103.8532
   3659    1221  3684.91    1682.74  113.4381  22.3337   3.5419     104.1325
   3659    1343  3702.46    1804.26  113.4616  22.3301   3.3400     104.4441
   3659    1465  3719.98    1925.63  113.4851  22.3266   3.1383     104.7944
   3659    1587  3737.49    2046.87  113.5085  22.3231   2.9370     105.1911
   3659    1709  3754.97    2167.99  113.5320  22.3196   2.7360     105.6446
   3659    1831  3772.45    2289.00  113.5554  22.3160   2.5353     106.1680
   3659    1953  3789.90    2409.91  113.5788  22.3125   2.3349     106.7795
   3659    2075  3807.35    2530.73  113.6022  22.3090   2.1350     107.5035
   3659    2197  3824.78    2651.46  113.6255  22.3055   1.9355     108.3746
   3659    2319  3842.20    2772.13  113.6489  22.3019   1.7367     109.4430
   3659    2441  3859.62    2892.73  113.6722  22.2984   1.5387     110.7842
   3659    2563  3877.02    3013.28  113.6955  22.2949   1.3418     112.5170
   3659    2685  3894.42    3133.79  113.7189  22.2914   1.1466     114.8389
   3659    2807  3911.82    3254.26  113.7422  22.2878   0.9541     118.1012
   3659    2929  3929.21    3374.72  113.7655  22.2843   0.7662     122.9815
   3659    3051  3946.60    3495.16  113.7888  22.2808   0.5873     130.9192
   3659    3173  3963.99    3615.60  113.8120  22.2772   0.4290     145.1891
   3659    3295  3981.38    3736.05  113.8353  22.2737   0.3230     171.8083
   3659    3417  3998.78    3856.52  113.8586  22.2701   0.3253     -151.9695
   3659    3539  4016.17    3977.01  113.8819  22.2666   0.4342     -125.8824
   3659    3661  4033.58    4097.55  113.9052  22.2630   0.5938     -111.9331
   3659    3783  4050.99    4218.13  113.9285  22.2595   0.7733     -104.1467
   3659    3905  4068.41    4338.76  113.9519  22.2559   0.9617     -99.3430
   3659    4027  4085.84    4459.47  113.9752  22.2523   1.1547     -96.1237
   3659    4149  4103.28    4580.25  113.9985  22.2487   1.3504     -93.8278
   3659    4271  4120.73    4701.12  114.0219  22.2452   1.5478     -92.1120
   3659    4393  4138.20    4822.09  114.0453  22.2416   1.7464     -90.7824
   3659    4515  4155.68    4943.16  114.0687  22.2380   1.9459     -89.7223
   3659    4637  4173.18    5064.36  114.0921  22.2344   2.1460     -88.8572
   3659    4759  4190.70    5185.68  114.1155  22.2308   2.3467     -88.1378
   3659    4881  4208.23    5307.13  114.1390  22.2271   2.5479     -87.5299
   3659    5003  4225.79    5428.73  114.1625  22.2235   2.7495     -87.0093
   3659    5125  4243.38    5550.49  114.1860  22.2199   2.9515     -86.5581
   3659    5247  4260.98    5672.42  114.2096  22.2162   3.1539     -86.1632
   3659    5369  4278.61    5794.52  114.2332  22.2126   3.3566     -85.8145
   3659    5491  4296.27    5916.82  114.2568  22.2089   3.5597     -85.5042
   3659    5613  4313.96    6039.30  114.2804  22.2053   3.7631     -85.2260
   3659    5735  4331.68    6162.00  114.3041  22.2016   3.9668     -84.9751
   3659    5857  4349.43    6284.91  114.3279  22.1979   4.1709     -84.7475
   3659    6000  4370.27    6429.26  114.3557  22.1936   4.4105     -84.5062
   3777       1  3623.75    433.76  113.1959  22.3482   5.5759     102.2149
   3777     123  3641.58    557.24  113.2198  22.3446   5.3712     102.3450
   3777     245  3659.38    680.48  113.2436  22.3411   5.1667     102.4846
   3777     367  3677.15    803.49  113.2675  22.3375   4.9626     102.6346
   3777     489  3694.88    926.27  113.2912  22.3340   4.7588     102.7965
   3777     611  3712.58    1048.84  113.3150  22.3305   4.5553     102.9718
   3777     733  3730.25    1171.21  113.3387  22.3269   4.3521     103.1624
   3777     855  3747.89    1293.39  113.3623  22.3234   4.1491     103.3705
   3777     977  3765.51    1415.39  113.3859  22.3199   3.9464     103.5988
   3777    1099  3783.11    1537.22  113.4095  22.3164   3.7440     103.8506
   3777    1221  3800.68    1658.88  113.4331  22.3128   3.5418     104.1298
   3777    1343  3818.22    1780.40  113.4566  22.3093   3.3399     104.4413
   3777    1465  3835.75    1901.77  113.4801  22.3058   3.1383     104.7915
   3777    1587  3853.26    2023.01  113.5035  22.3023   2.9370     105.1881
   3777    1709  3870.75    2144.13  113.5270  22.2987   2.7359     105.6414
   3777    1831  3888.23    2265.14  113.5504  22.2952   2.5352     106.1647
   3777    1953  3905.69    2386.05  113.5738  22.2917   2.3349     106.7760
   3777    2075  3923.13    2506.86  113.5972  22.2882   2.1349     107.4998
   3777    2197  3940.57    2627.60  113.6205  22.2847   1.9355     108.3706
   3777    2319  3958.00    2748.26  113.6439  22.2811   1.7367     109.4387
   3777    2441  3975.41    2868.86  113.6672  22.2776   1.5386     110.7795
   3777    2563  3992.82    2989.41  113.6905  22.2741   1.3418     112.5118
   3777    2685  4010.22    3109.92  113.7138  22.2705   1.1466     114.8332
   3777    2807  4027.62    3230.39  113.7371  22.2670   0.9540     118.0947
   3777    2929  4045.02    3350.85  113.7604  22.2635   0.7661     122.9741
   3777    3051  4062.41    3471.29  113.7837  22.2599   0.5872     130.9107
   3777    3173  4079.81    3591.73  113.8070  22.2564   0.4289     145.1806
   3777    3295  4097.20    3712.18  113.8303  22.2529   0.3229     171.8050
   3777    3417  4114.60    3832.64  113.8536  22.2493   0.3252     -151.9621
   3777    3539  4132.00    3953.13  113.8769  22.2458   0.4342     -125.8728
   3777    3661  4149.41    4073.67  113.9002  22.2422   0.5937     -111.9254
   3777    3783  4166.82    4194.25  113.9235  22.2386   0.7733     -104.1408
   3777    3905  4184.24    4314.88  113.9468  22.2351   0.9617     -99.3385
   3777    4027  4201.67    4435.59  113.9701  22.2315   1.1547     -96.1201
   3777    4149  4219.12    4556.37  113.9935  22.2279   1.3504     -93.8250
   3777    4271  4236.57    4677.24  114.0168  22.2243   1.5478     -92.1097
   3777    4393  4254.04    4798.20  114.0402  22.2207   1.7464     -90.7805
   3777    4515  4271.53    4919.28  114.0636  22.2172   1.9459     -89.7207
   3777    4637  4289.03    5040.47  114.0870  22.2135   2.1460     -88.8560
   3777    4759  4306.55    5161.78  114.1104  22.2099   2.3467     -88.1368
   3777    4881  4324.10    5283.24  114.1339  22.2063   2.5479     -87.5291
   3777    5003  4341.66    5404.84  114.1574  22.2027   2.7495     -87.0086
   3777    5125  4359.24    5526.60  114.1809  22.1991   2.9515     -86.5576
   3777    5247  4376.85    5648.52  114.2045  22.1954   3.1539     -86.1629
   3777    5369  4394.49    5770.63  114.2280  22.1918   3.3566     -85.8143
   3777    5491  4412.15    5892.92  114.2517  22.1881   3.5597     -85.5040
   3777    5613  4429.84    6015.40  114.2753  22.1845   3.7631     -85.2259
   3777    5735  4447.56    6138.10  114.2990  22.1808   3.9668     -84.9751
   3777    5857  4465.31    6261.00  114.3227  22.1771   4.1709     -84.7477
   3777    6000  4486.16    6405.36  114.3506  22.1728   4.4105     -84.5064
   3895       1  3739.48    409.92  113.1909  22.3273   5.5759     102.2128
   3895     123  3757.32    533.39  113.2148  22.3238   5.3711     102.3429
   3895     245  3775.12    656.63  113.2387  22.3202   5.1667     102.4824
   3895     367  3792.89    779.64  113.2625  22.3167   4.9626     102.6324
   3895     489  3810.62    902.42  113.2863  22.3132   4.7588     102.7942
   3895     611  3828.33    1024.99  113.3100  22.3096   4.5553     102.9695
   3895     733  3846.00    1147.36  113.3337  22.3061   4.3520     103.1600
   3895     855  3863.65    1269.54  113.3573  22.3026   4.1491     103.3681
   3895     977  3881.27    1391.53  113.3810  22.2991   3.9464     103.5963
   3895    1099  3898.87    1513.36  113.4045  22.2955   3.7440     103.8480
   3895    1221  3916.44    1635.02  113.4281  22.2920   3.5418     104.1271
   3895    1343  3933.99    1756.54  113.4516  22.2885   3.3399     104.4385
   3895    1465  3951.52    1877.91  113.4751  22.2850   3.1383     104.7886
   3895    1587  3969.03    1999.15  113.4985  22.2814   2.9370     105.1851
   3895    1709  3986.53    2120.27  113.5220  22.2779   2.7359     105.6382
   3895    1831  4004.01    2241.27  113.5454  22.2744   2.5352     106.1614
   3895    1953  4021.47    2362.18  113.5688  22.2709   2.3348     106.7725
   3895    2075  4038.92    2482.99  113.5922  22.2673   2.1349     107.4960
   3895    2197  4056.36    2603.73  113.6155  22.2638   1.9354     108.3667
   3895    2319  4073.79    2724.39  113.6388  22.2603   1.7366     109.4344
   3895    2441  4091.21    2844.99  113.6622  22.2568   1.5386     110.7748
   3895    2563  4108.62    2965.54  113.6855  22.2532   1.3417     112.5067
   3895    2685  4126.03    3086.04  113.7088  22.2497   1.1465     114.8275
   3895    2807  4143.43    3206.52  113.7321  22.2462   0.9540     118.0882
   3895    2929  4160.83    3326.97  113.7554  22.2427   0.7660     122.9667
   3895    3051  4178.22    3447.41  113.7787  22.2391   0.5872     130.9023
   3895    3173  4195.62    3567.85  113.8020  22.2356   0.4289     145.1720
   3895    3295  4213.02    3688.30  113.8252  22.2320   0.3228     171.8017
   3895    3417  4230.42    3808.76  113.8485  22.2285   0.3251     -151.9547
   3895    3539  4247.82    3929.25  113.8718  22.2249   0.4341     -125.8632
   3895    3661  4265.23    4049.78  113.8951  22.2214   0.5937     -111.9177
   3895    3783  4282.65    4170.36  113.9184  22.2178   0.7732     -104.1350
   3895    3905  4300.08    4291.00  113.9417  22.2142   0.9617     -99.3339
   3895    4027  4317.51    4411.70  113.9651  22.2107   1.1547     -96.1165
   3895    4149  4334.96    4532.48  113.9884  22.2071   1.3504     -93.8221
   3895    4271  4352.42    4653.35  114.0117  22.2035   1.5478     -92.1074
   3895    4393  4369.89    4774.31  114.0351  22.1999   1.7464     -90.7786
   3895    4515  4387.38    4895.38  114.0585  22.1963   1.9459     -89.7192
   3895    4637  4404.89    5016.57  114.0819  22.1927   2.1460     -88.8547
   3895    4759  4422.41    5137.89  114.1054  22.1891   2.3467     -88.1358
   3895    4881  4439.96    5259.34  114.1288  22.1855   2.5479     -87.5283
   3895    5003  4457.52    5380.94  114.1523  22.1819   2.7495     -87.0080
   3895    5125  4475.11    5502.70  114.1758  22.1783   2.9516     -86.5572
   3895    5247  4492.72    5624.62  114.1994  22.1746   3.1539     -86.1625
   3895    5369  4510.36    5746.73  114.2229  22.1710   3.3566     -85.8141
   3895    5491  4528.03    5869.01  114.2465  22.1673   3.5597     -85.5039
   3895    5613  4545.72    5991.50  114.2702  22.1636   3.7631     -85.2259
   3895    5735  4563.44    6114.19  114.2939  22.1600   3.9668     -84.9752
   3895    5857  4581.20    6237.10  114.3176  22.1563   4.1709     -84.7478
   3895    6000  4602.05    6381.45  114.3455  22.1519   4.4105     -84.5066
   4013       1  3855.21    386.06  113.1860  22.3065   5.5758     102.2108
   4013     123  3873.05    509.54  113.2099  22.3030   5.3711     102.3409
   4013     245  3890.86    632.77  113.2337  22.2994   5.1667     102.4803
   4013     367  3908.63    755.78  113.2575  22.2959   4.9626     102.6302
   4013     489  3926.36    878.56  113.2813  22.2923   4.7588     102.7920
   4013     611  3944.07    1001.13  113.3050  22.2888   4.5552     102.9672
   4013     733  3961.75    1123.50  113.3287  22.2853   4.3520     103.1577
   4013     855  3979.40    1245.68  113.3524  22.2817   4.1490     103.3656
   4013     977  3997.03    1367.67  113.3760  22.2782   3.9463     103.5938
   4013    1099  4014.63    1489.50  113.3996  22.2747   3.7439     103.8454
   4013    1221  4032.20    1611.16  113.4231  22.2712   3.5418     104.1244
   4013    1343  4049.76    1732.67  113.4466  22.2677   3.3399     104.4357
   4013    1465  4067.29    1854.04  113.4701  22.2641   3.1383     104.7857
   4013    1587  4084.81    1975.28  113.4935  22.2606   2.9369     105.1820
   4013    1709  4102.30    2096.40  113.5170  22.2571   2.7359     105.6350
   4013    1831  4119.79    2217.40  113.5404  22.2536   2.5352     106.1580
   4013    1953  4137.25    2338.31  113.5638  22.2500   2.3348     106.7689
   4013    2075  4154.71    2459.12  113.5871  22.2465   2.1349     107.4923
   4013    2197  4172.15    2579.85  113.6105  22.2430   1.9354     108.3627
   4013    2319  4189.58    2700.51  113.6338  22.2395   1.7366     109.4301
   4013    2441  4207.00    2821.11  113.6572  22.2360   1.5386     110.7702
   4013    2563  4224.42    2941.66  113.6805  22.2324   1.3417     112.5016
   4013    2685  4241.83    3062.16  113.7038  22.2289   1.1465     114.8218
   4013    2807  4259.23    3182.64  113.7271  22.2254   0.9539     118.0818
   4013    2929  4276.64    3303.09  113.7503  22.2218   0.7660     122.9593
   4013    3051  4294.04    3423.53  113.7736  22.2183   0.5871     130.8938
   4013    3173  4311.44    3543.97  113.7969  22.2148   0.4288     145.1634
   4013    3295  4328.84    3664.41  113.8202  22.2112   0.3227     171.7984
   4013    3417  4346.24    3784.87  113.8435  22.2077   0.3251     -151.9472
   4013    3539  4363.65    3905.36  113.8668  22.2041   0.4340     -125.8536
   4013    3661  4381.06    4025.89  113.8901  22.2006   0.5937     -111.9099
   4013    3783  4398.48    4146.47  113.9134  22.1970   0.7732     -104.1291
   4013    3905  4415.91    4267.10  113.9367  22.1934   0.9616     -99.3294
   4013    4027  4433.35    4387.81  113.9600  22.1899   1.1547     -96.1129
   4013    4149  4450.80    4508.58  113.9833  22.1863   1.3504     -93.8192
   4013    4271  4468.26    4629.45  114.0067  22.1827   1.5478     -92.1050
   4013    4393  4485.74    4750.42  114.0300  22.1791   1.7464     -90.7768
   4013    4515  4503.23    4871.49  114.0534  22.1755   1.9459     -89.7177
   4013    4637  4520.74    4992.67  114.0768  22.1719   2.1460     -88.8535
   4013    4759  4538.27    5113.99  114.1003  22.1683   2.3467     -88.1348
   4013    4881  4555.81    5235.44  114.1237  22.1647   2.5479     -87.5275
   4013    5003  4573.38    5357.04  114.1472  22.1611   2.7496     -87.0074
   4013    5125  4590.97    5478.80  114.1707  22.1574   2.9516     -86.5567
   4013    5247  4608.59    5600.72  114.1943  22.1538   3.1539     -86.1622
   4013    5369  4626.23    5722.82  114.2178  22.1502   3.3567     -85.8138
   4013    5491  4643.90    5845.11  114.2414  22.1465   3.5597     -85.5038
   4013    5613  4661.60    5967.59  114.2651  22.1428   3.7631     -85.2259
   4013    5735  4679.32    6090.28  114.2888  22.1392   3.9668     -84.9752
   4013    5857  4697.08    6213.19  114.3125  22.1355   4.1709     -84.7479
   4013    6000  4717.94    6357.54  114.3403  22.1311   4.4105     -84.5068
   4131       1  3970.94    362.20  113.1810  22.2857   5.5758     102.2087
   4131     123  3988.79    485.68  113.2049  22.2821   5.3711     102.3388
   4131     245  4006.59    608.91  113.2288  22.2786   5.1667     102.4781
   4131     367  4024.37    731.92  113.2526  22.2750   4.9626     102.6280
   4131     489  4042.11    854.70  113.2763  22.2715   4.7587     102.7897
   4131     611  4059.82    977.27  113.3001  22.2680   4.5552     102.9649
   4131     733  4077.50    1099.63  113.3237  22.2644   4.3520     103.1553
   4131     855  4095.15    1221.81  113.3474  22.2609   4.1490     103.3632
   4131     977  4112.78    1343.81  113.3710  22.2574   3.9463     103.5913
   4131    1099  4130.38    1465.63  113.3946  22.2539   3.7439     103.8428
   4131    1221  4147.96    1587.29  113.4181  22.2503   3.5417     104.1217
   4131    1343  4165.52    1708.80  113.4416  22.2468   3.3398     104.4329
   4131    1465  4183.06    1830.17  113.4651  22.2433   3.1382     104.7828
   4131    1587  4200.58    1951.41  113.4885  22.2398   2.9369     105.1790
   4131    1709  4218.08    2072.52  113.5120  22.2363   2.7359     105.6319
   4131    1831  4235.56    2193.53  113.5354  22.2327   2.5351     106.1547
   4131    1953  4253.03    2314.43  113.5588  22.2292   2.3348     106.7654
   4131    2075  4270.49    2435.24  113.5821  22.2257   2.1348     107.4886
   4131    2197  4287.94    2555.97  113.6055  22.2222   1.9354     108.3587
   4131    2319  4305.37    2676.63  113.6288  22.2187   1.7365     109.4258
   4131    2441  4322.80    2797.23  113.6521  22.2151   1.5385     110.7655
   4131    2563  4340.22    2917.78  113.6754  22.2116   1.3416     112.4964
   4131    2685  4357.63    3038.28  113.6987  22.2081   1.1464     114.8160
   4131    2807  4375.04    3158.75  113.7220  22.2045   0.9539     118.0753
   4131    2929  4392.44    3279.20  113.7453  22.2010   0.7659     122.9519
   4131    3051  4409.84    3399.64  113.7686  22.1975   0.5870     130.8854
   4131    3173  4427.25    3520.08  113.7919  22.1939   0.4287     145.1549
   4131    3295  4444.65    3640.52  113.8151  22.1904   0.3226     171.7951
   4131    3417  4462.06    3760.98  113.8384  22.1868   0.3250     -151.9398
   4131    3539  4479.47    3881.47  113.8617  22.1833   0.4340     -125.8440
   4131    3661  4496.89    4002.00  113.8850  22.1797   0.5936     -111.9022
   4131    3783  4514.31    4122.58  113.9083  22.1762   0.7732     -104.1232
   4131    3905  4531.74    4243.21  113.9316  22.1726   0.9616     -99.3248
   4131    4027  4549.18    4363.91  113.9549  22.1690   1.1547     -96.1094
   4131    4149  4566.64    4484.69  113.9783  22.1655   1.3504     -93.8164
   4131    4271  4584.10    4605.55  114.0016  22.1619   1.5478     -92.1027
   4131    4393  4601.58    4726.52  114.0250  22.1583   1.7464     -90.7749
   4131    4515  4619.08    4847.58  114.0483  22.1547   1.9459     -89.7161
   4131    4637  4636.59    4968.77  114.0718  22.1511   2.1460     -88.8522
   4131    4759  4654.12    5090.09  114.0952  22.1475   2.3467     -88.1337
   4131    4881  4671.67    5211.54  114.1186  22.1439   2.5479     -87.5267
   4131    5003  4689.24    5333.13  114.1421  22.1403   2.7496     -87.0067
   4131    5125  4706.84    5454.89  114.1656  22.1366   2.9516     -86.5562
   4131    5247  4724.46    5576.81  114.1892  22.1330   3.1539     -86.1618
   4131    5369  4742.10    5698.91  114.2127  22.1293   3.3567     -85.8136
   4131    5491  4759.77    5821.20  114.2363  22.1257   3.5597     -85.5036
   4131    5613  4777.47    5943.68  114.2600  22.1220   3.7631     -85.2258
   4131    5735  4795.20    6066.37  114.2837  22.1183   3.9668     -84.9753
   4131    5857  4812.97    6189.27  114.3074  22.1147   4.1709     -84.7481
   4131    6000  4833.83    6333.62  114.3352  22.1103   4.4105     -84.5070
   4249       1  4086.67    338.35  113.1760  22.2648   5.5758     102.2067
   4249     123  4104.52    461.82  113.1999  22.2613   5.3711     102.3367
   4249     245  4122.33    585.05  113.2238  22.2578   5.1666     102.4760
   4249     367  4140.10    708.05  113.2476  22.2542   4.9625     102.6258
   4249     489  4157.85    830.83  113.2714  22.2507   4.7587     102.7875
   4249     611  4175.56    953.40  113.2951  22.2471   4.5552     102.9626
   4249     733  4193.25    1075.77  113.3188  22.2436   4.3520     103.1529
   4249     855  4210.90    1197.94  113.3424  22.2401   4.1490     103.3607
   4249     977  4228.53    1319.94  113.3660  22.2366   3.9463     103.5887
   4249    1099  4246.14    1441.76  113.3896  22.2330   3.7439     103.8402
   4249    1221  4263.72    1563.42  113.4131  22.2295   3.5417     104.1190
   4249    1343  4281.28    1684.93  113.4366  22.2260   3.3398     104.4301
   4249    1465  4298.82    1806.30  113.4601  22.2225   3.1382     104.7799
   4249    1587  4316.35    1927.53  113.4835  22.2190   2.9369     105.1760
   4249    1709  4333.85    2048.65  113.5070  22.2154   2.7358     105.6287
   4249    1831  4351.34    2169.65  113.5304  22.2119   2.5351     106.1514
   4249    1953  4368.81    2290.55  113.5538  22.2084   2.3347     106.7619
   4249    2075  4386.27    2411.36  113.5771  22.2049   2.1348     107.4848
   4249    2197  4403.72    2532.09  113.6005  22.2014   1.9353     108.3547
   4249    2319  4421.16    2652.75  113.6238  22.1978   1.7365     109.4215
   4249    2441  4438.59    2773.35  113.6471  22.1943   1.5385     110.7608
   4249    2563  4456.01    2893.89  113.6704  22.1908   1.3416     112.4913
   4249    2685  4473.43    3014.40  113.6937  22.1872   1.1464     114.8103
   4249    2807  4490.84    3134.87  113.7170  22.1837   0.9538     118.0688
   4249    2929  4508.25    3255.31  113.7403  22.1802   0.7659     122.9445
   4249    3051  4525.65    3375.75  113.7635  22.1766   0.5870     130.8769
   4249    3173  4543.06    3496.19  113.7868  22.1731   0.4286     145.1463
   4249    3295  4560.47    3616.63  113.8101  22.1696   0.3225     171.7918
   4249    3417  4577.88    3737.09  113.8334  22.1660   0.3249     -151.9323
   4249    3539  4595.29    3857.58  113.8567  22.1625   0.4339     -125.8344
   4249    3661  4612.71    3978.11  113.8799  22.1589   0.5936     -111.8945
   4249    3783  4630.14    4098.68  113.9032  22.1554   0.7732     -104.1173
   4249    3905  4647.57    4219.31  113.9265  22.1518   0.9616     -99.3202
   4249    4027  4665.02    4340.01  113.9499  22.1482   1.1546     -96.1058
   4249    4149  4682.47    4460.79  113.9732  22.1446   1.3504     -93.8135
   4249    4271  4699.94    4581.65  113.9965  22.1411   1.5478     -92.1004
   4249    4393  4717.42    4702.61  114.0199  22.1375   1.7464     -90.7729
   4249    4515  4734.92    4823.68  114.0433  22.1339   1.9459     -89.7145
   4249    4637  4752.44    4944.87  114.0667  22.1303   2.1460     -88.8509
   4249    4759  4769.97    5066.18  114.0901  22.1267   2.3468     -88.1327
   4249    4881  4787.53    5187.63  114.1135  22.1231   2.5479     -87.5258
   4249    5003  4805.10    5309.23  114.1370  22.1194   2.7496     -87.0060
   4249    5125  4822.70    5430.98  114.1605  22.1158   2.9516     -86.5557
   4249    5247  4840.32    5552.90  114.1841  22.1122   3.1540     -86.1615
   4249    5369  4857.97    5675.00  114.2076  22.1085   3.3567     -85.8133
   4249    5491  4875.64    5797.28  114.2312  22.1049   3.5597     -85.5035
   4249    5613  4893.35    5919.76  114.2549  22.1012   3.7631     -85.2258
   4249    5735  4911.08    6042.45  114.2785  22.0975   3.9669     -84.9753
   4249    5857  4928.85    6165.35  114.3023  22.0939   4.1709     -84.7482
   4249    6000  4949.71    6309.70  114.3301  22.0895   4.4105     -84.5072
   4367       1  4202.40    314.48  113.1711  22.2440   5.5758     102.2047
   4367     123  4220.25    437.95  113.1950  22.2405   5.3710     102.3346
   4367     245  4238.06    561.18  113.2188  22.2369   5.1666     102.4739
   4367     367  4255.84    684.18  113.2426  22.2334   4.9625     102.6236
   4367     489  4273.59    806.96  113.2664  22.2298   4.7587     102.7853
   4367     611  4291.30    929.53  113.2901  22.2263   4.5552     102.9603
   4367     733  4308.99    1051.89  113.3138  22.2228   4.3519     103.1505
   4367     855  4326.65    1174.07  113.3374  22.2193   4.1490     103.3583
   4367     977  4344.29    1296.06  113.3610  22.2157   3.9463     103.5862
   4367    1099  4361.90    1417.88  113.3846  22.2122   3.7438     103.8376
   4367    1221  4379.48    1539.54  113.4081  22.2087   3.5417     104.1163
   4367    1343  4397.05    1661.05  113.4316  22.2052   3.3398     104.4274
   4367    1465  4414.59    1782.42  113.4551  22.2016   3.1382     104.7769
   4367    1587  4432.12    1903.65  113.4786  22.1981   2.9368     105.1729
   4367    1709  4449.62    2024.77  113.5020  22.1946   2.7358     105.6255
   4367    1831  4467.11    2145.77  113.5254  22.1911   2.5351     106.1480
   4367    1953  4484.59    2266.67  113.5487  22.1876   2.3347     106.7584
   4367    2075  4502.05    2387.48  113.5721  22.1840   2.1348     107.4811
   4367    2197  4519.51    2508.21  113.5954  22.1805   1.9353     108.3507
   4367    2319  4536.95    2628.86  113.6188  22.1770   1.7365     109.4172
   4367    2441  4554.38    2749.46  113.6421  22.1735   1.5384     110.7562
   4367    2563  4571.80    2870.00  113.6654  22.1700   1.3416     112.4862
   4367    2685  4589.22    2990.50  113.6887  22.1664   1.1463     114.8046
   4367    2807  4606.64    3110.97  113.7120  22.1629   0.9538     118.0623
   4367    2929  4624.05    3231.42  113.7352  22.1594   0.7658     122.9371
   4367    3051  4641.46    3351.86  113.7585  22.1558   0.5869     130.8685
   4367    3173  4658.87    3472.29  113.7818  22.1523   0.4285     145.1377
   4367    3295  4676.28    3592.73  113.8051  22.1487   0.3224     171.7885
   4367    3417  4693.69    3713.19  113.8283  22.1452   0.3248     -151.9249
   4367    3539  4711.11    3833.68  113.8516  22.1417   0.4339     -125.8248
   4367    3661  4728.53    3954.21  113.8749  22.1381   0.5936     -111.8867
   4367    3783  4745.96    4074.78  113.8982  22.1345   0.7731     -104.1113
   4367    3905  4763.40    4195.41  113.9215  22.1310   0.9616     -99.3157
   4367    4027  4780.85    4316.11  113.9448  22.1274   1.1546     -96.1022
   4367    4149  4798.31    4436.88  113.9681  22.1238   1.3504     -93.8106
   4367    4271  4815.78    4557.74  113.9915  22.1203   1.5478     -92.0980
   4367    4393  4833.27    4678.70  114.0148  22.1167   1.7464     -90.7710
   4367    4515  4850.77    4799.77  114.0382  22.1131   1.9459     -89.7130
   4367    4637  4868.29    4920.96  114.0616  22.1095   2.1460     -88.8496
   4367    4759  4885.82    5042.27  114.0850  22.1059   2.3468     -88.1317
   4367    4881  4903.38    5163.72  114.1085  22.1023   2.5480     -87.5250
   4367    5003  4920.96    5285.31  114.1319  22.0986   2.7496     -87.0054
   4367    5125  4938.56    5407.06  114.1554  22.0950   2.9516     -86.5552
   4367    5247  4956.19    5528.98  114.1790  22.0914   3.1540     -86.1611
   4367    5369  4973.84    5651.08  114.2025  22.0877   3.3567     -85.8131
   4367    5491  4991.51    5773.36  114.2261  22.0841   3.5597     -85.5034
   4367    5613  5009.22    5895.84  114.2498  22.0804   3.7631     -85.2258
   4367    5735  5026.96    6018.53  114.2734  22.0767   3.9669     -84.9754
   4367    5857  5044.73    6141.43  114.2971  22.0730   4.1709     -84.7483
   4367    6000  5065.59    6285.78  114.3250  22.0687   4.4106     -84.5075
   4485       1  4318.12    290.61  113.1661  22.2232   5.5757     102.2026
   4485     123  4335.98    414.08  113.1900  22.2196   5.3710     102.3325
   4485     245  4353.79    537.31  113.2139  22.2161   5.1666     102.4717
   4485     367  4371.58    660.31  113.2377  22.2125   4.9625     102.6215
   4485     489  4389.33    783.09  113.2614  22.2090   4.7587     102.7830
   4485     611  4407.05    905.65  113.2852  22.2055   4.5551     102.9580
   4485     733  4424.74    1028.02  113.3088  22.2020   4.3519     103.1482
   4485     855  4442.40    1150.19  113.3325  22.1984   4.1489     103.3559
   4485     977  4460.04    1272.18  113.3561  22.1949   3.9462     103.5837
   4485    1099  4477.65    1394.00  113.3796  22.1914   3.7438     103.8350
   4485    1221  4495.24    1515.66  113.4031  22.1879   3.5417     104.1136
   4485    1343  4512.81    1637.17  113.4266  22.1843   3.3398     104.4246
   4485    1465  4530.36    1758.53  113.4501  22.1808   3.1381     104.7740
   4485    1587  4547.88    1879.77  113.4736  22.1773   2.9368     105.1699
   4485    1709  4565.39    2000.88  113.4970  22.1738   2.7358     105.6223
   4485    1831  4582.89    2121.88  113.5204  22.1703   2.5350     106.1447
   4485    1953  4600.37    2242.78  113.5437  22.1667   2.3347     106.7548
   4485    2075  4617.83    2363.59  113.5671  22.1632   2.1347     107.4773
   4485    2197  4635.29    2484.32  113.5904  22.1597   1.9353     108.3467
   4485    2319  4652.73    2604.97  113.6138  22.1562   1.7364     109.4129
   4485    2441  4670.17    2725.57  113.6371  22.1527   1.5384     110.7515
   4485    2563  4687.60    2846.11  113.6604  22.1491   1.3415     112.4810
   4485    2685  4705.02    2966.61  113.6836  22.1456   1.1463     114.7989
   4485    2807  4722.44    3087.08  113.7069  22.1421   0.9537     118.0559
   4485    2929  4739.85    3207.52  113.7302  22.1385   0.7658     122.9296
   4485    3051  4757.27    3327.96  113.7535  22.1350   0.5868     130.8600
   4485    3173  4774.68    3448.39  113.7767  22.1315   0.4284     145.1291
   4485    3295  4792.09    3568.83  113.8000  22.1279   0.3223     171.7852
   4485    3417  4809.51    3689.29  113.8233  22.1244   0.3247     -151.9174
   4485    3539  4826.93    3809.78  113.8466  22.1208   0.4338     -125.8151
   4485    3661  4844.35    3930.30  113.8698  22.1173   0.5935     -111.8790
   4485    3783  4861.79    4050.87  113.8931  22.1137   0.7731     -104.1054
   4485    3905  4879.23    4171.50  113.9164  22.1102   0.9616     -99.3111
   4485    4027  4896.68    4292.20  113.9397  22.1066   1.1546     -96.0985
   4485    4149  4914.14    4412.97  113.9630  22.1030   1.3503     -93.8077
   4485    4271  4931.62    4533.83  113.9864  22.0994   1.5478     -92.0957
   4485    4393  4949.11    4654.79  114.0097  22.0958   1.7464     -90.7691
   4485    4515  4966.61    4775.86  114.0331  22.0923   1.9459     -89.7114
   4485    4637  4984.13    4897.04  114.0565  22.0887   2.1460     -88.8484
   4485    4759  5001.67    5018.35  114.0799  22.0851   2.3468     -88.1306
   4485    4881  5019.23    5139.80  114.1034  22.0814   2.5480     -87.5242
   4485    5003  5036.82    5261.39  114.1268  22.0778   2.7496     -87.0047
   4485    5125  5054.42    5383.14  114.1503  22.0742   2.9516     -86.5547
   4485    5247  5072.05    5505.06  114.1739  22.0706   3.1540     -86.1607
   4485    5369  5089.70    5627.16  114.1974  22.0669   3.3567     -85.8128
   4485    5491  5107.38    5749.44  114.2210  22.0633   3.5598     -85.5032
   4485    5613  5125.09    5871.92  114.2446  22.0596   3.7632     -85.2257
   4485    5735  5142.83    5994.60  114.2683  22.0559   3.9669     -84.9754
   4485    5857  5160.61    6117.50  114.2920  22.0522   4.1709     -84.7484
   4485    6000  5181.48    6261.85  114.3199  22.0479   4.4106     -84.5077
   4603       1  4433.85    266.74  113.1612  22.2023   5.5757     102.2006
   4603     123  4451.70    390.21  113.1851  22.1988   5.3710     102.3304
   4603     245  4469.52    513.44  113.2089  22.1953   5.1666     102.4696
   4603     367  4487.31    636.43  113.2327  22.1917   4.9625     102.6193
   4603     489  4505.06    759.21  113.2565  22.1882   4.7586     102.7808
   4603     611  4522.79    881.77  113.2802  22.1847   4.5551     102.9556
   4603     733  4540.48    1004.14  113.3039  22.1811   4.3519     103.1458
   4603     855  4558.15    1126.31  113.3275  22.1776   4.1489     103.3534
   4603     977  4575.79    1248.30  113.3511  22.1741   3.9462     103.5812
   4603    1099  4593.41    1370.12  113.3746  22.1706   3.7438     103.8323
   4603    1221  4611.00    1491.78  113.3982  22.1670   3.5416     104.1109
   4603    1343  4628.57    1613.28  113.4217  22.1635   3.3397     104.4218
   4603    1465  4646.12    1734.65  113.4451  22.1600   3.1381     104.7711
   4603    1587  4663.65    1855.88  113.4686  22.1565   2.9368     105.1669
   4603    1709  4681.16    1976.99  113.4920  22.1530   2.7357     105.6192
   4603    1831  4698.66    2097.99  113.5154  22.1494   2.5350     106.1413
   4603    1953  4716.15    2218.89  113.5387  22.1459   2.3347     106.7513
   4603    2075  4733.61    2339.70  113.5621  22.1424   2.1347     107.4736
   4603    2197  4751.07    2460.42  113.5854  22.1389   1.9352     108.3427
   4603    2319  4768.52    2581.08  113.6087  22.1354   1.7364     109.4086
   4603    2441  4785.96    2701.67  113.6320  22.1318   1.5384     110.7468
   4603    2563  4803.39    2822.21  113.6553  22.1283   1.3415     112.4759
   4603    2685  4820.82    2942.71  113.6786  22.1248   1.1462     114.7931
   4603    2807  4838.24    3063.18  113.7019  22.1212   0.9537     118.0494
   4603    2929  4855.65    3183.62  113.7252  22.1177   0.7657     122.9222
   4603    3051  4873.07    3304.06  113.7484  22.1142   0.5868     130.8515
   4603    3173  4890.49    3424.49  113.7717  22.1106   0.4283     145.1205
   4603    3295  4907.90    3544.93  113.7950  22.1071   0.3222     171.7819
   4603    3417  4925.32    3665.38  113.8182  22.1036   0.3246     -151.9099
   4603    3539  4942.75    3785.87  113.8415  22.1000   0.4338     -125.8055
   4603    3661  4960.18    3906.39  113.8648  22.0965   0.5935     -111.8712
   4603    3783  4977.61    4026.96  113.8881  22.0929   0.7731     -104.0995
   4603    3905  4995.06    4147.59  113.9114  22.0893   0.9616     -99.3065
   4603    4027  5012.51    4268.29  113.9347  22.0858   1.1546     -96.0949
   4603    4149  5029.98    4389.06  113.9580  22.0822   1.3503     -93.8048
   4603    4271  5047.45    4509.92  113.9813  22.0786   1.5478     -92.0934
   4603    4393  5064.95    4630.88  114.0047  22.0750   1.7464     -90.7672
   4603    4515  5082.45    4751.94  114.0280  22.0714   1.9459     -89.7099
   4603    4637  5099.98    4873.12  114.0514  22.0678   2.1460     -88.8471
   4603    4759  5117.52    4994.43  114.0748  22.0642   2.3468     -88.1296
   4603    4881  5135.09    5115.88  114.0983  22.0606   2.5480     -87.5233
   4603    5003  5152.67    5237.47  114.1217  22.0570   2.7496     -87.0041
   4603    5125  5170.28    5359.22  114.1452  22.0534   2.9516     -86.5542
   4603    5247  5187.91    5481.14  114.1688  22.0497   3.1540     -86.1603
   4603    5369  5205.57    5603.23  114.1923  22.0461   3.3567     -85.8126
   4603    5491  5223.25    5725.51  114.2159  22.0424   3.5598     -85.5031
   4603    5613  5240.97    5847.99  114.2395  22.0388   3.7632     -85.2257
   4603    5735  5258.71    5970.67  114.2632  22.0351   3.9669     -84.9755
   4603    5857  5276.48    6093.57  114.2869  22.0314   4.1710     -84.7485
   4603    6000  5297.36    6237.92  114.3147  22.0271   4.4106     -84.5079
   4721       1  4549.57    242.86  113.1562  22.1815   5.5757     102.1985
   4721     123  4567.43    366.33  113.1801  22.1780   5.3710     102.3283
   4721     245  4585.25    489.56  113.2040  22.1744   5.1665     102.4675
   4721     367  4603.04    612.55  113.2278  22.1709   4.9624     102.6171
   4721     489  4620.80    735.33  113.2515  22.1674   4.7586     102.7785
   4721     611  4638.53    857.89  113.2752  22.1638   4.5551     102.9533
   4721     733  4656.23    980.25  113.2989  22.1603   4.3518     103.1434
   4721     855  4673.90    1102.42  113.3225  22.1568   4.1489     103.3510
   4721     977  4691.54    1224.41  113.3461  22.1532   3.9462     103.5787
   4721    1099  4709.16    1346.23  113.3697  22.1497   3.7438     103.8297
   4721    1221  4726.75    1467.89  113.3932  22.1462   3.5416     104.1082
   4721    1343  4744.33    1589.39  113.4167  22.1427   3.3397     104.4190
   4721    1465  4761.88    1710.75  113.4401  22.1392   3.1381     104.7682
   4721    1587  4779.42    1831.99  113.4636  22.1356   2.9367     105.1638
   4721    1709  4796.93    1953.10  113.4870  22.1321   2.7357     105.6160
   4721    1831  4814.43    2074.10  113.5104  22.1286   2.5350     106.1380
   4721    1953  4831.92    2194.99  113.5337  22.1251   2.3346     106.7478
   4721    2075  4849.39    2315.80  113.5571  22.1216   2.1347     107.4699
   4721    2197  4866.85    2436.52  113.5804  22.1180   1.9352     108.3387
   4721    2319  4884.31    2557.18  113.6037  22.1145   1.7364     109.4043
   4721    2441  4901.75    2677.77  113.6270  22.1110   1.5383     110.7421
   4721    2563  4919.18    2798.31  113.6503  22.1075   1.3414     112.4707
   4721    2685  4936.61    2918.81  113.6736  22.1040   1.1462     114.7874
   4721    2807  4954.03    3039.27  113.6969  22.1004   0.9536     118.0429
   4721    2929  4971.45    3159.72  113.7201  22.0969   0.7656     122.9148
   4721    3051  4988.87    3280.15  113.7434  22.0934   0.5867     130.8430
   4721    3173  5006.29    3400.58  113.7667  22.0898   0.4283     145.1118
   4721    3295  5023.71    3521.02  113.7899  22.0863   0.3221     171.7786
   4721    3417  5041.14    3641.47  113.8132  22.0827   0.3245     -151.9024
   4721    3539  5058.56    3761.96  113.8365  22.0792   0.4337     -125.7958
   4721    3661  5075.99    3882.48  113.8597  22.0756   0.5935     -111.8634
   4721    3783  5093.43    4003.05  113.8830  22.0721   0.7731     -104.0936
   4721    3905  5110.88    4123.67  113.9063  22.0685   0.9616     -99.3019
   4721    4027  5128.34    4244.37  113.9296  22.0650   1.1546     -96.0913
   4721    4149  5145.81    4365.14  113.9529  22.0614   1.3503     -93.8019
   4721    4271  5163.29    4486.00  113.9762  22.0578   1.5478     -92.0910
   4721    4393  5180.79    4606.96  113.9996  22.0542   1.7464     -90.7653
   4721    4515  5198.30    4728.02  114.0230  22.0506   1.9459     -89.7083
   4721    4637  5215.82    4849.20  114.0463  22.0470   2.1460     -88.8458
   4721    4759  5233.37    4970.51  114.0698  22.0434   2.3468     -88.1286
   4721    4881  5250.94    5091.95  114.0932  22.0398   2.5480     -87.5225
   4721    5003  5268.53    5213.54  114.1167  22.0362   2.7496     -87.0034
   4721    5125  5286.14    5335.29  114.1401  22.0326   2.9516     -86.5537
   4721    5247  5303.77    5457.21  114.1637  22.0289   3.1540     -86.1600
   4721    5369  5321.43    5579.30  114.1872  22.0253   3.3567     -85.8123
   4721    5491  5339.12    5701.58  114.2108  22.0216   3.5598     -85.5029
   4721    5613  5356.84    5824.06  114.2344  22.0180   3.7632     -85.2256
   4721    5735  5374.58    5946.74  114.2581  22.0143   3.9669     -84.9755
   4721    5857  5392.36    6069.64  114.2818  22.0106   4.1710     -84.7487
   4721    6000  5413.24    6213.98  114.3096  22.0063   4.4106     -84.5081
   4839       1  4665.30    218.98  113.1513  22.1607   5.5757     102.1965
   4839     123  4683.16    342.44  113.1752  22.1571   5.3709     102.3262
   4839     245  4700.98    465.67  113.1990  22.1536   5.1665     102.4653
   4839     367  4718.78    588.67  113.2228  22.1501   4.9624     102.6149
   4839     489  4736.54    711.44  113.2465  22.1465   4.7586     102.7763
   4839     611  4754.27    834.00  113.2703  22.1430   4.5551     102.9510
   4839     733  4771.97    956.36  113.2939  22.1395   4.3518     103.1410
   4839     855  4789.64    1078.53  113.3175  22.1359   4.1489     103.3485
   4839     977  4807.29    1200.52  113.3411  22.1324   3.9462     103.5761
   4839    1099  4824.91    1322.34  113.3647  22.1289   3.7437     103.8271
   4839    1221  4842.51    1443.99  113.3882  22.1254   3.5416     104.1055
   4839    1343  4860.09    1565.50  113.4117  22.1219   3.3397     104.4162
   4839    1465  4877.64    1686.86  113.4351  22.1183   3.1381     104.7653
   4839    1587  4895.18    1808.09  113.4586  22.1148   2.9367     105.1608
   4839    1709  4912.70    1929.20  113.4820  22.1113   2.7357     105.6128
   4839    1831  4930.21    2050.20  113.5054  22.1078   2.5350     106.1347
   4839    1953  4947.69    2171.09  113.5287  22.1043   2.3346     106.7443
   4839    2075  4965.17    2291.90  113.5521  22.1007   2.1346     107.4661
   4839    2197  4982.63    2412.62  113.5754  22.0972   1.9352     108.3347
   4839    2319  5000.09    2533.27  113.5987  22.0937   1.7363     109.4000
   4839    2441  5017.53    2653.86  113.6220  22.0902   1.5383     110.7374
   4839    2563  5034.97    2774.40  113.6453  22.0867   1.3414     112.4656
   4839    2685  5052.40    2894.90  113.6686  22.0831   1.1461     114.7817
   4839    2807  5069.83    3015.36  113.6918  22.0796   0.9536     118.0364
   4839    2929  5087.25    3135.81  113.7151  22.0761   0.7656     122.9073
   4839    3051  5104.68    3256.24  113.7384  22.0725   0.5866     130.8345
   4839    3173  5122.10    3376.67  113.7616  22.0690   0.4282     145.1032
   4839    3295  5139.52    3497.10  113.7849  22.0655   0.3220     171.7753
   4839    3417  5156.95    3617.56  113.8081  22.0619   0.3244     -151.8949
   4839    3539  5174.38    3738.04  113.8314  22.0584   0.4337     -125.7861
   4839    3661  5191.81    3858.56  113.8547  22.0548   0.5934     -111.8557
   4839    3783  5209.26    3979.13  113.8780  22.0513   0.7731     -104.0876
   4839    3905  5226.71    4099.76  113.9012  22.0477   0.9615     -99.2974
   4839    4027  5244.17    4220.45  113.9245  22.0441   1.1546     -96.0877
   4839    4149  5261.64    4341.22  113.9478  22.0406   1.3503     -93.7990
   4839    4271  5279.12    4462.08  113.9712  22.0370   1.5478     -92.0887
   4839    4393  5296.62    4583.03  113.9945  22.0334   1.7464     -90.7634
   4839    4515  5314.14    4704.10  114.0179  22.0298   1.9459     -89.7067
   4839    4637  5331.67    4825.27  114.0413  22.0262   2.1461     -88.8445
   4839    4759  5349.22    4946.58  114.0647  22.0226   2.3468     -88.1275
   4839    4881  5366.79    5068.02  114.0881  22.0190   2.5480     -87.5217
   4839    5003  5384.38    5189.62  114.1116  22.0154   2.7496     -87.0028
   4839    5125  5401.99    5311.36  114.1351  22.0117   2.9516     -86.5531
   4839    5247  5419.63    5433.28  114.1586  22.0081   3.1540     -86.1596
   4839    5369  5437.29    5555.37  114.1821  22.0045   3.3567     -85.8121
   4839    5491  5454.99    5677.65  114.2057  22.0008   3.5598     -85.5028
   4839    5613  5472.70    5800.12  114.2293  21.9972   3.7632     -85.2256
   4839    5735  5490.45    5922.80  114.2530  21.9935   3.9669     -84.9755
   4839    5857  5508.24    6045.70  114.2767  21.9898   4.1710     -84.7488
   4839    6000  5529.12    6190.04  114.3045  21.9855   4.4106     -84.5083
   4957       1  4781.02    195.09  113.1463  22.1398   5.5756     102.1944
   4957     123  4798.88    318.56  113.1702  22.1363   5.3709     102.3241
   4957     245  4816.71    441.78  113.1941  22.1328   5.1665     102.4632
   4957     367  4834.51    564.78  113.2178  22.1292   4.9624     102.6127
   4957     489  4852.27    687.55  113.2416  22.1257   4.7586     102.7740
   4957     611  4870.01    810.11  113.2653  22.1222   4.5550     102.9487
   4957     733  4887.71    932.47  113.2889  22.1186   4.3518     103.1387
   4957     855  4905.39    1054.64  113.3126  22.1151   4.1488     103.3461
   4957     977  4923.04    1176.63  113.3361  22.1116   3.9461     103.5736
   4957    1099  4940.66    1298.44  113.3597  22.1081   3.7437     103.8245
   4957    1221  4958.26    1420.09  113.3832  22.1045   3.5415     104.1028
   4957    1343  4975.84    1541.60  113.4067  22.1010   3.3396     104.4134
   4957    1465  4993.40    1662.96  113.4302  22.0975   3.1380     104.7624
   4957    1587  5010.95    1784.19  113.4536  22.0940   2.9367     105.1578
   4957    1709  5028.47    1905.30  113.4770  22.0905   2.7356     105.6096
   4957    1831  5045.98    2026.29  113.5004  22.0870   2.5349     106.1313
   4957    1953  5063.47    2147.19  113.5237  22.0834   2.3346     106.7407
   4957    2075  5080.95    2267.99  113.5471  22.0799   2.1346     107.4624
   4957    2197  5098.41    2388.71  113.5704  22.0764   1.9351     108.3307
   4957    2319  5115.87    2509.36  113.5937  22.0729   1.7363     109.3957
   4957    2441  5133.32    2629.95  113.6170  22.0694   1.5383     110.7328
   4957    2563  5150.76    2750.49  113.6403  22.0658   1.3413     112.4604
   4957    2685  5168.20    2870.99  113.6636  22.0623   1.1461     114.7759
   4957    2807  5185.63    2991.45  113.6868  22.0588   0.9535     118.0299
   4957    2929  5203.05    3111.89  113.7101  22.0552   0.7655     122.8999
   4957    3051  5220.48    3232.32  113.7333  22.0517   0.5866     130.8260
   4957    3173  5237.90    3352.75  113.7566  22.0482   0.4281     145.0946
   4957    3295  5255.33    3473.19  113.7798  22.0446   0.3219     171.7720
   4957    3417  5272.76    3593.64  113.8031  22.0411   0.3244     -151.8873
   4957    3539  5290.19    3714.12  113.8264  22.0375   0.4336     -125.7764
   4957    3661  5307.63    3834.64  113.8496  22.0340   0.5934     -111.8479
   4957    3783  5325.08    3955.21  113.8729  22.0304   0.7730     -104.0817
   4957    3905  5342.53    4075.83  113.8962  22.0269   0.9615     -99.2928
   4957    4027  5359.99    4196.52  113.9195  22.0233   1.1546     -96.0841
   4957    4149  5377.47    4317.29  113.9428  22.0197   1.3503     -93.7961
   4957    4271  5394.96    4438.15  113.9661  22.0162   1.5478     -92.0863
   4957    4393  5412.46    4559.10  113.9895  22.0126   1.7464     -90.7615
   4957    4515  5429.98    4680.17  114.0128  22.0090   1.9459     -89.7052
   4957    4637  5447.51    4801.34  114.0362  22.0054   2.1461     -88.8432
   4957    4759  5465.06    4922.65  114.0596  22.0018   2.3468     -88.1265
   4957    4881  5482.64    5044.09  114.0830  21.9982   2.5480     -87.5208
   4957    5003  5500.23    5165.68  114.1065  21.9946   2.7496     -87.0021
   4957    5125  5517.85    5287.43  114.1300  21.9909   2.9516     -86.5526
   4957    5247  5535.49    5409.34  114.1535  21.9873   3.1540     -86.1592
   4957    5369  5553.16    5531.43  114.1770  21.9837   3.3567     -85.8118
   4957    5491  5570.85    5653.71  114.2006  21.9800   3.5598     -85.5026
   4957    5613  5588.57    5776.18  114.2242  21.9763   3.7632     -85.2255
   4957    5735  5606.33    5898.86  114.2479  21.9727   3.9669     -84.9756
   4957    5857  5624.11    6021.76  114.2716  21.9690   4.1710     -84.7489
   4957    6000  5645.00    6166.10  114.2994  21.9647   4.4106     -84.5085
   5075       1  4896.74    171.20  113.1414  22.1190   5.5756     102.1924
   5075     123  4914.61    294.66  113.1653  22.1155   5.3709     102.3221
   5075     245  4932.44    417.89  113.1891  22.1119   5.1665     102.4610
   5075     367  4950.24    540.88  113.2129  22.1084   4.9623     102.6105
   5075     489  4968.01    663.65  113.2366  22.1049   4.7585     102.7718
   5075     611  4985.74    786.21  113.2603  22.1013   4.5550     102.9464
   5075     733  5003.45    908.57  113.2840  22.0978   4.3518     103.1363
   5075     855  5021.13    1030.74  113.3076  22.0943   4.1488     103.3436
   5075     977  5038.78    1152.73  113.3312  22.0908   3.9461     103.5711
   5075    1099  5056.41    1274.54  113.3547  22.0872   3.7437     103.8219
   5075    1221  5074.02    1396.19  113.3782  22.0837   3.5415     104.1001
   5075    1343  5091.60    1517.69  113.4017  22.0802   3.3396     104.4106
   5075    1465  5109.16    1639.05  113.4252  22.0767   3.1380     104.7595
   5075    1587  5126.71    1760.28  113.4486  22.0732   2.9367     105.1547
   5075    1709  5144.23    1881.39  113.4720  22.0696   2.7356     105.6064
   5075    1831  5161.74    2002.38  113.4954  22.0661   2.5349     106.1280
   5075    1953  5179.24    2123.28  113.5187  22.0626   2.3345     106.7372
   5075    2075  5196.72    2244.08  113.5421  22.0591   2.1346     107.4586
   5075    2197  5214.19    2364.80  113.5654  22.0556   1.9351     108.3267
   5075    2319  5231.65    2485.45  113.5887  22.0521   1.7363     109.3914
   5075    2441  5249.10    2606.04  113.6120  22.0485   1.5382     110.7281
   5075    2563  5266.55    2726.58  113.6353  22.0450   1.3413     112.4553
   5075    2685  5283.99    2847.07  113.6585  22.0415   1.1461     114.7702
   5075    2807  5301.42    2967.53  113.6818  22.0380   0.9535     118.0234
   5075    2929  5318.85    3087.97  113.7050  22.0344   0.7655     122.8924
   5075    3051  5336.28    3208.40  113.7283  22.0309   0.5865     130.8175
   5075    3173  5353.71    3328.83  113.7516  22.0274   0.4280     145.0859
   5075    3295  5371.14    3449.26  113.7748  22.0238   0.3218     171.7687
   5075    3417  5388.57    3569.72  113.7981  22.0203   0.3243     -151.8798
   5075    3539  5406.00    3690.20  113.8213  22.0167   0.4335     -125.7668
   5075    3661  5423.45    3810.72  113.8446  22.0132   0.5934     -111.8401
   5075    3783  5440.90    3931.28  113.8678  22.0096   0.7730     -104.0757
   5075    3905  5458.35    4051.90  113.8911  22.0061   0.9615     -99.2882
   5075    4027  5475.82    4172.60  113.9144  22.0025   1.1546     -96.0805
   5075    4149  5493.30    4293.36  113.9377  21.9989   1.3503     -93.7932
   5075    4271  5510.79    4414.22  113.9610  21.9953   1.5478     -92.0840
   5075    4393  5528.29    4535.17  113.9844  21.9918   1.7464     -90.7595
   5075    4515  5545.81    4656.23  114.0077  21.9882   1.9459     -89.7036
   5075    4637  5563.35    4777.41  114.0311  21.9846   2.1461     -88.8420
   5075    4759  5580.91    4898.71  114.0545  21.9810   2.3468     -88.1254
   5075    4881  5598.48    5020.15  114.0779  21.9774   2.5480     -87.5200
   5075    5003  5616.08    5141.74  114.1014  21.9737   2.7496     -87.0014
   5075    5125  5633.70    5263.49  114.1249  21.9701   2.9516     -86.5521
   5075    5247  5651.35    5385.40  114.1484  21.9665   3.1540     -86.1588
   5075    5369  5669.02    5507.49  114.1719  21.9628   3.3567     -85.8116
   5075    5491  5686.71    5629.76  114.1955  21.9592   3.5598     -85.5025
   5075    5613  5704.44    5752.23  114.2191  21.9555   3.7632     -85.2254
   5075    5735  5722.19    5874.91  114.2428  21.9519   3.9669     -84.9756
   5075    5857  5739.98    5997.81  114.2665  21.9482   4.1710     -84.7490
   5075    6000  5760.87    6142.15  114.2943  21.9439   4.4106     -84.5087
   5193       1  5012.46    147.30  113.1365  22.0982   5.5756     102.1904
   5193     123  5030.33    270.77  113.1603  22.0946   5.3709     102.3200
   5193     245  5048.17    393.99  113.1842  22.0911   5.1664     102.4589
   5193     367  5065.97    516.99  113.2079  22.0876   4.9623     102.6083
   5193     489  5083.74    639.76  113.2317  22.0840   4.7585     102.7695
   5193     611  5101.48    762.31  113.2554  22.0805   4.5550     102.9441
   5193     733  5119.19    884.67  113.2790  22.0770   4.3517     103.1339
   5193     855  5136.87    1006.84  113.3026  22.0734   4.1488     103.3412
   5193     977  5154.53    1128.82  113.3262  22.0699   3.9461     103.5686
   5193    1099  5172.16    1250.64  113.3497  22.0664   3.7436     103.8193
   5193    1221  5189.77    1372.29  113.3733  22.0629   3.5415     104.0974
   5193    1343  5207.36    1493.79  113.3967  22.0594   3.3396     104.4078
   5193    1465  5224.92    1615.15  113.4202  22.0558   3.1380     104.7566
   5193    1587  5242.47    1736.37  113.4436  22.0523   2.9366     105.1517
   5193    1709  5260.00    1857.48  113.4670  22.0488   2.7356     105.6033
   5193    1831  5277.51    1978.47  113.4904  22.0453   2.5349     106.1246
   5193    1953  5295.01    2099.37  113.5137  22.0418   2.3345     106.7337
   5193    2075  5312.50    2220.17  113.5371  22.0383   2.1345     107.4549
   5193    2197  5329.97    2340.89  113.5604  22.0347   1.9351     108.3227
   5193    2319  5347.43    2461.54  113.5837  22.0312   1.7362     109.3871
   5193    2441  5364.89    2582.12  113.6070  22.0277   1.5382     110.7234
   5193    2563  5382.34    2702.66  113.6302  22.0242   1.3413     112.4501
   5193    2685  5399.78    2823.15  113.6535  22.0207   1.1460     114.7645
   5193    2807  5417.21    2943.61  113.6768  22.0171   0.9534     118.0169
   5193    2929  5434.65    3064.05  113.7000  22.0136   0.7654     122.8850
   5193    3051  5452.08    3184.48  113.7233  22.0101   0.5864     130.8090
   5193    3173  5469.51    3304.91  113.7465  22.0065   0.4279     145.0773
   5193    3295  5486.94    3425.34  113.7698  22.0030   0.3217     171.7653
   5193    3417  5504.38    3545.79  113.7930  21.9995   0.3242     -151.8723
   5193    3539  5521.82    3666.27  113.8163  21.9959   0.4335     -125.7570
   5193    3661  5539.26    3786.79  113.8395  21.9924   0.5933     -111.8323
   5193    3783  5556.71    3907.35  113.8628  21.9888   0.7730     -104.0698
   5193    3905  5574.17    4027.97  113.8861  21.9852   0.9615     -99.2835
   5193    4027  5591.64    4148.66  113.9094  21.9817   1.1546     -96.0768
   5193    4149  5609.12    4269.43  113.9327  21.9781   1.3503     -93.7903
   5193    4271  5626.62    4390.28  113.9560  21.9745   1.5478     -92.0816
   5193    4393  5644.13    4511.24  113.9793  21.9709   1.7464     -90.7576
   5193    4515  5661.65    4632.29  114.0027  21.9674   1.9459     -89.7020
   5193    4637  5679.19    4753.47  114.0260  21.9638   2.1461     -88.8407
   5193    4759  5696.75    4874.77  114.0494  21.9602   2.3468     -88.1244
   5193    4881  5714.33    4996.21  114.0729  21.9565   2.5480     -87.5191
   5193    5003  5731.93    5117.80  114.0963  21.9529   2.7496     -87.0007
   5193    5125  5749.55    5239.54  114.1198  21.9493   2.9516     -86.5516
   5193    5247  5767.20    5361.45  114.1433  21.9457   3.1540     -86.1585
   5193    5369  5784.88    5483.54  114.1668  21.9420   3.3567     -85.8113
   5193    5491  5802.58    5605.82  114.1904  21.9384   3.5598     -85.5023
   5193    5613  5820.30    5728.29  114.2140  21.9347   3.7632     -85.2254
   5193    5735  5838.06    5850.96  114.2377  21.9310   3.9669     -84.9756
   5193    5857  5855.85    5973.86  114.2614  21.9274   4.1710     -84.7491
   5193    6000  5876.75    6118.20  114.2892  21.9230   4.4106     -84.5089
   5311       1  5128.18    123.40  113.1315  22.0773   5.5756     102.1883
   5311     123  5146.05    246.87  113.1554  22.0738   5.3708     102.3179
   5311     245  5163.89    370.09  113.1792  22.0703   5.1664     102.4568
   5311     367  5181.70    493.08  113.2030  22.0667   4.9623     102.6061
   5311     489  5199.47    615.85  113.2267  22.0632   4.7585     102.7673
   5311     611  5217.21    738.41  113.2504  22.0597   4.5550     102.9418
   5311     733  5234.93    860.77  113.2740  22.0561   4.3517     103.1315
   5311     855  5252.61    982.93  113.2977  22.0526   4.1487     103.3387
   5311     977  5270.27    1104.91  113.3212  22.0491   3.9460     103.5661
   5311    1099  5287.91    1226.73  113.3448  22.0456   3.7436     103.8167
   5311    1221  5305.52    1348.38  113.3683  22.0421   3.5415     104.0947
   5311    1343  5323.11    1469.88  113.3917  22.0385   3.3396     104.4050
   5311    1465  5340.68    1591.23  113.4152  22.0350   3.1379     104.7537
   5311    1587  5358.23    1712.46  113.4386  22.0315   2.9366     105.1487
   5311    1709  5375.76    1833.56  113.4620  22.0280   2.7355     105.6001
   5311    1831  5393.28    1954.56  113.4854  22.0245   2.5348     106.1213
   5311    1953  5410.78    2075.45  113.5087  22.0210   2.3345     106.7302
   5311    2075  5428.27    2196.25  113.5321  22.0174   2.1345     107.4511
   5311    2197  5445.75    2316.97  113.5554  22.0139   1.9350     108.3187
   5311    2319  5463.21    2437.62  113.5787  22.0104   1.7362     109.3828
   5311    2441  5480.67    2558.20  113.6020  22.0069   1.5381     110.7187
   5311    2563  5498.12    2678.74  113.6252  22.0034   1.3412     112.4450
   5311    2685  5515.57    2799.23  113.6485  21.9998   1.1460     114.7587
   5311    2807  5533.00    2919.69  113.6717  21.9963   0.9534     118.0104
   5311    2929  5550.44    3040.13  113.6950  21.9928   0.7654     122.8775
   5311    3051  5567.88    3160.55  113.7182  21.9892   0.5864     130.8005
   5311    3173  5585.31    3280.98  113.7415  21.9857   0.4278     145.0686
   5311    3295  5602.75    3401.41  113.7647  21.9822   0.3216     171.7620
   5311    3417  5620.19    3521.86  113.7880  21.9786   0.3241     -151.8647
   5311    3539  5637.63    3642.34  113.8112  21.9751   0.4334     -125.7473
   5311    3661  5655.08    3762.85  113.8345  21.9715   0.5933     -111.8245
   5311    3783  5672.53    3883.42  113.8577  21.9680   0.7730     -104.0638
   5311    3905  5689.99    4004.04  113.8810  21.9644   0.9615     -99.2789
   5311    4027  5707.47    4124.73  113.9043  21.9609   1.1546     -96.0732
   5311    4149  5724.95    4245.49  113.9276  21.9573   1.3503     -93.7874
   5311    4271  5742.45    4366.34  113.9509  21.9537   1.5478     -92.0792
   5311    4393  5759.96    4487.29  113.9742  21.9501   1.7464     -90.7557
   5311    4515  5777.49    4608.35  113.9976  21.9465   1.9459     -89.7004
   5311    4637  5795.03    4729.53  114.0210  21.9429   2.1461     -88.8394
   5311    4759  5812.59    4850.83  114.0444  21.9393   2.3468     -88.1233
   5311    4881  5830.18    4972.27  114.0678  21.9357   2.5480     -87.5183
   5311    5003  5847.78    5093.85  114.0912  21.9321   2.7496     -87.0001
   5311    5125  5865.41    5215.60  114.1147  21.9285   2.9517     -86.5511
   5311    5247  5883.06    5337.50  114.1382  21.9249   3.1540     -86.1581
   5311    5369  5900.73    5459.59  114.1617  21.9212   3.3568     -85.8110
   5311    5491  5918.44    5581.86  114.1853  21.9176   3.5598     -85.5022
   5311    5613  5936.17    5704.33  114.2089  21.9139   3.7632     -85.2253
   5311    5735  5953.93    5827.01  114.2326  21.9102   3.9670     -84.9757
   5311    5857  5971.72    5949.90  114.2562  21.9066   4.1710     -84.7492
   5311    6000  5992.62    6094.24  114.2841  21.9022   4.4106     -84.5091
   5429       1  5243.90    99.50  113.1266  22.0565   5.5755     102.1863
   5429     123  5261.77    222.96  113.1504  22.0530   5.3708     102.3158
   5429     245  5279.62    346.19  113.1743  22.0494   5.1664     102.4546
   5429     367  5297.43    469.18  113.1980  22.0459   4.9623     102.6039
   5429     489  5315.20    591.94  113.2218  22.0424   4.7585     102.7650
   5429     611  5332.95    714.50  113.2454  22.0388   4.5549     102.9395
   5429     733  5350.67    836.86  113.2691  22.0353   4.3517     103.1292
   5429     855  5368.35    959.02  113.2927  22.0318   4.1487     103.3363
   5429     977  5386.02    1081.00  113.3163  22.0283   3.9460     103.5635
   5429    1099  5403.66    1202.81  113.3398  22.0247   3.7436     103.8141
   5429    1221  5421.27    1324.46  113.3633  22.0212   3.5414     104.0920
   5429    1343  5438.86    1445.96  113.3868  22.0177   3.3395     104.4022
   5429    1465  5456.44    1567.32  113.4102  22.0142   3.1379     104.7508
   5429    1587  5473.99    1688.54  113.4336  22.0107   2.9366     105.1456
   5429    1709  5491.53    1809.65  113.4570  22.0072   2.7355     105.5969
   5429    1831  5509.04    1930.64  113.4804  22.0036   2.5348     106.1180
   5429    1953  5526.55    2051.53  113.5037  22.0001   2.3344     106.7266
   5429    2075  5544.04    2172.33  113.5271  21.9966   2.1345     107.4474
   5429    2197  5561.52    2293.05  113.5504  21.9931   1.9350     108.3147
   5429    2319  5578.99    2413.69  113.5737  21.9896   1.7361     109.3785
   5429    2441  5596.45    2534.28  113.5969  21.9861   1.5381     110.7140
   5429    2563  5613.91    2654.81  113.6202  21.9825   1.3412     112.4398
   5429    2685  5631.35    2775.30  113.6435  21.9790   1.1459     114.7530
   5429    2807  5648.80    2895.76  113.6667  21.9755   0.9533     118.0039
   5429    2929  5666.24    3016.20  113.6900  21.9720   0.7653     122.8700
   5429    3051  5683.67    3136.62  113.7132  21.9684   0.5863     130.7920
   5429    3173  5701.11    3257.04  113.7365  21.9649   0.4278     145.0599
   5429    3295  5718.55    3377.48  113.7597  21.9614   0.3215     171.7587
   5429    3417  5735.99    3497.92  113.7829  21.9578   0.3240     -151.8571
   5429    3539  5753.44    3618.40  113.8062  21.9543   0.4334     -125.7376
   5429    3661  5770.89    3738.92  113.8294  21.9507   0.5932     -111.8166
   5429    3783  5788.35    3859.48  113.8527  21.9472   0.7729     -104.0578
   5429    3905  5805.81    3980.10  113.8760  21.9436   0.9615     -99.2743
   5429    4027  5823.29    4100.78  113.8992  21.9400   1.1546     -96.0695
   5429    4149  5840.78    4221.55  113.9225  21.9365   1.3503     -93.7845
   5429    4271  5858.28    4342.40  113.9459  21.9329   1.5478     -92.0769
   5429    4393  5875.79    4463.35  113.9692  21.9293   1.7464     -90.7537
   5429    4515  5893.32    4584.41  113.9925  21.9257   1.9459     -89.6988
   5429    4637  5910.87    4705.58  114.0159  21.9221   2.1461     -88.8381
   5429    4759  5928.43    4826.88  114.0393  21.9185   2.3468     -88.1222
   5429    4881  5946.02    4948.32  114.0627  21.9149   2.5480     -87.5174
   5429    5003  5963.63    5069.90  114.0861  21.9113   2.7496     -86.9994
   5429    5125  5981.26    5191.64  114.1096  21.9077   2.9517     -86.5505
   5429    5247  5998.91    5313.55  114.1331  21.9040   3.1540     -86.1577
   5429    5369  6016.59    5435.64  114.1566  21.9004   3.3568     -85.8108
   5429    5491  6034.30    5557.91  114.1802  21.8968   3.5598     -85.5020
   5429    5613  6052.03    5680.38  114.2038  21.8931   3.7632     -85.2253
   5429    5735  6069.80    5803.05  114.2275  21.8894   3.9670     -84.9757
   5429    5857  6087.59    5925.94  114.2511  21.8857   4.1710     -84.7493
   5429    6000  6108.50    6070.28  114.2790  21.8814   4.4107     -84.5093
   5547       1  5359.61    75.59  113.1216  22.0357   5.5755     102.1842
   5547     123  5377.49    199.06  113.1455  22.0321   5.3708     102.3137
   5547     245  5395.34    322.28  113.1693  22.0286   5.1664     102.4525
   5547     367  5413.15    445.27  113.1931  22.0251   4.9622     102.6017
   5547     489  5430.93    568.03  113.2168  22.0215   4.7584     102.7628
   5547     611  5448.68    690.59  113.2405  22.0180   4.5549     102.9372
   5547     733  5466.40    812.94  113.2641  22.0145   4.3517     103.1268
   5547     855  5484.09    935.11  113.2877  22.0109   4.1487     103.3339
   5547     977  5501.76    1057.09  113.3113  22.0074   3.9460     103.5610
   5547    1099  5519.40    1178.90  113.3348  22.0039   3.7436     103.8115
   5547    1221  5537.02    1300.54  113.3583  22.0004   3.5414     104.0893
   5547    1343  5554.62    1422.04  113.3818  21.9969   3.3395     104.3994
   5547    1465  5572.19    1543.40  113.4052  21.9934   3.1379     104.7478
   5547    1587  5589.75    1664.62  113.4286  21.9898   2.9365     105.1426
   5547    1709  5607.29    1785.72  113.4520  21.9863   2.7355     105.5937
   5547    1831  5624.81    1906.71  113.4754  21.9828   2.5348     106.1146
   5547    1953  5642.32    2027.60  113.4987  21.9793   2.3344     106.7231
   5547    2075  5659.81    2148.40  113.5221  21.9758   2.1344     107.4436
   5547    2197  5677.30    2269.12  113.5454  21.9723   1.9350     108.3107
   5547    2319  5694.77    2389.76  113.5687  21.9687   1.7361     109.3742
   5547    2441  5712.23    2510.35  113.5919  21.9652   1.5381     110.7093
   5547    2563  5729.69    2630.88  113.6152  21.9617   1.3411     112.4347
   5547    2685  5747.14    2751.37  113.6385  21.9582   1.1459     114.7472
   5547    2807  5764.59    2871.83  113.6617  21.9547   0.9533     117.9974
   5547    2929  5782.03    2992.26  113.6849  21.9511   0.7652     122.8626
   5547    3051  5799.47    3112.69  113.7082  21.9476   0.5862     130.7834
   5547    3173  5816.91    3233.11  113.7314  21.9441   0.4277     145.0513
   5547    3295  5834.35    3353.54  113.7547  21.9405   0.3214     171.7554
   5547    3417  5851.80    3473.99  113.7779  21.9370   0.3239     -151.8496
   5547    3539  5869.25    3594.46  113.8011  21.9334   0.4333     -125.7279
   5547    3661  5886.70    3714.98  113.8244  21.9299   0.5932     -111.8088
   5547    3783  5904.16    3835.54  113.8477  21.9263   0.7729     -104.0519
   5547    3905  5921.63    3956.15  113.8709  21.9228   0.9615     -99.2697
   5547    4027  5939.11    4076.84  113.8942  21.9192   1.1546     -96.0659
   5547    4149  5956.60    4197.60  113.9175  21.9156   1.3503     -93.7815
   5547    4271  5974.10    4318.45  113.9408  21.9121   1.5478     -92.0745
   5547    4393  5991.62    4439.40  113.9641  21.9085   1.7464     -90.7518
   5547    4515  6009.15    4560.46  113.9875  21.9049   1.9459     -89.6972
   5547    4637  6026.71    4681.63  114.0108  21.9013   2.1461     -88.8368
   5547    4759  6044.27    4802.93  114.0342  21.8977   2.3468     -88.1212
   5547    4881  6061.86    4924.37  114.0576  21.8941   2.5480     -87.5166
   5547    5003  6079.47    5045.95  114.0811  21.8905   2.7497     -86.9987
   5547    5125  6097.10    5167.69  114.1045  21.8869   2.9517     -86.5500
   5547    5247  6114.76    5289.60  114.1280  21.8832   3.1541     -86.1573
   5547    5369  6132.44    5411.68  114.1516  21.8796   3.3568     -85.8105
   5547    5491  6150.15    5533.95  114.1751  21.8759   3.5598     -85.5018
   5547    5613  6167.89    5656.42  114.1987  21.8723   3.7632     -85.2252
   5547    5735  6185.66    5779.09  114.2224  21.8686   3.9670     -84.9757
   5547    5857  6203.46    5901.98  114.2460  21.8649   4.1710     -84.7494
   5547    6000  6224.37    6046.31  114.2738  21.8606   4.4107     -84.5094
   5665       1  5475.33    51.68  113.1167  22.0148   5.5755     102.1822
   5665     123  5493.21    175.14  113.1405  22.0113   5.3707     102.3116
   5665     245  5511.06    298.36  113.1644  22.0078   5.1663     102.4504
   5665     367  5528.88    421.35  113.1881  22.0042   4.9622     102.5996
   5665     489  5546.66    544.12  113.2118  22.0007   4.7584     102.7605
   5665     611  5564.41    666.67  113.2355  21.9972   4.5549     102.9349
   5665     733  5582.14    789.02  113.2592  21.9936   4.3516     103.1244
   5665     855  5599.83    911.19  113.2828  21.9901   4.1487     103.3314
   5665     977  5617.50    1033.17  113.3063  21.9866   3.9460     103.5585
   5665    1099  5635.15    1154.97  113.3298  21.9831   3.7435     103.8089
   5665    1221  5652.77    1276.62  113.3533  21.9796   3.5414     104.0866
   5665    1343  5670.37    1398.12  113.3768  21.9760   3.3395     104.3966
   5665    1465  5687.95    1519.47  113.4002  21.9725   3.1378     104.7449
   5665    1587  5705.51    1640.69  113.4236  21.9690   2.9365     105.1395
   5665    1709  5723.05    1761.80  113.4470  21.9655   2.7355     105.5906
   5665    1831  5740.57    1882.79  113.4704  21.9620   2.5347     106.1113
   5665    1953  5758.08    2003.67  113.4937  21.9585   2.3344     106.7196
   5665    2075  5775.58    2124.47  113.5171  21.9550   2.1344     107.4399
   5665    2197  5793.07    2245.19  113.5404  21.9514   1.9349     108.3067
   5665    2319  5810.54    2365.83  113.5636  21.9479   1.7361     109.3698
   5665    2441  5828.01    2486.41  113.5869  21.9444   1.5380     110.7046
   5665    2563  5845.47    2606.94  113.6102  21.9409   1.3411     112.4295
   5665    2685  5862.93    2727.43  113.6334  21.9374   1.1458     114.7415
   5665    2807  5880.37    2847.89  113.6567  21.9338   0.9532     117.9909
   5665    2929  5897.82    2968.32  113.6799  21.9303   0.7652     122.8551
   5665    3051  5915.26    3088.75  113.7032  21.9268   0.5862     130.7749
   5665    3173  5932.71    3209.17  113.7264  21.9232   0.4276     145.0426
   5665    3295  5950.15    3329.60  113.7496  21.9197   0.3213     171.7520
   5665    3417  5967.60    3450.04  113.7729  21.9162   0.3238     -151.8420
   5665    3539  5985.05    3570.52  113.7961  21.9126   0.4333     -125.7181
   5665    3661  6002.51    3691.03  113.8194  21.9091   0.5932     -111.8010
   5665    3783  6019.97    3811.59  113.8426  21.9055   0.7729     -104.0459
   5665    3905  6037.45    3932.21  113.8659  21.9020   0.9614     -99.2651
   5665    4027  6054.93    4052.89  113.8891  21.8984   1.1546     -96.0622
   5665    4149  6072.42    4173.65  113.9124  21.8948   1.3503     -93.7786
   5665    4271  6089.93    4294.50  113.9357  21.8913   1.5478     -92.0721
   5665    4393  6107.45    4415.45  113.9591  21.8877   1.7464     -90.7499
   5665    4515  6124.99    4536.50  113.9824  21.8841   1.9459     -89.6956
   5665    4637  6142.54    4657.67  114.0058  21.8805   2.1461     -88.8355
   5665    4759  6160.11    4778.97  114.0291  21.8769   2.3468     -88.1201
   5665    4881  6177.70    4900.41  114.0525  21.8733   2.5480     -87.5157
   5665    5003  6195.32    5021.99  114.0760  21.8697   2.7497     -86.9980
   5665    5125  6212.95    5143.73  114.0994  21.8660   2.9517     -86.5495
   5665    5247  6230.61    5265.63  114.1229  21.8624   3.1541     -86.1569
   5665    5369  6248.30    5387.72  114.1465  21.8588   3.3568     -85.8102
   5665    5491  6266.01    5509.99  114.1700  21.8551   3.5599     -85.5017
   5665    5613  6283.75    5632.45  114.1936  21.8515   3.7633     -85.2251
   5665    5735  6301.52    5755.12  114.2173  21.8478   3.9670     -84.9757
   5665    5857  6319.33    5878.01  114.2409  21.8441   4.1711     -84.7495
   5665    6000  6340.24    6022.34  114.2687  21.8398   4.4107     -84.5096
   5820       1  5627.33    20.27  113.1102  21.9875   5.5754     102.1795
   5820     123  5645.22    143.73  113.1341  21.9839   5.3707     102.3089
   5820     245  5663.07    266.95  113.1579  21.9804   5.1663     102.4476
   5820     367  5680.89    389.93  113.1816  21.9769   4.9622     102.5967
   5820     489  5698.68    512.70  113.2053  21.9733   4.7584     102.7576
   5820     611  5716.43    635.25  113.2290  21.9698   4.5548     102.9318
   5820     733  5734.16    757.60  113.2526  21.9663   4.3516     103.1213
   5820     855  5751.86    879.76  113.2762  21.9628   4.1486     103.3282
   5820     977  5769.53    1001.74  113.2998  21.9592   3.9459     103.5552
   5820    1099  5787.18    1123.55  113.3233  21.9557   3.7435     103.8055
   5820    1221  5804.81    1245.19  113.3468  21.9522   3.5413     104.0831
   5820    1343  5822.41    1366.69  113.3703  21.9487   3.3394     104.3929
   5820    1465  5839.99    1488.04  113.3937  21.9452   3.1378     104.7411
   5820    1587  5857.56    1609.26  113.4171  21.9417   2.9365     105.1356
   5820    1709  5875.10    1730.36  113.4405  21.9381   2.7354     105.5864
   5820    1831  5892.63    1851.35  113.4638  21.9346   2.5347     106.1069
   5820    1953  5910.15    1972.24  113.4872  21.9311   2.3343     106.7149
   5820    2075  5927.65    2093.03  113.5105  21.9276   2.1344     107.4350
   5820    2197  5945.14    2213.75  113.5338  21.9241   1.9349     108.3014
   5820    2319  5962.62    2334.39  113.5571  21.9206   1.7360     109.3642
   5820    2441  5980.09    2454.97  113.5803  21.9170   1.5380     110.6985
   5820    2563  5997.56    2575.50  113.6036  21.9135   1.3410     112.4227
   5820    2685  6015.01    2695.98  113.6268  21.9100   1.1458     114.7339
   5820    2807  6032.47    2816.44  113.6501  21.9065   0.9531     117.9823
   5820    2929  6049.92    2936.87  113.6733  21.9030   0.7651     122.8453
   5820    3051  6067.37    3057.29  113.6966  21.8994   0.5861     130.7637
   5820    3173  6084.81    3177.71  113.7198  21.8959   0.4275     145.0312
   5820    3295  6102.26    3298.14  113.7430  21.8924   0.3212     171.7476
   5820    3417  6119.71    3418.59  113.7662  21.8888   0.3237     -151.8320
   5820    3539  6137.17    3539.06  113.7895  21.8853   0.4332     -125.7053
   5820    3661  6154.63    3659.57  113.8127  21.8817   0.5931     -111.7907
   5820    3783  6172.10    3780.13  113.8360  21.8782   0.7729     -104.0380
   5820    3905  6189.58    3900.74  113.8592  21.8746   0.9614     -99.2590
   5820    4027  6207.06    4021.43  113.8825  21.8710   1.1545     -96.0574
   5820    4149  6224.56    4142.19  113.9058  21.8675   1.3503     -93.7747
   5820    4271  6242.07    4263.04  113.9291  21.8639   1.5478     -92.0690
   5820    4393  6259.60    4383.98  113.9524  21.8603   1.7464     -90.7473
   5820    4515  6277.14    4505.03  113.9757  21.8567   1.9459     -89.6935
   5820    4637  6294.69    4626.20  113.9991  21.8531   2.1461     -88.8337
   5820    4759  6312.27    4747.50  114.0225  21.8495   2.3468     -88.1187
   5820    4881  6329.87    4868.93  114.0459  21.8459   2.5480     -87.5146
   5820    5003  6347.48    4990.51  114.0693  21.8423   2.7497     -86.9971
   5820    5125  6365.12    5112.25  114.0928  21.8387   2.9517     -86.5488
   5820    5247  6382.79    5234.15  114.1163  21.8351   3.1541     -86.1564
   5820    5369  6400.48    5356.23  114.1398  21.8314   3.3568     -85.8098
   5820    5491  6418.20    5478.50  114.1633  21.8278   3.5599     -85.5014
   5820    5613  6435.94    5600.97  114.1869  21.8241   3.7633     -85.2250
   5820    5735  6453.72    5723.64  114.2106  21.8205   3.9670     -84.9757
   5820    5857  6471.52    5846.52  114.2342  21.8168   4.1711     -84.7497
   5820    6000  6492.44    5990.85  114.2620  21.8125   4.4107     -84.5099
